Tanggal,Tn,Tx,Tavg,RH_avg,RR,ss,ff_x,ddd_x,ff_avg,ddd_car,Category
01-09-1991,25.0,30.8,27.3,73.0,0.0,7.2,4.0,10.0,1.0,N ,Sun
02-09-1991,25.0,31.2,27.4,76.0,0.0,7.4,5.0,330.0,2.0,N ,Sun
03-09-1991,25.0,31.9,27.4,74.0,0.0,8.0,5.0,20.0,2.0,N ,Sun
04-09-1991,24.0,32.1,27.8,72.0,0.0,4.2,6.0,90.0,2.0,E ,Sun
05-09-1991,24.0,34.4,28.3,66.0,0.0,5.0,6.0,80.0,3.0,E ,Sun
06-09-1991,22.0,32.0,27.6,66.0,0.0,7.4,4.0,360.0,2.0,N ,Sun
07-09-1991,24.0,33.2,27.6,65.0,0.0,6.2,5.0,350.0,3.0,E ,Sun
08-09-1991,24.0,32.4,27.2,68.0,0.0,7.0,6.0,250.0,3.0,E ,Sun
09-09-1991,24.0,33.8,28.4,62.0,0.0,3.8,8.0,50.0,2.0,NE,Sun
10-09-1991,25.0,34.3,27.9,64.0,0.0,5.5,6.0,350.0,2.0,N ,Sun
11-09-1991,25.0,32.5,28.1,65.0,0.0,8.0,6.0,350.0,2.0,N ,Sun
12-09-1991,24.0,32.8,27.7,70.0,0.0,6.0,6.0,60.0,3.0,E ,Sun
13-09-1991,23.0,32.6,27.2,67.0,0.0,4.3,6.0,310.0,2.0,N ,Sun
14-09-1991,24.0,31.0,26.5,65.0,0.0,8.0,5.0,350.0,2.0,N ,Sun
15-09-1991,24.0,30.5,26.6,64.0,0.0,6.2,4.0,330.0,2.0,N ,Sun
16-09-1991,23.0,32.2,27.3,61.0,0.0,6.5,5.0,350.0,1.0,N ,Sun
17-09-1991,23.0,32.6,27.0,61.0,0.0,4.5,6.0,10.0,3.0,NE,Sun
18-09-1991,24.0,32.8,27.6,61.0,0.0,8.0,6.0,360.0,2.0,NE,Sun
19-09-1991,24.0,32.2,27.3,63.0,0.0,6.5,7.0,140.0,3.0,SE,Sun
20-09-1991,23.0,32.5,27.6,68.0,0.0,4.8,5.0,80.0,2.0,E ,Sun
21-09-1991,24.0,34.0,27.0,72.0,0.0,7.8,5.0,350.0,3.0,N ,Sun
22-09-1991,24.0,32.2,27.4,69.0,0.0,0.5,4.0,360.0,2.0,N ,Sun
23-09-1991,25.0,32.3,27.6,72.0,0.0,6.5,6.0,10.0,2.0,N ,Sun
24-09-1991,24.0,31.8,28.5,71.0,0.0,7.5,7.0,350.0,2.0,N ,Sun
25-09-1991,24.0,31.8,27.2,71.0,0.0,5.0,5.0,340.0,2.0,N ,Sun
26-09-1991,25.0,32.4,27.5,65.0,0.0,7.5,7.0,30.0,2.0,NE,Sun
27-09-1991,24.0,32.2,27.9,65.0,0.0,8.0,5.0,340.0,1.0,N ,Sun
28-09-1991,23.0,33.7,27.6,69.0,0.0,2.0,5.0,110.0,2.0,N ,Sun
29-09-1991,24.0,33.2,27.4,66.0,0.0,7.1,4.0,360.0,2.0,N ,Sun
30-09-1991,24.0,32.2,27.5,69.0,0.0,5.5,6.0,330.0,2.0,N ,Sun
01-10-1991,24.0,34.7,27.9,64.0,0.0,3.0,5.0,350.0,3.0,N ,Sun
02-10-1991,24.0,33.3,27.5,66.0,0.0,8.0,4.0,10.0,2.0,N ,Sun
03-10-1991,24.0,32.2,27.5,74.0,0.0,8.0,5.0,340.0,2.0,N ,Sun
04-10-1991,25.0,32.8,28.0,64.0,0.0,6.0,6.0,60.0,2.0,E ,Sun
05-10-1991,25.0,33.5,28.1,71.0,0.0,8.0,6.0,20.0,3.0,N ,Sun
06-10-1991,25.0,34.8,28.6,60.0,0.0,3.8,7.0,60.0,3.0,N ,Sun
07-10-1991,25.0,33.2,28.5,67.0,0.0,8.0,5.0,360.0,2.0,N ,Sun
08-10-1991,24.0,34.6,28.3,63.0,0.0,8.0,4.0,20.0,2.0,E ,Sun
09-10-1991,24.0,33.3,27.6,66.0,0.0,8.0,4.0,340.0,1.0,N ,Sun
10-10-1991,24.0,34.4,28.2,61.0,0.0,8.0,5.0,80.0,2.0,N ,Sun
11-10-1991,25.0,34.1,28.8,60.0,0.0,5.0,5.0,60.0,2.0,N ,Sun
12-10-1991,24.0,35.8,29.9,59.0,0.0,0.5,9.0,70.0,2.0,E ,Sun
13-10-1991,24.0,33.6,28.1,68.0,0.0,1.4,4.0,20.0,2.0,E ,Sun
14-10-1991,25.0,34.5,29.1,63.0,0.0,1.7,6.0,60.0,3.0,E ,Sun
15-10-1991,26.0,34.7,28.1,70.0,0.0,6.5,6.0,360.0,3.0,N ,Sun
16-10-1991,24.0,29.7,27.4,79.0,2.0,3.6,5.0,360.0,2.0,N ,Drizzle
17-10-1991,24.0,31.5,27.1,74.0,0.0,0.0,5.0,340.0,2.0,N ,Sun
18-10-1991,25.0,32.6,27.6,70.0,0.0,8.0,6.0,340.0,2.0,N ,Sun
19-10-1991,24.0,33.2,27.5,70.0,0.0,8.0,5.0,340.0,2.0,N ,Sun
20-10-1991,23.0,33.2,27.6,68.0,0.0,0.7,4.0,60.0,2.0,N ,Sun
21-10-1991,25.0,31.0,28.0,73.0,8888.0,4.2,5.0,360.0,2.0,N ,Rain
22-10-1991,25.0,32.4,28.4,69.0,0.0,8.0,5.0,320.0,3.0,N ,Sun
23-10-1991,26.0,33.3,28.2,72.0,0.0,6.6,5.0,310.0,2.0,N ,Sun
24-10-1991,25.0,31.8,28.1,70.0,0.0,7.5,4.0,10.0,2.0,N ,Sun
25-10-1991,26.0,32.4,28.4,69.0,0.0,7.8,5.0,340.0,3.0,N ,Sun
26-10-1991,25.0,34.1,29.0,70.0,0.0,8.0,5.0,350.0,2.0,N ,Sun
27-10-1991,25.0,32.6,28.6,66.0,0.0,3.3,5.0,350.0,2.0,N ,Sun
28-10-1991,25.0,32.8,28.4,68.0,0.0,3.7,5.0,360.0,2.0,N ,Sun
29-10-1991,25.0,34.6,29.0,65.0,0.0,4.5,7.0,80.0,3.0,N ,Sun
30-10-1991,26.0,34.8,28.4,66.0,0.0,5.7,5.0,360.0,2.0,N ,Sun
31-10-1991,24.0,31.5,28.3,69.0,1.4,6.6,5.0,360.0,2.0,N ,Drizzle
01-11-1991,25.0,32.0,28.0,66.0,0.2,6.5,5.0,340.0,1.0,N ,Sun
02-11-1991,25.0,32.2,27.9,71.0,0.0,4.5,4.0,360.0,1.0,N ,Sun
03-11-1991,24.0,31.8,27.9,71.0,0.0,3.6,4.0,330.0,0.0,N ,Sun
04-11-1991,23.0,32.1,26.9,78.0,40.8,5.8,4.0,360.0,1.0,N ,Rain
05-11-1991,24.0,29.6,26.5,76.0,4.8,4.3,4.0,350.0,2.0,N ,Drizzle
06-11-1991,24.0,31.7,26.9,74.0,0.0,2.0,3.0,30.0,2.0,N ,Sun
07-11-1991,23.0,32.4,27.4,74.0,26.5,3.5,4.0,320.0,2.0,N ,Rain
08-11-1991,25.0,28.9,25.7,82.0,0.0,0.6,3.0,290.0,0.0,NW,Sun
09-11-1991,24.0,32.7,27.6,70.0,0.0,0.0,4.0,320.0,2.0,NW,Sun
10-11-1991,24.0,30.1,26.3,78.0,0.0,3.5,3.0,330.0,0.0,NW,Sun
11-11-1991,24.0,32.3,27.5,67.0,0.8,0.0,4.0,350.0,2.0,N ,Sun
12-11-1991,23.0,31.3,26.1,81.0,36.5,1.5,4.0,20.0,1.0,W ,Rain
13-11-1991,23.0,31.2,26.9,80.0,3.5,1.7,4.0,360.0,2.0,N ,Drizzle
14-11-1991,23.0,30.6,26.2,82.0,16.5,1.2,4.0,110.0,0.0,N ,Rain
15-11-1991,23.0,29.2,26.1,82.0,0.0,0.0,5.0,340.0,2.0,N ,Sun
16-11-1991,24.0,30.1,26.4,79.0,8888.0,0.0,3.0,350.0,1.0,E ,Rain
17-11-1991,24.0,30.9,27.2,75.0,0.0,1.7,4.0,350.0,1.0,N ,Sun
18-11-1991,24.0,33.9,28.7,70.0,0.0,0.8,6.0,40.0,2.0,N ,Sun
19-11-1991,24.0,33.4,28.0,74.0,0.0,7.6,6.0,40.0,2.0,N ,Sun
20-11-1991,24.0,31.6,27.7,73.0,6.9,8.0,5.0,20.0,2.0,N ,Rain
21-11-1991,25.0,31.2,27.4,80.0,0.0,3.2,3.0,360.0,2.0,N ,Sun
22-11-1991,24.0,31.6,27.8,76.0,2.4,1.2,4.0,300.0,0.0,W ,Drizzle
23-11-1991,24.0,29.7,27.0,80.0,1.5,4.2,5.0,350.0,1.0,N ,Drizzle
24-11-1991,23.0,30.0,25.6,84.0,2.0,2.4,3.0,10.0,0.0,N ,Drizzle
25-11-1991,24.0,30.4,26.8,79.0,0.0,0.0,4.0,40.0,1.0,N ,Sun
26-11-1991,24.0,32.1,27.3,78.0,0.0,2.4,3.0,20.0,1.0,N ,Sun
27-11-1991,24.0,31.2,26.9,78.0,0.0,1.6,3.0,280.0,0.0,W ,Sun
28-11-1991,25.0,29.7,27.1,78.0,0.6,4.5,3.0,360.0,1.0,N ,Sun
29-11-1991,25.0,31.6,27.6,74.0,0.0,1.2,4.0,30.0,0.0,NE,Sun
30-11-1991,25.0,32.0,28.1,75.0,0.0,4.1,5.0,340.0,2.0,N ,Sun
01-12-1991,24.0,28.7,26.7,82.0,8888.0,3.0,2.0,70.0,0.0,E ,Rain
02-12-1991,23.0,30.8,26.3,84.0,47.2,0.0,3.0,270.0,1.0,E ,Rain
03-12-1991,23.0,31.5,26.3,84.0,0.0,0.0,3.0,10.0,0.0,NE,Sun
04-12-1991,24.0,32.5,26.4,84.0,24.7,2.5,6.0,300.0,2.0,W ,Rain
05-12-1991,24.0,32.9,28.1,74.0,4.8,2.0,4.0,270.0,1.0,W ,Drizzle
06-12-1991,24.0,31.6,27.6,76.0,3.9,3.2,6.0,360.0,2.0,N ,Drizzle
07-12-1991,25.0,31.6,27.8,76.0,8.6,0.0,7.0,310.0,2.0,NW,Rain
08-12-1991,25.0,29.0,26.1,86.0,4.5,3.0,4.0,350.0,1.0,N ,Drizzle
09-12-1991,23.0,30.2,26.7,80.0,1.7,0.0,3.0,250.0,2.0,W ,Drizzle
10-12-1991,23.0,31.0,27.2,77.0,8.0,0.0,4.0,330.0,2.0,W ,Rain
11-12-1991,25.0,32.0,27.1,86.0,0.0,5.2,5.0,280.0,2.0,SW,Sun
12-12-1991,24.0,30.1,26.9,84.0,14.6,2.5,3.0,10.0,1.0,N ,Rain
13-12-1991,24.0,31.6,27.6,78.0,0.0,0.0,4.0,90.0,2.0,N ,Sun
14-12-1991,24.0,31.0,27.5,80.0,0.0,5.7,4.0,340.0,1.0,NW,Sun
15-12-1991,24.0,30.5,26.6,80.0,0.6,0.8,7.0,150.0,2.0,W ,Sun
16-12-1991,24.0,33.2,27.4,76.0,7.9,0.7,5.0,300.0,2.0,W ,Rain
17-12-1991,25.0,31.5,28.3,72.0,0.0,8.0,5.0,330.0,2.0,NW,Sun
18-12-1991,25.0,32.1,28.0,74.0,0.0,3.7,4.0,350.0,1.0,N ,Sun
19-12-1991,25.0,30.7,27.8,76.0,0.0,0.0,4.0,290.0,1.0,SW,Sun
20-12-1991,25.0,31.8,28.3,74.0,8888.0,1.3,4.0,260.0,2.0,SW,Rain
21-12-1991,24.0,31.9,26.8,82.0,0.0,0.7,4.0,320.0,1.0,SE,Sun
22-12-1991,25.0,29.8,27.1,79.0,23.2,0.0,4.0,360.0,2.0,W ,Rain
23-12-1991,24.0,31.5,28.0,78.0,8888.0,0.7,3.0,90.0,1.0,NW,Rain
24-12-1991,25.0,31.6,28.0,74.0,1.2,0.0,3.0,350.0,1.0,N ,Drizzle
25-12-1991,24.0,32.4,28.4,76.0,0.0,0.8,7.0,340.0,2.0,N ,Sun
26-12-1991,24.0,30.0,27.0,83.0,2.6,4.3,3.0,340.0,0.0,NW,Drizzle
27-12-1991,23.0,31.2,26.4,84.0,4.6,0.0,5.0,290.0,2.0,NW,Drizzle
28-12-1991,24.0,31.8,27.6,78.0,3.9,1.5,4.0,360.0,2.0,N ,Drizzle
29-12-1991,24.0,31.2,26.7,82.0,0.0,1.8,5.0,330.0,1.0,SE,Sun
30-12-1991,24.0,31.4,25.9,82.0,0.0,0.0,4.0,240.0,0.0,W ,Sun
31-12-1991,24.0,31.2,26.2,78.0,0.0,0.0,4.0,350.0,1.0,N ,Sun
01-01-1992,24.0,30.1,26.4,78.0,6.4,2.0,3.0,120.0,0.0,SE,Rain
02-01-1992,25.0,28.2,26.9,78.0,0.0,0.0,3.0,300.0,1.0,W ,Sun
03-01-1992,24.0,30.2,26.3,83.0,0.5,0.0,3.0,320.0,1.0,NW,Sun
04-01-1992,23.0,30.6,25.9,84.0,8888.0,1.6,7.0,120.0,1.0,NW,Rain
05-01-1992,25.0,31.8,27.5,78.0,4.4,1.8,3.0,360.0,0.0,NW,Drizzle
06-01-1992,26.0,31.6,28.3,74.0,0.0,4.0,4.0,350.0,1.0,N ,Sun
07-01-1992,24.0,31.6,28.2,74.0,0.0,2.0,8.0,280.0,2.0,W ,Sun
08-01-1992,25.0,31.8,27.6,78.0,11.7,3.0,4.0,320.0,1.0,NW,Rain
09-01-1992,24.0,32.0,27.2,80.0,0.0,4.5,6.0,300.0,2.0,NW,Sun
10-01-1992,24.0,30.8,27.2,76.0,0.0,5.0,5.0,310.0,2.0,W ,Sun
11-01-1992,24.0,28.6,26.2,82.0,45.6,8.0,5.0,270.0,0.0,N ,Rain
12-01-1992,23.0,28.8,26.5,87.0,32.2,0.0,4.0,310.0,1.0,W ,Rain
13-01-1992,23.0,29.0,26.1,87.0,26.0,0.0,4.0,320.0,0.0,NW,Rain
14-01-1992,23.0,31.2,26.5,82.0,17.9,0.0,5.0,290.0,2.0,W ,Rain
15-01-1992,23.0,29.4,25.6,86.0,41.5,2.8,4.0,340.0,1.0,N ,Rain
16-01-1992,25.0,30.8,26.6,80.0,2.7,1.0,5.0,290.0,1.0,W ,Drizzle
17-01-1992,24.0,30.8,27.3,78.0,0.0,5.2,4.0,310.0,2.0,N ,Sun
18-01-1992,24.0,32.3,27.7,78.0,0.0,6.0,4.0,340.0,2.0,N ,Sun
19-01-1992,24.0,30.4,27.4,76.0,0.0,0.6,5.0,250.0,2.0,W ,Sun
20-01-1992,23.0,30.8,26.8,76.0,0.0,0.3,5.0,320.0,2.0,W ,Sun
21-01-1992,23.0,26.0,23.7,98.0,27.4,4.3,2.0,270.0,0.0,W ,Rain
22-01-1992,24.0,29.3,26.3,88.0,64.0,1.2,4.0,260.0,0.0,W ,Rain
23-01-1992,23.0,30.2,25.1,86.0,15.2,0.0,3.0,320.0,0.0,NW,Rain
24-01-1992,22.0,28.1,24.2,94.0,36.2,1.2,3.0,210.0,0.0,SW,Rain
25-01-1992,23.0,30.9,26.7,81.0,8.7,0.0,5.0,290.0,2.0,SW,Rain
26-01-1992,24.0,31.1,27.1,82.0,4.8,0.0,5.0,360.0,2.0,N ,Drizzle
27-01-1992,25.0,31.1,27.4,80.0,0.0,3.7,5.0,350.0,2.0,NW,Sun
28-01-1992,25.0,30.1,27.2,86.0,0.0,2.3,5.0,290.0,2.0,NW,Sun
29-01-1992,24.0,30.6,27.1,82.0,9.8,8.0,7.0,350.0,2.0,NW,Rain
30-01-1992,25.0,30.4,27.1,80.0,1.7,3.3,3.0,350.0,1.0,N ,Drizzle
31-01-1992,24.0,33.1,27.9,76.0,0.0,1.8,5.0,350.0,2.0,N ,Sun
01-02-1992,24.0,31.9,27.8,78.0,4.8,7.8,5.0,360.0,2.0,NW,Drizzle
02-02-1992,23.0,31.2,26.4,84.0,8888.0,1.2,5.0,330.0,2.0,W ,Rain
03-02-1992,25.0,29.0,26.2,82.0,8888.0,0.3,4.0,320.0,2.0,NW,Rain
04-02-1992,24.0,28.2,26.5,85.0,54.1,0.0,3.0,300.0,1.0,NW,Rain
05-02-1992,25.0,31.6,27.3,77.0,0.0,0.0,5.0,340.0,2.0,NW,Sun
06-02-1992,24.0,30.6,26.7,88.0,20.4,6.8,2.0,350.0,0.0,N ,Rain
07-02-1992,24.0,30.0,26.4,81.0,1.6,0.7,4.0,310.0,2.0,NW,Drizzle
08-02-1992,24.0,31.3,27.3,80.0,39.3,0.0,5.0,260.0,2.0,W ,Rain
09-02-1992,23.0,30.4,26.3,85.0,0.9,2.8,3.0,280.0,2.0,W ,Sun
10-02-1992,24.0,31.4,26.7,79.0,11.6,0.0,6.0,270.0,2.0,W ,Rain
11-02-1992,25.0,31.7,27.7,79.0,0.2,0.8,3.0,300.0,2.0,W ,Sun
12-02-1992,25.0,30.6,26.5,78.0,2.5,3.2,5.0,270.0,2.0,W ,Drizzle
13-02-1992,25.0,32.0,28.0,74.0,0.4,1.7,4.0,290.0,2.0,W ,Sun
14-02-1992,24.0,32.6,27.7,73.0,1.2,2.3,5.0,280.0,2.0,W ,Drizzle
15-02-1992,24.0,32.9,28.0,76.0,0.0,2.3,6.0,240.0,2.0,W ,Sun
16-02-1992,24.0,33.2,27.6,80.0,8888.0,7.3,4.0,300.0,2.0,W ,Rain
17-02-1992,25.0,32.2,28.2,73.0,0.0,3.8,4.0,340.0,2.0,W ,Sun
18-02-1992,25.0,32.0,27.1,76.0,1.3,4.2,5.0,320.0,2.0,W ,Drizzle
19-02-1992,25.0,33.2,27.6,74.0,0.6,6.0,5.0,290.0,2.0,SW,Sun
20-02-1992,24.0,33.6,28.6,71.0,7.1,8.0,5.0,260.0,2.0,W ,Rain
21-02-1992,24.0,30.1,26.2,85.0,12.5,4.0,8.0,260.0,2.0,W ,Rain
22-02-1992,22.0,32.9,27.9,73.0,7.9,0.7,6.0,290.0,2.0,SW,Rain
23-02-1992,23.0,32.2,26.7,76.0,28.0,0.0,5.0,260.0,3.0,W ,Rain
24-02-1992,22.0,29.6,26.6,80.0,10.1,2.3,4.0,360.0,3.0,W ,Rain
25-02-1992,23.0,29.8,25.7,86.0,34.9,0.0,3.0,300.0,2.0,NW,Rain
26-02-1992,24.0,28.6,27.0,84.0,14.8,0.5,5.0,20.0,2.0,N ,Rain
27-02-1992,24.0,30.2,26.6,87.0,27.7,0.0,3.0,350.0,0.0,NW,Rain
28-02-1992,25.0,29.0,26.5,85.0,6.0,0.0,4.0,210.0,0.0,SW,Rain
29-02-1992,26.0,32.9,27.8,78.0,32.6,0.0,5.0,280.0,2.0,W ,Rain
01-03-1992,24.0,32.8,27.9,74.0,0.0,1.0,4.0,250.0,1.0,W ,Sun
02-03-1992,24.0,32.7,28.0,76.0,0.0,2.7,4.0,270.0,2.0,W ,Sun
03-03-1992,25.0,30.6,27.5,78.0,25.2,3.3,5.0,360.0,2.0,N ,Rain
04-03-1992,25.0,31.9,28.8,75.0,0.0,6.0,5.0,360.0,2.0,N ,Sun
05-03-1992,27.0,30.2,27.9,78.0,0.7,4.1,4.0,270.0,1.0,SW,Sun
06-03-1992,24.0,32.1,28.9,73.0,38.1,3.0,5.0,260.0,2.0,SW,Rain
07-03-1992,24.0,30.0,26.8,82.0,0.0,8.0,4.0,350.0,1.0,N ,Sun
08-03-1992,25.0,31.2,27.1,80.0,0.0,4.3,4.0,310.0,3.0,W ,Sun
09-03-1992,24.0,30.8,26.9,79.0,6.8,3.7,6.0,340.0,2.0,W ,Rain
10-03-1992,24.0,29.7,26.3,85.0,16.3,7.0,3.0,340.0,1.0,N ,Rain
11-03-1992,25.0,28.6,26.3,79.0,9.3,1.8,5.0,310.0,2.0,W ,Rain
12-03-1992,23.0,32.4,28.5,72.0,1.0,3.0,4.0,330.0,2.0,W ,Drizzle
13-03-1992,24.0,30.2,26.3,80.0,0.2,2.5,4.0,270.0,1.0,W ,Sun
14-03-1992,24.0,31.5,26.9,80.0,15.8,2.7,4.0,290.0,2.0,W ,Rain
15-03-1992,24.0,30.8,27.2,73.0,67.9,1.2,4.0,250.0,1.0,W ,Rain
16-03-1992,23.0,31.2,26.5,81.0,8888.0,0.0,4.0,270.0,0.0,W ,Rain
17-03-1992,25.0,31.9,27.4,79.0,0.0,3.3,4.0,270.0,2.0,N ,Sun
18-03-1992,26.0,30.2,27.3,78.0,0.0,4.5,3.0,340.0,0.0,N ,Sun
19-03-1992,25.0,32.8,29.0,76.0,0.1,2.0,6.0,290.0,3.0,W ,Sun
20-03-1992,25.0,32.4,27.2,77.0,0.0,8.0,5.0,350.0,2.0,N ,Sun
21-03-1992,25.0,33.4,27.6,80.0,3.4,6.0,5.0,350.0,3.0,N ,Drizzle
22-03-1992,25.0,30.4,27.3,82.0,0.0,4.2,5.0,20.0,1.0,N ,Sun
23-03-1992,24.0,33.4,28.8,73.0,0.0,3.5,5.0,360.0,2.0,N ,Sun
24-03-1992,25.0,32.4,28.4,78.0,7.1,8.0,7.0,20.0,1.0,N ,Rain
25-03-1992,25.0,34.1,28.3,75.0,3.1,2.5,6.0,340.0,2.0,N ,Drizzle
26-03-1992,26.0,33.4,28.5,77.0,0.0,8.0,6.0,30.0,3.0,N ,Sun
27-03-1992,26.0,33.2,28.2,76.0,0.0,2.5,5.0,120.0,2.0,N ,Sun
28-03-1992,26.0,33.0,29.6,68.0,0.0,7.1,5.0,80.0,2.0,N ,Sun
29-03-1992,26.0,32.6,28.4,74.0,0.0,6.0,6.0,50.0,2.0,SW,Sun
30-03-1992,25.0,32.2,28.4,72.0,10.6,5.5,4.0,10.0,2.0,SW,Rain
31-03-1992,25.0,31.2,27.6,80.0,1.4,2.3,4.0,30.0,1.0,N ,Drizzle
01-04-1992,25.0,32.7,28.1,73.0,0.0,0.9,3.0,20.0,2.0,N ,Sun
02-04-1992,24.0,34.2,28.7,74.0,13.2,5.3,5.0,30.0,3.0,N ,Rain
03-04-1992,24.0,32.4,26.4,84.0,8888.0,5.3,4.0,310.0,2.0,N ,Rain
04-04-1992,24.0,31.2,27.2,78.0,1.9,1.1,5.0,340.0,3.0,W ,Drizzle
05-04-1992,24.0,33.8,28.0,74.0,0.0,2.5,5.0,340.0,3.0,NW,Sun
06-04-1992,24.0,34.2,28.2,75.0,0.0,8.0,4.0,270.0,2.0,W ,Sun
07-04-1992,25.0,33.4,28.8,72.0,0.0,6.8,6.0,360.0,2.0,N ,Sun
08-04-1992,25.0,33.6,28.5,72.0,0.0,4.7,5.0,120.0,2.0,W ,Sun
09-04-1992,26.0,33.7,29.6,74.0,1.2,1.3,6.0,290.0,3.0,W ,Drizzle
10-04-1992,25.0,34.0,28.8,68.0,0.0,5.0,6.0,250.0,2.0,W ,Sun
11-04-1992,24.0,34.6,28.2,77.0,20.3,4.0,5.0,350.0,2.0,N ,Rain
12-04-1992,25.0,32.8,27.5,75.0,2.7,6.7,4.0,330.0,2.0,N ,Drizzle
13-04-1992,25.0,32.7,27.7,79.0,0.3,4.8,4.0,320.0,2.0,NW,Sun
14-04-1992,25.0,33.2,26.5,85.0,10.8,4.1,5.0,70.0,1.0,SW,Rain
15-04-1992,24.0,33.1,27.3,82.0,35.0,2.7,5.0,340.0,2.0,N ,Rain
16-04-1992,24.0,31.4,26.3,84.0,8888.0,1.5,5.0,340.0,2.0,N ,Rain
17-04-1992,25.0,31.7,27.7,81.0,0.0,3.3,4.0,20.0,2.0,N ,Sun
18-04-1992,25.0,33.4,28.3,76.0,0.5,4.3,4.0,360.0,2.0,N ,Sun
19-04-1992,25.0,33.2,29.3,73.0,0.0,8.0,5.0,30.0,2.0,N ,Sun
20-04-1992,25.0,32.9,29.1,70.0,10.1,8.0,5.0,50.0,1.0,E ,Rain
21-04-1992,24.0,32.9,28.2,80.0,23.6,6.1,4.0,160.0,2.0,SE,Rain
22-04-1992,24.0,33.6,27.5,81.0,0.0,2.5,5.0,30.0,2.0,N ,Sun
23-04-1992,25.0,30.4,28.2,84.0,39.9,4.0,4.0,90.0,1.0,E ,Rain
24-04-1992,24.0,31.9,28.4,76.0,0.0,2.3,5.0,20.0,1.0,NE,Sun
25-04-1992,25.0,30.9,27.7,78.0,8888.0,0.8,5.0,250.0,1.0,E ,Rain
26-04-1992,25.0,32.3,28.3,73.0,0.0,1.4,3.0,40.0,2.0,E ,Sun
27-04-1992,25.0,29.3,26.7,85.0,4.9,4.8,5.0,80.0,1.0,E ,Drizzle
28-04-1992,25.0,33.1,28.4,74.0,21.5,4.8,6.0,320.0,2.0,NE,Rain
29-04-1992,25.0,32.8,27.5,80.0,0.0,1.1,6.0,110.0,2.0,E ,Sun
30-04-1992,25.0,32.8,28.5,75.0,0.8,0.7,6.0,360.0,3.0,E ,Sun
01-05-1992,26.0,33.2,29.0,76.0,0.0,5.3,5.0,70.0,2.0,E ,Sun
02-05-1992,25.0,33.4,29.2,73.0,8888.0,6.0,5.0,80.0,2.0,NE,Rain
03-05-1992,25.0,33.1,28.4,75.0,0.0,5.8,4.0,70.0,2.0,E ,Sun
04-05-1992,24.0,33.8,29.4,68.0,21.1,4.1,6.0,90.0,2.0,E ,Rain
05-05-1992,25.0,33.9,29.1,78.0,0.3,7.1,5.0,70.0,2.0,E ,Sun
06-05-1992,25.0,32.4,27.9,81.0,0.0,7.5,5.0,340.0,2.0,N ,Sun
07-05-1992,25.0,31.4,27.9,79.0,0.0,2.0,3.0,90.0,2.0,E ,Sun
08-05-1992,24.0,32.8,27.2,84.0,19.0,0.0,4.0,10.0,2.0,N ,Rain
09-05-1992,24.0,30.2,27.2,80.0,0.0,2.3,5.0,350.0,2.0,N ,Sun
10-05-1992,24.0,33.1,28.2,76.0,50.9,0.0,5.0,120.0,2.0,N ,Rain
11-05-1992,24.0,31.9,27.0,84.0,2.8,6.1,3.0,110.0,0.0,N ,Drizzle
12-05-1992,25.0,30.8,27.7,77.0,0.0,0.0,5.0,20.0,2.0,E ,Sun
13-05-1992,24.0,32.6,28.9,72.0,0.0,5.0,5.0,340.0,2.0,N ,Sun
14-05-1992,24.0,31.5,27.3,84.0,30.3,1.0,5.0,80.0,2.0,N ,Rain
15-05-1992,23.0,31.2,25.8,89.0,17.8,2.7,5.0,290.0,2.0,W ,Rain
16-05-1992,26.0,32.0,28.3,57.0,0.0,0.0,4.0,60.0,1.0,N ,Sun
17-05-1992,24.0,32.7,28.6,74.0,0.0,4.5,4.0,20.0,2.0,N ,Sun
18-05-1992,23.0,33.2,28.3,75.0,0.0,4.5,4.0,70.0,1.0,E ,Sun
19-05-1992,26.0,32.9,28.6,74.0,0.0,5.7,5.0,20.0,2.0,N ,Sun
20-05-1992,26.0,33.8,28.7,75.0,0.0,6.5,5.0,110.0,2.0,E ,Sun
21-05-1992,26.0,33.6,28.5,75.0,0.0,5.0,4.0,30.0,2.0,E ,Sun
22-05-1992,25.0,31.2,27.1,83.0,1.8,6.7,5.0,80.0,2.0,SW,Drizzle
23-05-1992,26.0,31.8,28.5,74.0,0.0,0.0,3.0,70.0,1.0,E ,Sun
24-05-1992,25.0,32.7,29.3,69.0,0.0,7.0,4.0,40.0,2.0,N ,Sun
25-05-1992,25.0,32.8,28.5,73.0,0.0,0.0,4.0,80.0,2.0,E ,Sun
26-05-1992,24.0,31.8,27.7,80.0,44.9,4.5,6.0,120.0,2.0,S ,Rain
27-05-1992,24.0,32.8,27.5,80.0,0.0,2.0,4.0,350.0,2.0,N ,Sun
28-05-1992,25.0,32.1,27.8,78.0,0.0,5.5,3.0,20.0,2.0,N ,Sun
29-05-1992,25.0,32.8,28.2,78.0,0.0,3.8,4.0,60.0,1.0,N ,Sun
30-05-1992,25.0,32.4,28.0,80.0,60.0,3.3,3.0,50.0,1.0,E ,Rain
31-05-1992,25.0,32.8,28.9,76.0,6.4,5.5,3.0,350.0,2.0,E ,Rain
01-06-1992,25.0,31.8,,,8.6,3.4,,,1.0,N ,Rain
02-06-1992,25.0,32.0,,,0.1,0.0,,,0.0,E ,Sun
03-06-1992,24.0,32.0,,,0.5,1.8,,,1.0,N ,Sun
04-06-1992,25.0,32.2,,,0.0,4.5,,,0.0,E ,Sun
05-06-1992,24.0,33.1,,,4.5,3.7,,,0.0,E ,Drizzle
06-06-1992,25.0,31.8,,,0.0,2.3,,,0.0,N ,Sun
07-06-1992,25.0,31.2,,,1.3,3.7,,,1.0,SE,Drizzle
08-06-1992,25.0,32.1,,,0.0,4.6,,,0.0,SW,Sun
09-06-1992,25.0,33.2,,,0.0,5.8,,,1.0,NE,Sun
10-06-1992,26.0,32.6,,,0.0,5.9,,,1.0,E ,Sun
11-06-1992,25.0,34.0,,,0.0,4.2,,,1.0,S ,Sun
12-06-1992,24.0,32.3,,,1.9,4.5,,,0.0,N ,Drizzle
13-06-1992,24.0,32.4,,,0.0,3.0,,,1.0,N ,Sun
14-06-1992,25.0,32.8,,,0.0,1.5,,,1.0,N ,Sun
15-06-1992,25.0,32.5,,,0.0,6.6,,,0.0,NE,Sun
16-06-1992,25.0,33.4,,,0.0,6.5,,,0.0,SE,Sun
17-06-1992,25.0,32.5,,,0.0,4.2,,,1.0,N ,Sun
18-06-1992,25.0,33.7,,,0.0,6.0,,,1.0,NE,Sun
19-06-1992,25.0,32.8,,,0.0,6.2,,,1.0,NE,Sun
20-06-1992,26.0,30.6,,,0.0,2.5,,,1.0,E ,Sun
21-06-1992,24.0,33.5,,,0.0,0.0,,,1.0,NE,Sun
22-06-1992,25.0,34.1,,,0.0,0.9,,,1.0,N ,Sun
23-06-1992,25.0,32.8,,,0.0,0.7,,,1.0,N ,Sun
24-06-1992,24.0,33.2,,,0.0,0.0,,,0.0,NE,Sun
25-06-1992,25.0,32.8,,,0.0,4.9,,,0.0,N ,Sun
26-06-1992,24.0,33.0,,,10.8,5.1,,,0.0,NW,Rain
27-06-1992,24.0,33.1,,,0.0,1.3,,,0.0,N ,Sun
28-06-1992,25.0,32.8,,,1.4,1.3,,,2.0,NW,Drizzle
29-06-1992,23.0,33.2,,,0.0,3.1,,,1.0,E ,Sun
30-06-1992,25.0,33.0,,,0.0,5.9,,,2.0,E ,Sun
01-07-1992,25.0,33.3,28.5,71.0,0.0,5.5,6.0,310.0,3.0,E ,Sun
02-07-1992,26.0,33.4,29.3,71.0,0.0,5.5,5.0,80.0,3.0,E ,Sun
03-07-1992,25.0,32.1,27.8,76.0,0.0,7.0,5.0,110.0,1.0,NE,Sun
04-07-1992,25.0,31.2,27.4,81.0,0.0,4.3,3.0,330.0,1.0,N ,Sun
05-07-1992,25.0,33.1,27.8,73.0,0.0,1.5,4.0,60.0,2.0,E ,Sun
06-07-1992,25.0,33.7,29.1,78.0,0.0,5.0,6.0,70.0,3.0,E ,Sun
07-07-1992,25.0,30.2,27.4,82.0,0.0,3.0,5.0,90.0,3.0,E ,Sun
08-07-1992,23.0,32.6,27.4,72.0,0.0,0.0,6.0,50.0,3.0,E ,Sun
09-07-1992,24.0,32.4,27.3,74.0,0.0,5.8,6.0,90.0,2.0,E ,Sun
10-07-1992,25.0,34.0,28.2,71.0,0.0,7.0,6.0,50.0,3.0,E ,Sun
11-07-1992,25.0,33.2,28.7,71.0,0.0,5.5,5.0,90.0,2.0,E ,Sun
12-07-1992,23.0,33.2,28.1,76.0,8.4,7.8,5.0,350.0,2.0,E ,Rain
13-07-1992,24.0,31.0,26.7,81.0,0.0,1.5,3.0,120.0,2.0,S ,Sun
14-07-1992,23.0,31.0,26.8,79.0,0.0,2.0,4.0,80.0,2.0,E ,Sun
15-07-1992,24.0,32.0,27.5,67.0,0.0,2.7,5.0,110.0,2.0,E ,Sun
16-07-1992,24.0,32.6,27.7,68.0,0.0,3.5,4.0,70.0,2.0,E ,Sun
17-07-1992,23.0,33.4,27.6,67.0,0.0,7.5,5.0,60.0,2.0,E ,Sun
18-07-1992,24.0,33.2,28.6,73.0,0.0,7.3,6.0,80.0,3.0,E ,Sun
19-07-1992,25.0,31.8,28.6,78.0,0.0,7.1,5.0,350.0,2.0,E ,Sun
20-07-1992,23.0,31.3,27.5,72.0,0.0,7.7,4.0,60.0,2.0,E ,Sun
21-07-1992,23.0,33.4,26.8,71.0,0.0,3.8,3.0,60.0,2.0,E ,Sun
22-07-1992,24.0,32.6,28.6,72.0,0.0,4.3,4.0,350.0,2.0,N ,Sun
23-07-1992,24.0,32.7,27.8,68.0,8888.0,6.0,5.0,350.0,2.0,N ,Rain
24-07-1992,24.0,33.3,28.6,71.0,0.0,6.5,5.0,40.0,2.0,NE,Sun
25-07-1992,24.0,32.8,28.1,71.0,0.0,6.6,5.0,80.0,3.0,E ,Sun
26-07-1992,24.0,32.8,27.8,73.0,0.0,8.0,6.0,110.0,3.0,E ,Sun
27-07-1992,24.0,33.4,28.3,69.0,0.0,7.7,5.0,90.0,3.0,E ,Sun
28-07-1992,25.0,33.0,28.4,69.0,0.0,7.8,5.0,90.0,2.0,E ,Sun
29-07-1992,24.0,32.2,27.1,79.0,3.4,8.0,4.0,10.0,2.0,SW,Drizzle
30-07-1992,24.0,33.5,28.8,72.0,0.0,1.8,6.0,80.0,2.0,E ,Sun
31-07-1992,24.0,31.9,28.6,73.0,0.0,8.0,5.0,340.0,3.0,N ,Sun
01-08-1992,25.0,32.8,28.2,72.0,0.0,8.0,5.0,70.0,3.0,E ,Sun
02-08-1992,24.0,31.8,28.1,71.0,0.0,6.9,7.0,70.0,3.0,E ,Sun
03-08-1992,25.0,32.4,28.5,71.0,0.0,5.4,5.0,100.0,2.0,E ,Sun
04-08-1992,23.0,32.4,27.2,80.0,70.0,3.0,4.0,350.0,2.0,NE,Rain
05-08-1992,23.0,32.8,27.7,76.0,8888.0,4.5,6.0,360.0,2.0,N ,Rain
06-08-1992,23.0,32.8,28.5,72.0,0.0,3.5,5.0,350.0,2.0,N ,Sun
07-08-1992,24.0,33.2,28.1,70.0,0.0,6.0,6.0,70.0,3.0,E ,Sun
08-08-1992,24.0,32.8,27.6,74.0,0.0,7.8,3.0,350.0,2.0,N ,Sun
09-08-1992,25.0,31.4,28.3,74.0,0.0,6.3,4.0,60.0,1.0,N ,Sun
10-08-1992,25.0,31.8,28.2,72.0,0.0,7.0,4.0,340.0,1.0,SE,Sun
11-08-1992,24.0,33.4,29.1,71.0,0.0,5.5,6.0,90.0,2.0,N ,Sun
12-08-1992,24.0,33.2,28.8,74.0,0.0,7.3,5.0,,3.0,NE,Sun
13-08-1992,24.0,32.7,27.5,70.0,0.0,8.0,4.0,40.0,2.0,NE,Sun
14-08-1992,24.0,32.8,27.4,70.0,0.0,8.0,3.0,340.0,2.0,N ,Sun
15-08-1992,25.0,31.8,27.9,67.0,0.4,7.8,5.0,350.0,2.0,N ,Sun
16-08-1992,25.0,31.8,28.2,69.0,0.0,7.0,5.0,350.0,1.0,N ,Sun
17-08-1992,25.0,32.2,28.4,70.0,0.0,8.0,6.0,20.0,2.0,N ,Sun
18-08-1992,24.0,32.7,28.3,67.0,0.0,5.5,5.0,340.0,3.0,N ,Sun
19-08-1992,25.0,31.0,27.4,71.0,0.0,8.0,4.0,360.0,3.0,N ,Sun
20-08-1992,24.0,31.0,27.8,71.0,0.0,2.7,5.0,80.0,2.0,NE,Sun
21-08-1992,24.0,31.6,27.8,78.0,4.9,4.8,4.0,30.0,2.0,NE,Drizzle
22-08-1992,23.0,31.8,27.6,76.0,98.3,1.7,5.0,30.0,2.0,NE,Rain
23-08-1992,23.0,31.6,26.5,76.0,8888.0,4.5,4.0,,2.0,N ,Rain
24-08-1992,24.0,31.2,28.1,74.0,18.2,1.8,5.0,340.0,2.0,N ,Rain
25-08-1992,23.0,32.2,27.4,82.0,8888.0,4.0,4.0,120.0,2.0,SE,Rain
26-08-1992,23.0,31.4,26.8,74.0,0.8,0.9,5.0,80.0,2.0,E ,Sun
27-08-1992,24.0,31.6,27.6,72.0,0.0,3.8,5.0,70.0,2.0,E ,Sun
28-08-1992,23.0,28.7,26.3,88.0,24.3,3.3,3.0,200.0,1.0,E ,Rain
29-08-1992,23.0,31.1,26.8,75.0,8888.0,0.0,5.0,110.0,2.0,SE,Rain
30-08-1992,23.0,30.9,27.7,76.0,8888.0,0.3,4.0,320.0,3.0,N ,Rain
31-08-1992,23.0,32.3,27.2,74.0,8888.0,5.7,5.0,350.0,2.0,N ,Rain
01-09-1992,23.0,32.2,26.8,85.0,12.8,6.8,3.0,210.0,1.0,SW,Rain
02-09-1992,24.0,31.2,27.3,78.0,15.0,3.3,3.0,320.0,1.0,N ,Rain
03-09-1992,25.0,30.8,27.3,81.0,6.0,6.5,3.0,230.0,0.0,SW,Rain
04-09-1992,23.0,31.7,27.1,78.0,8888.0,0.0,5.0,240.0,2.0,SW,Rain
05-09-1992,22.0,31.7,27.0,77.0,32.8,0.2,5.0,350.0,2.0,N ,Rain
06-09-1992,25.0,31.8,27.2,82.0,8888.0,3.7,4.0,90.0,2.0,SW,Rain
07-09-1992,23.0,31.4,26.1,80.0,5.4,1.3,5.0,90.0,1.0,E ,Rain
08-09-1992,26.0,31.0,27.5,75.0,0.0,1.8,3.0,350.0,1.0,N ,Sun
09-09-1992,25.0,32.2,28.4,74.0,0.0,2.5,5.0,350.0,2.0,N ,Sun
10-09-1992,25.0,33.7,28.5,77.0,1.1,4.2,5.0,50.0,2.0,NE,Drizzle
11-09-1992,24.0,33.2,27.9,72.0,3.8,7.8,7.0,120.0,2.0,N ,Drizzle
12-09-1992,24.0,30.6,26.4,78.0,0.0,2.8,4.0,270.0,2.0,N ,Sun
13-09-1992,24.0,31.4,27.4,74.0,0.0,2.8,4.0,270.0,1.0,N ,Sun
14-09-1992,25.0,30.2,27.5,79.0,0.0,1.5,3.0,10.0,1.0,N ,Sun
15-09-1992,24.0,33.8,28.8,69.0,0.0,0.5,5.0,90.0,3.0,E ,Sun
16-09-1992,25.0,33.1,28.4,75.0,0.0,8.0,4.0,30.0,2.0,NW,Sun
17-09-1992,25.0,32.4,28.7,75.0,2.6,8.0,4.0,350.0,2.0,N ,Drizzle
18-09-1992,24.0,32.0,27.7,71.0,0.0,6.7,4.0,340.0,2.0,E ,Sun
19-09-1992,24.0,31.1,27.7,72.0,0.2,3.0,4.0,20.0,2.0,N ,Sun
20-09-1992,25.0,31.6,27.2,79.0,0.6,3.5,3.0,330.0,2.0,N ,Sun
21-09-1992,25.0,31.9,28.5,80.0,0.6,3.0,4.0,360.0,2.0,N ,Sun
22-09-1992,25.0,34.0,28.9,76.0,8888.0,3.1,6.0,100.0,3.0,NE,Rain
23-09-1992,26.0,33.9,29.4,72.0,0.0,3.7,6.0,110.0,3.0,E ,Sun
24-09-1992,25.0,33.4,28.1,71.0,0.0,7.5,7.0,350.0,3.0,N ,Sun
25-09-1992,24.0,31.7,25.5,86.0,0.0,4.3,4.0,10.0,1.0,E ,Sun
26-09-1992,24.0,32.2,28.0,74.0,6.0,2.8,4.0,20.0,2.0,N ,Rain
27-09-1992,24.0,31.6,27.4,76.0,0.0,4.6,4.0,300.0,2.0,N ,Sun
28-09-1992,24.0,34.2,28.7,76.0,0.0,3.3,6.0,50.0,2.0,NE,Sun
29-09-1992,25.0,34.2,28.2,74.0,0.0,8.0,5.0,350.0,2.0,N ,Sun
30-09-1992,25.0,33.2,27.9,73.0,9.7,8.0,4.0,350.0,3.0,E ,Rain
01-10-1992,24.0,29.2,26.8,79.0,57.0,2.6,5.0,360.0,1.0,N ,Rain
02-10-1992,24.0,29.9,25.6,92.0,41.1,0.0,3.0,330.0,0.0,N ,Rain
03-10-1992,23.0,30.1,26.4,83.0,27.0,1.4,4.0,360.0,1.0,N ,Rain
04-10-1992,24.0,31.9,27.6,79.0,0.0,1.0,5.0,360.0,2.0,N ,Sun
05-10-1992,23.0,31.5,27.6,77.0,0.0,1.3,4.0,350.0,2.0,N ,Sun
06-10-1992,24.0,32.1,27.8,74.0,6.0,4.6,5.0,360.0,2.0,N ,Rain
07-10-1992,23.0,31.8,27.0,74.0,0.2,6.0,5.0,330.0,2.0,N ,Sun
08-10-1992,24.0,31.1,26.5,89.0,47.0,2.8,3.0,340.0,1.0,N ,Rain
09-10-1992,24.0,30.6,27.6,75.0,0.5,0.0,4.0,90.0,1.0,E ,Sun
10-10-1992,24.0,31.6,27.6,77.0,0.3,0.0,4.0,270.0,1.0,W ,Sun
11-10-1992,24.0,31.5,27.8,78.0,0.0,1.4,4.0,210.0,2.0,N ,Sun
12-10-1992,24.0,32.6,27.5,82.0,13.2,2.6,4.0,140.0,2.0,S ,Rain
13-10-1992,23.0,32.2,27.7,76.0,3.0,4.1,4.0,290.0,2.0,NW,Drizzle
14-10-1992,25.0,33.2,27.6,77.0,0.5,5.3,4.0,360.0,1.0,N ,Sun
15-10-1992,25.0,33.4,29.0,72.0,0.0,5.4,5.0,110.0,3.0,SE,Sun
16-10-1992,25.0,31.4,27.8,76.0,8888.0,5.0,7.0,340.0,2.0,N ,Rain
17-10-1992,25.0,32.4,28.2,75.0,0.0,1.0,4.0,350.0,2.0,N ,Sun
18-10-1992,24.0,30.8,27.0,88.0,58.4,7.0,4.0,190.0,1.0,SE,Rain
19-10-1992,24.0,31.1,27.7,78.0,1.2,0.0,3.0,340.0,0.0,N ,Drizzle
20-10-1992,26.0,33.4,28.5,68.0,0.0,2.3,4.0,20.0,2.0,N ,Sun
21-10-1992,25.0,31.2,27.9,72.0,1.2,4.5,4.0,350.0,2.0,NW,Drizzle
22-10-1992,26.0,31.0,28.0,70.0,0.0,1.8,4.0,30.0,2.0,N ,Sun
23-10-1992,25.0,32.4,28.2,73.0,0.0,3.0,5.0,20.0,2.0,S ,Sun
24-10-1992,24.0,30.9,27.8,74.0,0.5,5.8,4.0,250.0,2.0,W ,Sun
25-10-1992,25.0,31.4,27.9,74.0,0.0,0.5,3.0,260.0,2.0,SW,Sun
26-10-1992,24.0,32.1,27.3,75.0,13.1,3.4,3.0,290.0,1.0,W ,Rain
27-10-1992,24.0,32.1,27.0,74.0,1.4,1.8,4.0,280.0,1.0,W ,Drizzle
28-10-1992,24.0,32.2,26.5,75.0,10.3,1.0,5.0,340.0,2.0,N ,Rain
29-10-1992,24.0,30.2,27.3,80.0,0.5,3.4,3.0,350.0,0.0,N ,Sun
30-10-1992,24.0,30.8,27.5,74.0,0.0,0.0,6.0,310.0,2.0,W ,Sun
31-10-1992,24.0,29.1,26.5,78.0,8888.0,1.0,3.0,150.0,2.0,SE,Rain
01-11-1992,22.0,30.6,26.7,83.0,73.4,0.0,5.0,320.0,2.0,NW,Rain
02-11-1992,23.0,30.2,25.7,81.0,42.4,1.1,4.0,340.0,1.0,N ,Rain
03-11-1992,24.0,30.4,27.3,80.0,8888.0,0.0,3.0,350.0,1.0,N ,Rain
04-11-1992,21.0,32.1,28.3,78.0,0.5,4.1,5.0,330.0,2.0,N ,Sun
05-11-1992,24.0,31.6,27.3,71.0,0.0,0.5,4.0,350.0,1.0,N ,Sun
06-11-1992,25.0,32.9,27.8,72.0,0.0,2.6,4.0,350.0,2.0,N ,Sun
07-11-1992,23.0,31.6,27.5,76.0,0.8,4.3,4.0,340.0,2.0,N ,Sun
08-11-1992,24.0,30.8,27.4,80.0,7.6,1.3,4.0,120.0,1.0,E ,Rain
09-11-1992,24.0,30.5,27.7,74.0,6.6,1.5,5.0,340.0,2.0,N ,Rain
10-11-1992,24.0,30.8,26.8,75.0,0.9,1.8,4.0,10.0,1.0,N ,Sun
11-11-1992,24.0,32.6,27.4,76.0,0.0,0.0,4.0,340.0,2.0,NW,Sun
12-11-1992,24.0,32.8,27.7,76.0,0.0,5.3,4.0,340.0,2.0,N ,Sun
13-11-1992,24.0,31.6,28.0,72.0,0.0,5.3,3.0,340.0,1.0,N ,Sun
14-11-1992,25.0,32.8,28.4,76.0,0.0,3.2,4.0,340.0,2.0,N ,Sun
15-11-1992,25.0,32.1,28.3,78.0,0.0,5.4,4.0,350.0,2.0,N ,Sun
16-11-1992,25.0,32.0,28.4,76.0,0.0,1.3,4.0,20.0,3.0,W ,Sun
17-11-1992,24.0,31.8,27.5,78.0,9.0,6.2,5.0,320.0,2.0,W ,Rain
18-11-1992,24.0,30.1,27.5,76.0,0.5,2.8,3.0,350.0,0.0,N ,Sun
19-11-1992,25.0,31.4,28.0,79.0,0.0,0.0,4.0,20.0,2.0,N ,Sun
20-11-1992,24.0,33.2,27.9,78.0,27.4,3.7,3.0,260.0,1.0,SE,Rain
21-11-1992,25.0,32.2,27.6,76.0,1.3,2.2,5.0,350.0,3.0,N ,Drizzle
22-11-1992,24.0,32.1,26.7,85.0,2.3,1.8,5.0,340.0,1.0,N ,Drizzle
23-11-1992,24.0,31.4,26.7,79.0,0.8,0.5,5.0,350.0,3.0,N ,Sun
24-11-1992,25.0,30.1,27.2,76.0,0.0,1.8,4.0,350.0,1.0,N ,Sun
25-11-1992,24.0,30.8,27.6,81.0,1.2,0.0,9.0,270.0,2.0,W ,Drizzle
26-11-1992,24.0,31.7,27.2,73.0,0.0,2.0,5.0,270.0,2.0,W ,Sun
27-11-1992,24.0,31.6,28.0,74.0,0.0,4.2,5.0,290.0,3.0,W ,Sun
28-11-1992,25.0,31.1,27.8,74.0,0.1,0.0,4.0,360.0,2.0,N ,Sun
29-11-1992,24.0,31.4,26.0,83.0,26.8,5.4,4.0,270.0,2.0,W ,Rain
30-11-1992,25.0,29.1,26.7,81.0,8888.0,0.0,4.0,290.0,2.0,W ,Rain
01-12-1992,23.0,29.0,26.6,84.0,84.8,0.0,4.0,360.0,2.0,N ,Rain
02-12-1992,23.0,30.0,25.9,80.0,53.0,0.0,4.0,300.0,2.0,W ,Rain
03-12-1992,24.0,29.8,25.9,83.0,2.4,1.4,7.0,260.0,3.0,W ,Drizzle
04-12-1992,25.0,31.9,26.8,78.0,0.0,0.0,5.0,310.0,2.0,NW,Sun
05-12-1992,23.0,31.5,27.1,72.0,1.8,2.5,5.0,240.0,3.0,W ,Drizzle
06-12-1992,24.0,31.8,27.5,72.0,0.0,2.2,3.0,270.0,1.0,W ,Sun
07-12-1992,25.0,32.8,28.5,74.0,0.0,1.7,4.0,220.0,2.0,SW,Sun
08-12-1992,25.0,32.4,28.0,72.0,0.0,4.0,5.0,290.0,2.0,W ,Sun
09-12-1992,25.0,31.4,28.1,72.0,0.0,3.3,5.0,20.0,2.0,NW,Sun
10-12-1992,25.0,28.9,26.5,84.0,5.1,3.3,4.0,310.0,0.0,NW,Rain
11-12-1992,24.0,32.2,27.2,77.0,1.8,0.0,5.0,280.0,2.0,W ,Drizzle
12-12-1992,24.0,33.1,27.5,76.0,5.3,3.3,4.0,220.0,1.0,SW,Rain
13-12-1992,24.0,32.8,27.8,76.0,3.4,3.6,4.0,330.0,2.0,NW,Drizzle
14-12-1992,24.0,30.1,26.1,83.0,28.7,0.0,4.0,290.0,2.0,W ,Rain
15-12-1992,23.0,32.2,26.6,82.0,13.9,1.1,4.0,290.0,3.0,W ,Rain
16-12-1992,25.0,30.1,26.7,74.0,0.0,1.0,4.0,290.0,2.0,W ,Sun
17-12-1992,24.0,31.8,27.6,75.0,0.0,2.0,4.0,270.0,3.0,W ,Sun
18-12-1992,25.0,31.2,28.0,72.0,8888.0,1.3,3.0,270.0,2.0,W ,Rain
19-12-1992,25.0,30.3,27.5,80.0,0.0,6.2,4.0,290.0,2.0,W ,Sun
20-12-1992,25.0,30.8,28.0,79.0,0.4,0.0,3.0,330.0,2.0,N ,Sun
21-12-1992,24.0,31.9,27.8,75.0,1.2,3.3,4.0,340.0,2.0,W ,Drizzle
22-12-1992,24.0,33.5,27.4,66.0,0.0,3.3,5.0,270.0,2.0,N ,Sun
23-12-1992,24.0,32.4,27.4,70.0,0.0,8.0,3.0,280.0,3.0,W ,Sun
24-12-1992,24.0,33.4,28.5,72.0,1.5,7.8,4.0,270.0,2.0,W ,Drizzle
25-12-1992,24.0,33.6,28.4,72.0,0.0,7.4,4.0,270.0,2.0,W ,Sun
26-12-1992,25.0,31.8,28.2,76.0,0.0,3.4,4.0,20.0,2.0,NW,Sun
27-12-1992,25.0,31.8,28.5,79.0,0.0,3.7,5.0,360.0,3.0,N ,Sun
28-12-1992,24.0,31.2,27.2,79.0,8888.0,6.6,4.0,350.0,2.0,N ,Rain
29-12-1992,24.0,30.4,25.7,84.0,26.6,3.7,4.0,290.0,2.0,W ,Rain
30-12-1992,24.0,29.3,27.2,79.0,8888.0,0.0,3.0,270.0,1.0,W ,Rain
31-12-1992,23.0,32.6,28.5,79.0,13.6,0.0,6.0,230.0,2.0,W ,Rain
01-01-1993,23.0,29.6,25.6,85.0,5.5,7.0,6.0,330.0,2.0,W ,Rain
02-01-1993,23.0,29.7,26.5,79.0,8888.0,1.4,4.0,310.0,2.0,W ,Rain
03-01-1993,24.0,30.4,26.6,80.0,0.1,0.5,5.0,290.0,2.0,NW,Sun
04-01-1993,24.0,32.2,27.9,74.0,0.0,3.0,5.0,330.0,2.0,N ,Sun
05-01-1993,24.0,32.2,28.0,76.0,0.0,7.3,4.0,360.0,2.0,W ,Sun
06-01-1993,23.0,31.0,27.9,79.0,9.7,5.8,5.0,290.0,2.0,W ,Rain
07-01-1993,23.0,29.2,25.9,77.0,9.9,3.1,4.0,290.0,1.0,W ,Rain
08-01-1993,24.0,26.9,25.1,86.0,4.7,1.3,4.0,290.0,2.0,W ,Drizzle
09-01-1993,23.0,30.8,27.4,72.0,101.0,0.0,4.0,300.0,2.0,NW,Rain
10-01-1993,23.0,28.2,25.3,82.0,10.0,5.0,2.0,290.0,0.0,W ,Rain
11-01-1993,24.0,28.7,27.4,84.0,2.2,0.0,3.0,270.0,0.0,W ,Drizzle
12-01-1993,25.0,32.9,28.0,74.0,9.5,0.0,4.0,40.0,2.0,N ,Rain
13-01-1993,25.0,30.6,27.2,80.0,2.1,6.0,5.0,340.0,1.0,N ,Drizzle
14-01-1993,25.0,30.8,27.8,78.0,0.0,0.5,5.0,350.0,2.0,N ,Sun
15-01-1993,25.0,31.8,28.3,75.0,0.0,1.7,4.0,350.0,1.0,NW,Sun
16-01-1993,23.0,31.8,27.6,82.0,57.8,1.2,5.0,290.0,2.0,NW,Rain
17-01-1993,25.0,32.1,27.6,76.0,8888.0,1.8,3.0,10.0,1.0,NW,Rain
18-01-1993,25.0,31.4,26.8,84.0,1.6,4.2,5.0,260.0,2.0,W ,Drizzle
19-01-1993,24.0,31.4,27.7,77.0,18.6,0.0,5.0,250.0,2.0,W ,Rain
20-01-1993,24.0,30.0,27.1,74.0,1.2,0.3,4.0,360.0,2.0,NW,Drizzle
21-01-1993,24.0,29.9,26.1,81.0,12.0,0.0,5.0,300.0,1.0,W ,Rain
22-01-1993,24.0,29.2,26.2,76.0,1.2,0.0,5.0,310.0,2.0,NW,Drizzle
23-01-1993,23.0,30.4,26.1,76.0,0.4,0.0,6.0,280.0,2.0,W ,Sun
24-01-1993,23.0,29.2,25.8,77.0,43.9,3.3,6.0,250.0,2.0,W ,Rain
25-01-1993,23.0,30.2,26.1,79.0,32.9,0.4,4.0,320.0,2.0,W ,Rain
26-01-1993,23.0,28.7,25.7,85.0,4.0,4.0,5.0,250.0,2.0,W ,Drizzle
27-01-1993,25.0,29.4,27.1,79.0,6.1,0.0,6.0,300.0,2.0,N ,Rain
28-01-1993,24.0,27.2,25.8,85.0,26.6,2.1,5.0,300.0,2.0,W ,Rain
29-01-1993,24.0,29.0,27.1,79.0,33.5,0.0,7.0,290.0,2.0,W ,Rain
30-01-1993,24.0,29.6,26.6,78.0,28.6,4.0,7.0,280.0,3.0,W ,Rain
31-01-1993,24.0,28.0,26.1,80.0,21.4,0.0,4.0,310.0,3.0,W ,Rain
01-02-1993,24.0,28.8,26.7,75.0,0.6,0.0,6.0,340.0,2.0,W ,Sun
02-02-1993,24.0,29.2,26.6,80.0,15.8,0.1,5.0,330.0,2.0,NW,Rain
03-02-1993,23.0,29.3,26.2,79.0,46.8,0.1,6.0,250.0,2.0,NW,Rain
04-02-1993,24.0,30.1,26.7,76.0,12.3,0.0,6.0,290.0,2.0,W ,Rain
05-02-1993,24.0,30.6,26.9,74.0,25.3,4.0,7.0,300.0,2.0,NW,Rain
06-02-1993,23.0,28.8,24.9,82.0,16.1,5.0,5.0,240.0,1.0,W ,Rain
07-02-1993,24.0,28.2,26.1,83.0,67.9,0.0,4.0,300.0,0.0,W ,Rain
08-02-1993,22.0,28.8,26.2,80.0,4.6,0.0,4.0,290.0,1.0,W ,Drizzle
09-02-1993,24.0,30.5,26.7,74.0,0.0,0.0,5.0,340.0,2.0,N ,Sun
10-02-1993,23.0,30.4,27.6,77.0,0.6,3.3,5.0,30.0,2.0,N ,Sun
11-02-1993,23.0,30.8,26.4,78.0,1.8,6.0,5.0,360.0,2.0,NW,Drizzle
12-02-1993,24.0,29.8,26.9,80.0,15.3,5.4,5.0,290.0,2.0,W ,Rain
13-02-1993,23.0,30.4,26.5,76.0,4.0,3.0,5.0,260.0,2.0,W ,Drizzle
14-02-1993,24.0,29.7,27.0,77.0,0.0,2.8,4.0,270.0,1.0,W ,Sun
15-02-1993,24.0,31.8,27.6,75.0,0.0,2.1,4.0,280.0,2.0,W ,Sun
16-02-1993,25.0,31.4,27.6,75.0,0.0,8.0,4.0,240.0,1.0,W ,Sun
17-02-1993,25.0,30.6,27.0,74.0,24.5,4.3,4.0,270.0,2.0,W ,Rain
18-02-1993,23.0,30.8,26.6,66.0,0.1,2.6,3.0,350.0,2.0,NW,Sun
19-02-1993,23.0,31.4,27.4,80.0,0.0,1.5,5.0,340.0,2.0,N ,Sun
20-02-1993,25.0,32.8,27.4,79.0,1.6,7.4,4.0,270.0,3.0,W ,Drizzle
21-02-1993,23.0,30.9,26.7,75.0,0.0,5.3,4.0,300.0,2.0,NW,Sun
22-02-1993,24.0,29.7,26.7,77.0,0.9,3.3,4.0,290.0,1.0,W ,Sun
23-02-1993,24.0,30.8,27.1,74.0,3.0,0.1,4.0,330.0,1.0,N ,Drizzle
24-02-1993,24.0,32.5,27.4,72.0,0.0,6.5,6.0,270.0,2.0,W ,Sun
25-02-1993,24.0,32.3,28.2,69.0,0.0,5.8,4.0,320.0,2.0,W ,Sun
26-02-1993,25.0,32.2,28.0,66.0,0.0,8.0,5.0,300.0,2.0,NW,Sun
27-02-1993,25.0,32.2,28.8,69.0,0.0,4.5,5.0,270.0,3.0,W ,Sun
28-02-1993,25.0,32.8,28.9,73.0,0.0,3.6,4.0,290.0,2.0,W ,Sun
01-03-1993,24.0,32.0,27.2,71.0,5.2,3.0,4.0,230.0,1.0,W ,Rain
02-03-1993,23.0,33.0,26.7,71.0,45.3,5.0,8.0,110.0,3.0,W ,Rain
03-03-1993,24.0,31.9,26.8,74.0,1.0,5.2,4.0,350.0,2.0,W ,Drizzle
04-03-1993,25.0,31.0,26.7,73.0,8888.0,4.0,3.0,260.0,1.0,W ,Rain
05-03-1993,25.0,30.2,27.1,73.0,0.0,3.0,3.0,290.0,1.0,N ,Sun
06-03-1993,25.0,31.6,27.5,77.0,6.3,0.0,3.0,350.0,1.0,N ,Rain
07-03-1993,24.0,30.6,27.3,74.0,0.0,5.0,3.0,340.0,1.0,N ,Sun
08-03-1993,24.0,30.1,26.9,81.0,33.1,0.5,3.0,350.0,1.0,N ,Rain
09-03-1993,23.0,31.1,26.7,76.0,33.6,1.6,7.0,320.0,2.0,NW,Rain
10-03-1993,24.0,32.2,27.0,72.0,8888.0,3.0,4.0,280.0,2.0,W ,Rain
11-03-1993,24.0,31.4,27.0,75.0,0.0,4.6,3.0,290.0,2.0,W ,Sun
12-03-1993,25.0,31.8,27.8,72.0,0.0,3.5,3.0,280.0,1.0,W ,Sun
13-03-1993,24.0,31.2,28.0,72.0,5.4,3.3,4.0,40.0,1.0,NW,Rain
14-03-1993,24.0,32.6,27.5,72.0,0.0,2.9,4.0,270.0,2.0,W ,Sun
15-03-1993,24.0,32.6,28.4,78.0,0.0,4.1,4.0,270.0,2.0,W ,Sun
16-03-1993,24.0,33.2,27.3,78.0,12.2,8.0,4.0,160.0,1.0,S ,Rain
17-03-1993,24.0,33.5,28.9,74.0,0.0,4.2,4.0,10.0,2.0,N ,Sun
18-03-1993,25.0,32.6,28.6,69.0,2.4,5.8,4.0,40.0,2.0,NE,Drizzle
19-03-1993,24.0,33.0,28.1,72.0,0.0,4.0,4.0,350.0,2.0,N ,Sun
20-03-1993,24.0,33.3,28.0,75.0,0.0,3.7,5.0,70.0,2.0,E ,Sun
21-03-1993,23.0,33.2,28.1,74.0,0.5,6.5,4.0,20.0,2.0,NE,Sun
22-03-1993,24.0,31.9,27.7,74.0,1.4,6.5,3.0,300.0,1.0,N ,Drizzle
23-03-1993,24.0,33.4,28.4,72.0,0.0,5.0,4.0,350.0,2.0,N ,Sun
24-03-1993,24.0,32.6,28.3,74.0,0.0,3.5,4.0,350.0,1.0,N ,Sun
25-03-1993,24.0,32.4,28.2,75.0,30.0,8.0,4.0,300.0,2.0,NW,Rain
26-03-1993,24.0,31.3,26.6,76.0,8888.0,5.0,5.0,270.0,2.0,NW,Rain
27-03-1993,24.0,31.9,27.6,71.0,0.0,5.3,4.0,290.0,2.0,W ,Sun
28-03-1993,24.0,32.2,27.2,74.0,44.0,8.0,5.0,290.0,2.0,W ,Rain
29-03-1993,24.0,30.6,26.9,75.0,0.3,1.8,4.0,220.0,2.0,SW,Sun
30-03-1993,24.0,32.3,27.8,76.0,0.2,1.0,4.0,240.0,1.0,SW,Sun
31-03-1993,24.0,33.0,27.5,80.0,17.9,5.7,3.0,350.0,2.0,N ,Rain
01-04-1993,24.0,30.9,26.9,72.0,0.0,2.5,3.0,310.0,1.0,N ,Sun
02-04-1993,24.0,31.5,26.8,79.0,12.4,0.0,7.0,290.0,2.0,W ,Rain
03-04-1993,24.0,28.2,25.5,77.0,0.0,0.5,3.0,350.0,0.0,N ,Sun
04-04-1993,25.0,31.4,27.4,71.0,0.0,0.5,3.0,220.0,1.0,SW,Sun
05-04-1993,24.0,32.2,28.0,79.0,3.8,5.3,5.0,320.0,2.0,N ,Drizzle
06-04-1993,24.0,31.8,28.0,76.0,6.5,3.0,5.0,340.0,2.0,N ,Rain
07-04-1993,23.0,31.9,26.7,73.0,29.0,7.4,5.0,250.0,2.0,N ,Rain
08-04-1993,23.0,30.3,25.6,77.0,1.1,2.0,4.0,70.0,0.0,E ,Drizzle
09-04-1993,24.0,30.8,26.6,81.0,0.5,0.0,1.0,70.0,0.0,E ,Sun
10-04-1993,24.0,32.2,27.8,74.0,0.0,0.8,4.0,350.0,2.0,E ,Sun
11-04-1993,24.0,32.2,27.8,74.0,0.0,4.6,3.0,260.0,0.0,E ,Sun
12-04-1993,24.0,33.1,27.3,78.0,1.0,6.0,5.0,360.0,1.0,W ,Drizzle
13-04-1993,25.0,31.6,26.8,85.0,4.7,6.5,3.0,100.0,0.0,SW,Drizzle
14-04-1993,23.0,30.6,26.8,82.0,2.4,3.4,3.0,340.0,0.0,SW,Drizzle
15-04-1993,25.0,32.1,27.7,75.0,0.0,1.3,4.0,20.0,1.0,N ,Sun
16-04-1993,25.0,31.9,27.8,78.0,0.0,8.0,3.0,340.0,0.0,N ,Sun
17-04-1993,25.0,32.5,27.8,88.0,31.5,3.3,5.0,30.0,1.0,E ,Rain
18-04-1993,24.0,32.9,27.6,78.0,32.2,4.0,7.0,340.0,1.0,N ,Rain
19-04-1993,24.0,32.8,27.8,76.0,0.0,5.4,4.0,70.0,2.0,E ,Sun
20-04-1993,25.0,33.4,28.5,75.0,0.0,3.8,4.0,70.0,2.0,E ,Sun
21-04-1993,25.0,33.0,27.8,78.0,2.0,8.0,4.0,360.0,1.0,E ,Drizzle
22-04-1993,25.0,32.4,27.8,80.0,26.7,3.0,4.0,360.0,2.0,N ,Rain
23-04-1993,25.0,31.6,27.7,80.0,7.7,4.5,5.0,20.0,1.0,N ,Rain
24-04-1993,25.0,32.8,28.2,75.0,0.0,1.0,4.0,80.0,2.0,E ,Sun
25-04-1993,25.0,31.0,27.6,82.0,8888.0,8.0,4.0,50.0,2.0,E ,Rain
26-04-1993,25.0,32.0,28.2,76.0,0.0,0.8,4.0,70.0,1.0,E ,Sun
27-04-1993,26.0,33.1,28.2,80.0,0.9,3.7,3.0,60.0,1.0,E ,Sun
28-04-1993,25.0,33.4,29.1,74.0,0.0,4.0,4.0,80.0,2.0,E ,Sun
29-04-1993,25.0,30.6,28.1,80.0,3.4,8.0,4.0,60.0,2.0,NE,Drizzle
30-04-1993,24.0,31.2,27.4,82.0,24.0,0.0,4.0,360.0,1.0,E ,Rain
01-05-1993,24.0,31.8,26.3,84.0,18.8,0.1,3.0,120.0,1.0,SE,Rain
02-05-1993,24.0,30.6,27.6,79.0,0.0,1.4,3.0,110.0,1.0,E ,Sun
03-05-1993,25.0,33.0,28.2,76.0,0.0,0.8,4.0,80.0,2.0,NE,Sun
04-05-1993,24.0,33.0,27.8,84.0,20.4,0.8,6.0,30.0,2.0,E ,Rain
05-05-1993,24.0,31.4,26.2,86.0,42.0,5.0,4.0,70.0,1.0,NE,Rain
06-05-1993,25.0,31.7,27.7,77.0,0.0,0.0,4.0,10.0,2.0,N ,Sun
07-05-1993,25.0,32.9,28.2,74.0,0.0,3.0,4.0,350.0,1.0,N ,Sun
08-05-1993,24.0,32.8,28.8,78.0,0.5,6.5,4.0,40.0,2.0,E ,Sun
09-05-1993,25.0,31.3,27.3,80.0,24.7,6.8,3.0,340.0,2.0,N ,Rain
10-05-1993,25.0,30.1,27.3,81.0,0.0,1.0,3.0,340.0,1.0,N ,Sun
11-05-1993,24.0,33.0,28.1,78.0,0.0,0.6,6.0,360.0,2.0,N ,Sun
12-05-1993,25.0,32.4,28.0,77.0,0.0,6.0,5.0,360.0,3.0,N ,Sun
13-05-1993,25.0,31.5,28.8,79.0,0.4,6.1,4.0,10.0,2.0,N ,Sun
14-05-1993,26.0,33.0,29.3,75.0,0.0,3.3,4.0,90.0,2.0,E ,Sun
15-05-1993,25.0,31.6,28.4,74.0,0.0,8.0,4.0,50.0,2.0,E ,Sun
16-05-1993,25.0,32.1,28.4,72.0,0.0,3.3,3.0,60.0,2.0,E ,Sun
17-05-1993,25.0,32.5,28.2,73.0,0.0,1.7,4.0,100.0,2.0,E ,Sun
18-05-1993,25.0,33.6,28.6,69.0,0.0,1.0,5.0,20.0,2.0,E ,Sun
19-05-1993,26.0,34.0,28.9,70.0,0.0,8.0,5.0,70.0,3.0,E ,Sun
20-05-1993,26.0,33.0,28.5,76.0,0.0,5.3,5.0,90.0,2.0,E ,Sun
21-05-1993,25.0,31.9,28.8,76.0,2.4,1.4,5.0,90.0,2.0,E ,Drizzle
22-05-1993,25.0,34.0,29.5,75.0,0.0,3.4,4.0,80.0,2.0,E ,Sun
23-05-1993,25.0,30.4,27.7,88.0,7.3,7.8,4.0,170.0,1.0,S ,Rain
24-05-1993,25.0,33.2,28.7,77.0,0.0,0.0,4.0,80.0,2.0,E ,Sun
25-05-1993,26.0,33.8,29.3,73.0,0.0,6.0,6.0,60.0,3.0,E ,Sun
26-05-1993,26.0,33.2,29.1,74.0,0.0,8.0,5.0,90.0,3.0,E ,Sun
27-05-1993,24.0,33.2,29.5,73.0,0.0,6.1,6.0,80.0,2.0,E ,Sun
28-05-1993,25.0,33.0,28.2,75.0,0.0,8.0,6.0,90.0,2.0,E ,Sun
29-05-1993,25.0,33.2,29.2,71.0,0.0,6.0,4.0,80.0,1.0,E ,Sun
30-05-1993,25.0,31.8,28.3,76.0,0.0,1.3,4.0,360.0,2.0,E ,Sun
31-05-1993,25.0,33.2,28.5,72.0,0.0,1.5,4.0,40.0,2.0,NE,Sun
01-06-1993,25.0,32.7,29.0,75.0,0.0,3.8,5.0,80.0,2.0,E ,Sun
02-06-1993,25.0,32.4,28.3,86.0,13.2,3.0,3.0,20.0,2.0,NE,Rain
03-06-1993,25.0,33.2,27.4,84.0,58.8,1.1,4.0,60.0,2.0,NE,Rain
04-06-1993,24.0,32.2,27.6,79.0,0.5,4.3,4.0,100.0,1.0,E ,Sun
05-06-1993,25.0,33.2,27.9,76.0,0.0,2.0,4.0,90.0,2.0,E ,Sun
06-06-1993,25.0,32.1,28.5,83.0,0.0,6.5,5.0,90.0,2.0,E ,Sun
07-06-1993,25.0,33.2,29.4,80.0,2.7,3.5,6.0,70.0,2.0,E ,Drizzle
08-06-1993,24.0,30.8,27.6,86.0,3.9,3.7,4.0,60.0,2.0,NE,Drizzle
09-06-1993,24.0,34.4,28.0,76.0,0.0,0.5,4.0,40.0,2.0,NE,Sun
10-06-1993,25.0,33.0,28.0,75.0,0.0,2.7,5.0,350.0,2.0,N ,Sun
11-06-1993,26.0,33.2,28.5,74.0,0.0,5.3,4.0,20.0,2.0,E ,Sun
12-06-1993,24.0,31.6,27.5,78.0,0.0,8.0,4.0,10.0,2.0,N ,Sun
13-06-1993,24.0,29.3,26.8,80.0,5.7,4.8,4.0,80.0,1.0,E ,Rain
14-06-1993,25.0,33.2,28.5,76.0,0.0,0.3,6.0,40.0,2.0,E ,Sun
15-06-1993,25.0,30.4,27.7,83.0,2.6,6.5,5.0,120.0,2.0,E ,Drizzle
16-06-1993,22.0,32.2,26.9,85.0,3.2,0.0,4.0,240.0,2.0,E ,Drizzle
17-06-1993,24.0,32.4,26.9,81.0,1.6,3.3,3.0,290.0,0.0,NE,Drizzle
18-06-1993,25.0,30.8,27.5,82.0,18.7,3.0,4.0,280.0,0.0,W ,Rain
19-06-1993,25.0,30.4,27.3,81.0,6.7,4.0,3.0,50.0,1.0,E ,Rain
20-06-1993,25.0,33.1,28.4,80.0,1.6,0.3,6.0,100.0,3.0,E ,Drizzle
21-06-1993,25.0,32.3,28.1,76.0,8888.0,6.2,5.0,90.0,3.0,E ,Rain
22-06-1993,24.0,32.7,27.5,77.0,0.0,1.1,4.0,120.0,2.0,E ,Sun
23-06-1993,24.0,32.4,27.9,77.0,0.0,2.7,5.0,50.0,3.0,E ,Sun
24-06-1993,25.0,32.8,28.0,78.0,0.0,4.5,4.0,60.0,2.0,E ,Sun
25-06-1993,25.0,32.8,28.3,74.0,0.0,7.0,6.0,120.0,2.0,E ,Sun
26-06-1993,25.0,33.2,28.4,78.0,0.0,7.0,4.0,100.0,2.0,NW,Sun
27-06-1993,25.0,33.2,28.8,78.0,0.0,8.0,3.0,10.0,2.0,E ,Sun
28-06-1993,26.0,33.2,29.0,78.0,0.0,7.5,4.0,90.0,2.0,E ,Sun
29-06-1993,25.0,33.7,28.8,76.0,0.4,7.8,8.0,90.0,3.0,E ,Sun
30-06-1993,25.0,32.8,28.9,72.0,0.0,2.5,7.0,90.0,3.0,E ,Sun
01-07-1993,25.0,30.0,27.5,83.0,8888.0,7.2,3.0,350.0,1.0,N ,Rain
02-07-1993,24.0,32.1,28.1,78.0,0.0,0.0,4.0,80.0,2.0,E ,Sun
03-07-1993,25.0,33.4,28.4,72.0,0.0,7.0,5.0,10.0,2.0,N ,Sun
04-07-1993,24.0,31.2,27.8,77.0,0.0,8.0,5.0,40.0,2.0,NE,Sun
05-07-1993,24.0,32.0,27.6,80.0,0.0,4.3,4.0,360.0,2.0,N ,Sun
06-07-1993,25.0,32.9,27.8,75.0,11.0,4.5,3.0,350.0,2.0,N ,Rain
07-07-1993,24.0,30.4,27.5,77.0,0.0,7.1,5.0,360.0,1.0,N ,Sun
08-07-1993,25.0,33.5,28.5,74.0,0.0,0.5,5.0,80.0,3.0,E ,Sun
09-07-1993,26.0,33.6,28.7,75.0,0.0,7.5,4.0,50.0,2.0,NE,Sun
10-07-1993,25.0,33.4,28.8,72.0,0.0,6.2,5.0,10.0,2.0,N ,Sun
11-07-1993,24.0,32.4,28.4,75.0,0.0,3.8,4.0,60.0,3.0,NE,Sun
12-07-1993,24.0,32.0,27.7,74.0,0.0,5.3,4.0,80.0,2.0,E ,Sun
13-07-1993,24.0,33.2,28.0,70.0,0.0,8.0,6.0,40.0,2.0,NE,Sun
14-07-1993,25.0,33.3,28.7,73.0,0.0,8.0,5.0,90.0,3.0,E ,Sun
15-07-1993,25.0,33.2,29.1,73.0,0.0,7.2,4.0,30.0,2.0,NE,Sun
16-07-1993,25.0,33.1,28.6,77.0,0.0,8.0,5.0,80.0,3.0,E ,Sun
17-07-1993,25.0,32.8,28.7,70.0,0.0,8.0,5.0,40.0,2.0,NE,Sun
18-07-1993,25.0,33.1,28.7,73.0,0.0,8.0,5.0,60.0,3.0,NE,Sun
19-07-1993,24.0,33.2,28.2,69.0,0.0,8.0,5.0,60.0,2.0,NE,Sun
20-07-1993,25.0,33.2,28.4,70.0,0.0,8.0,5.0,90.0,2.0,E ,Sun
21-07-1993,24.0,32.3,28.4,72.0,0.0,8.0,3.0,90.0,1.0,E ,Sun
22-07-1993,24.0,32.3,27.5,71.0,5.6,2.5,3.0,350.0,2.0,N ,Rain
23-07-1993,25.0,28.7,26.8,79.0,0.0,6.0,3.0,40.0,1.0,NE,Sun
24-07-1993,25.0,31.7,27.9,76.0,8888.0,2.0,5.0,70.0,2.0,E ,Rain
25-07-1993,24.0,32.0,28.6,77.0,0.0,7.0,5.0,80.0,2.0,E ,Sun
26-07-1993,25.0,32.7,28.5,78.0,0.0,4.2,4.0,90.0,2.0,E ,Sun
27-07-1993,26.0,33.1,28.6,74.0,0.0,5.5,4.0,90.0,2.0,E ,Sun
28-07-1993,24.0,30.3,27.6,80.0,0.0,6.0,4.0,120.0,1.0,SE,Sun
29-07-1993,24.0,31.0,26.9,85.0,18.5,0.3,4.0,350.0,2.0,N ,Rain
30-07-1993,25.0,31.4,27.7,82.0,0.0,2.0,5.0,40.0,1.0,NE,Sun
31-07-1993,25.0,31.8,28.0,79.0,0.0,4.0,5.0,350.0,2.0,N ,Sun
01-08-1993,23.0,30.9,27.7,82.0,54.7,3.0,5.0,290.0,3.0,E ,Rain
02-08-1993,24.0,32.1,28.0,73.0,0.0,1.5,3.0,230.0,1.0,E ,Sun
03-08-1993,25.0,32.4,27.7,75.0,0.0,3.5,4.0,350.0,2.0,N ,Sun
04-08-1993,24.0,31.5,27.3,82.0,65.8,6.3,3.0,80.0,1.0,E ,Rain
05-08-1993,25.0,30.8,27.3,78.0,0.0,5.3,4.0,340.0,2.0,N ,Sun
06-08-1993,25.0,31.4,28.0,78.0,10.0,2.0,5.0,360.0,2.0,N ,Rain
07-08-1993,25.0,33.6,28.5,77.0,0.0,4.0,5.0,30.0,2.0,N ,Sun
08-08-1993,23.0,33.0,29.0,70.0,0.0,4.8,4.0,360.0,2.0,N ,Sun
09-08-1993,24.0,32.4,27.6,73.0,0.0,7.7,5.0,360.0,2.0,N ,Sun
10-08-1993,24.0,32.3,27.5,72.0,0.0,5.5,5.0,90.0,2.0,E ,Sun
11-08-1993,24.0,31.7,27.4,73.0,0.0,5.0,5.0,,1.0,E ,Sun
12-08-1993,26.0,32.5,28.1,78.0,0.2,8.0,4.0,80.0,1.0,E ,Sun
13-08-1993,26.0,32.7,28.3,78.0,0.0,3.5,3.0,70.0,1.0,E ,Sun
14-08-1993,25.0,33.4,28.8,78.0,0.0,1.0,5.0,110.0,3.0,E ,Sun
15-08-1993,25.0,33.4,28.7,72.0,0.0,7.8,5.0,60.0,2.0,E ,Sun
16-08-1993,25.0,32.2,28.2,76.0,0.0,6.7,4.0,10.0,2.0,E ,Sun
17-08-1993,25.0,32.1,28.1,73.0,0.0,5.5,4.0,70.0,1.0,NE,Sun
18-08-1993,25.0,33.1,28.3,69.0,0.0,4.5,6.0,50.0,2.0,E ,Sun
19-08-1993,24.0,33.0,28.5,75.0,1.2,4.7,6.0,80.0,2.0,E ,Drizzle
20-08-1993,25.0,31.5,27.6,78.0,8888.0,6.5,4.0,110.0,2.0,SE,Rain
21-08-1993,25.0,33.1,28.3,75.0,0.0,1.8,6.0,60.0,3.0,E ,Sun
22-08-1993,24.0,32.4,28.2,75.0,0.0,8.0,5.0,70.0,3.0,E ,Sun
23-08-1993,24.0,32.5,27.9,71.0,0.0,1.7,4.0,60.0,2.0,E ,Sun
24-08-1993,26.0,32.6,28.2,73.0,0.0,6.3,4.0,350.0,2.0,E ,Sun
25-08-1993,25.0,32.2,28.5,74.0,8888.0,7.7,5.0,30.0,2.0,N ,Rain
26-08-1993,26.0,31.5,27.6,77.0,0.5,4.3,4.0,360.0,2.0,N ,Sun
27-08-1993,24.0,30.1,27.7,82.0,2.1,2.5,5.0,340.0,2.0,N ,Drizzle
28-08-1993,24.0,31.2,27.1,78.0,0.0,0.0,4.0,10.0,2.0,N ,Sun
29-08-1993,25.0,31.2,27.9,74.0,8888.0,3.8,4.0,90.0,1.0,E ,Rain
30-08-1993,25.0,33.2,28.5,77.0,0.0,0.7,4.0,110.0,2.0,NE,Sun
31-08-1993,25.0,32.6,28.3,74.0,0.0,8.0,3.0,360.0,2.0,N ,Sun
01-09-1993,24.0,31.4,27.8,78.0,0.0,7.0,5.0,350.0,2.0,E ,Sun
02-09-1993,24.0,32.0,27.2,77.0,0.0,7.0,5.0,350.0,2.0,N ,Sun
03-09-1993,25.0,30.8,27.5,77.0,8888.0,3.5,5.0,70.0,2.0,E ,Rain
04-09-1993,25.0,32.8,27.9,75.0,0.0,3.0,5.0,100.0,3.0,E ,Sun
05-09-1993,25.0,32.2,28.1,71.0,0.0,7.8,5.0,350.0,2.0,N ,Sun
06-09-1993,25.0,30.1,28.1,69.0,0.0,5.2,5.0,60.0,2.0,E ,Sun
07-09-1993,25.0,30.2,27.1,78.0,0.0,5.5,5.0,10.0,2.0,N ,Sun
08-09-1993,25.0,32.4,28.3,71.0,0.0,2.0,5.0,350.0,2.0,N ,Sun
09-09-1993,25.0,32.1,28.5,73.0,0.0,6.5,5.0,20.0,2.0,N ,Sun
10-09-1993,25.0,33.2,28.4,66.0,0.0,6.0,6.0,100.0,2.0,N ,Sun
11-09-1993,24.0,33.4,28.0,72.0,0.0,8.0,5.0,60.0,2.0,E ,Sun
12-09-1993,25.0,33.2,28.2,72.0,0.0,8.0,4.0,30.0,2.0,E ,Sun
13-09-1993,25.0,32.3,27.8,77.0,0.0,7.5,5.0,360.0,2.0,N ,Sun
14-09-1993,24.0,31.9,27.7,75.0,15.1,8.0,5.0,320.0,1.0,N ,Rain
15-09-1993,24.0,32.2,27.6,78.0,0.0,4.5,5.0,360.0,2.0,N ,Sun
16-09-1993,25.0,32.2,27.4,75.0,0.0,3.3,6.0,10.0,2.0,N ,Sun
17-09-1993,25.0,33.0,28.2,74.0,0.0,7.3,4.0,40.0,2.0,N ,Sun
18-09-1993,25.0,33.1,28.6,73.0,0.0,8.0,4.0,40.0,2.0,E ,Sun
19-09-1993,25.0,32.2,28.0,73.0,0.0,7.5,4.0,20.0,2.0,N ,Sun
20-09-1993,25.0,31.2,28.2,79.0,9.4,7.3,5.0,350.0,2.0,N ,Rain
21-09-1993,25.0,31.2,27.5,78.0,3.5,6.0,6.0,350.0,2.0,N ,Drizzle
22-09-1993,24.0,32.1,27.7,80.0,0.8,3.5,5.0,20.0,2.0,N ,Sun
23-09-1993,25.0,31.6,28.0,74.0,0.0,2.3,4.0,340.0,2.0,N ,Sun
24-09-1993,25.0,32.1,28.4,73.0,0.0,7.5,5.0,340.0,2.0,N ,Sun
25-09-1993,24.0,31.8,28.0,73.0,0.0,8.0,4.0,350.0,2.0,E ,Sun
26-09-1993,25.0,32.6,27.9,68.0,0.0,5.7,6.0,350.0,2.0,N ,Sun
27-09-1993,25.0,34.0,28.6,66.0,0.0,8.0,6.0,90.0,2.0,E ,Sun
28-09-1993,24.0,31.8,28.5,74.0,8888.0,8.0,6.0,90.0,2.0,N ,Rain
29-09-1993,25.0,31.8,27.6,77.0,1.4,6.8,4.0,340.0,2.0,N ,Drizzle
30-09-1993,26.0,32.3,28.3,73.0,0.0,6.5,4.0,330.0,2.0,N ,Sun
01-10-1993,25.0,31.6,28.6,72.0,0.0,5.4,5.0,20.0,1.0,N ,Sun
02-10-1993,26.0,32.0,27.4,76.0,0.0,3.8,4.0,10.0,2.0,N ,Sun
03-10-1993,25.0,32.6,28.7,68.0,0.5,6.6,5.0,20.0,2.0,N ,Sun
04-10-1993,25.0,33.4,28.2,71.0,0.0,3.8,5.0,360.0,2.0,N ,Sun
05-10-1993,25.0,32.4,28.1,75.0,0.0,0.7,5.0,360.0,2.0,N ,Sun
06-10-1993,26.0,33.1,29.2,74.0,0.0,4.7,5.0,10.0,2.0,N ,Sun
07-10-1993,26.0,34.7,28.9,70.0,0.0,2.1,5.0,350.0,2.0,N ,Sun
08-10-1993,25.0,33.2,29.1,78.0,0.0,2.3,5.0,80.0,2.0,N ,Sun
09-10-1993,26.0,33.1,28.7,75.0,0.0,4.9,5.0,350.0,2.0,N ,Sun
10-10-1993,25.0,32.2,28.8,75.0,0.0,1.1,5.0,340.0,2.0,N ,Sun
11-10-1993,25.0,31.8,28.2,74.0,0.0,1.8,5.0,360.0,2.0,N ,Sun
12-10-1993,25.0,33.0,28.6,70.0,0.0,5.5,5.0,20.0,2.0,E ,Sun
13-10-1993,26.0,32.3,28.2,71.0,0.0,2.3,4.0,20.0,2.0,N ,Sun
14-10-1993,25.0,31.6,28.2,74.0,0.0,1.4,5.0,90.0,1.0,NE,Sun
15-10-1993,24.0,31.0,27.2,76.0,7.0,0.0,5.0,80.0,2.0,N ,Rain
16-10-1993,24.0,31.5,26.1,75.0,59.9,5.2,4.0,350.0,2.0,N ,Rain
17-10-1993,25.0,32.4,27.6,71.0,0.0,6.1,5.0,340.0,2.0,N ,Sun
18-10-1993,26.0,33.6,28.7,71.0,0.0,7.4,5.0,330.0,2.0,N ,Sun
19-10-1993,25.0,31.0,27.4,76.0,0.0,3.7,3.0,350.0,1.0,N ,Sun
20-10-1993,25.0,29.7,27.0,81.0,8.9,0.9,5.0,360.0,0.0,NE,Rain
21-10-1993,25.0,32.8,28.5,70.0,3.8,7.8,4.0,120.0,1.0,NE,Drizzle
22-10-1993,26.0,31.6,28.5,71.0,0.0,6.0,5.0,80.0,2.0,NE,Sun
23-10-1993,25.0,32.1,27.9,69.0,0.0,7.6,3.0,340.0,2.0,E ,Sun
24-10-1993,25.0,32.2,27.1,73.0,8888.0,4.8,5.0,360.0,2.0,N ,Rain
25-10-1993,25.0,31.8,28.6,68.0,4.9,4.6,5.0,360.0,1.0,N ,Drizzle
26-10-1993,25.0,32.8,28.7,66.0,0.0,8.0,3.0,360.0,1.0,N ,Sun
27-10-1993,26.0,33.5,29.6,69.0,0.0,7.4,4.0,360.0,2.0,NE,Sun
28-10-1993,26.0,32.9,28.9,72.0,0.0,3.0,5.0,140.0,2.0,NE,Sun
29-10-1993,26.0,33.5,29.0,74.0,0.0,6.2,5.0,200.0,2.0,NE,Sun
30-10-1993,25.0,32.2,28.7,75.0,0.0,7.8,4.0,350.0,2.0,N ,Sun
31-10-1993,25.0,31.8,27.9,76.0,0.0,6.7,5.0,310.0,2.0,N ,Sun
01-11-1993,25.0,32.9,28.9,68.0,0.0,7.1,3.0,20.0,2.0,N ,Sun
02-11-1993,25.0,33.3,28.8,70.0,0.0,0.0,5.0,140.0,2.0,E ,Sun
03-11-1993,26.0,34.5,29.1,70.0,0.6,6.2,5.0,120.0,2.0,SW,Sun
04-11-1993,25.0,29.5,28.1,75.0,6.4,0.0,4.0,40.0,2.0,E ,Rain
05-11-1993,26.0,30.6,27.4,81.0,0.2,0.0,2.0,220.0,0.0,SW,Sun
06-11-1993,27.0,31.5,28.8,80.0,0.0,0.9,3.0,340.0,2.0,N ,Sun
07-11-1993,26.0,33.8,30.0,71.0,0.0,7.2,4.0,120.0,2.0,E ,Sun
08-11-1993,26.0,33.5,28.9,68.0,8888.0,5.3,5.0,190.0,2.0,SW,Rain
09-11-1993,26.0,31.4,28.5,72.0,8888.0,1.9,5.0,210.0,2.0,SW,Rain
10-11-1993,25.0,31.8,28.2,76.0,0.2,3.8,4.0,120.0,1.0,SE,Sun
11-11-1993,26.0,32.4,28.6,77.0,0.7,2.5,3.0,360.0,1.0,N ,Sun
12-11-1993,25.0,32.7,28.4,78.0,65.3,0.6,3.0,230.0,0.0,SW,Rain
13-11-1993,25.0,31.8,27.7,78.0,0.0,3.3,3.0,360.0,1.0,N ,Sun
14-11-1993,24.0,30.5,26.4,88.0,4.1,0.2,5.0,290.0,0.0,W ,Drizzle
15-11-1993,24.0,31.1,27.1,80.0,22.7,0.0,4.0,60.0,2.0,W ,Rain
16-11-1993,24.0,31.8,26.4,81.0,11.1,4.2,4.0,280.0,2.0,W ,Rain
17-11-1993,24.0,30.3,26.3,82.0,1.7,0.0,3.0,290.0,0.0,W ,Drizzle
18-11-1993,24.0,32.4,27.3,76.0,1.4,4.5,2.0,30.0,0.0,E ,Drizzle
19-11-1993,24.0,31.3,26.9,74.0,0.0,1.4,4.0,260.0,0.0,W ,Sun
20-11-1993,25.0,31.6,27.6,73.0,0.0,4.4,6.0,280.0,1.0,W ,Sun
21-11-1993,24.0,31.4,27.0,77.0,14.3,1.4,6.0,290.0,1.0,W ,Rain
22-11-1993,25.0,31.8,27.6,74.0,0.0,2.4,4.0,80.0,2.0,NW,Sun
23-11-1993,25.0,32.1,28.0,76.0,0.9,2.1,4.0,350.0,2.0,N ,Sun
24-11-1993,25.0,32.4,27.2,76.0,2.9,1.9,3.0,340.0,1.0,NW,Drizzle
25-11-1993,24.0,32.2,26.4,77.0,16.0,4.2,6.0,190.0,1.0,S ,Rain
26-11-1993,25.0,31.9,27.7,74.0,0.0,0.0,4.0,240.0,1.0,W ,Sun
27-11-1993,25.0,31.4,27.7,76.0,8888.0,0.3,3.0,210.0,1.0,W ,Rain
28-11-1993,25.0,30.5,27.9,74.0,0.0,1.4,4.0,290.0,2.0,N ,Sun
29-11-1993,24.0,31.3,27.0,78.0,14.4,1.9,4.0,350.0,2.0,N ,Rain
30-11-1993,25.0,30.2,26.8,78.0,0.2,0.6,3.0,310.0,0.0,NW,Sun
01-12-1993,25.0,30.3,27.8,80.0,17.2,0.3,3.0,50.0,0.0,NE,Rain
02-12-1993,25.0,31.3,27.6,75.0,8888.0,4.2,5.0,260.0,2.0,W ,Rain
03-12-1993,25.0,32.5,27.7,80.0,8.7,4.2,5.0,210.0,1.0,W ,Rain
04-12-1993,25.0,31.0,27.7,75.0,0.0,3.1,5.0,280.0,3.0,W ,Sun
05-12-1993,25.0,32.5,28.0,74.0,0.0,0.7,4.0,340.0,2.0,N ,Sun
06-12-1993,25.0,33.2,28.5,74.0,0.0,3.1,5.0,290.0,2.0,W ,Sun
07-12-1993,25.0,33.2,27.9,68.0,0.0,5.6,3.0,360.0,2.0,W ,Sun
08-12-1993,25.0,30.9,27.6,74.0,0.0,0.0,5.0,290.0,2.0,W ,Sun
09-12-1993,26.0,31.1,27.7,72.0,0.2,1.5,5.0,340.0,2.0,W ,Sun
10-12-1993,25.0,32.1,27.9,72.0,8888.0,4.6,5.0,350.0,3.0,SW,Rain
11-12-1993,26.0,31.2,27.8,75.0,1.6,2.1,5.0,350.0,2.0,N ,Drizzle
12-12-1993,26.0,31.7,28.2,73.0,8888.0,0.4,4.0,320.0,2.0,W ,Rain
13-12-1993,26.0,31.4,28.1,74.0,0.0,2.2,5.0,30.0,2.0,W ,Sun
14-12-1993,26.0,32.9,28.7,75.0,0.0,2.3,6.0,250.0,3.0,W ,Sun
15-12-1993,27.0,34.1,29.5,72.0,0.0,4.9,6.0,240.0,3.0,SW,Sun
16-12-1993,24.0,33.8,28.6,75.0,7.0,4.1,4.0,260.0,2.0,W ,Rain
17-12-1993,26.0,33.2,29.1,68.0,2.9,4.4,4.0,280.0,2.0,W ,Drizzle
18-12-1993,26.0,32.2,28.5,70.0,0.0,3.2,6.0,320.0,2.0,NW,Sun
19-12-1993,26.0,32.0,28.9,72.0,0.0,3.0,4.0,310.0,3.0,W ,Sun
20-12-1993,25.0,32.1,27.6,82.0,14.2,1.9,5.0,290.0,2.0,SW,Rain
21-12-1993,25.0,31.8,27.9,76.0,1.4,2.4,5.0,280.0,3.0,W ,Drizzle
22-12-1993,24.0,30.4,27.2,77.0,16.2,0.0,5.0,260.0,3.0,W ,Rain
23-12-1993,24.0,29.0,26.0,78.0,11.1,0.6,7.0,250.0,3.0,SW,Rain
24-12-1993,24.0,27.6,25.5,80.0,9.8,0.0,6.0,250.0,4.0,SW,Rain
25-12-1993,24.0,29.9,25.9,85.0,10.7,0.0,8.0,250.0,3.0,SW,Rain
26-12-1993,24.0,29.9,27.3,67.0,0.0,0.9,6.0,270.0,3.0,SW,Sun
27-12-1993,25.0,31.4,27.4,71.0,8888.0,4.2,5.0,250.0,2.0,SW,Rain
28-12-1993,24.0,30.8,27.1,79.0,1.0,1.7,5.0,270.0,3.0,W ,Drizzle
29-12-1993,24.0,31.0,26.3,80.0,19.4,0.5,5.0,140.0,2.0,SW,Rain
30-12-1993,24.0,31.2,26.4,78.0,4.0,3.3,5.0,300.0,1.0,SW,Drizzle
31-12-1993,25.0,29.6,25.9,83.0,9.7,0.0,3.0,290.0,3.0,W ,Rain
01-01-1994,24.0,30.8,26.6,81.0,2.1,0.6,5.0,310.0,3.0,W ,Drizzle
02-01-1994,24.0,30.8,25.9,81.0,16.8,0.0,4.0,240.0,2.0,W ,Rain
03-01-1994,24.0,30.9,27.0,80.0,2.3,1.9,3.0,260.0,1.0,SE,Drizzle
04-01-1994,25.0,32.0,26.8,81.0,15.2,4.7,4.0,340.0,2.0,N ,Rain
05-01-1994,25.0,31.5,27.6,78.0,12.5,3.4,4.0,290.0,2.0,NW,Rain
06-01-1994,23.0,28.6,26.0,86.0,19.6,0.0,5.0,320.0,2.0,SW,Rain
07-01-1994,24.0,25.8,25.2,88.0,0.0,0.0,3.0,140.0,2.0,S ,Sun
08-01-1994,23.0,29.8,26.5,76.0,19.4,0.0,4.0,350.0,2.0,N ,Rain
09-01-1994,24.0,30.6,27.1,74.0,8888.0,0.5,5.0,280.0,2.0,W ,Rain
10-01-1994,25.0,28.9,27.2,78.0,8888.0,0.3,5.0,320.0,2.0,NW,Rain
11-01-1994,24.0,30.1,27.2,77.0,8888.0,1.0,5.0,70.0,2.0,N ,Rain
12-01-1994,25.0,31.2,27.3,74.0,8888.0,3.4,5.0,350.0,2.0,W ,Rain
13-01-1994,24.0,30.7,27.1,79.0,4.4,1.0,5.0,290.0,2.0,W ,Drizzle
14-01-1994,24.0,32.2,27.5,72.0,40.3,2.2,5.0,280.0,3.0,W ,Rain
15-01-1994,24.0,29.0,26.8,82.0,20.8,0.0,4.0,280.0,2.0,W ,Rain
16-01-1994,24.0,28.0,25.7,80.0,1.9,0.2,3.0,280.0,2.0,SW,Drizzle
17-01-1994,25.0,29.0,26.0,78.0,0.5,0.5,4.0,260.0,0.0,W ,Sun
18-01-1994,24.0,29.2,26.4,81.0,4.0,0.0,4.0,290.0,2.0,W ,Drizzle
19-01-1994,24.0,28.1,25.6,84.0,22.3,0.0,9.0,280.0,2.0,W ,Rain
20-01-1994,24.0,28.9,26.0,80.0,0.6,0.2,5.0,350.0,2.0,W ,Sun
21-01-1994,24.0,27.6,25.9,86.0,27.9,0.0,3.0,300.0,1.0,NW,Rain
22-01-1994,24.0,28.0,26.2,88.0,6.2,0.0,5.0,280.0,1.0,W ,Rain
23-01-1994,24.0,30.4,26.4,79.0,22.0,3.8,7.0,290.0,3.0,W ,Rain
24-01-1994,24.0,29.5,26.1,76.0,13.9,0.4,7.0,330.0,3.0,NW,Rain
25-01-1994,24.0,29.0,26.9,80.0,31.1,0.0,5.0,300.0,2.0,W ,Rain
26-01-1994,25.0,28.0,26.3,80.0,21.5,0.0,5.0,340.0,3.0,N ,Rain
27-01-1994,24.0,29.5,26.5,81.0,7.7,0.0,7.0,290.0,2.0,N ,Rain
28-01-1994,24.0,29.2,26.1,80.0,16.1,0.0,5.0,330.0,2.0,W ,Rain
29-01-1994,25.0,29.6,26.8,80.0,0.0,2.7,4.0,280.0,2.0,W ,Sun
30-01-1994,24.0,30.6,27.2,80.0,16.8,1.6,4.0,290.0,2.0,W ,Rain
31-01-1994,23.0,28.1,26.0,82.0,15.7,0.0,5.0,110.0,2.0,E ,Rain
01-02-1994,24.0,30.6,26.5,72.0,0.7,1.1,4.0,320.0,2.0,W ,Sun
02-02-1994,25.0,29.6,26.6,75.0,0.5,1.3,6.0,280.0,3.0,W ,Sun
03-02-1994,24.0,29.8,25.9,79.0,19.5,1.7,4.0,330.0,1.0,NW,Rain
04-02-1994,24.0,30.6,26.7,78.0,8888.0,6.0,4.0,290.0,2.0,W ,Rain
05-02-1994,25.0,30.0,26.7,81.0,3.8,1.3,5.0,230.0,2.0,SW,Drizzle
06-02-1994,25.0,30.5,27.8,78.0,2.6,0.8,5.0,350.0,2.0,SW,Drizzle
07-02-1994,24.0,31.8,27.1,76.0,2.9,2.7,5.0,290.0,2.0,SW,Drizzle
08-02-1994,24.0,31.5,26.6,76.0,0.0,0.2,6.0,300.0,3.0,SW,Sun
09-02-1994,25.0,31.6,27.3,80.0,12.2,2.2,4.0,320.0,1.0,N ,Rain
10-02-1994,25.0,30.9,26.7,80.0,0.0,1.4,4.0,190.0,2.0,SW,Sun
11-02-1994,26.0,31.4,27.2,78.0,0.0,2.7,3.0,310.0,2.0,N ,Sun
12-02-1994,25.0,29.9,26.1,83.0,38.1,0.9,7.0,350.0,3.0,SW,Rain
13-02-1994,26.0,30.2,27.1,76.0,8888.0,0.1,4.0,280.0,2.0,W ,Rain
14-02-1994,22.0,30.4,27.7,76.0,68.2,2.2,6.0,150.0,3.0,N ,Rain
15-02-1994,23.0,30.2,26.2,74.0,8888.0,1.2,4.0,270.0,2.0,W ,Rain
16-02-1994,24.0,31.0,27.0,73.0,1.1,0.0,3.0,350.0,2.0,N ,Drizzle
17-02-1994,25.0,31.4,27.4,73.0,8888.0,3.0,5.0,330.0,2.0,N ,Rain
18-02-1994,26.0,31.5,27.9,77.0,0.0,3.3,5.0,290.0,3.0,W ,Sun
19-02-1994,24.0,30.6,27.2,74.0,0.4,1.3,5.0,270.0,2.0,W ,Sun
20-02-1994,24.0,32.0,26.9,69.0,0.9,4.7,7.0,230.0,4.0,W ,Sun
21-02-1994,25.0,32.0,28.1,74.0,8888.0,5.6,5.0,280.0,3.0,SW,Rain
22-02-1994,25.0,30.0,26.9,77.0,8888.0,0.0,5.0,240.0,2.0,W ,Rain
23-02-1994,25.0,31.8,27.4,72.0,0.0,2.5,6.0,,2.0,N ,Sun
24-02-1994,24.0,31.5,27.2,84.0,61.4,2.6,7.0,310.0,2.0,SE,Rain
25-02-1994,25.0,31.5,27.2,71.0,3.5,3.1,4.0,270.0,2.0,W ,Drizzle
26-02-1994,25.0,29.7,27.2,80.0,9.9,0.9,5.0,320.0,2.0,W ,Rain
27-02-1994,24.0,28.6,26.1,82.0,17.7,0.0,4.0,260.0,2.0,W ,Rain
28-02-1994,24.0,30.5,27.1,75.0,26.1,3.5,4.0,260.0,3.0,W ,Rain
01-03-1994,24.0,30.9,26.5,76.0,12.2,0.0,4.0,280.0,2.0,W ,Rain
02-03-1994,25.0,30.9,26.8,75.0,0.5,0.0,5.0,310.0,3.0,W ,Sun
03-03-1994,25.0,30.6,27.4,76.0,3.0,0.0,5.0,270.0,3.0,W ,Drizzle
04-03-1994,25.0,28.6,26.2,77.0,2.7,0.0,5.0,240.0,3.0,W ,Drizzle
05-03-1994,24.0,30.2,26.6,86.0,16.6,2.1,5.0,270.0,2.0,SW,Rain
06-03-1994,25.0,31.4,26.9,77.0,0.5,3.5,5.0,270.0,2.0,W ,Sun
07-03-1994,25.0,31.6,28.0,71.0,0.0,6.5,5.0,280.0,3.0,W ,Sun
08-03-1994,24.0,34.0,27.7,78.0,38.9,5.4,5.0,290.0,2.0,W ,Rain
09-03-1994,24.0,31.2,26.3,82.0,6.1,1.8,5.0,340.0,2.0,SW,Rain
10-03-1994,24.0,31.1,26.3,83.0,26.7,1.8,5.0,210.0,3.0,W ,Rain
11-03-1994,24.0,31.4,27.1,74.0,8888.0,0.3,5.0,260.0,2.0,W ,Rain
12-03-1994,25.0,32.2,27.3,75.0,2.6,7.0,5.0,270.0,3.0,SW,Drizzle
13-03-1994,25.0,31.9,27.2,78.0,5.0,1.1,4.0,270.0,0.0,W ,Drizzle
14-03-1994,24.0,31.5,27.4,41.0,3.2,5.8,4.0,210.0,2.0,W ,Drizzle
15-03-1994,24.0,31.2,26.6,76.0,3.1,0.0,6.0,270.0,2.0,W ,Drizzle
16-03-1994,25.0,32.1,27.6,70.0,2.0,6.5,5.0,250.0,2.0,W ,Drizzle
17-03-1994,25.0,31.7,27.7,78.0,15.7,3.8,4.0,280.0,2.0,W ,Rain
18-03-1994,25.0,31.1,27.2,76.0,8888.0,1.9,5.0,110.0,3.0,W ,Rain
19-03-1994,25.0,30.4,26.7,79.0,0.0,1.0,5.0,340.0,3.0,W ,Sun
20-03-1994,25.0,32.8,28.1,71.0,0.0,4.3,5.0,360.0,2.0,W ,Sun
21-03-1994,25.0,31.4,26.7,74.0,8888.0,2.7,5.0,270.0,1.0,W ,Rain
22-03-1994,24.0,31.8,26.5,82.0,27.3,3.0,4.0,90.0,2.0,W ,Rain
23-03-1994,24.0,28.9,26.4,78.0,2.0,0.0,4.0,270.0,2.0,W ,Drizzle
24-03-1994,25.0,31.2,27.8,77.0,0.0,2.6,5.0,250.0,3.0,W ,Sun
25-03-1994,24.0,28.7,26.8,80.0,8888.0,0.0,6.0,260.0,4.0,W ,Rain
26-03-1994,25.0,32.3,27.8,80.0,8888.0,0.8,4.0,280.0,1.0,W ,Rain
27-03-1994,25.0,32.0,27.4,77.0,1.8,7.0,5.0,340.0,2.0,E ,Drizzle
28-03-1994,24.0,30.1,26.6,81.0,55.3,3.0,4.0,350.0,1.0,NW,Rain
29-03-1994,24.0,31.3,26.6,79.0,11.5,4.0,5.0,360.0,2.0,N ,Rain
30-03-1994,25.0,31.3,27.4,73.0,8888.0,3.3,5.0,10.0,2.0,N ,Rain
31-03-1994,25.0,30.6,28.1,77.0,2.9,6.0,6.0,260.0,2.0,W ,Drizzle
01-04-1994,24.0,30.4,27.1,78.0,8888.0,2.7,6.0,360.0,2.0,SW,Rain
02-04-1994,24.0,31.6,28.0,78.0,6.9,7.5,5.0,330.0,3.0,NW,Rain
03-04-1994,24.0,32.0,27.5,74.0,36.4,6.0,6.0,10.0,3.0,N ,Rain
04-04-1994,25.0,31.8,27.8,74.0,0.0,5.5,5.0,130.0,2.0,NE,Sun
05-04-1994,25.0,29.5,26.5,81.0,2.6,5.5,5.0,270.0,2.0,SW,Drizzle
06-04-1994,25.0,31.4,27.8,72.0,0.1,7.7,5.0,350.0,2.0,N ,Sun
07-04-1994,25.0,32.2,27.7,74.0,0.0,6.2,5.0,340.0,3.0,N ,Sun
08-04-1994,25.0,31.7,28.4,72.0,0.0,2.7,5.0,30.0,2.0,SW,Sun
09-04-1994,26.0,32.2,28.2,69.0,0.0,6.6,4.0,340.0,3.0,N ,Sun
10-04-1994,26.0,32.4,29.1,71.0,0.0,5.0,5.0,360.0,2.0,N ,Sun
11-04-1994,25.0,32.4,28.7,72.0,0.0,3.7,4.0,10.0,2.0,N ,Sun
12-04-1994,25.0,33.6,28.0,70.0,0.0,7.0,4.0,360.0,2.0,N ,Sun
13-04-1994,26.0,32.0,28.2,73.0,0.4,1.1,4.0,350.0,2.0,N ,Sun
14-04-1994,23.0,30.8,27.1,78.0,19.8,0.5,7.0,340.0,2.0,N ,Rain
15-04-1994,24.0,31.6,27.0,74.0,1.7,3.9,5.0,210.0,3.0,SE,Drizzle
16-04-1994,25.0,29.9,27.2,78.0,19.8,0.8,4.0,270.0,3.0,S ,Rain
17-04-1994,25.0,30.4,27.5,80.0,18.5,1.4,4.0,340.0,2.0,N ,Rain
18-04-1994,25.0,31.4,27.2,76.0,0.8,1.8,4.0,350.0,3.0,SE,Sun
19-04-1994,25.0,30.0,26.6,82.0,3.7,0.0,4.0,360.0,2.0,W ,Drizzle
20-04-1994,24.0,31.3,26.7,79.0,8888.0,0.7,5.0,350.0,2.0,N ,Rain
21-04-1994,25.0,31.8,27.4,78.0,1.6,2.9,5.0,40.0,3.0,N ,Drizzle
22-04-1994,24.0,32.5,26.5,78.0,1.7,5.5,6.0,260.0,3.0,E ,Drizzle
23-04-1994,25.0,32.3,27.7,74.0,0.0,5.7,5.0,100.0,3.0,E ,Sun
24-04-1994,26.0,33.5,25.4,77.0,0.0,5.4,5.0,20.0,3.0,S ,Sun
25-04-1994,25.0,30.0,26.9,80.0,0.7,0.0,5.0,80.0,3.0,E ,Sun
26-04-1994,25.0,30.1,26.8,84.0,1.5,0.2,5.0,60.0,3.0,E ,Drizzle
27-04-1994,25.0,31.1,27.2,80.0,0.0,1.0,10.0,80.0,4.0,E ,Sun
28-04-1994,26.0,32.0,28.7,83.0,0.0,4.2,9.0,90.0,4.0,E ,Sun
29-04-1994,25.0,33.2,29.0,73.0,1.2,4.2,8.0,80.0,4.0,E ,Drizzle
30-04-1994,26.0,33.6,28.7,79.0,0.0,6.0,6.0,70.0,4.0,E ,Sun
01-05-1994,26.0,33.1,29.0,73.0,0.0,5.4,4.0,70.0,2.0,E ,Sun
02-05-1994,27.0,33.0,29.2,75.0,0.0,5.3,6.0,360.0,2.0,NE,Sun
03-05-1994,26.0,32.0,28.9,80.0,0.0,4.5,4.0,350.0,2.0,N ,Sun
04-05-1994,26.0,32.4,28.7,75.0,0.0,6.3,5.0,110.0,3.0,N ,Sun
05-05-1994,25.0,31.9,29.3,74.0,0.0,0.0,5.0,10.0,2.0,N ,Sun
06-05-1994,23.0,30.5,26.1,82.0,3.0,2.1,5.0,290.0,2.0,SE,Drizzle
07-05-1994,23.0,31.9,27.5,77.0,11.7,0.0,5.0,70.0,3.0,E ,Rain
08-05-1994,23.0,30.2,24.7,83.0,47.5,0.2,5.0,10.0,2.0,E ,Rain
09-05-1994,24.0,30.6,27.2,78.0,7.3,0.0,3.0,350.0,2.0,SW,Rain
10-05-1994,23.0,29.2,26.4,82.0,92.6,1.9,5.0,80.0,3.0,E ,Rain
11-05-1994,24.0,30.4,26.7,80.0,0.0,5.7,4.0,360.0,2.0,E ,Sun
12-05-1994,25.0,32.5,27.7,76.0,0.0,5.2,5.0,50.0,3.0,E ,Sun
13-05-1994,25.0,32.9,28.4,76.0,0.0,2.1,5.0,30.0,3.0,NE,Sun
14-05-1994,25.0,32.6,28.2,77.0,0.0,2.3,4.0,10.0,2.0,E ,Sun
15-05-1994,26.0,31.2,27.8,75.0,0.0,3.6,5.0,160.0,3.0,E ,Sun
16-05-1994,25.0,31.8,28.4,74.0,0.0,6.4,5.0,30.0,2.0,NE,Sun
17-05-1994,25.0,32.4,28.0,70.0,0.0,6.4,6.0,40.0,3.0,NE,Sun
18-05-1994,25.0,32.8,28.0,66.0,0.0,6.3,5.0,110.0,2.0,E ,Sun
19-05-1994,24.0,33.0,28.0,69.0,0.0,6.3,7.0,80.0,3.0,E ,Sun
20-05-1994,25.0,33.4,28.3,68.0,0.0,6.4,8.0,80.0,3.0,E ,Sun
21-05-1994,25.0,33.4,28.2,69.0,0.0,5.7,6.0,60.0,2.0,E ,Sun
22-05-1994,25.0,30.7,27.5,75.0,0.0,5.0,5.0,170.0,3.0,S ,Sun
23-05-1994,24.0,31.8,28.0,66.0,0.0,5.1,5.0,330.0,2.0,E ,Sun
24-05-1994,24.0,32.3,27.4,66.0,0.0,3.5,6.0,30.0,2.0,NE,Sun
25-05-1994,24.0,31.9,28.2,72.0,0.0,5.9,5.0,50.0,2.0,NE,Sun
26-05-1994,24.0,32.5,27.5,70.0,0.0,6.1,6.0,160.0,4.0,E ,Sun
27-05-1994,24.0,33.6,27.9,72.0,0.0,6.4,8.0,110.0,4.0,E ,Sun
28-05-1994,25.0,34.2,28.2,66.0,0.0,5.6,6.0,80.0,3.0,E ,Sun
29-05-1994,26.0,33.3,28.6,69.0,0.0,0.4,5.0,90.0,3.0,E ,Sun
30-05-1994,24.0,30.5,27.9,84.0,6.5,3.7,4.0,100.0,2.0,SE,Rain
31-05-1994,25.0,31.6,27.4,79.0,0.0,0.0,4.0,60.0,1.0,E ,Sun
01-06-1994,25.0,31.0,27.9,77.0,0.0,1.6,4.0,40.0,2.0,N ,Sun
02-06-1994,25.0,31.9,28.1,76.0,1.1,3.1,4.0,10.0,2.0,E ,Drizzle
03-06-1994,25.0,32.7,27.9,72.0,0.0,1.4,4.0,110.0,2.0,N ,Sun
04-06-1994,24.0,31.8,27.6,76.0,6.5,1.8,6.0,300.0,2.0,SE,Rain
05-06-1994,25.0,33.2,27.8,74.0,0.0,5.2,4.0,80.0,2.0,E ,Sun
06-06-1994,26.0,33.0,28.5,76.0,0.0,3.7,5.0,50.0,3.0,NE,Sun
07-06-1994,24.0,30.8,27.2,84.0,13.0,0.9,4.0,230.0,2.0,W ,Rain
08-06-1994,25.0,28.2,26.1,90.0,0.5,0.0,5.0,300.0,0.0,N ,Sun
09-06-1994,25.0,32.8,28.3,73.0,0.0,3.8,5.0,90.0,2.0,E ,Sun
10-06-1994,27.0,32.7,28.8,74.0,0.0,5.9,5.0,110.0,3.0,E ,Sun
11-06-1994,25.0,33.2,29.1,75.0,0.0,5.6,6.0,50.0,4.0,E ,Sun
12-06-1994,25.0,33.4,28.2,77.0,0.0,6.2,6.0,90.0,3.0,E ,Sun
13-06-1994,26.0,32.6,28.6,78.0,0.0,5.2,5.0,350.0,3.0,E ,Sun
14-06-1994,26.0,32.4,29.1,76.0,0.0,5.5,5.0,310.0,2.0,E ,Sun
15-06-1994,26.0,32.8,28.6,72.0,0.0,6.7,5.0,310.0,2.0,E ,Sun
16-06-1994,25.0,32.4,28.3,78.0,0.0,3.4,6.0,70.0,2.0,E ,Sun
17-06-1994,25.0,32.3,27.9,72.0,0.0,4.3,4.0,340.0,2.0,N ,Sun
18-06-1994,25.0,31.3,27.2,78.0,0.0,5.0,6.0,70.0,3.0,E ,Sun
19-06-1994,24.0,31.6,28.0,77.0,1.0,1.0,4.0,110.0,2.0,SE,Drizzle
20-06-1994,24.0,31.9,27.9,72.0,0.0,4.2,4.0,60.0,2.0,SE,Sun
21-06-1994,24.0,31.6,27.2,75.0,0.0,5.8,4.0,50.0,3.0,NE,Sun
22-06-1994,24.0,32.2,27.5,74.0,0.0,6.3,5.0,80.0,3.0,E ,Sun
23-06-1994,24.0,31.9,27.4,70.0,0.0,6.5,7.0,80.0,3.0,E ,Sun
24-06-1994,25.0,32.7,28.1,74.0,0.0,6.2,5.0,360.0,2.0,N ,Sun
25-06-1994,25.0,33.1,28.1,68.0,0.0,6.2,8.0,90.0,3.0,E ,Sun
26-06-1994,25.0,33.4,28.1,72.0,0.0,6.3,4.0,350.0,2.0,NE,Sun
27-06-1994,25.0,32.4,27.5,73.0,0.0,2.9,4.0,60.0,2.0,E ,Sun
28-06-1994,25.0,33.2,28.4,74.0,0.0,4.8,7.0,320.0,2.0,NW,Sun
29-06-1994,25.0,31.6,28.0,74.0,0.0,4.7,5.0,20.0,2.0,E ,Sun
30-06-1994,24.0,29.8,27.0,79.0,0.0,0.7,5.0,270.0,2.0,N ,Sun
01-07-1994,24.0,31.8,27.7,77.0,0.0,3.5,5.0,30.0,3.0,NE,Sun
02-07-1994,25.0,32.5,27.7,73.0,0.0,4.4,5.0,70.0,2.0,E ,Sun
03-07-1994,25.0,32.5,28.0,72.0,0.0,1.3,4.0,110.0,2.0,SE,Sun
04-07-1994,25.0,32.6,27.8,77.0,0.0,5.5,5.0,340.0,3.0,E ,Sun
05-07-1994,25.0,32.3,27.7,74.0,0.0,2.7,5.0,150.0,3.0,SE,Sun
06-07-1994,24.0,31.0,27.9,74.0,0.0,2.1,4.0,70.0,2.0,N ,Sun
07-07-1994,24.0,32.0,27.2,71.0,0.0,0.7,4.0,270.0,2.0,N ,Sun
08-07-1994,23.0,31.0,27.1,75.0,0.0,3.0,5.0,100.0,2.0,SE,Sun
09-07-1994,24.0,32.2,27.3,68.0,0.0,6.2,5.0,80.0,2.0,E ,Sun
10-07-1994,24.0,31.4,27.0,73.0,0.0,3.8,5.0,360.0,2.0,E ,Sun
11-07-1994,23.0,32.5,27.4,69.0,0.0,3.9,5.0,30.0,2.0,E ,Sun
12-07-1994,24.0,33.3,27.4,73.0,0.0,6.1,5.0,80.0,3.0,E ,Sun
13-07-1994,24.0,32.2,27.4,73.0,0.0,0.0,4.0,340.0,3.0,E ,Sun
14-07-1994,23.0,32.2,27.6,76.0,0.0,1.9,6.0,360.0,3.0,E ,Sun
15-07-1994,24.0,32.3,27.4,75.0,0.0,2.2,5.0,30.0,3.0,E ,Sun
16-07-1994,25.0,31.8,27.5,77.0,0.0,2.8,5.0,120.0,3.0,E ,Sun
17-07-1994,25.0,30.8,27.1,73.0,0.0,5.7,6.0,70.0,3.0,E ,Sun
18-07-1994,25.0,31.6,27.5,73.0,1.6,5.1,6.0,20.0,2.0,N ,Drizzle
19-07-1994,24.0,31.3,27.7,73.0,0.0,1.5,6.0,70.0,2.0,NE,Sun
20-07-1994,24.0,31.6,27.6,70.0,0.0,2.7,6.0,40.0,3.0,E ,Sun
21-07-1994,24.0,32.6,27.5,70.0,0.0,5.2,6.0,70.0,3.0,E ,Sun
22-07-1994,24.0,33.4,27.8,68.0,0.0,5.7,6.0,60.0,3.0,E ,Sun
23-07-1994,25.0,31.5,27.3,74.0,0.0,3.1,4.0,360.0,2.0,N ,Sun
24-07-1994,25.0,31.6,27.5,76.0,0.0,4.6,5.0,180.0,3.0,NE,Sun
25-07-1994,23.0,32.0,27.8,64.0,0.0,6.3,6.0,310.0,3.0,E ,Sun
26-07-1994,22.0,30.8,26.4,68.0,0.0,4.7,5.0,50.0,2.0,N ,Sun
27-07-1994,22.0,31.4,26.1,67.0,0.0,6.1,5.0,30.0,2.0,NE,Sun
28-07-1994,23.0,30.7,26.4,71.0,0.0,3.4,6.0,340.0,3.0,N ,Sun
29-07-1994,23.0,30.6,26.1,72.0,0.0,5.0,5.0,340.0,3.0,N ,Sun
30-07-1994,23.0,31.1,26.3,70.0,0.0,5.7,4.0,70.0,2.0,E ,Sun
31-07-1994,24.0,32.3,27.2,73.0,0.0,5.5,5.0,80.0,3.0,E ,Sun
01-08-1994,24.0,32.0,27.5,69.0,0.0,5.9,8.0,70.0,4.0,E ,Sun
02-08-1994,25.0,32.0,28.2,74.0,0.0,4.6,6.0,40.0,3.0,E ,Sun
03-08-1994,24.0,32.2,27.6,77.0,0.0,5.3,6.0,320.0,2.0,E ,Sun
04-08-1994,24.0,31.8,27.7,80.0,53.0,1.8,6.0,350.0,4.0,E ,Rain
05-08-1994,24.0,31.2,27.1,76.0,0.0,4.7,5.0,360.0,2.0,N ,Sun
06-08-1994,24.0,32.0,28.1,73.0,0.0,5.0,5.0,50.0,3.0,E ,Sun
07-08-1994,25.0,32.4,27.7,77.0,0.0,4.2,5.0,70.0,3.0,E ,Sun
08-08-1994,25.0,32.3,27.7,76.0,0.0,5.4,6.0,110.0,3.0,E ,Sun
09-08-1994,25.0,32.4,28.4,70.0,0.0,4.6,7.0,50.0,3.0,E ,Sun
10-08-1994,25.0,32.9,27.9,72.0,0.0,5.0,10.0,80.0,3.0,E ,Sun
11-08-1994,24.0,32.8,27.7,70.0,0.0,5.2,9.0,50.0,4.0,E ,Sun
12-08-1994,24.0,33.4,27.6,70.0,0.0,5.8,8.0,80.0,3.0,E ,Sun
13-08-1994,24.0,31.0,27.5,76.0,0.0,3.0,6.0,360.0,3.0,N ,Sun
14-08-1994,21.0,31.5,27.4,67.0,0.0,5.6,4.0,140.0,2.0,E ,Sun
15-08-1994,21.0,32.3,25.3,73.0,0.0,2.1,7.0,90.0,3.0,E ,Sun
16-08-1994,24.0,31.6,26.8,72.0,0.0,5.8,8.0,40.0,3.0,E ,Sun
17-08-1994,24.0,32.4,27.3,72.0,0.0,5.8,6.0,90.0,2.0,E ,Sun
18-08-1994,23.0,32.9,27.6,67.0,0.0,5.0,6.0,60.0,3.0,NE,Sun
19-08-1994,23.0,32.9,26.8,68.0,0.0,5.7,7.0,80.0,3.0,E ,Sun
20-08-1994,23.0,33.4,27.2,68.0,0.0,5.7,5.0,90.0,2.0,E ,Sun
21-08-1994,23.0,32.4,27.2,67.0,0.0,5.8,4.0,90.0,2.0,E ,Sun
22-08-1994,24.0,31.8,27.4,66.0,0.0,4.4,7.0,100.0,4.0,E ,Sun
23-08-1994,25.0,31.8,27.8,70.0,0.0,5.7,7.0,70.0,3.0,E ,Sun
24-08-1994,24.0,31.2,27.0,74.0,0.0,5.8,5.0,330.0,2.0,NW,Sun
25-08-1994,24.0,31.3,26.6,76.0,0.0,2.8,6.0,340.0,3.0,E ,Sun
26-08-1994,23.0,32.4,27.7,72.0,0.0,6.6,5.0,30.0,3.0,E ,Sun
27-08-1994,23.0,33.4,27.7,68.0,0.0,6.1,9.0,70.0,4.0,E ,Sun
28-08-1994,25.0,32.7,28.2,70.0,0.0,0.0,5.0,60.0,2.0,E ,Sun
29-08-1994,24.0,30.6,27.6,79.0,0.0,3.6,4.0,340.0,2.0,W ,Sun
30-08-1994,24.0,31.0,27.2,72.0,0.0,3.7,6.0,350.0,2.0,E ,Sun
31-08-1994,22.0,30.9,26.6,75.0,0.0,3.9,5.0,10.0,2.0,N ,Sun
01-09-1994,22.0,31.4,25.8,66.0,0.0,4.0,5.0,80.0,2.0,E ,Sun
02-09-1994,22.0,32.5,26.5,71.0,0.0,3.8,6.0,70.0,3.0,E ,Sun
03-09-1994,24.0,31.8,26.5,77.0,0.0,1.4,5.0,360.0,3.0,N ,Sun
04-09-1994,24.0,32.6,27.7,67.0,0.0,4.1,6.0,140.0,3.0,SE,Sun
05-09-1994,24.0,31.4,27.4,74.0,0.0,6.9,6.0,360.0,3.0,N ,Sun
06-09-1994,25.0,31.2,27.4,76.0,0.0,5.5,6.0,170.0,3.0,N ,Sun
07-09-1994,25.0,31.0,28.2,77.0,0.0,2.6,5.0,350.0,2.0,N ,Sun
08-09-1994,25.0,31.5,27.6,73.0,0.0,3.2,6.0,360.0,2.0,N ,Sun
09-09-1994,24.0,31.6,27.4,73.0,0.0,4.2,6.0,350.0,2.0,N ,Sun
10-09-1994,24.0,32.4,27.4,71.0,0.0,4.4,7.0,350.0,2.0,N ,Sun
11-09-1994,25.0,31.2,27.1,76.0,0.5,3.8,4.0,10.0,2.0,SE,Sun
12-09-1994,24.0,30.5,27.3,78.0,0.0,4.0,6.0,30.0,2.0,N ,Sun
13-09-1994,23.0,31.2,27.0,76.0,0.0,4.7,7.0,360.0,2.0,N ,Sun
14-09-1994,23.0,31.0,26.5,72.0,0.0,6.6,5.0,350.0,3.0,N ,Sun
15-09-1994,23.0,31.6,25.3,75.0,0.0,3.1,5.0,90.0,2.0,N ,Sun
16-09-1994,24.0,31.9,27.8,80.0,0.0,6.2,5.0,360.0,2.0,N ,Sun
17-09-1994,24.0,31.8,27.2,78.0,0.0,3.3,5.0,350.0,2.0,N ,Sun
18-09-1994,25.0,31.8,27.7,76.0,0.0,3.6,4.0,30.0,2.0,NE,Sun
19-09-1994,23.0,31.2,27.1,77.0,11.5,3.1,5.0,360.0,3.0,N ,Rain
20-09-1994,24.0,32.4,27.4,72.0,0.0,6.2,7.0,20.0,3.0,N ,Sun
21-09-1994,25.0,31.9,27.8,77.0,0.0,5.5,7.0,40.0,3.0,N ,Sun
22-09-1994,25.0,31.0,27.7,72.0,0.0,7.7,5.0,20.0,3.0,N ,Sun
23-09-1994,24.0,31.2,27.7,73.0,0.0,2.1,4.0,80.0,2.0,E ,Sun
24-09-1994,25.0,33.7,27.8,66.0,0.0,7.7,5.0,50.0,2.0,NE,Sun
25-09-1994,24.0,32.4,27.7,71.0,0.0,7.9,5.0,360.0,2.0,N ,Sun
26-09-1994,24.0,32.4,27.3,70.0,0.0,4.5,5.0,350.0,2.0,N ,Sun
27-09-1994,24.0,31.4,27.8,72.0,0.0,2.7,5.0,350.0,3.0,E ,Sun
28-09-1994,24.0,32.8,27.8,72.0,0.0,6.9,5.0,360.0,3.0,N ,Sun
29-09-1994,24.0,31.6,27.4,73.0,0.0,3.4,5.0,350.0,2.0,N ,Sun
30-09-1994,25.0,31.4,27.1,74.0,0.0,7.1,5.0,360.0,2.0,N ,Sun
01-10-1994,24.0,31.0,27.4,77.0,0.0,7.3,5.0,40.0,2.0,N ,Sun
02-10-1994,24.0,32.2,27.5,72.0,0.0,5.5,6.0,320.0,2.0,N ,Sun
03-10-1994,24.0,31.6,27.1,79.0,0.0,1.5,6.0,360.0,3.0,N ,Sun
04-10-1994,25.0,31.8,28.5,73.0,0.0,0.0,6.0,350.0,3.0,E ,Sun
05-10-1994,25.0,32.5,28.1,70.0,0.0,7.9,6.0,360.0,3.0,N ,Sun
06-10-1994,25.0,32.3,28.1,75.0,0.0,4.2,6.0,10.0,2.0,N ,Sun
07-10-1994,25.0,31.4,28.1,74.0,0.0,5.9,5.0,50.0,2.0,N ,Sun
08-10-1994,25.0,31.8,28.6,72.0,0.0,1.3,6.0,320.0,3.0,NW,Sun
09-10-1994,24.0,32.5,27.5,79.0,1.6,2.8,5.0,360.0,2.0,N ,Drizzle
10-10-1994,24.0,33.8,27.7,74.0,0.0,4.7,8.0,60.0,2.0,N ,Sun
11-10-1994,26.0,32.0,29.0,70.0,0.0,0.0,6.0,340.0,3.0,E ,Sun
12-10-1994,25.0,32.3,28.7,76.0,0.0,5.0,5.0,10.0,3.0,N ,Sun
13-10-1994,25.0,32.2,27.2,81.0,2.7,7.5,5.0,350.0,2.0,N ,Drizzle
14-10-1994,25.0,32.1,27.7,73.0,0.0,6.6,5.0,250.0,2.0,N ,Sun
15-10-1994,25.0,32.2,28.5,73.0,0.0,6.4,5.0,340.0,3.0,N ,Sun
16-10-1994,24.0,31.7,28.0,74.0,0.0,5.8,5.0,360.0,2.0,N ,Sun
17-10-1994,25.0,32.6,27.6,75.0,0.0,4.4,7.0,350.0,3.0,N ,Sun
18-10-1994,25.0,32.6,28.4,75.0,0.0,5.4,5.0,270.0,2.0,W ,Sun
19-10-1994,25.0,35.0,29.2,62.0,0.0,7.7,9.0,50.0,4.0,E ,Sun
20-10-1994,25.0,34.0,28.7,68.0,0.0,7.8,6.0,360.0,2.0,N ,Sun
21-10-1994,25.0,32.1,27.5,75.0,0.0,6.6,6.0,350.0,3.0,E ,Sun
22-10-1994,26.0,34.6,29.2,65.0,0.0,7.4,6.0,300.0,3.0,S ,Sun
23-10-1994,25.0,34.1,29.1,68.0,0.0,3.4,4.0,20.0,3.0,N ,Sun
24-10-1994,25.0,31.9,27.7,71.0,0.0,1.7,5.0,350.0,2.0,N ,Sun
25-10-1994,25.0,32.7,28.9,70.0,0.0,3.5,4.0,360.0,2.0,E ,Sun
26-10-1994,24.0,32.0,28.0,74.0,8888.0,5.3,6.0,190.0,3.0,S ,Rain
27-10-1994,25.0,32.5,27.8,76.0,1.2,1.0,3.0,350.0,1.0,N ,Drizzle
28-10-1994,25.0,32.2,28.3,75.0,0.0,4.6,6.0,170.0,3.0,N ,Sun
29-10-1994,26.0,33.2,28.8,69.0,0.0,5.1,6.0,360.0,2.0,E ,Sun
30-10-1994,25.0,32.6,28.3,75.0,0.0,1.8,8.0,90.0,2.0,E ,Sun
31-10-1994,25.0,32.2,27.8,86.0,4.9,2.0,8.0,10.0,2.0,N ,Drizzle
01-11-1994,25.0,31.7,27.8,76.0,0.0,6.5,6.0,360.0,3.0,N ,Sun
02-11-1994,24.0,31.2,27.5,76.0,11.6,0.6,5.0,360.0,2.0,N ,Rain
03-11-1994,25.0,33.4,28.8,70.0,0.0,3.3,4.0,90.0,2.0,NE,Sun
04-11-1994,25.0,31.6,28.3,70.0,0.0,4.0,6.0,340.0,2.0,N ,Sun
05-11-1994,25.0,31.4,28.2,77.0,0.0,4.5,5.0,340.0,2.0,N ,Sun
06-11-1994,25.0,33.1,28.2,74.0,0.0,4.6,4.0,40.0,1.0,N ,Sun
07-11-1994,26.0,33.6,28.1,76.0,0.0,6.1,9.0,350.0,3.0,N ,Sun
08-11-1994,27.0,33.5,28.8,74.0,0.0,7.1,6.0,360.0,3.0,N ,Sun
09-11-1994,25.0,35.0,29.7,72.0,0.0,6.6,7.0,70.0,3.0,E ,Sun
10-11-1994,26.0,34.2,29.0,70.0,0.0,7.8,6.0,30.0,2.0,N ,Sun
11-11-1994,26.0,33.0,29.7,71.0,0.0,5.7,5.0,,2.0,N ,Sun
12-11-1994,26.0,32.2,29.0,73.0,0.0,1.4,5.0,20.0,2.0,NE,Sun
13-11-1994,25.0,31.7,28.8,75.0,0.0,0.0,5.0,320.0,2.0,NE,Sun
14-11-1994,26.0,32.8,28.7,75.0,0.0,5.8,6.0,340.0,2.0,N ,Sun
15-11-1994,27.0,32.4,28.2,85.0,0.4,0.0,5.0,80.0,2.0,SW,Sun
16-11-1994,24.0,32.2,27.0,82.0,0.8,3.1,4.0,110.0,2.0,N ,Sun
17-11-1994,26.0,31.0,27.4,84.0,2.2,1.3,4.0,350.0,2.0,N ,Drizzle
18-11-1994,24.0,32.0,28.5,74.0,10.5,1.7,7.0,140.0,2.0,S ,Rain
19-11-1994,25.0,32.5,27.7,78.0,0.0,4.4,4.0,10.0,2.0,N ,Sun
20-11-1994,25.0,32.9,27.4,82.0,0.5,4.3,4.0,40.0,1.0,N ,Sun
21-11-1994,25.0,32.9,27.6,80.0,1.6,3.8,8.0,340.0,2.0,N ,Drizzle
22-11-1994,25.0,32.1,28.3,77.0,1.7,4.4,5.0,10.0,2.0,S ,Drizzle
23-11-1994,25.0,33.2,28.8,75.0,0.0,3.9,5.0,350.0,2.0,W ,Sun
24-11-1994,24.0,31.2,27.8,77.0,0.3,0.0,5.0,360.0,2.0,N ,Sun
25-11-1994,25.0,32.4,28.3,72.0,1.0,5.3,5.0,360.0,3.0,N ,Drizzle
26-11-1994,25.0,32.6,28.6,76.0,0.3,4.0,5.0,340.0,2.0,N ,Sun
27-11-1994,25.0,31.6,28.4,81.0,0.7,2.2,7.0,50.0,3.0,N ,Sun
28-11-1994,26.0,32.3,28.1,77.0,0.0,3.4,5.0,40.0,2.0,N ,Sun
29-11-1994,24.0,32.3,27.2,83.0,19.0,2.6,6.0,160.0,3.0,SW,Rain
30-11-1994,24.0,30.0,26.8,71.0,0.0,0.0,5.0,170.0,2.0,S ,Sun
01-12-1994,26.0,32.2,28.7,73.0,0.4,0.3,5.0,180.0,2.0,S ,Sun
02-12-1994,25.0,31.2,27.4,79.0,0.6,0.4,4.0,180.0,1.0,SE,Sun
03-12-1994,25.0,32.1,27.7,82.0,0.0,0.0,4.0,10.0,3.0,SE,Sun
04-12-1994,25.0,31.3,28.0,80.0,1.4,1.4,4.0,80.0,1.0,SE,Drizzle
05-12-1994,25.0,32.9,27.9,84.0,1.1,0.0,4.0,260.0,2.0,W ,Drizzle
06-12-1994,24.0,33.6,27.3,78.0,7.3,4.3,6.0,220.0,3.0,SW,Rain
07-12-1994,25.0,33.1,27.5,76.0,0.0,1.3,5.0,230.0,3.0,SW,Sun
08-12-1994,25.0,33.1,29.0,74.0,0.5,3.8,6.0,260.0,3.0,SW,Sun
09-12-1994,24.0,32.6,27.7,79.0,0.3,0.0,5.0,320.0,2.0,NW,Sun
10-12-1994,23.0,33.3,26.6,82.0,46.0,3.1,5.0,20.0,3.0,W ,Rain
11-12-1994,24.0,30.5,26.7,81.0,0.0,3.8,4.0,350.0,3.0,E ,Sun
12-12-1994,26.0,30.4,27.1,79.0,0.5,2.5,4.0,10.0,2.0,S ,Sun
13-12-1994,25.0,30.8,27.7,80.0,1.1,0.2,5.0,290.0,2.0,N ,Drizzle
14-12-1994,25.0,30.8,27.8,74.0,1.1,0.3,6.0,220.0,3.0,S ,Drizzle
15-12-1994,25.0,30.0,27.0,77.0,0.4,0.0,6.0,240.0,3.0,W ,Sun
16-12-1994,25.0,29.8,27.1,79.0,8.6,0.0,6.0,240.0,2.0,SW,Rain
17-12-1994,25.0,33.9,28.2,73.0,0.2,6.0,6.0,270.0,4.0,W ,Sun
18-12-1994,25.0,33.8,28.6,78.0,0.0,4.7,8.0,250.0,3.0,W ,Sun
19-12-1994,26.0,32.3,28.6,75.0,0.0,0.6,5.0,252.0,3.0,SW,Sun
20-12-1994,25.0,32.9,28.6,75.0,0.7,3.4,5.0,220.0,3.0,SW,Sun
21-12-1994,25.0,30.6,27.9,76.0,1.3,1.8,6.0,250.0,3.0,W ,Drizzle
22-12-1994,26.0,32.8,28.8,73.0,0.0,6.5,6.0,220.0,3.0,W ,Sun
23-12-1994,25.0,32.6,28.9,71.0,0.0,4.9,5.0,250.0,2.0,SW,Sun
24-12-1994,26.0,31.0,28.1,82.0,2.9,0.0,5.0,280.0,3.0,W ,Drizzle
25-12-1994,26.0,30.6,28.1,74.0,0.0,3.4,5.0,360.0,3.0,NW,Sun
26-12-1994,27.0,31.4,28.7,78.0,8888.0,3.0,5.0,360.0,2.0,N ,Rain
27-12-1994,26.0,31.4,28.3,73.0,0.0,2.7,4.0,310.0,2.0,W ,Sun
28-12-1994,26.0,32.0,29.2,74.0,0.0,4.3,5.0,350.0,2.0,N ,Sun
29-12-1994,25.0,32.0,28.2,77.0,0.2,0.0,6.0,10.0,2.0,E ,Sun
30-12-1994,25.0,32.1,27.9,76.0,0.0,4.5,4.0,360.0,2.0,W ,Sun
31-12-1994,26.0,31.8,28.6,76.0,0.0,4.6,5.0,20.0,1.0,W ,Sun
01-01-1995,25.0,30.4,28.0,79.0,3.8,2.6,4.0,270.0,2.0,W ,Drizzle
02-01-1995,25.0,30.4,27.5,82.0,0.1,6.7,4.0,270.0,1.0,W ,Sun
03-01-1995,26.0,31.6,27.6,79.0,0.0,5.0,4.0,280.0,1.0,W ,Sun
04-01-1995,26.0,31.9,28.1,77.0,8888.0,2.0,4.0,310.0,2.0,W ,Rain
05-01-1995,25.0,30.3,27.4,82.0,1.3,7.0,4.0,120.0,2.0,SE,Drizzle
06-01-1995,25.0,29.8,27.1,81.0,20.6,3.0,6.0,300.0,2.0,W ,Rain
07-01-1995,25.0,32.4,27.6,81.0,2.2,0.1,5.0,230.0,2.0,W ,Drizzle
08-01-1995,25.0,31.0,27.5,81.0,8888.0,0.2,7.0,310.0,3.0,W ,Rain
09-01-1995,24.0,30.7,27.8,82.0,30.4,2.6,4.0,260.0,3.0,W ,Rain
10-01-1995,25.0,28.1,26.4,82.0,7.8,3.9,5.0,200.0,3.0,W ,Rain
11-01-1995,24.0,29.0,26.2,86.0,24.7,6.0,5.0,200.0,2.0,S ,Rain
12-01-1995,24.0,29.8,26.0,87.0,0.9,0.6,5.0,290.0,2.0,W ,Sun
13-01-1995,23.0,30.1,26.8,84.0,33.8,2.7,6.0,260.0,3.0,W ,Rain
14-01-1995,24.0,29.9,26.4,84.0,18.0,2.8,5.0,270.0,3.0,W ,Rain
15-01-1995,24.0,29.3,26.7,80.0,16.9,0.2,4.0,210.0,3.0,W ,Rain
16-01-1995,25.0,29.9,26.9,84.0,10.2,0.9,5.0,190.0,3.0,S ,Rain
17-01-1995,24.0,29.8,27.9,79.0,38.3,7.5,5.0,290.0,4.0,W ,Rain
18-01-1995,24.0,29.4,26.7,82.0,10.0,3.8,5.0,290.0,4.0,W ,Rain
19-01-1995,24.0,29.5,26.8,82.0,5.8,2.3,5.0,290.0,3.0,W ,Rain
20-01-1995,24.0,29.6,26.7,82.0,4.2,3.0,5.0,270.0,3.0,W ,Drizzle
21-01-1995,25.0,29.6,26.4,80.0,0.0,4.2,7.0,240.0,3.0,W ,Sun
22-01-1995,25.0,30.4,27.4,82.0,0.0,4.7,5.0,250.0,3.0,W ,Sun
23-01-1995,25.0,30.0,26.9,80.0,0.5,7.4,6.0,290.0,2.0,W ,Sun
24-01-1995,24.0,31.1,27.2,82.0,13.5,6.0,4.0,320.0,2.0,N ,Rain
25-01-1995,24.0,29.7,26.8,82.0,3.4,0.4,4.0,260.0,2.0,N ,Drizzle
26-01-1995,25.0,29.0,26.1,85.0,8888.0,6.2,5.0,260.0,1.0,W ,Rain
27-01-1995,24.0,30.6,26.8,83.0,17.8,1.1,5.0,300.0,2.0,W ,Rain
28-01-1995,25.0,29.0,26.8,83.0,18.8,2.8,5.0,230.0,2.0,N ,Rain
29-01-1995,25.0,31.8,28.0,78.0,14.0,1.9,5.0,240.0,3.0,SW,Rain
30-01-1995,24.0,30.8,27.5,82.0,37.8,5.0,7.0,280.0,3.0,W ,Rain
31-01-1995,24.0,29.0,26.0,88.0,8.0,0.0,5.0,300.0,2.0,W ,Rain
01-02-1995,24.0,30.0,26.2,87.0,3.7,3.3,5.0,290.0,2.0,W ,Drizzle
02-02-1995,24.0,30.8,27.0,81.0,10.4,3.3,4.0,300.0,2.0,W ,Rain
03-02-1995,24.0,29.4,26.3,86.0,0.5,2.0,5.0,280.0,2.0,SW,Sun
04-02-1995,25.0,31.1,27.1,80.0,12.4,5.6,5.0,250.0,3.0,W ,Rain
05-02-1995,25.0,31.0,27.1,78.0,0.0,5.4,6.0,300.0,2.0,W ,Sun
06-02-1995,24.0,30.8,27.6,80.0,2.7,1.4,7.0,280.0,3.0,W ,Drizzle
07-02-1995,25.0,30.3,27.2,81.0,12.6,6.3,8.0,270.0,4.0,W ,Rain
08-02-1995,24.0,30.8,27.7,81.0,34.0,4.2,7.0,300.0,3.0,W ,Rain
09-02-1995,24.0,30.8,26.4,84.0,1.3,5.0,5.0,270.0,3.0,W ,Drizzle
10-02-1995,24.0,29.4,26.4,84.0,4.6,3.3,5.0,320.0,2.0,W ,Drizzle
11-02-1995,25.0,30.0,26.3,86.0,23.1,6.2,5.0,280.0,2.0,W ,Rain
12-02-1995,24.0,29.0,27.1,85.0,7.0,0.0,4.0,310.0,2.0,W ,Rain
13-02-1995,25.0,32.2,27.3,80.0,8888.0,1.5,6.0,250.0,3.0,W ,Rain
14-02-1995,25.0,32.0,27.5,82.0,0.2,0.2,5.0,280.0,3.0,W ,Sun
15-02-1995,25.0,31.5,28.0,75.0,0.0,5.5,4.0,270.0,2.0,W ,Sun
16-02-1995,25.0,32.0,28.3,76.0,2.7,0.0,5.0,240.0,2.0,W ,Drizzle
17-02-1995,24.0,30.2,27.4,81.0,21.6,5.8,5.0,360.0,1.0,W ,Rain
18-02-1995,24.0,30.1,26.4,81.0,0.0,0.9,4.0,250.0,1.0,W ,Sun
19-02-1995,25.0,31.7,27.6,79.0,0.0,1.1,5.0,270.0,2.0,W ,Sun
20-02-1995,25.0,30.4,27.2,78.0,0.0,2.7,8.0,290.0,2.0,SW,Sun
21-02-1995,25.0,32.4,28.1,71.0,0.0,0.4,6.0,260.0,2.0,W ,Sun
22-02-1995,24.0,30.9,27.7,75.0,14.0,0.5,5.0,320.0,1.0,W ,Rain
23-02-1995,24.0,29.0,26.5,84.0,0.4,1.3,4.0,280.0,1.0,W ,Sun
24-02-1995,25.0,29.6,27.6,84.0,15.4,6.8,5.0,320.0,2.0,W ,Rain
25-02-1995,25.0,31.4,27.9,77.0,0.2,5.7,5.0,250.0,2.0,W ,Sun
26-02-1995,24.0,29.8,26.9,80.0,0.6,3.1,4.0,290.0,2.0,W ,Sun
27-02-1995,25.0,29.4,26.7,82.0,17.0,2.7,5.0,290.0,2.0,W ,Rain
28-02-1995,25.0,31.2,28.0,78.0,0.9,4.5,4.0,360.0,1.0,W ,Sun
01-03-1995,24.0,30.4,27.0,78.0,7.0,4.4,5.0,280.0,3.0,W ,Rain
02-03-1995,24.0,27.5,25.2,85.0,1.2,0.0,4.0,290.0,2.0,W ,Drizzle
03-03-1995,24.0,31.0,27.5,74.0,34.1,0.0,3.0,260.0,1.0,W ,Rain
04-03-1995,24.0,30.7,27.1,82.0,1.5,0.2,5.0,320.0,1.0,W ,Drizzle
05-03-1995,23.0,27.9,26.4,84.0,8.4,1.2,6.0,270.0,2.0,W ,Rain
06-03-1995,24.0,30.0,26.4,80.0,8888.0,2.6,5.0,270.0,2.0,W ,Rain
07-03-1995,25.0,30.8,27.8,77.0,8888.0,3.4,5.0,270.0,2.0,W ,Rain
08-03-1995,25.0,30.6,27.2,81.0,0.1,3.0,5.0,270.0,2.0,W ,Sun
09-03-1995,25.0,30.3,26.9,85.0,0.5,6.9,5.0,280.0,2.0,W ,Sun
10-03-1995,24.0,30.6,27.0,82.0,2.7,8.0,4.0,270.0,2.0,W ,Drizzle
11-03-1995,25.0,31.6,27.8,76.0,0.6,6.6,6.0,200.0,3.0,S ,Sun
12-03-1995,25.0,29.6,27.0,80.0,4.2,5.8,6.0,270.0,2.0,W ,Drizzle
13-03-1995,24.0,29.7,27.0,86.0,16.7,4.6,5.0,250.0,2.0,W ,Rain
14-03-1995,24.0,30.7,26.9,82.0,0.8,3.5,5.0,360.0,2.0,W ,Sun
15-03-1995,24.0,31.3,27.2,82.0,16.5,3.4,5.0,340.0,3.0,N ,Rain
16-03-1995,24.0,31.6,27.5,79.0,14.6,3.9,4.0,70.0,3.0,N ,Rain
17-03-1995,24.0,30.6,26.5,84.0,8888.0,5.8,5.0,290.0,2.0,W ,Rain
18-03-1995,25.0,28.8,26.8,87.0,0.5,7.5,3.0,310.0,1.0,W ,Sun
19-03-1995,25.0,30.9,27.7,78.0,0.0,7.0,4.0,280.0,2.0,W ,Sun
20-03-1995,25.0,31.4,28.0,77.0,0.0,3.0,4.0,330.0,2.0,W ,Sun
21-03-1995,25.0,30.4,27.1,83.0,1.3,4.6,6.0,350.0,2.0,W ,Drizzle
22-03-1995,25.0,31.5,27.2,80.0,2.0,8.0,5.0,340.0,0.0,W ,Drizzle
23-03-1995,25.0,30.8,26.8,87.0,1.8,7.5,5.0,310.0,1.0,NW,Drizzle
24-03-1995,25.0,32.5,28.1,72.0,0.0,6.1,5.0,350.0,2.0,N ,Sun
25-03-1995,25.0,29.3,28.0,88.0,22.3,2.2,4.0,360.0,2.0,N ,Rain
26-03-1995,25.0,31.4,27.2,82.0,0.3,3.4,4.0,260.0,2.0,W ,Sun
27-03-1995,25.0,29.9,26.7,85.0,7.9,2.2,5.0,70.0,2.0,E ,Rain
28-03-1995,24.0,30.4,26.8,86.0,5.0,7.4,5.0,360.0,0.0,N ,Drizzle
29-03-1995,25.0,32.7,27.9,77.0,0.0,4.2,5.0,70.0,2.0,N ,Sun
30-03-1995,25.0,31.6,28.1,77.0,0.0,5.8,5.0,350.0,3.0,N ,Sun
31-03-1995,26.0,30.0,27.3,88.0,21.4,2.9,4.0,250.0,2.0,SW,Rain
01-04-1995,24.0,31.2,27.7,79.0,47.2,2.7,5.0,240.0,3.0,W ,Rain
02-04-1995,25.0,31.4,27.3,81.0,0.0,7.5,5.0,280.0,2.0,SW,Sun
03-04-1995,25.0,33.6,28.9,75.0,9.0,6.0,5.0,320.0,2.0,W ,Rain
04-04-1995,25.0,31.0,27.4,81.0,21.6,5.5,4.0,10.0,2.0,N ,Rain
05-04-1995,25.0,30.9,26.9,84.0,1.4,5.5,4.0,280.0,3.0,W ,Drizzle
06-04-1995,24.0,30.1,27.5,79.0,4.8,7.7,5.0,270.0,3.0,W ,Drizzle
07-04-1995,25.0,31.8,27.6,77.0,8888.0,6.2,6.0,250.0,2.0,W ,Rain
08-04-1995,24.0,32.2,27.5,78.0,0.0,2.7,5.0,280.0,2.0,W ,Sun
09-04-1995,25.0,30.5,27.1,82.0,2.0,6.6,4.0,290.0,1.0,W ,Drizzle
10-04-1995,26.0,33.9,29.0,74.0,0.0,5.0,5.0,130.0,2.0,SW,Sun
11-04-1995,26.0,31.9,28.5,77.0,0.0,3.7,5.0,360.0,2.0,N ,Sun
12-04-1995,26.0,32.0,27.8,78.0,0.5,7.0,6.0,360.0,2.0,N ,Sun
13-04-1995,26.0,31.2,28.4,75.0,0.0,1.1,4.0,20.0,2.0,NW,Sun
14-04-1995,25.0,31.2,27.7,78.0,3.0,0.5,5.0,310.0,2.0,NW,Drizzle
15-04-1995,25.0,32.2,28.0,76.0,0.0,3.9,5.0,280.0,2.0,N ,Sun
16-04-1995,25.0,31.6,27.1,84.0,16.1,0.8,5.0,210.0,2.0,W ,Rain
17-04-1995,24.0,32.2,28.3,76.0,66.6,1.4,8.0,10.0,2.0,N ,Rain
18-04-1995,25.0,31.6,27.5,82.0,0.0,1.8,5.0,50.0,2.0,SE,Sun
19-04-1995,25.0,31.6,27.3,85.0,8.5,0.0,5.0,30.0,1.0,NE,Rain
20-04-1995,25.0,32.0,27.9,80.0,6.4,0.7,7.0,40.0,2.0,NE,Rain
21-04-1995,25.0,30.1,27.5,83.0,4.8,2.9,6.0,10.0,2.0,N ,Drizzle
22-04-1995,26.0,31.6,28.2,76.0,0.0,5.5,5.0,360.0,2.0,N ,Sun
23-04-1995,26.0,31.6,28.3,80.0,0.0,5.7,4.0,80.0,3.0,N ,Sun
24-04-1995,26.0,32.4,28.7,70.0,0.0,5.4,5.0,30.0,3.0,E ,Sun
25-04-1995,26.0,31.8,28.7,77.0,0.0,0.0,6.0,90.0,3.0,E ,Sun
26-04-1995,25.0,32.0,28.4,79.0,0.0,0.2,5.0,70.0,3.0,E ,Sun
27-04-1995,26.0,33.5,28.9,74.0,0.0,1.0,5.0,20.0,2.0,NE,Sun
28-04-1995,26.0,32.8,29.4,74.0,0.2,4.2,7.0,60.0,4.0,E ,Sun
29-04-1995,26.0,33.5,29.2,76.0,0.0,4.2,5.0,60.0,3.0,NE,Sun
30-04-1995,26.0,31.6,28.6,80.0,2.4,6.0,5.0,270.0,3.0,W ,Drizzle
01-05-1995,26.0,29.6,27.2,84.0,10.0,7.7,5.0,70.0,1.0,E ,Rain
02-05-1995,25.0,32.0,28.0,80.0,6.2,4.8,6.0,90.0,3.0,E ,Rain
03-05-1995,25.0,30.4,26.6,85.0,0.7,7.8,4.0,90.0,2.0,E ,Sun
04-05-1995,25.0,31.2,28.2,79.0,11.8,7.0,4.0,340.0,2.0,N ,Rain
05-05-1995,25.0,32.6,27.3,80.0,0.0,6.3,5.0,90.0,3.0,E ,Sun
06-05-1995,26.0,32.4,28.5,76.0,1.1,7.0,8.0,70.0,3.0,E ,Drizzle
07-05-1995,27.0,33.0,29.5,71.0,0.0,2.2,5.0,80.0,3.0,E ,Sun
08-05-1995,25.0,33.4,29.9,76.0,0.9,3.8,7.0,90.0,2.0,E ,Sun
09-05-1995,25.0,33.2,28.5,78.0,0.0,3.5,6.0,80.0,3.0,E ,Sun
10-05-1995,25.0,33.2,28.5,76.0,4.8,6.6,5.0,30.0,3.0,SW,Drizzle
11-05-1995,26.0,32.5,28.6,76.0,0.0,7.0,5.0,90.0,2.0,N ,Sun
12-05-1995,25.0,31.8,28.6,81.0,0.7,7.4,6.0,80.0,3.0,E ,Sun
13-05-1995,25.0,31.4,27.5,82.0,4.0,0.0,4.0,140.0,2.0,SE,Drizzle
14-05-1995,25.0,33.0,28.0,78.0,0.0,6.5,5.0,20.0,2.0,N ,Sun
15-05-1995,25.0,33.2,28.4,80.0,0.0,5.1,6.0,130.0,3.0,E ,Sun
16-05-1995,26.0,32.2,28.7,77.0,0.0,3.7,6.0,90.0,3.0,E ,Sun
17-05-1995,25.0,33.4,29.1,78.0,0.0,0.7,5.0,10.0,2.0,E ,Sun
18-05-1995,25.0,31.8,27.0,78.0,38.0,7.5,6.0,70.0,3.0,E ,Rain
19-05-1995,26.0,30.5,27.8,80.0,0.0,2.6,4.0,90.0,2.0,E ,Sun
20-05-1995,24.0,31.5,27.7,81.0,2.1,3.0,5.0,360.0,2.0,N ,Drizzle
21-05-1995,25.0,32.1,27.7,77.0,0.0,6.2,5.0,280.0,2.0,E ,Sun
22-05-1995,25.0,33.7,28.7,72.0,2.8,7.4,5.0,30.0,3.0,E ,Drizzle
23-05-1995,26.0,33.2,28.6,76.0,0.0,6.3,6.0,70.0,3.0,E ,Sun
24-05-1995,25.0,32.8,28.6,76.0,0.0,7.3,5.0,360.0,2.0,N ,Sun
25-05-1995,25.0,32.9,28.8,72.0,0.0,6.7,4.0,10.0,2.0,N ,Sun
26-05-1995,26.0,33.0,28.5,68.0,0.0,3.8,5.0,90.0,3.0,E ,Sun
27-05-1995,26.0,33.4,28.9,68.0,0.0,0.2,6.0,50.0,2.0,NE,Sun
28-05-1995,25.0,33.6,29.0,70.0,0.0,4.3,5.0,60.0,2.0,NE,Sun
29-05-1995,26.0,32.3,28.5,77.0,0.0,0.8,6.0,340.0,3.0,N ,Sun
30-05-1995,25.0,31.8,28.2,75.0,0.0,5.4,5.0,70.0,2.0,E ,Sun
31-05-1995,25.0,32.2,28.5,75.0,0.3,3.4,4.0,40.0,2.0,NE,Sun
01-06-1995,24.0,32.2,27.6,79.0,8888.0,2.2,4.0,80.0,2.0,E ,Rain
02-06-1995,26.0,33.4,28.7,76.0,0.0,3.2,5.0,20.0,2.0,NE,Sun
03-06-1995,26.0,33.4,29.3,75.0,0.0,1.1,5.0,30.0,3.0,E ,Sun
04-06-1995,25.0,33.1,29.6,71.0,0.0,3.5,6.0,90.0,3.0,E ,Sun
05-06-1995,26.0,33.2,28.4,74.0,0.0,1.4,7.0,350.0,2.0,S ,Sun
06-06-1995,26.0,30.2,28.4,77.0,0.5,0.2,4.0,270.0,2.0,W ,Sun
07-06-1995,24.0,33.6,28.9,74.0,0.0,3.1,6.0,80.0,3.0,E ,Sun
08-06-1995,25.0,32.3,27.7,80.0,0.0,0.3,5.0,110.0,2.0,E ,Sun
09-06-1995,25.0,32.5,28.8,76.0,0.0,2.6,9.0,80.0,4.0,E ,Sun
10-06-1995,26.0,33.4,29.1,74.0,0.0,2.6,6.0,90.0,3.0,E ,Sun
11-06-1995,26.0,32.4,28.4,80.0,0.0,1.0,5.0,170.0,3.0,E ,Sun
12-06-1995,26.0,32.8,28.6,80.0,36.4,1.5,6.0,130.0,3.0,E ,Rain
13-06-1995,25.0,32.5,28.4,77.0,0.0,1.0,6.0,350.0,3.0,NE,Sun
14-06-1995,25.0,33.2,28.4,76.0,0.0,2.4,5.0,350.0,3.0,E ,Sun
15-06-1995,25.0,32.4,28.6,76.0,8888.0,1.4,5.0,30.0,3.0,W ,Rain
16-06-1995,25.0,32.5,28.0,78.0,0.0,1.4,7.0,40.0,2.0,S ,Sun
17-06-1995,24.0,30.6,27.3,79.0,75.7,0.7,5.0,150.0,2.0,SE,Rain
18-06-1995,24.0,30.5,26.6,87.0,22.4,0.0,5.0,90.0,2.0,E ,Rain
19-06-1995,24.0,31.2,26.6,85.0,8.6,0.0,5.0,230.0,3.0,E ,Rain
20-06-1995,24.0,29.8,25.5,87.0,8888.0,0.0,5.0,110.0,3.0,E ,Rain
21-06-1995,25.0,32.9,28.1,78.0,3.0,1.2,5.0,290.0,2.0,N ,Drizzle
22-06-1995,23.0,31.6,27.1,85.0,32.4,1.6,5.0,350.0,2.0,E ,Rain
23-06-1995,24.0,31.4,27.4,76.0,0.0,1.4,5.0,240.0,3.0,S ,Sun
24-06-1995,26.0,33.3,28.1,74.0,0.0,2.1,4.0,90.0,2.0,E ,Sun
25-06-1995,25.0,32.0,28.9,74.0,0.0,4.8,5.0,20.0,2.0,E ,Sun
26-06-1995,25.0,32.4,28.3,71.0,0.0,3.6,6.0,80.0,3.0,E ,Sun
27-06-1995,25.0,33.5,28.2,76.0,0.0,1.0,7.0,70.0,3.0,E ,Sun
28-06-1995,25.0,32.8,28.4,73.0,7.3,4.2,7.0,60.0,3.0,NE,Rain
29-06-1995,24.0,30.3,26.9,84.0,1.1,5.1,8.0,10.0,3.0,N ,Drizzle
30-06-1995,25.0,32.0,27.9,77.0,0.2,2.6,10.0,80.0,4.0,E ,Sun
01-07-1995,25.0,32.4,28.0,78.0,0.0,3.4,6.0,70.0,2.0,E ,Sun
02-07-1995,25.0,31.5,27.8,73.0,0.0,0.0,5.0,30.0,3.0,W ,Sun
03-07-1995,25.0,32.3,28.3,74.0,0.0,3.2,7.0,50.0,3.0,E ,Sun
04-07-1995,25.0,32.3,28.5,75.0,12.1,0.5,5.0,90.0,2.0,W ,Rain
05-07-1995,24.0,27.4,25.7,95.0,28.2,1.4,4.0,290.0,2.0,W ,Rain
06-07-1995,24.0,31.7,27.2,79.0,8888.0,3.3,6.0,40.0,3.0,E ,Rain
07-07-1995,25.0,31.0,27.8,77.0,0.2,2.6,5.0,110.0,2.0,E ,Sun
08-07-1995,24.0,30.2,27.0,83.0,35.0,0.0,5.0,170.0,2.0,S ,Rain
09-07-1995,24.0,31.8,27.5,74.0,8888.0,4.1,5.0,70.0,3.0,NE,Rain
10-07-1995,25.0,31.8,27.4,78.0,30.2,1.5,5.0,360.0,2.0,N ,Rain
11-07-1995,24.0,32.4,28.3,77.0,0.0,3.4,5.0,80.0,3.0,E ,Sun
12-07-1995,25.0,32.8,27.9,76.0,1.3,5.1,6.0,90.0,3.0,E ,Drizzle
13-07-1995,25.0,31.6,27.5,78.0,0.0,3.8,5.0,70.0,2.0,NE,Sun
14-07-1995,25.0,32.4,28.2,70.0,0.0,5.0,5.0,80.0,2.0,E ,Sun
15-07-1995,25.0,31.6,27.7,74.0,8888.0,0.0,4.0,70.0,2.0,SE,Rain
16-07-1995,24.0,31.9,28.1,73.0,0.0,3.5,9.0,90.0,3.0,E ,Sun
17-07-1995,25.0,32.4,28.0,71.0,0.0,5.5,8.0,10.0,3.0,E ,Sun
18-07-1995,25.0,33.0,28.8,72.0,0.0,5.5,6.0,70.0,3.0,NE,Sun
19-07-1995,24.0,31.2,27.4,80.0,19.7,1.1,6.0,260.0,3.0,N ,Rain
20-07-1995,24.0,31.8,27.0,81.0,0.8,2.5,5.0,10.0,2.0,E ,Sun
21-07-1995,25.0,32.4,28.3,77.0,0.0,4.9,8.0,60.0,2.0,E ,Sun
22-07-1995,26.0,32.7,28.4,75.0,0.0,5.3,6.0,90.0,3.0,E ,Sun
23-07-1995,25.0,32.8,28.7,74.0,0.0,5.4,8.0,60.0,3.0,SE,Sun
24-07-1995,25.0,32.0,28.5,74.0,0.0,4.6,5.0,70.0,3.0,E ,Sun
25-07-1995,24.0,32.2,28.0,72.0,0.0,4.6,6.0,80.0,3.0,E ,Sun
26-07-1995,24.0,32.6,27.9,72.0,0.0,5.5,6.0,70.0,2.0,E ,Sun
27-07-1995,25.0,32.1,27.9,72.0,0.0,4.7,5.0,360.0,2.0,E ,Sun
28-07-1995,24.0,32.6,28.2,72.0,0.0,5.5,6.0,80.0,2.0,E ,Sun
29-07-1995,24.0,31.7,28.0,66.0,0.0,3.7,5.0,70.0,2.0,E ,Sun
30-07-1995,25.0,33.3,28.0,66.0,0.0,6.0,5.0,90.0,3.0,E ,Sun
31-07-1995,25.0,32.0,28.2,68.0,0.0,1.8,4.0,60.0,2.0,E ,Sun
01-08-1995,26.0,33.2,28.5,69.0,0.0,5.4,7.0,350.0,2.0,N ,Sun
02-08-1995,25.0,30.9,28.0,80.0,1.9,0.0,4.0,280.0,2.0,W ,Drizzle
03-08-1995,25.0,31.6,28.0,75.0,0.0,4.6,5.0,120.0,2.0,SE,Sun
04-08-1995,25.0,31.6,28.1,68.0,0.0,3.1,4.0,80.0,2.0,SE,Sun
05-08-1995,25.0,33.0,28.3,67.0,0.0,5.8,6.0,360.0,3.0,N ,Sun
06-08-1995,25.0,32.2,28.1,68.0,0.0,1.0,5.0,80.0,3.0,E ,Sun
07-08-1995,25.0,32.6,28.9,64.0,0.0,2.6,6.0,40.0,3.0,E ,Sun
08-08-1995,26.0,32.5,27.5,75.0,0.2,0.9,5.0,70.0,3.0,E ,Sun
09-08-1995,25.0,31.6,28.3,72.0,0.0,5.3,5.0,80.0,2.0,S ,Sun
10-08-1995,25.0,33.4,28.4,68.0,0.0,4.9,6.0,80.0,3.0,E ,Sun
11-08-1995,25.0,32.8,28.1,68.0,0.0,4.6,5.0,30.0,2.0,E ,Sun
12-08-1995,25.0,33.4,28.1,74.0,0.0,2.8,5.0,360.0,2.0,N ,Sun
13-08-1995,25.0,32.4,28.2,74.0,0.0,3.8,6.0,150.0,3.0,NE,Sun
14-08-1995,25.0,33.2,28.4,66.0,0.0,4.9,6.0,300.0,3.0,E ,Sun
15-08-1995,25.0,33.2,28.6,66.0,0.0,5.3,5.0,70.0,2.0,E ,Sun
16-08-1995,25.0,32.5,28.3,69.0,0.0,3.1,7.0,60.0,2.0,E ,Sun
17-08-1995,25.0,33.2,28.4,72.0,0.0,3.8,5.0,20.0,3.0,E ,Sun
18-08-1995,24.0,32.8,28.4,70.0,0.0,5.0,6.0,20.0,3.0,S ,Sun
19-08-1995,25.0,31.8,27.9,70.0,0.0,2.2,5.0,170.0,2.0,E ,Sun
20-08-1995,25.0,32.4,28.3,65.0,0.0,1.4,5.0,150.0,3.0,SE,Sun
21-08-1995,25.0,31.4,27.9,72.0,0.0,3.0,6.0,100.0,2.0,E ,Sun
22-08-1995,25.0,33.5,28.6,69.0,0.0,5.4,7.0,360.0,2.0,E ,Sun
23-08-1995,25.0,33.1,27.8,73.0,0.0,5.1,6.0,100.0,3.0,E ,Sun
24-08-1995,25.0,34.0,29.0,64.0,0.0,6.1,7.0,60.0,2.0,NE,Sun
25-08-1995,25.0,34.0,28.7,64.0,0.0,5.0,6.0,90.0,3.0,N ,Sun
26-08-1995,25.0,32.4,28.3,67.0,0.0,4.3,6.0,340.0,2.0,N ,Sun
27-08-1995,25.0,32.8,28.5,66.0,0.0,5.8,5.0,50.0,2.0,E ,Sun
28-08-1995,25.0,33.1,28.0,68.0,0.0,5.0,5.0,160.0,2.0,E ,Sun
29-08-1995,26.0,33.0,28.4,64.0,0.0,5.8,5.0,160.0,3.0,NE,Sun
30-08-1995,25.0,32.0,28.2,72.0,0.0,3.7,4.0,110.0,2.0,N ,Sun
31-08-1995,26.0,33.0,28.7,66.0,0.0,3.4,4.0,360.0,1.0,NE,Sun
01-09-1995,25.0,33.2,28.6,69.0,0.0,3.8,6.0,360.0,3.0,NE,Sun
02-09-1995,26.0,32.1,28.3,74.0,0.0,5.0,5.0,150.0,3.0,N ,Sun
03-09-1995,25.0,30.6,27.8,73.0,8888.0,3.1,6.0,310.0,3.0,SW,Rain
04-09-1995,24.0,30.4,27.5,78.0,8888.0,1.7,4.0,80.0,2.0,E ,Rain
05-09-1995,25.0,31.6,27.8,72.0,0.0,5.3,4.0,20.0,2.0,SW,Sun
06-09-1995,25.0,32.1,27.2,76.0,0.0,2.5,6.0,40.0,3.0,E ,Sun
07-09-1995,25.0,32.6,28.4,72.0,0.0,0.0,6.0,70.0,3.0,E ,Sun
08-09-1995,25.0,31.8,28.0,76.0,0.0,5.7,6.0,160.0,3.0,S ,Sun
09-09-1995,24.0,31.6,27.9,71.0,0.0,3.0,5.0,160.0,2.0,S ,Sun
10-09-1995,25.0,32.8,28.6,68.0,1.2,6.5,6.0,350.0,3.0,N ,Drizzle
11-09-1995,25.0,34.0,28.3,70.0,8888.0,4.4,4.0,360.0,2.0,E ,Rain
12-09-1995,26.0,32.1,28.6,70.0,0.0,4.2,5.0,170.0,3.0,S ,Sun
13-09-1995,25.0,33.8,28.7,61.0,0.0,6.2,6.0,80.0,3.0,E ,Sun
14-09-1995,25.0,33.9,28.7,62.0,0.0,6.4,9.0,90.0,3.0,E ,Sun
15-09-1995,26.0,34.1,29.0,58.0,0.0,6.6,6.0,30.0,2.0,E ,Sun
16-09-1995,25.0,34.0,28.7,68.0,0.0,6.6,6.0,340.0,3.0,N ,Sun
17-09-1995,26.0,33.7,28.5,62.0,0.0,6.6,6.0,200.0,3.0,E ,Sun
18-09-1995,26.0,32.6,28.3,65.0,0.0,6.5,5.0,320.0,2.0,NW,Sun
19-09-1995,24.0,32.6,28.7,67.0,0.0,5.5,5.0,350.0,2.0,N ,Sun
20-09-1995,25.0,32.8,28.2,67.0,0.0,2.8,5.0,350.0,2.0,N ,Sun
21-09-1995,25.0,33.6,28.5,72.0,0.0,4.5,5.0,70.0,3.0,E ,Sun
22-09-1995,26.0,32.6,28.4,74.0,0.0,5.3,5.0,70.0,3.0,E ,Sun
23-09-1995,25.0,33.2,28.6,73.0,0.0,4.8,4.0,90.0,2.0,E ,Sun
24-09-1995,23.0,30.6,27.3,80.0,21.8,0.9,5.0,350.0,2.0,E ,Rain
25-09-1995,25.0,31.2,27.0,79.0,3.2,0.0,6.0,350.0,2.0,N ,Drizzle
26-09-1995,24.0,31.7,26.7,77.0,8.6,0.2,8.0,360.0,3.0,SW,Rain
27-09-1995,24.0,31.5,26.9,78.0,0.0,1.1,5.0,70.0,2.0,E ,Sun
28-09-1995,25.0,30.4,27.3,81.0,5.4,1.9,4.0,350.0,0.0,NE,Rain
29-09-1995,25.0,30.2,27.7,77.0,0.0,1.7,3.0,110.0,1.0,SE,Sun
30-09-1995,25.0,32.0,28.0,75.0,0.0,4.7,6.0,350.0,2.0,NW,Sun
01-10-1995,25.0,32.2,27.8,78.0,0.0,4.3,5.0,360.0,2.0,N ,Sun
02-10-1995,26.0,32.6,28.4,74.0,0.0,5.8,6.0,360.0,2.0,N ,Sun
03-10-1995,25.0,32.4,28.7,73.0,8.2,4.3,5.0,330.0,2.0,N ,Rain
04-10-1995,24.0,31.6,28.0,77.0,3.0,3.5,5.0,10.0,3.0,N ,Drizzle
05-10-1995,24.0,31.5,27.3,77.0,0.0,2.4,5.0,360.0,2.0,N ,Sun
06-10-1995,26.0,33.3,28.3,74.0,0.0,4.2,5.0,300.0,2.0,SW,Sun
07-10-1995,25.0,32.1,28.2,70.0,8888.0,5.9,5.0,200.0,3.0,N ,Rain
08-10-1995,26.0,31.6,28.4,71.0,0.0,4.2,5.0,90.0,3.0,E ,Sun
09-10-1995,25.0,33.0,29.3,73.0,13.2,5.6,5.0,300.0,2.0,NW,Rain
10-10-1995,24.0,33.1,26.6,80.0,46.0,0.0,5.0,20.0,2.0,N ,Rain
11-10-1995,24.0,32.4,27.6,76.0,0.0,7.4,5.0,20.0,3.0,NE,Sun
12-10-1995,25.0,32.4,28.0,73.0,0.0,6.4,6.0,170.0,3.0,E ,Sun
13-10-1995,25.0,32.8,28.6,73.0,0.0,6.6,7.0,40.0,3.0,E ,Sun
14-10-1995,25.0,32.8,28.7,67.0,0.0,4.6,5.0,120.0,2.0,E ,Sun
15-10-1995,25.0,32.5,28.1,70.0,0.0,1.1,5.0,80.0,2.0,E ,Sun
16-10-1995,26.0,32.4,27.9,79.0,0.0,3.4,4.0,310.0,2.0,W ,Sun
17-10-1995,25.0,32.1,28.4,75.0,0.7,5.4,8.0,340.0,3.0,SW,Sun
18-10-1995,26.0,32.0,28.1,76.0,0.0,6.4,6.0,30.0,2.0,E ,Sun
19-10-1995,25.0,33.0,29.0,71.0,0.0,7.9,6.0,310.0,3.0,E ,Sun
20-10-1995,24.0,32.8,27.7,76.0,21.0,3.3,5.0,20.0,2.0,N ,Rain
21-10-1995,25.0,33.3,26.8,84.0,2.7,4.2,4.0,320.0,1.0,N ,Drizzle
22-10-1995,24.0,29.2,26.4,90.0,27.8,0.5,5.0,10.0,1.0,N ,Rain
23-10-1995,25.0,30.7,27.2,82.0,8888.0,3.8,5.0,350.0,1.0,NW,Rain
24-10-1995,23.0,30.1,26.6,86.0,42.2,0.6,4.0,320.0,1.0,E ,Rain
25-10-1995,23.0,30.7,25.4,88.0,15.7,1.0,5.0,350.0,2.0,N ,Rain
26-10-1995,25.0,30.8,27.2,84.0,8888.0,0.0,6.0,50.0,2.0,NE,Rain
27-10-1995,25.0,32.6,27.9,76.0,0.3,2.0,5.0,170.0,2.0,E ,Sun
28-10-1995,25.0,31.6,28.4,76.0,2.8,1.0,4.0,20.0,2.0,N ,Drizzle
29-10-1995,25.0,33.0,28.4,75.0,0.0,6.3,5.0,110.0,3.0,W ,Sun
30-10-1995,25.0,33.5,28.6,74.0,0.3,5.9,5.0,320.0,2.0,NE,Sun
31-10-1995,25.0,32.4,28.6,73.0,4.0,2.2,5.0,340.0,2.0,N ,Drizzle
01-11-1995,26.0,33.2,27.9,77.0,0.0,2.6,5.0,70.0,3.0,N ,Sun
02-11-1995,26.0,31.6,28.1,72.0,8888.0,3.7,5.0,300.0,1.0,NW,Rain
03-11-1995,25.0,32.6,28.8,72.0,0.0,2.0,4.0,360.0,2.0,W ,Sun
04-11-1995,25.0,28.8,27.1,78.0,15.0,1.0,4.0,20.0,0.0,W ,Rain
05-11-1995,25.0,32.2,27.4,80.0,0.0,2.6,4.0,340.0,2.0,N ,Sun
06-11-1995,25.0,32.4,27.9,76.0,0.0,5.3,4.0,250.0,2.0,N ,Sun
07-11-1995,26.0,32.4,28.3,72.0,3.2,3.8,6.0,330.0,2.0,W ,Drizzle
08-11-1995,26.0,29.2,27.1,84.0,3.1,0.0,3.0,60.0,0.0,E ,Drizzle
09-11-1995,25.0,32.5,28.6,73.0,9.8,4.2,5.0,360.0,2.0,N ,Rain
10-11-1995,25.0,31.9,27.6,76.0,1.9,2.6,5.0,340.0,2.0,N ,Drizzle
11-11-1995,25.0,28.6,26.1,90.0,18.3,0.0,4.0,120.0,2.0,SW,Rain
12-11-1995,24.0,31.8,27.4,76.0,46.7,3.0,4.0,320.0,2.0,NW,Rain
13-11-1995,24.0,32.0,27.6,80.0,0.0,6.1,5.0,360.0,1.0,NW,Sun
14-11-1995,23.0,29.6,26.2,86.0,14.4,0.0,3.0,220.0,0.0,SW,Rain
15-11-1995,25.0,31.9,26.6,83.0,0.4,2.9,6.0,290.0,2.0,SW,Sun
16-11-1995,24.0,32.2,26.9,83.0,11.0,2.3,5.0,290.0,2.0,SW,Rain
17-11-1995,24.0,31.6,26.7,82.0,4.5,1.7,8.0,300.0,2.0,SW,Drizzle
18-11-1995,25.0,31.6,27.7,74.0,0.0,0.2,5.0,210.0,3.0,W ,Sun
19-11-1995,25.0,33.4,27.8,74.0,31.4,3.5,5.0,210.0,3.0,W ,Rain
20-11-1995,26.0,30.5,27.6,73.0,8888.0,0.3,6.0,230.0,3.0,SW,Rain
21-11-1995,25.0,32.0,28.4,72.0,0.0,1.9,7.0,240.0,2.0,W ,Sun
22-11-1995,25.0,30.0,27.0,79.0,0.9,0.0,5.0,170.0,2.0,SW,Sun
23-11-1995,25.0,30.6,27.7,78.0,0.1,0.0,5.0,300.0,2.0,W ,Sun
24-11-1995,23.0,31.4,26.8,81.0,13.1,1.0,6.0,350.0,1.0,W ,Rain
25-11-1995,24.0,32.0,27.2,76.0,0.4,2.7,5.0,270.0,2.0,SW,Sun
26-11-1995,24.0,27.2,25.1,91.0,5.7,0.0,4.0,250.0,2.0,SW,Rain
27-11-1995,24.0,31.2,26.4,79.0,10.9,0.0,6.0,250.0,2.0,W ,Rain
28-11-1995,24.0,27.2,25.2,88.0,1.2,0.0,5.0,280.0,2.0,W ,Drizzle
29-11-1995,24.0,30.4,26.6,78.0,0.2,0.0,5.0,250.0,2.0,W ,Sun
30-11-1995,25.0,31.8,27.5,74.0,0.0,3.5,5.0,230.0,2.0,W ,Sun
01-12-1995,25.0,30.5,27.6,77.0,8888.0,4.8,5.0,340.0,3.0,W ,Rain
02-12-1995,25.0,31.7,28.1,72.0,0.0,5.8,5.0,230.0,3.0,W ,Sun
03-12-1995,26.0,30.1,27.5,75.0,8888.0,5.2,8.0,250.0,3.0,W ,Rain
04-12-1995,25.0,30.0,28.1,71.0,0.0,5.1,9.0,150.0,4.0,W ,Sun
05-12-1995,25.0,29.0,26.7,76.0,0.0,5.0,8.0,300.0,4.0,W ,Sun
06-12-1995,25.0,31.8,28.0,74.0,8888.0,4.9,5.0,280.0,3.0,W ,Rain
07-12-1995,23.0,29.2,25.8,85.0,15.7,4.8,6.0,290.0,2.0,W ,Rain
08-12-1995,23.0,27.0,24.9,89.0,4.9,4.8,4.0,260.0,2.0,SW,Drizzle
09-12-1995,25.0,28.6,26.5,82.0,3.0,5.0,5.0,250.0,2.0,W ,Drizzle
10-12-1995,25.0,29.6,26.8,78.0,0.2,4.6,8.0,300.0,3.0,W ,Sun
11-12-1995,25.0,29.5,26.8,80.0,8888.0,4.9,6.0,300.0,2.0,W ,Rain
12-12-1995,24.0,29.5,27.2,80.0,26.3,4.8,6.0,280.0,2.0,W ,Rain
13-12-1995,22.0,25.4,24.5,93.0,13.0,4.0,5.0,250.0,1.0,SW,Rain
14-12-1995,23.0,28.6,25.3,86.0,1.1,4.6,4.0,280.0,2.0,W ,Drizzle
15-12-1995,24.0,28.9,26.4,80.0,8888.0,4.5,4.0,290.0,1.0,W ,Rain
16-12-1995,25.0,31.5,27.5,78.0,0.0,5.6,4.0,260.0,2.0,W ,Sun
17-12-1995,25.0,31.2,27.8,74.0,0.0,5.4,5.0,290.0,3.0,W ,Sun
18-12-1995,25.0,32.0,28.3,74.0,0.0,5.3,5.0,290.0,2.0,W ,Sun
19-12-1995,25.0,32.6,28.5,70.0,0.0,5.4,7.0,260.0,2.0,W ,Sun
20-12-1995,25.0,32.3,28.5,70.0,2.2,5.4,5.0,250.0,3.0,W ,Drizzle
21-12-1995,25.0,30.2,27.3,80.0,8888.0,5.1,6.0,270.0,2.0,W ,Rain
22-12-1995,25.0,31.4,27.9,73.0,0.0,5.5,5.0,270.0,3.0,W ,Sun
23-12-1995,26.0,30.6,28.1,72.0,8888.0,5.3,6.0,240.0,2.0,W ,Rain
24-12-1995,26.0,31.0,27.7,72.0,8888.0,4.9,5.0,270.0,3.0,SW,Rain
25-12-1995,26.0,29.8,27.9,74.0,4.8,4.8,4.0,270.0,2.0,W ,Drizzle
26-12-1995,25.0,30.9,28.0,74.0,9.9,5.2,9.0,300.0,3.0,W ,Rain
27-12-1995,25.0,33.1,28.0,76.0,1.2,4.6,6.0,270.0,3.0,SW,Drizzle
28-12-1995,26.0,33.4,28.7,70.0,8888.0,4.5,5.0,280.0,2.0,W ,Rain
29-12-1995,24.0,31.2,27.4,79.0,7.0,4.6,5.0,110.0,1.0,SW,Rain
30-12-1995,25.0,31.9,27.4,77.0,15.0,4.6,4.0,280.0,2.0,W ,Rain
31-12-1995,24.0,28.2,26.2,84.0,3.0,3.7,5.0,270.0,2.0,W ,Drizzle
01-01-1996,25.0,29.5,25.7,87.0,5.5,0.0,5.0,300.0,1.0,W ,Rain
02-01-1996,25.0,28.2,25.6,86.0,40.1,0.0,6.0,280.0,3.0,W ,Rain
03-01-1996,25.0,27.9,25.4,90.0,99.3,0.0,5.0,280.0,2.0,W ,Rain
04-01-1996,25.0,28.4,24.5,90.0,21.5,0.0,7.0,270.0,2.0,W ,Rain
05-01-1996,26.0,30.0,25.0,86.0,54.2,0.0,4.0,20.0,2.0,N ,Rain
06-01-1996,24.0,30.0,25.6,91.0,31.8,0.0,4.0,260.0,1.0,W ,Rain
07-01-1996,25.0,31.0,25.1,87.0,99.3,0.0,4.0,350.0,2.0,W ,Rain
08-01-1996,25.0,31.2,25.8,88.0,8888.0,0.0,5.0,290.0,2.0,W ,Rain
09-01-1996,26.0,29.8,27.4,78.0,0.0,0.0,4.0,270.0,2.0,W ,Sun
10-01-1996,26.0,29.2,28.3,74.0,0.0,4.5,4.0,280.0,2.0,W ,Sun
11-01-1996,26.0,29.1,27.5,76.0,0.0,6.3,6.0,320.0,3.0,W ,Sun
12-01-1996,25.0,30.8,27.0,79.0,0.0,2.0,5.0,350.0,2.0,W ,Sun
13-01-1996,26.0,30.2,27.2,74.0,0.0,2.0,5.0,330.0,2.0,N ,Sun
14-01-1996,25.0,31.0,28.1,74.0,0.0,5.7,4.0,20.0,2.0,N ,Sun
15-01-1996,25.0,30.5,27.1,80.0,2.8,6.0,5.0,330.0,2.0,NW,Drizzle
16-01-1996,26.0,30.7,26.7,90.0,105.9,2.7,3.0,350.0,1.0,N ,Rain
17-01-1996,26.0,33.0,25.6,85.0,0.5,0.0,5.0,270.0,3.0,W ,Sun
18-01-1996,27.0,33.3,26.8,82.0,0.0,0.0,5.0,260.0,2.0,W ,Sun
19-01-1996,26.0,32.2,27.1,79.0,0.0,0.0,5.0,230.0,3.0,SW,Sun
20-01-1996,25.0,30.8,26.7,81.0,5.8,1.0,5.0,360.0,2.0,W ,Rain
21-01-1996,25.0,30.7,26.2,78.0,15.1,0.0,5.0,310.0,2.0,W ,Rain
22-01-1996,26.0,31.1,25.4,87.0,0.7,0.0,4.0,360.0,2.0,SW,Sun
23-01-1996,24.0,28.4,26.9,78.0,0.3,0.0,5.0,310.0,2.0,W ,Sun
24-01-1996,25.0,31.0,27.6,77.0,8888.0,2.1,5.0,270.0,2.0,W ,Rain
25-01-1996,26.0,31.5,27.6,77.0,8888.0,5.5,5.0,240.0,2.0,W ,Rain
26-01-1996,25.0,30.7,26.7,77.0,15.6,6.5,4.0,250.0,1.0,SW,Rain
27-01-1996,24.0,29.4,26.6,79.0,5.4,0.1,5.0,270.0,2.0,W ,Rain
28-01-1996,25.0,31.2,27.4,78.0,8888.0,1.0,5.0,270.0,2.0,W ,Rain
29-01-1996,26.0,32.0,28.1,72.0,0.0,0.5,5.0,210.0,3.0,W ,Sun
30-01-1996,24.0,31.5,27.5,80.0,8888.0,3.0,6.0,290.0,4.0,W ,Rain
31-01-1996,25.0,31.9,27.5,77.0,0.2,1.5,6.0,280.0,3.0,W ,Sun
01-02-1996,25.0,30.2,26.2,78.0,7.3,3.0,5.0,270.0,2.0,W ,Rain
02-02-1996,25.0,31.1,27.8,76.0,0.0,2.0,6.0,260.0,3.0,W ,Sun
03-02-1996,24.0,29.5,27.6,78.0,112.7,2.4,5.0,280.0,3.0,W ,Rain
04-02-1996,24.0,28.8,26.5,88.0,7.7,0.0,5.0,290.0,2.0,W ,Rain
05-02-1996,25.0,28.8,26.9,82.0,2.3,0.0,5.0,290.0,2.0,W ,Drizzle
06-02-1996,25.0,27.8,26.5,85.0,0.4,0.0,5.0,270.0,3.0,W ,Sun
07-02-1996,24.0,28.5,26.7,84.0,37.6,0.0,5.0,290.0,3.0,W ,Rain
08-02-1996,24.0,26.7,25.4,90.0,2.6,0.0,5.0,280.0,2.0,W ,Drizzle
09-02-1996,23.0,28.6,26.2,87.0,216.2,0.0,5.0,310.0,3.0,W ,Rain
10-02-1996,23.0,25.6,24.3,100.0,55.7,0.3,3.0,280.0,1.0,W ,Rain
11-02-1996,24.0,27.3,25.4,90.0,0.2,0.0,4.0,280.0,2.0,W ,Sun
12-02-1996,25.0,29.5,26.7,82.0,12.8,0.0,5.0,360.0,2.0,W ,Rain
13-02-1996,24.0,28.7,26.0,88.0,12.8,5.3,5.0,310.0,2.0,NW,Rain
14-02-1996,24.0,30.1,26.0,80.0,0.0,0.0,4.0,310.0,3.0,W ,Sun
15-02-1996,25.0,30.0,26.4,84.0,2.1,1.0,4.0,40.0,2.0,W ,Drizzle
16-02-1996,24.0,28.3,25.1,87.0,24.5,1.0,5.0,360.0,2.0,NW,Rain
17-02-1996,24.0,29.8,26.4,84.0,9.1,0.0,4.0,310.0,2.0,SW,Rain
18-02-1996,25.0,30.8,27.2,80.0,0.0,1.1,4.0,290.0,2.0,W ,Sun
19-02-1996,24.0,30.8,27.9,75.0,13.0,0.0,6.0,300.0,2.0,W ,Rain
20-02-1996,22.0,28.8,26.0,88.0,23.3,8.0,3.0,240.0,1.0,W ,Rain
21-02-1996,24.0,28.6,26.1,84.0,1.5,0.0,4.0,300.0,0.0,W ,Drizzle
22-02-1996,25.0,28.5,26.3,86.0,6.0,0.0,4.0,280.0,1.0,W ,Rain
23-02-1996,24.0,30.4,27.7,78.0,7.0,1.1,5.0,290.0,2.0,W ,Rain
24-02-1996,23.0,29.4,26.3,84.0,16.7,5.0,6.0,310.0,2.0,W ,Rain
25-02-1996,24.0,28.2,25.3,86.0,8888.0,1.7,5.0,300.0,2.0,W ,Rain
26-02-1996,25.0,29.0,26.6,84.0,1.0,0.0,8.0,290.0,2.0,W ,Drizzle
27-02-1996,24.0,29.4,27.1,81.0,38.0,2.0,5.0,310.0,2.0,W ,Rain
28-02-1996,24.0,28.8,26.1,88.0,76.6,2.1,6.0,290.0,2.0,W ,Rain
29-02-1996,24.0,28.4,25.8,86.0,8888.0,0.5,4.0,300.0,2.0,W ,Rain
01-03-1996,25.0,29.5,26.9,82.0,8888.0,0.0,5.0,300.0,2.0,W ,Rain
02-03-1996,25.0,28.2,27.5,80.0,4.4,3.0,4.0,320.0,2.0,N ,Drizzle
03-03-1996,25.0,27.9,26.5,86.0,1.5,0.8,5.0,290.0,1.0,W ,Drizzle
04-03-1996,25.0,28.4,26.8,83.0,1.3,1.0,5.0,300.0,2.0,W ,Drizzle
05-03-1996,26.0,30.0,27.7,78.0,8888.0,0.0,5.0,280.0,2.0,W ,Rain
06-03-1996,24.0,30.0,27.2,82.0,13.5,5.0,6.0,320.0,2.0,NW,Rain
07-03-1996,25.0,31.0,27.1,80.0,8888.0,6.5,5.0,280.0,2.0,W ,Rain
08-03-1996,25.0,31.2,27.7,79.0,0.0,1.7,5.0,290.0,2.0,W ,Sun
09-03-1996,26.0,29.8,27.9,80.0,0.0,3.7,4.0,290.0,2.0,W ,Sun
10-03-1996,26.0,29.2,27.4,82.0,8888.0,0.0,4.0,290.0,2.0,W ,Rain
11-03-1996,26.0,29.1,27.3,81.0,5.3,0.3,4.0,290.0,2.0,W ,Rain
12-03-1996,25.0,30.8,27.4,81.0,1.1,0.3,5.0,320.0,2.0,W ,Drizzle
13-03-1996,26.0,30.2,27.4,80.0,0.5,2.0,4.0,340.0,2.0,W ,Sun
14-03-1996,25.0,31.0,27.6,80.0,26.7,3.4,4.0,50.0,2.0,N ,Rain
15-03-1996,25.0,30.5,27.4,80.0,14.2,7.5,5.0,20.0,2.0,N ,Rain
16-03-1996,26.0,30.7,27.9,80.0,23.4,7.1,6.0,70.0,3.0,N ,Rain
17-03-1996,26.0,33.0,28.7,76.0,0.0,6.0,5.0,30.0,2.0,E ,Sun
18-03-1996,27.0,33.3,29.5,75.0,0.0,3.3,6.0,90.0,3.0,E ,Sun
19-03-1996,26.0,32.2,28.5,85.0,12.5,6.8,5.0,360.0,2.0,NE,Rain
20-03-1996,25.0,30.8,27.6,80.0,8888.0,3.3,5.0,340.0,1.0,N ,Rain
21-03-1996,25.0,30.7,27.6,92.0,1.0,2.0,8.0,10.0,2.0,N ,Drizzle
22-03-1996,26.0,31.1,27.8,78.0,0.0,5.0,6.0,170.0,3.0,S ,Sun
23-03-1996,24.0,28.4,25.5,92.0,42.0,5.0,0.0,0.0,0.0,N ,Rain
24-03-1996,25.0,31.0,27.9,80.0,0.0,1.5,5.0,90.0,1.0,E ,Sun
25-03-1996,26.0,31.5,28.4,73.0,0.4,1.0,6.0,90.0,3.0,E ,Sun
26-03-1996,25.0,30.7,27.8,80.0,0.8,4.8,8.0,40.0,3.0,E ,Sun
27-03-1996,24.0,29.4,26.4,84.0,9.5,3.7,5.0,90.0,2.0,E ,Rain
28-03-1996,25.0,31.2,27.4,78.0,0.0,0.0,6.0,80.0,2.0,E ,Sun
29-03-1996,26.0,32.0,28.2,75.0,0.0,2.0,5.0,70.0,2.0,E ,Sun
30-03-1996,24.0,31.5,28.4,78.0,12.6,0.0,6.0,80.0,2.0,E ,Rain
31-03-1996,25.0,31.9,27.9,75.0,0.0,0.0,3.0,80.0,2.0,NE,Sun
01-04-1996,24.0,31.9,28.7,77.0,70.0,4.7,5.0,90.0,2.0,E ,Rain
02-04-1996,24.0,29.0,26.2,88.0,6.4,4.5,5.0,300.0,2.0,E ,Rain
03-04-1996,25.0,31.8,27.8,74.0,0.0,0.0,6.0,300.0,2.0,W ,Sun
04-04-1996,25.0,31.6,28.6,74.0,0.3,4.5,5.0,360.0,1.0,N ,Sun
05-04-1996,25.0,31.6,27.9,74.0,0.0,2.8,5.0,110.0,2.0,SE,Sun
06-04-1996,24.0,32.8,28.5,75.0,23.2,2.5,6.0,360.0,2.0,N ,Rain
07-04-1996,25.0,31.8,27.4,79.0,0.0,5.6,4.0,350.0,1.0,N ,Sun
08-04-1996,26.0,32.7,29.0,70.0,0.0,5.3,6.0,360.0,2.0,N ,Sun
09-04-1996,25.0,32.8,28.3,72.0,0.0,6.0,6.0,280.0,3.0,W ,Sun
10-04-1996,27.0,33.7,29.1,68.0,0.0,5.0,5.0,250.0,2.0,W ,Sun
11-04-1996,25.0,31.6,28.7,72.0,7.0,3.5,5.0,260.0,2.0,W ,Rain
12-04-1996,26.0,32.4,28.3,72.0,0.0,0.0,6.0,340.0,2.0,N ,Sun
13-04-1996,25.0,31.1,28.9,76.0,0.0,4.3,5.0,360.0,2.0,N ,Sun
14-04-1996,26.0,30.8,27.8,82.0,8888.0,2.0,3.0,50.0,2.0,NE,Rain
15-04-1996,26.0,30.8,27.8,79.0,0.2,0.0,5.0,170.0,2.0,S ,Sun
16-04-1996,26.0,31.4,27.3,84.0,1.8,2.0,5.0,270.0,2.0,SW,Drizzle
17-04-1996,23.0,31.4,27.3,80.0,2.0,0.0,5.0,10.0,2.0,N ,Drizzle
18-04-1996,24.0,30.8,27.1,82.0,0.2,0.0,4.0,270.0,1.0,N ,Sun
19-04-1996,25.0,31.7,27.9,79.0,8.0,0.0,4.0,350.0,1.0,N ,Rain
20-04-1996,25.0,31.0,27.7,78.0,0.2,0.0,5.0,30.0,1.0,N ,Sun
21-04-1996,25.0,31.3,26.9,84.0,5.8,4.0,5.0,80.0,2.0,E ,Rain
22-04-1996,24.0,28.8,26.9,90.0,54.4,0.0,5.0,270.0,2.0,W ,Rain
23-04-1996,24.0,31.5,27.2,82.0,17.8,0.0,5.0,310.0,2.0,NE,Rain
24-04-1996,24.0,31.0,27.2,77.0,0.0,0.0,5.0,360.0,2.0,N ,Sun
25-04-1996,26.0,32.0,28.6,76.0,0.0,0.0,7.0,80.0,3.0,E ,Sun
26-04-1996,25.0,31.2,28.3,79.0,8888.0,0.0,5.0,110.0,2.0,E ,Rain
27-04-1996,25.0,31.2,27.3,77.0,2.0,0.0,5.0,320.0,2.0,N ,Drizzle
28-04-1996,25.0,30.8,27.6,79.0,0.0,0.0,5.0,260.0,1.0,W ,Sun
29-04-1996,25.0,31.8,28.6,76.0,0.0,0.0,4.0,330.0,1.0,NE,Sun
30-04-1996,26.0,32.4,28.2,77.0,0.0,2.0,5.0,250.0,2.0,E ,Sun
01-05-1996,26.0,33.1,28.8,70.0,0.0,2.7,5.0,60.0,2.0,E ,Sun
02-05-1996,26.0,33.8,29.3,69.0,0.0,3.0,6.0,20.0,3.0,N ,Sun
03-05-1996,26.0,33.3,28.7,73.0,0.0,4.5,6.0,120.0,2.0,E ,Sun
04-05-1996,25.0,30.8,27.0,85.0,6.0,6.5,5.0,170.0,2.0,SE,Rain
05-05-1996,25.0,31.2,28.4,77.0,0.0,0.7,6.0,20.0,2.0,NE,Sun
06-05-1996,26.0,32.4,28.5,77.0,0.0,1.5,6.0,330.0,2.0,N ,Sun
07-05-1996,26.0,32.1,28.8,74.0,0.0,3.8,4.0,330.0,2.0,N ,Sun
08-05-1996,25.0,32.2,28.6,71.0,0.0,5.0,6.0,340.0,3.0,NE,Sun
09-05-1996,26.0,32.5,28.3,65.0,0.0,6.0,5.0,170.0,3.0,E ,Sun
10-05-1996,26.0,32.7,29.0,67.0,0.0,3.0,5.0,60.0,2.0,E ,Sun
11-05-1996,26.0,32.2,28.6,68.0,0.0,6.0,4.0,20.0,2.0,NE,Sun
12-05-1996,26.0,32.4,28.6,70.0,0.0,5.5,5.0,20.0,2.0,NE,Sun
13-05-1996,26.0,31.7,28.7,73.0,0.5,4.2,4.0,360.0,1.0,NE,Sun
14-05-1996,26.0,32.8,28.7,72.0,0.0,2.0,4.0,280.0,2.0,N ,Sun
15-05-1996,26.0,31.1,28.8,74.0,0.0,5.5,4.0,20.0,2.0,N ,Sun
16-05-1996,26.0,31.9,28.7,74.0,0.0,2.5,5.0,40.0,3.0,N ,Sun
17-05-1996,25.0,31.9,28.7,69.0,0.0,0.7,4.0,110.0,1.0,E ,Sun
18-05-1996,26.0,33.2,28.4,71.0,0.0,2.7,5.0,50.0,2.0,N ,Sun
19-05-1996,27.0,33.3,29.7,71.0,0.0,4.7,4.0,100.0,2.0,E ,Sun
20-05-1996,26.0,30.8,27.9,81.0,8888.0,4.0,5.0,240.0,2.0,SW,Rain
21-05-1996,26.0,32.3,28.5,73.0,0.0,0.0,8.0,60.0,3.0,E ,Sun
22-05-1996,25.0,32.8,29.1,67.0,3.0,4.3,5.0,40.0,3.0,E ,Drizzle
23-05-1996,25.0,33.2,28.2,75.0,0.0,2.3,5.0,70.0,3.0,E ,Sun
24-05-1996,26.0,32.8,28.8,72.0,0.2,5.3,5.0,70.0,3.0,NE,Sun
25-05-1996,27.0,32.1,28.8,72.0,0.0,4.0,5.0,170.0,2.0,S ,Sun
26-05-1996,26.0,33.1,29.4,70.0,0.0,6.0,6.0,70.0,3.0,E ,Sun
27-05-1996,25.0,32.5,28.4,73.0,0.0,2.8,5.0,70.0,2.0,E ,Sun
28-05-1996,24.0,32.0,28.2,74.0,2.0,3.0,6.0,60.0,3.0,E ,Drizzle
29-05-1996,25.0,29.1,26.8,80.0,8888.0,2.5,4.0,30.0,2.0,NE,Rain
30-05-1996,25.0,31.6,27.7,72.0,0.0,0.0,5.0,100.0,3.0,E ,Sun
31-05-1996,26.0,33.4,29.3,71.0,0.0,7.3,4.0,100.0,2.0,E ,Sun
01-06-1996,25.0,33.4,28.9,73.0,0.0,4.5,6.0,70.0,3.0,E ,Sun
02-06-1996,26.0,32.9,28.8,73.0,0.0,2.0,4.0,70.0,2.0,E ,Sun
03-06-1996,26.0,33.3,29.3,71.0,0.0,2.3,6.0,70.0,2.0,E ,Sun
04-06-1996,26.0,32.3,28.4,70.0,0.0,3.5,5.0,180.0,3.0,E ,Sun
05-06-1996,25.0,33.8,28.9,64.0,0.0,6.0,6.0,70.0,3.0,E ,Sun
06-06-1996,26.0,32.9,28.7,70.0,0.0,4.5,5.0,90.0,2.0,E ,Sun
07-06-1996,26.0,32.2,28.8,68.0,0.0,1.0,4.0,100.0,2.0,E ,Sun
08-06-1996,25.0,29.8,27.8,74.0,2.8,4.1,4.0,50.0,2.0,E ,Drizzle
09-06-1996,25.0,28.0,26.5,86.0,10.2,0.0,4.0,90.0,1.0,E ,Rain
10-06-1996,25.0,31.2,27.3,79.0,7.1,0.0,5.0,70.0,3.0,E ,Rain
11-06-1996,24.0,28.0,26.4,83.0,0.5,0.0,5.0,70.0,2.0,E ,Sun
12-06-1996,25.0,30.6,27.4,78.0,0.0,0.0,8.0,80.0,3.0,E ,Sun
13-06-1996,26.0,32.3,28.5,72.0,0.0,2.0,5.0,80.0,2.0,E ,Sun
14-06-1996,24.0,32.6,29.0,73.0,16.8,4.5,6.0,90.0,2.0,E ,Rain
15-06-1996,25.0,30.9,27.7,79.0,0.0,3.0,4.0,70.0,2.0,E ,Sun
16-06-1996,25.0,31.0,27.7,74.0,0.0,0.0,4.0,90.0,2.0,E ,Sun
17-06-1996,26.0,31.6,28.7,75.0,0.0,2.5,5.0,360.0,2.0,SE,Sun
18-06-1996,25.0,31.6,28.6,76.0,0.0,2.5,6.0,10.0,2.0,N ,Sun
19-06-1996,26.0,33.1,28.8,72.0,0.0,2.0,5.0,80.0,2.0,NE,Sun
20-06-1996,25.0,32.2,28.8,72.0,0.0,1.3,6.0,90.0,2.0,E ,Sun
21-06-1996,26.0,32.4,28.6,71.0,0.0,1.5,5.0,140.0,2.0,E ,Sun
22-06-1996,26.0,32.6,28.7,73.0,0.0,3.0,5.0,100.0,3.0,E ,Sun
23-06-1996,26.0,32.9,29.1,73.0,0.0,1.7,4.0,90.0,2.0,E ,Sun
24-06-1996,26.0,32.6,28.2,78.0,6.6,2.5,4.0,50.0,2.0,NE,Rain
25-06-1996,24.0,31.9,27.4,79.0,0.0,1.0,5.0,110.0,2.0,NE,Sun
26-06-1996,24.0,31.9,28.6,75.0,8888.0,2.0,5.0,100.0,2.0,E ,Rain
27-06-1996,26.0,32.7,27.3,77.0,0.0,1.7,5.0,60.0,2.0,E ,Sun
28-06-1996,26.0,31.8,27.6,79.0,0.0,1.0,5.0,160.0,2.0,SE,Sun
29-06-1996,26.0,31.9,28.5,73.0,0.0,1.5,4.0,80.0,2.0,E ,Sun
30-06-1996,26.0,32.0,28.7,74.0,0.0,1.7,5.0,340.0,2.0,N ,Sun
01-07-1996,26.0,32.4,28.4,73.0,8888.0,1.7,6.0,60.0,3.0,E ,Rain
02-07-1996,26.0,32.4,28.8,66.0,0.0,1.3,6.0,120.0,2.0,E ,Sun
03-07-1996,25.0,32.8,28.8,64.0,0.0,7.0,6.0,60.0,2.0,E ,Sun
04-07-1996,26.0,32.0,28.3,71.0,0.0,5.0,4.0,360.0,2.0,N ,Sun
05-07-1996,26.0,31.4,28.1,68.0,0.0,3.5,5.0,360.0,2.0,N ,Sun
06-07-1996,26.0,30.8,27.9,75.0,0.0,3.7,4.0,30.0,1.0,N ,Sun
07-07-1996,26.0,30.8,27.8,76.0,0.0,3.6,3.0,360.0,0.0,E ,Sun
08-07-1996,26.0,30.4,27.9,76.0,0.0,0.0,4.0,360.0,2.0,N ,Sun
09-07-1996,26.0,31.8,28.4,74.0,0.0,0.0,4.0,350.0,1.0,N ,Sun
10-07-1996,27.0,32.2,28.9,70.0,0.0,0.5,4.0,20.0,2.0,N ,Sun
11-07-1996,26.0,32.4,28.3,75.0,0.0,1.0,9.0,90.0,3.0,E ,Sun
12-07-1996,23.0,31.8,27.6,78.0,27.0,5.0,7.0,60.0,2.0,E ,Rain
13-07-1996,24.0,30.2,26.6,79.0,0.0,1.0,4.0,40.0,2.0,NE,Sun
14-07-1996,25.0,30.0,28.4,77.0,28.0,2.0,4.0,120.0,1.0,E ,Rain
15-07-1996,25.0,32.4,27.7,78.0,8.9,2.5,4.0,350.0,1.0,N ,Rain
16-07-1996,26.0,32.3,27.8,74.0,11.2,5.0,4.0,110.0,1.0,SE,Rain
17-07-1996,25.0,32.0,28.1,77.0,0.0,4.0,4.0,60.0,2.0,NE,Sun
18-07-1996,25.0,32.1,28.4,73.0,0.0,6.0,5.0,90.0,2.0,E ,Sun
19-07-1996,25.0,31.3,28.3,72.0,0.0,5.0,5.0,20.0,2.0,NE,Sun
20-07-1996,25.0,31.3,28.4,74.0,0.0,6.0,5.0,10.0,2.0,E ,Sun
21-07-1996,25.0,31.9,28.1,74.0,0.0,4.0,5.0,70.0,2.0,E ,Sun
22-07-1996,24.0,31.2,28.2,73.0,0.0,4.0,6.0,20.0,2.0,N ,Sun
23-07-1996,24.0,30.8,27.1,77.0,13.4,5.0,5.0,350.0,2.0,E ,Rain
24-07-1996,25.0,31.4,28.9,69.0,0.0,3.0,5.0,30.0,2.0,E ,Sun
25-07-1996,25.0,32.6,28.4,72.0,0.0,6.0,8.0,70.0,2.0,E ,Sun
26-07-1996,25.0,33.0,28.5,73.0,0.0,7.0,6.0,80.0,3.0,SW,Sun
27-07-1996,26.0,32.9,28.2,72.0,0.0,4.5,5.0,360.0,2.0,E ,Sun
28-07-1996,25.0,31.8,28.8,74.0,0.0,3.0,5.0,90.0,2.0,E ,Sun
29-07-1996,25.0,31.7,27.7,75.0,0.0,2.0,3.0,290.0,1.0,NW,Sun
30-07-1996,25.0,31.8,28.0,67.0,0.0,2.0,4.0,350.0,2.0,N ,Sun
31-07-1996,26.0,31.5,27.9,71.0,0.0,4.3,5.0,360.0,2.0,N ,Sun
01-08-1996,26.0,32.0,28.6,74.0,0.0,3.0,5.0,360.0,1.0,E ,Sun
02-08-1996,25.0,31.7,28.6,71.0,0.0,3.0,5.0,10.0,2.0,NE,Sun
03-08-1996,25.0,31.4,27.9,68.0,0.0,4.2,5.0,130.0,2.0,SE,Sun
04-08-1996,24.0,31.4,27.5,67.0,0.0,6.5,5.0,80.0,2.0,E ,Sun
05-08-1996,25.0,32.5,28.7,68.0,1.4,4.0,5.0,20.0,2.0,N ,Drizzle
06-08-1996,25.0,32.9,28.6,68.0,0.0,5.5,6.0,110.0,3.0,NE,Sun
07-08-1996,26.0,31.8,28.4,67.0,0.0,7.0,5.0,170.0,2.0,S ,Sun
08-08-1996,26.0,32.1,28.4,70.0,0.0,5.7,5.0,30.0,2.0,N ,Sun
09-08-1996,22.0,31.4,26.9,81.0,26.2,6.0,5.0,60.0,2.0,SW,Rain
10-08-1996,23.0,30.3,25.1,86.0,89.5,1.0,5.0,60.0,2.0,E ,Rain
11-08-1996,24.0,30.3,26.6,81.0,0.0,0.4,4.0,110.0,2.0,E ,Sun
12-08-1996,25.0,32.8,27.9,71.0,0.0,1.4,5.0,80.0,3.0,E ,Sun
13-08-1996,25.0,32.4,28.3,73.0,0.0,6.4,5.0,110.0,2.0,SE,Sun
14-08-1996,26.0,32.8,28.3,73.0,0.0,6.0,5.0,60.0,3.0,NE,Sun
15-08-1996,26.0,32.8,28.7,73.0,0.0,5.3,7.0,110.0,3.0,E ,Sun
16-08-1996,24.0,29.6,26.9,86.0,13.5,5.1,4.0,340.0,1.0,W ,Rain
17-08-1996,24.0,31.6,27.7,75.0,0.0,1.5,5.0,110.0,2.0,SE,Sun
18-08-1996,25.0,31.0,27.9,76.0,0.0,4.2,5.0,70.0,2.0,N ,Sun
19-08-1996,25.0,30.9,27.9,77.0,0.0,5.5,5.0,360.0,2.0,N ,Sun
20-08-1996,25.0,31.0,27.6,80.0,0.0,4.0,6.0,330.0,3.0,N ,Sun
21-08-1996,25.0,32.4,28.0,74.0,0.0,5.3,5.0,90.0,2.0,E ,Sun
22-08-1996,25.0,33.5,28.3,70.0,0.0,5.0,5.0,120.0,2.0,E ,Sun
23-08-1996,25.0,30.8,28.1,74.0,0.0,5.8,4.0,350.0,2.0,NE,Sun
24-08-1996,25.0,32.4,28.2,74.0,0.0,4.0,4.0,10.0,2.0,N ,Sun
25-08-1996,26.0,32.6,28.3,74.0,0.0,6.0,5.0,120.0,2.0,W ,Sun
26-08-1996,25.0,32.9,29.1,70.0,1.3,4.0,10.0,40.0,3.0,NE,Drizzle
27-08-1996,25.0,30.2,27.6,81.0,1.0,4.7,6.0,90.0,3.0,E ,Drizzle
28-08-1996,26.0,30.8,27.7,77.0,0.0,1.8,10.0,40.0,2.0,NE,Sun
29-08-1996,24.0,32.0,27.4,76.0,3.3,5.7,6.0,230.0,2.0,SW,Drizzle
30-08-1996,24.0,30.6,27.0,78.0,0.0,3.7,4.0,350.0,2.0,N ,Sun
31-08-1996,26.0,32.9,28.7,72.0,0.0,2.3,4.0,70.0,2.0,NE,Sun
01-09-1996,25.0,32.4,29.0,67.0,0.0,5.5,5.0,30.0,2.0,NE,Sun
02-09-1996,26.0,32.3,28.3,69.0,0.0,5.1,5.0,60.0,3.0,SW,Sun
03-09-1996,25.0,30.0,27.6,73.0,0.0,5.0,6.0,270.0,2.0,W ,Sun
04-09-1996,25.0,31.8,27.8,73.0,0.0,1.0,5.0,270.0,2.0,NE,Sun
05-09-1996,25.0,32.8,28.3,71.0,8888.0,4.3,5.0,70.0,2.0,N ,Rain
06-09-1996,25.0,31.4,27.7,73.0,0.0,2.7,4.0,360.0,2.0,N ,Sun
07-09-1996,26.0,31.6,28.2,72.0,0.0,4.0,5.0,250.0,2.0,N ,Sun
08-09-1996,25.0,30.8,27.9,73.0,0.0,3.0,5.0,250.0,2.0,SW,Sun
09-09-1996,24.0,32.3,27.7,75.0,30.0,3.5,5.0,330.0,2.0,N ,Rain
10-09-1996,23.0,28.6,26.5,85.0,13.5,1.5,4.0,70.0,2.0,E ,Rain
11-09-1996,24.0,28.8,25.4,87.0,8888.0,0.0,4.0,310.0,0.0,NW,Rain
12-09-1996,25.0,31.0,27.3,78.0,0.0,0.0,5.0,10.0,2.0,N ,Sun
13-09-1996,26.0,31.4,28.4,73.0,0.0,5.0,5.0,20.0,2.0,N ,Sun
14-09-1996,26.0,32.0,28.6,73.0,0.0,3.8,5.0,100.0,2.0,E ,Sun
15-09-1996,25.0,33.3,29.1,71.0,0.0,5.0,5.0,100.0,2.0,E ,Sun
16-09-1996,26.0,33.0,28.4,75.0,8888.0,5.0,9.0,90.0,3.0,E ,Rain
17-09-1996,26.0,32.9,28.0,77.0,0.2,4.3,4.0,290.0,2.0,SW,Sun
18-09-1996,26.0,32.4,28.4,72.0,0.0,0.0,5.0,10.0,2.0,N ,Sun
19-09-1996,26.0,32.6,28.6,74.0,0.0,5.0,4.0,40.0,2.0,E ,Sun
20-09-1996,26.0,33.0,28.8,73.0,0.0,5.0,6.0,360.0,2.0,NE,Sun
21-09-1996,26.0,32.9,28.6,72.0,0.6,6.5,4.0,360.0,2.0,E ,Sun
22-09-1996,25.0,32.6,28.8,76.0,0.0,6.5,5.0,260.0,2.0,N ,Sun
23-09-1996,26.0,32.6,28.4,76.0,0.0,3.3,4.0,360.0,2.0,N ,Sun
24-09-1996,26.0,32.6,29.0,76.0,1.0,5.5,5.0,350.0,2.0,NW,Drizzle
25-09-1996,25.0,31.6,28.5,76.0,0.0,4.5,5.0,270.0,2.0,W ,Sun
26-09-1996,25.0,32.3,28.4,74.0,0.0,1.3,4.0,200.0,2.0,NW,Sun
27-09-1996,26.0,31.6,28.0,79.0,5.8,5.5,5.0,80.0,2.0,E ,Rain
28-09-1996,25.0,31.0,28.1,80.0,6.6,5.0,5.0,360.0,2.0,N ,Rain
29-09-1996,25.0,30.6,27.8,82.0,0.0,1.5,4.0,360.0,2.0,N ,Sun
30-09-1996,26.0,31.8,28.2,80.0,0.0,1.0,5.0,60.0,2.0,NE,Sun
01-10-1996,26.0,31.8,28.3,80.0,8888.0,8.0,4.0,310.0,2.0,N ,Rain
02-10-1996,25.0,30.2,26.2,89.0,15.9,2.0,5.0,360.0,2.0,N ,Rain
03-10-1996,25.0,29.3,26.3,86.0,1.0,2.5,4.0,340.0,1.0,N ,Drizzle
04-10-1996,26.0,31.6,28.1,82.0,0.0,0.0,5.0,340.0,2.0,N ,Sun
05-10-1996,25.0,31.5,28.0,78.0,0.0,7.3,4.0,20.0,2.0,N ,Sun
06-10-1996,24.0,32.0,27.2,82.0,13.2,2.0,4.0,350.0,2.0,N ,Rain
07-10-1996,24.0,29.0,26.0,86.0,4.9,2.5,5.0,210.0,1.0,SW,Drizzle
08-10-1996,25.0,30.6,27.4,81.0,0.6,0.0,4.0,20.0,1.0,N ,Sun
09-10-1996,25.0,29.8,27.4,82.0,8888.0,4.0,3.0,230.0,1.0,W ,Rain
10-10-1996,25.0,31.7,27.7,82.0,8888.0,2.5,4.0,20.0,1.0,N ,Rain
11-10-1996,26.0,31.4,28.3,80.0,0.0,6.0,3.0,10.0,0.0,NW,Sun
12-10-1996,26.0,32.8,28.8,73.0,0.0,0.0,5.0,310.0,2.0,NW,Sun
13-10-1996,26.0,32.5,29.0,75.0,0.0,7.0,6.0,340.0,2.0,N ,Sun
14-10-1996,26.0,32.6,28.5,76.0,0.0,5.0,5.0,70.0,2.0,NE,Sun
15-10-1996,24.0,32.0,28.1,78.0,108.4,3.5,8.0,215.0,3.0,SW,Rain
16-10-1996,24.0,31.0,27.4,79.0,33.3,5.0,6.0,360.0,2.0,N ,Rain
17-10-1996,23.0,31.4,27.2,82.0,58.5,1.5,4.0,330.0,1.0,N ,Rain
18-10-1996,25.0,31.8,27.8,74.0,0.3,0.0,4.0,360.0,1.0,N ,Sun
19-10-1996,26.0,32.1,28.6,74.0,0.0,2.5,5.0,10.0,2.0,N ,Sun
20-10-1996,24.0,31.6,27.2,84.0,60.5,6.3,8.0,210.0,3.0,S ,Rain
21-10-1996,24.0,31.6,27.3,76.0,0.0,2.0,4.0,340.0,2.0,N ,Sun
22-10-1996,25.0,31.2,27.5,77.0,0.0,1.0,4.0,240.0,1.0,N ,Sun
23-10-1996,25.0,30.6,26.9,82.0,22.4,0.0,5.0,340.0,1.0,N ,Rain
24-10-1996,25.0,31.1,26.9,82.0,3.7,1.0,4.0,360.0,0.0,N ,Drizzle
25-10-1996,25.0,29.4,26.3,82.0,8888.0,0.0,5.0,80.0,2.0,SE,Rain
26-10-1996,25.0,30.2,27.0,80.0,0.0,0.0,5.0,10.0,2.0,NE,Sun
27-10-1996,24.0,31.6,28.2,75.0,1.6,2.0,4.0,80.0,2.0,NE,Drizzle
28-10-1996,25.0,28.6,26.5,86.0,0.6,3.0,4.0,60.0,2.0,NE,Sun
29-10-1996,26.0,33.0,28.5,78.0,0.0,0.0,5.0,250.0,2.0,SW,Sun
30-10-1996,26.0,33.1,28.6,72.0,8888.0,3.0,6.0,110.0,2.0,E ,Rain
31-10-1996,24.0,29.0,26.2,83.0,4.0,1.0,5.0,200.0,2.0,S ,Drizzle
01-11-1996,24.0,31.1,26.4,81.0,1.2,0.0,5.0,280.0,2.0,W ,Drizzle
02-11-1996,24.0,31.3,27.9,76.0,5.2,2.7,4.0,360.0,3.0,W ,Rain
03-11-1996,25.0,32.4,27.9,74.0,30.5,1.0,4.0,360.0,2.0,NE,Rain
04-11-1996,25.0,31.6,28.0,70.0,0.0,3.3,4.0,230.0,2.0,W ,Sun
05-11-1996,25.0,30.0,27.0,81.0,0.0,1.0,7.0,220.0,3.0,SW,Sun
06-11-1996,24.0,30.4,26.5,79.0,3.7,0.7,5.0,160.0,2.0,W ,Drizzle
07-11-1996,24.0,29.4,26.1,80.0,8888.0,0.0,5.0,270.0,2.0,W ,Rain
08-11-1996,24.0,30.2,26.9,80.0,0.7,2.0,5.0,160.0,1.0,SW,Sun
09-11-1996,24.0,30.6,27.3,76.0,32.2,1.0,4.0,150.0,2.0,N ,Rain
10-11-1996,25.0,31.7,28.0,72.0,0.0,1.3,6.0,270.0,2.0,SW,Sun
11-11-1996,25.0,32.2,28.0,73.0,0.0,0.5,5.0,310.0,2.0,NW,Sun
12-11-1996,26.0,32.7,28.7,72.0,0.0,4.0,4.0,360.0,2.0,N ,Sun
13-11-1996,26.0,31.9,28.8,73.0,0.0,7.1,5.0,340.0,2.0,W ,Sun
14-11-1996,24.0,32.6,28.9,72.0,0.0,5.5,4.0,120.0,1.0,W ,Sun
15-11-1996,25.0,31.8,27.8,78.0,8888.0,4.0,5.0,30.0,2.0,N ,Rain
16-11-1996,26.0,32.8,28.3,72.0,8888.0,5.3,4.0,320.0,2.0,W ,Rain
17-11-1996,25.0,31.9,27.4,80.0,1.8,1.0,3.0,360.0,1.0,W ,Drizzle
18-11-1996,25.0,27.6,26.4,88.0,1.4,3.7,3.0,250.0,0.0,W ,Drizzle
19-11-1996,25.0,31.7,28.1,76.0,4.0,0.0,8.0,280.0,2.0,W ,Drizzle
20-11-1996,25.0,31.4,27.5,78.0,8888.0,2.0,5.0,240.0,2.0,W ,Rain
21-11-1996,25.0,32.5,27.2,80.0,9.0,3.0,4.0,270.0,2.0,W ,Rain
22-11-1996,25.0,32.4,28.4,74.0,2.0,4.0,5.0,170.0,3.0,W ,Drizzle
23-11-1996,25.0,30.2,26.9,80.0,6.5,4.0,4.0,350.0,1.0,W ,Rain
24-11-1996,25.0,30.8,27.3,77.0,0.0,0.0,5.0,270.0,2.0,W ,Sun
25-11-1996,25.0,31.2,28.1,76.0,0.0,3.3,5.0,10.0,2.0,N ,Sun
26-11-1996,24.0,33.0,27.5,76.0,16.6,6.0,5.0,10.0,2.0,N ,Rain
27-11-1996,24.0,29.2,26.3,83.0,8888.0,6.0,4.0,350.0,1.0,W ,Rain
28-11-1996,26.0,30.6,28.2,79.0,8888.0,0.0,4.0,50.0,1.0,NE,Rain
29-11-1996,26.0,32.2,28.4,77.0,0.0,1.0,6.0,350.0,1.0,N ,Sun
30-11-1996,26.0,30.8,29.0,75.0,0.0,7.0,4.0,360.0,0.0,NW,Sun
01-12-1996,25.0,30.5,27.6,82.0,0.0,1.7,4.0,210.0,2.0,SW,Sun
02-12-1996,25.0,31.7,27.4,79.0,2.7,0.0,4.0,50.0,1.0,NW,Drizzle
03-12-1996,26.0,30.1,26.9,84.0,5.2,0.0,5.0,340.0,2.0,N ,Rain
04-12-1996,25.0,30.0,27.8,78.0,7.2,1.3,4.0,360.0,2.0,W ,Rain
05-12-1996,25.0,29.0,27.1,80.0,1.3,3.0,4.0,270.0,1.0,W ,Drizzle
06-12-1996,25.0,31.8,27.0,78.0,9.0,3.0,5.0,170.0,2.0,SW,Rain
07-12-1996,23.0,29.2,26.6,80.0,21.0,0.0,5.0,280.0,1.0,W ,Rain
08-12-1996,23.0,27.0,27.4,79.0,0.0,2.0,4.0,240.0,2.0,W ,Sun
09-12-1996,25.0,28.6,27.9,75.0,8888.0,5.0,6.0,250.0,2.0,SW,Rain
10-12-1996,25.0,29.6,26.8,77.0,8888.0,3.3,8.0,260.0,4.0,W ,Rain
11-12-1996,25.0,29.5,27.6,72.0,0.0,2.0,4.0,220.0,2.0,SW,Sun
12-12-1996,24.0,29.5,26.0,82.0,5.2,0.0,8.0,250.0,3.0,SW,Rain
13-12-1996,22.0,25.4,25.0,88.0,4.7,1.3,5.0,270.0,2.0,W ,Drizzle
14-12-1996,23.0,28.6,23.7,94.0,19.3,1.1,5.0,270.0,2.0,W ,Rain
15-12-1996,24.0,28.9,27.0,80.0,0.0,0.0,5.0,260.0,3.0,W ,Sun
16-12-1996,25.0,31.5,26.2,80.0,8888.0,3.0,5.0,290.0,3.0,W ,Rain
17-12-1996,25.0,31.2,25.7,82.0,12.0,0.3,8.0,240.0,2.0,SW,Rain
18-12-1996,25.0,32.0,25.3,78.0,3.8,0.0,8.0,150.0,3.0,SW,Drizzle
19-12-1996,25.0,32.6,26.3,82.0,0.0,0.5,8.0,230.0,3.0,SW,Sun
20-12-1996,25.0,32.3,26.5,84.0,8888.0,4.5,9.0,270.0,4.0,W ,Rain
21-12-1996,25.0,30.2,27.2,77.0,0.4,3.0,6.0,240.0,3.0,W ,Sun
22-12-1996,25.0,31.4,28.4,69.0,0.0,2.5,7.0,250.0,3.0,W ,Sun
23-12-1996,26.0,30.6,26.9,74.0,8888.0,4.5,6.0,290.0,3.0,SW,Rain
24-12-1996,26.0,31.0,26.3,81.0,1.2,3.0,6.0,290.0,3.0,SW,Drizzle
25-12-1996,26.0,30.9,25.8,84.0,16.9,0.3,5.0,300.0,2.0,W ,Rain
26-12-1996,25.0,33.1,25.4,87.0,1.9,1.0,7.0,230.0,3.0,SW,Drizzle
27-12-1996,25.0,33.4,26.6,83.0,0.3,0.5,6.0,280.0,3.0,W ,Sun
28-12-1996,26.0,31.2,27.7,76.0,0.0,0.0,6.0,250.0,3.0,W ,Sun
29-12-1996,24.0,31.9,26.8,78.0,0.0,6.5,5.0,270.0,3.0,W ,Sun
30-12-1996,25.0,28.2,26.3,83.0,4.5,2.5,4.0,240.0,2.0,W ,Drizzle
31-12-1996,24.0,28.0,25.7,92.0,0.6,0.0,0.0,0.0,3.0,W ,Sun
01-01-1997,25.0,28.7,26.6,82.0,8888.0,2.6,6.0,280.0,3.0,W ,Rain
02-01-1997,25.0,28.0,26.4,78.0,0.6,6.7,4.0,280.0,2.0,W ,Sun
03-01-1997,23.0,28.0,26.4,81.0,73.4,5.0,5.0,290.0,3.0,W ,Rain
04-01-1997,23.0,28.9,25.9,86.0,16.8,2.0,4.0,280.0,2.0,W ,Rain
05-01-1997,23.0,28.5,25.7,86.0,0.0,7.0,3.0,300.0,2.0,W ,Sun
06-01-1997,25.0,30.2,27.2,78.0,0.5,3.0,5.0,300.0,3.0,W ,Sun
07-01-1997,25.0,28.2,26.3,83.0,27.9,4.8,7.0,300.0,3.0,W ,Rain
08-01-1997,24.0,28.1,26.4,88.0,3.0,5.0,5.0,300.0,3.0,NW,Drizzle
09-01-1997,24.0,30.3,27.2,78.0,0.7,2.6,4.0,310.0,2.0,W ,Sun
10-01-1997,24.0,28.8,26.6,79.0,2.7,3.9,5.0,280.0,2.0,W ,Drizzle
11-01-1997,24.0,29.7,26.6,78.0,0.5,6.0,5.0,300.0,2.0,NW,Sun
12-01-1997,25.0,30.2,27.1,78.0,8888.0,3.8,5.0,310.0,2.0,NW,Rain
13-01-1997,23.0,28.5,26.9,82.0,125.6,4.6,4.0,290.0,1.0,W ,Rain
14-01-1997,23.0,26.8,24.5,93.0,2.6,2.8,5.0,250.0,2.0,SW,Drizzle
15-01-1997,24.0,30.0,26.0,80.0,0.0,3.4,5.0,290.0,2.0,W ,Sun
16-01-1997,25.0,32.0,27.4,77.0,0.3,2.5,7.0,270.0,2.0,W ,Sun
17-01-1997,25.0,28.7,26.3,81.0,10.7,7.5,5.0,250.0,2.0,W ,Rain
18-01-1997,25.0,29.4,26.8,78.0,0.0,3.8,5.0,300.0,2.0,NW,Sun
19-01-1997,25.0,28.5,25.8,88.0,22.1,2.3,4.0,310.0,2.0,NW,Rain
20-01-1997,25.0,30.8,26.9,82.0,0.0,3.0,8.0,240.0,2.0,NE,Sun
21-01-1997,25.0,29.5,27.2,78.0,2.0,4.2,5.0,300.0,2.0,W ,Drizzle
22-01-1997,23.0,29.4,25.9,87.0,16.2,4.7,9.0,230.0,2.0,W ,Rain
23-01-1997,23.0,26.6,25.2,90.0,17.8,7.4,5.0,240.0,2.0,W ,Rain
24-01-1997,25.0,29.5,26.6,81.0,0.0,6.0,4.0,270.0,1.0,W ,Sun
25-01-1997,23.0,29.5,27.0,83.0,60.8,2.8,3.0,250.0,2.0,W ,Rain
26-01-1997,23.0,29.7,25.5,86.0,56.0,6.2,5.0,280.0,2.0,W ,Rain
27-01-1997,23.0,27.8,25.5,88.0,0.6,2.0,8.0,160.0,2.0,W ,Sun
28-01-1997,24.0,28.7,27.1,77.0,27.0,2.8,8.0,300.0,3.0,W ,Rain
29-01-1997,24.0,28.4,26.0,86.0,8888.0,1.9,4.0,320.0,2.0,W ,Rain
30-01-1997,25.0,30.2,27.1,79.0,0.0,5.0,6.0,270.0,2.0,W ,Sun
31-01-1997,24.0,29.9,25.5,89.0,24.9,2.4,4.0,270.0,1.0,W ,Rain
01-02-1997,25.0,27.8,26.3,86.0,16.3,3.3,4.0,300.0,2.0,W ,Rain
02-02-1997,26.0,30.3,27.5,77.0,0.0,3.3,5.0,280.0,2.0,W ,Sun
03-02-1997,25.0,29.6,27.5,72.0,0.0,2.0,6.0,250.0,3.0,NW,Sun
04-02-1997,26.0,32.0,27.6,74.0,0.0,5.6,6.0,280.0,2.0,W ,Sun
05-02-1997,24.0,29.9,27.1,80.0,0.0,5.4,5.0,300.0,2.0,W ,Sun
06-02-1997,25.0,31.7,27.9,72.0,0.1,2.2,5.0,320.0,3.0,W ,Sun
07-02-1997,25.0,31.2,27.8,76.0,8888.0,6.3,6.0,290.0,2.0,SW,Rain
08-02-1997,25.0,31.2,27.7,68.0,0.0,4.2,3.0,250.0,2.0,SW,Sun
09-02-1997,24.0,27.8,25.3,85.0,8888.0,5.0,8.0,200.0,2.0,SE,Rain
10-02-1997,25.0,30.2,26.8,72.0,0.0,3.3,5.0,200.0,2.0,S ,Sun
11-02-1997,25.0,31.4,28.5,73.0,0.0,6.2,5.0,280.0,2.0,W ,Sun
12-02-1997,25.0,30.5,27.3,75.0,0.0,4.8,9.0,220.0,3.0,SW,Sun
13-02-1997,25.0,30.3,26.6,80.0,2.0,2.0,5.0,280.0,2.0,W ,Drizzle
14-02-1997,25.0,30.0,27.4,75.0,0.8,2.6,5.0,290.0,2.0,W ,Sun
15-02-1997,25.0,30.8,27.6,74.0,0.0,5.5,5.0,300.0,2.0,W ,Sun
16-02-1997,26.0,31.9,28.4,70.0,0.0,4.0,5.0,300.0,2.0,W ,Sun
17-02-1997,25.0,32.4,28.3,68.0,8888.0,5.8,5.0,280.0,3.0,W ,Rain
18-02-1997,24.0,29.6,26.7,80.0,12.9,4.1,5.0,310.0,2.0,W ,Rain
19-02-1997,24.0,28.8,26.2,82.0,3.0,4.3,5.0,290.0,2.0,W ,Drizzle
20-02-1997,24.0,30.6,26.9,78.0,4.0,2.7,6.0,280.0,2.0,W ,Drizzle
21-02-1997,25.0,26.6,25.3,90.0,9.0,4.4,6.0,300.0,1.0,W ,Rain
22-02-1997,24.0,27.0,25.8,86.0,4.2,4.5,2.0,290.0,0.0,W ,Drizzle
23-02-1997,24.0,31.8,27.9,74.0,0.0,2.9,5.0,270.0,3.0,W ,Sun
24-02-1997,23.0,30.2,26.1,80.0,7.0,6.8,9.0,290.0,3.0,W ,Rain
25-02-1997,22.0,29.6,24.8,84.0,19.0,5.7,5.0,270.0,2.0,W ,Rain
26-02-1997,24.0,28.0,25.8,87.0,5.6,3.1,5.0,280.0,1.0,W ,Rain
27-02-1997,24.0,28.6,26.3,86.0,0.0,2.7,5.0,270.0,2.0,W ,Sun
28-02-1997,25.0,28.4,26.3,82.0,1.2,4.5,5.0,310.0,2.0,W ,Drizzle
01-03-1997,25.0,30.4,27.6,74.0,9.8,4.4,5.0,280.0,3.0,W ,Rain
02-03-1997,26.0,31.9,28.3,78.0,0.8,4.0,5.0,300.0,3.0,W ,Sun
03-03-1997,25.0,29.5,26.3,84.0,18.0,3.2,6.0,290.0,2.0,W ,Rain
04-03-1997,25.0,29.8,27.4,80.0,0.8,3.8,7.0,290.0,3.0,W ,Sun
05-03-1997,24.0,28.4,26.5,90.0,14.3,4.6,4.0,260.0,2.0,W ,Rain
06-03-1997,24.0,30.8,26.5,81.0,0.0,2.6,8.0,250.0,2.0,W ,Sun
07-03-1997,25.0,32.0,27.5,76.0,0.0,3.4,8.0,200.0,2.0,W ,Sun
08-03-1997,24.0,30.6,26.9,69.0,0.0,3.0,5.0,230.0,2.0,SW,Sun
09-03-1997,25.0,31.7,27.7,75.0,0.0,6.9,5.0,340.0,2.0,W ,Sun
10-03-1997,25.0,30.7,27.5,76.0,1.4,7.7,3.0,180.0,2.0,W ,Drizzle
11-03-1997,24.0,31.2,26.8,80.0,5.0,6.6,5.0,270.0,2.0,W ,Drizzle
12-03-1997,25.0,30.8,27.1,81.0,0.0,5.8,4.0,250.0,2.0,W ,Sun
13-03-1997,25.0,32.4,27.6,77.0,0.0,4.6,5.0,180.0,2.0,N ,Sun
14-03-1997,25.0,31.1,27.8,80.0,3.0,3.5,5.0,20.0,2.0,NW,Drizzle
15-03-1997,25.0,31.2,27.8,78.0,0.0,3.4,4.0,70.0,1.0,N ,Sun
16-03-1997,26.0,31.0,28.0,80.0,0.0,3.9,4.0,100.0,2.0,N ,Sun
17-03-1997,25.0,31.2,27.4,81.0,4.2,5.8,4.0,320.0,0.0,W ,Drizzle
18-03-1997,25.0,31.2,27.4,77.0,0.0,7.5,5.0,70.0,2.0,E ,Sun
19-03-1997,25.0,31.1,27.8,76.0,0.0,7.0,4.0,110.0,2.0,N ,Sun
20-03-1997,25.0,31.8,27.8,73.0,0.0,3.0,5.0,70.0,3.0,E ,Sun
21-03-1997,26.0,33.4,29.0,74.0,0.0,4.6,5.0,60.0,2.0,E ,Sun
22-03-1997,24.0,32.4,28.2,76.0,3.0,5.8,5.0,90.0,2.0,E ,Drizzle
23-03-1997,26.0,32.0,28.2,72.0,0.0,7.5,5.0,70.0,2.0,N ,Sun
24-03-1997,25.0,32.2,28.7,74.0,0.0,6.1,6.0,80.0,2.0,E ,Sun
25-03-1997,25.0,31.6,27.3,78.0,1.0,3.0,6.0,40.0,3.0,NE,Drizzle
26-03-1997,27.0,33.0,29.0,74.0,0.0,3.4,4.0,70.0,2.0,E ,Sun
27-03-1997,27.0,33.0,29.4,72.0,0.0,2.2,5.0,150.0,3.0,E ,Sun
28-03-1997,27.0,32.6,29.3,74.0,0.0,7.4,6.0,50.0,2.0,E ,Sun
29-03-1997,25.0,32.0,29.0,75.0,0.0,4.2,7.0,60.0,2.0,E ,Sun
30-03-1997,26.0,32.6,28.9,73.0,0.0,5.8,6.0,50.0,3.0,NE,Sun
31-03-1997,26.0,33.4,29.3,64.0,0.0,2.9,5.0,40.0,3.0,E ,Sun
01-04-1997,25.0,32.2,28.4,76.0,0.0,3.5,6.0,120.0,1.0,E ,Sun
02-04-1997,25.0,31.2,27.9,76.0,0.4,3.5,7.0,240.0,2.0,SW,Sun
03-04-1997,25.0,31.2,27.9,74.0,0.5,3.4,4.0,100.0,2.0,E ,Sun
04-04-1997,25.0,31.2,27.9,75.0,2.0,6.7,5.0,70.0,2.0,E ,Drizzle
05-04-1997,24.0,31.5,27.1,79.0,8888.0,1.9,4.0,350.0,1.0,N ,Rain
06-04-1997,26.0,32.7,29.1,70.0,0.0,2.0,6.0,360.0,2.0,E ,Sun
07-04-1997,26.0,32.0,29.2,70.0,0.0,4.1,5.0,90.0,2.0,E ,Sun
08-04-1997,23.0,30.7,26.6,81.0,17.5,3.7,14.0,220.0,2.0,E ,Rain
09-04-1997,25.0,31.5,27.7,81.0,0.0,6.7,3.0,290.0,2.0,N ,Sun
10-04-1997,26.0,30.8,28.1,76.0,0.0,1.8,5.0,70.0,2.0,N ,Sun
11-04-1997,25.0,30.8,28.1,76.0,0.6,3.3,5.0,350.0,2.0,N ,Sun
12-04-1997,25.0,31.0,27.7,72.0,2.6,5.3,5.0,160.0,2.0,SE,Drizzle
13-04-1997,25.0,31.6,28.0,71.0,1.2,2.0,4.0,360.0,2.0,N ,Drizzle
14-04-1997,25.0,27.2,25.9,85.0,2.5,2.4,5.0,90.0,2.0,E ,Drizzle
15-04-1997,25.0,31.1,27.5,78.0,0.0,3.5,4.0,330.0,2.0,E ,Sun
16-04-1997,24.0,32.7,28.4,71.0,1.5,4.0,5.0,70.0,2.0,NE,Drizzle
17-04-1997,24.0,31.0,26.3,84.0,27.0,5.1,5.0,90.0,1.0,E ,Rain
18-04-1997,24.0,31.1,27.4,78.0,0.0,4.6,5.0,290.0,2.0,N ,Sun
19-04-1997,25.0,31.6,27.5,74.0,0.0,1.9,4.0,50.0,2.0,E ,Sun
20-04-1997,25.0,32.4,28.7,71.0,0.0,1.8,5.0,60.0,2.0,NE,Sun
21-04-1997,26.0,32.4,28.3,76.0,8888.0,7.4,8.0,90.0,2.0,NE,Rain
22-04-1997,25.0,30.9,27.4,82.0,8888.0,7.5,6.0,80.0,2.0,E ,Rain
23-04-1997,26.0,29.4,27.3,85.0,0.0,2.7,4.0,50.0,2.0,E ,Sun
24-04-1997,24.0,28.1,26.6,88.0,20.7,4.0,5.0,100.0,1.0,E ,Rain
25-04-1997,25.0,32.5,27.9,74.0,0.0,6.4,6.0,60.0,3.0,NE,Sun
26-04-1997,25.0,33.0,29.0,72.0,0.0,1.8,5.0,80.0,2.0,E ,Sun
27-04-1997,25.0,32.8,28.5,76.0,0.0,3.6,5.0,60.0,2.0,NE,Sun
28-04-1997,26.0,33.6,28.1,74.0,0.4,6.7,10.0,90.0,2.0,E ,Sun
29-04-1997,26.0,30.1,27.4,80.0,8888.0,5.0,4.0,60.0,2.0,NE,Rain
30-04-1997,25.0,29.8,27.5,80.0,0.0,6.9,5.0,80.0,2.0,E ,Sun
01-05-1997,26.0,32.0,27.9,77.0,0.0,7.7,0.0,300.0,2.0,N ,Sun
02-05-1997,26.0,32.4,28.3,76.0,0.0,4.8,5.0,180.0,2.0,E ,Sun
03-05-1997,24.0,31.0,27.0,87.0,20.4,7.8,5.0,90.0,1.0,E ,Rain
04-05-1997,26.0,31.3,28.1,76.0,0.0,7.0,4.0,40.0,2.0,NE,Sun
05-05-1997,26.0,31.3,28.6,76.0,0.0,6.3,4.0,20.0,2.0,E ,Sun
06-05-1997,26.0,31.9,28.4,76.0,0.0,7.0,5.0,60.0,2.0,NE,Sun
07-05-1997,26.0,31.2,28.1,78.0,8888.0,7.0,5.0,80.0,2.0,S ,Rain
08-05-1997,25.0,29.6,27.9,76.0,23.0,3.8,5.0,200.0,2.0,S ,Rain
09-05-1997,26.0,32.1,28.4,75.0,0.0,3.5,5.0,150.0,2.0,E ,Sun
10-05-1997,25.0,32.0,28.4,77.0,1.7,6.6,5.0,80.0,1.0,NE,Drizzle
11-05-1997,26.0,31.5,27.9,76.0,1.7,7.0,4.0,360.0,1.0,N ,Drizzle
12-05-1997,26.0,32.0,28.5,77.0,0.0,7.4,3.0,90.0,0.0,E ,Sun
13-05-1997,25.0,32.0,28.8,74.0,0.0,4.0,4.0,70.0,1.0,E ,Sun
14-05-1997,26.0,32.6,28.4,74.0,0.0,6.5,4.0,360.0,1.0,E ,Sun
15-05-1997,26.0,31.2,28.0,76.0,8888.0,5.1,4.0,100.0,2.0,N ,Rain
16-05-1997,26.0,33.0,29.4,73.0,0.0,3.7,5.0,260.0,2.0,W ,Sun
17-05-1997,26.0,32.3,28.9,70.0,0.0,3.9,4.0,350.0,1.0,N ,Sun
18-05-1997,26.0,31.3,28.3,76.0,0.0,7.5,4.0,350.0,1.0,N ,Sun
19-05-1997,25.0,31.6,28.6,74.0,0.0,2.6,3.0,90.0,2.0,E ,Sun
20-05-1997,24.0,30.7,27.3,80.0,25.5,3.0,5.0,270.0,1.0,W ,Rain
21-05-1997,25.0,30.0,26.8,80.0,0.0,6.2,4.0,200.0,1.0,N ,Sun
22-05-1997,25.0,31.6,27.7,77.0,1.1,7.4,4.0,290.0,2.0,S ,Drizzle
23-05-1997,24.0,30.5,27.6,80.0,0.0,6.3,3.0,270.0,1.0,SW,Sun
24-05-1997,24.0,31.5,28.4,78.0,30.4,7.3,4.0,350.0,2.0,N ,Rain
25-05-1997,25.0,31.2,28.0,77.0,0.0,6.7,5.0,340.0,2.0,N ,Sun
26-05-1997,26.0,32.8,28.6,68.0,0.4,3.8,5.0,60.0,2.0,S ,Sun
27-05-1997,25.0,32.6,28.4,75.0,8888.0,4.0,5.0,100.0,2.0,NE,Rain
28-05-1997,26.0,31.3,27.9,75.0,0.0,4.3,4.0,70.0,2.0,E ,Sun
29-05-1997,26.0,31.8,28.5,72.0,0.0,4.0,4.0,150.0,2.0,E ,Sun
30-05-1997,26.0,32.2,28.5,73.0,0.0,5.4,4.0,340.0,2.0,W ,Sun
31-05-1997,25.0,32.8,29.2,71.0,0.0,3.4,5.0,80.0,2.0,N ,Sun
01-06-1997,25.0,32.0,28.2,74.0,0.0,2.2,5.0,70.0,3.0,E ,Sun
02-06-1997,26.0,32.9,28.7,68.0,0.0,3.2,4.0,80.0,2.0,E ,Sun
03-06-1997,26.0,31.6,28.5,70.0,0.0,2.0,4.0,360.0,2.0,N ,Sun
04-06-1997,26.0,31.5,28.4,72.0,0.0,3.5,4.0,40.0,2.0,N ,Sun
05-06-1997,26.0,32.2,28.5,72.0,0.0,1.8,5.0,120.0,3.0,NE,Sun
06-06-1997,26.0,32.1,28.6,72.0,0.0,1.8,6.0,90.0,2.0,E ,Sun
07-06-1997,25.0,32.2,28.8,70.0,0.0,3.1,5.0,80.0,2.0,E ,Sun
08-06-1997,25.0,31.9,28.3,73.0,0.0,3.2,5.0,80.0,2.0,E ,Sun
09-06-1997,26.0,32.6,28.7,68.0,0.0,2.6,8.0,90.0,3.0,E ,Sun
10-06-1997,26.0,32.2,28.6,70.0,0.0,2.6,5.0,90.0,2.0,E ,Sun
11-06-1997,26.0,31.8,28.3,72.0,0.0,1.6,6.0,320.0,2.0,N ,Sun
12-06-1997,26.0,32.4,28.5,72.0,0.0,1.5,5.0,360.0,2.0,NE,Sun
13-06-1997,25.0,32.2,28.2,74.0,0.0,1.8,6.0,100.0,2.0,E ,Sun
14-06-1997,25.0,32.4,28.4,70.0,0.0,2.4,5.0,110.0,2.0,E ,Sun
15-06-1997,25.0,32.6,28.6,67.0,0.0,1.8,7.0,80.0,3.0,E ,Sun
16-06-1997,25.0,32.6,28.5,66.0,0.0,1.8,6.0,60.0,3.0,E ,Sun
17-06-1997,25.0,32.1,28.5,68.0,0.4,3.0,4.0,100.0,2.0,E ,Sun
18-06-1997,25.0,31.4,27.8,74.0,0.0,3.2,5.0,40.0,2.0,E ,Sun
19-06-1997,25.0,32.2,28.9,71.0,0.0,3.2,4.0,90.0,2.0,E ,Sun
20-06-1997,25.0,31.2,28.1,78.0,0.7,2.8,5.0,110.0,2.0,E ,Sun
21-06-1997,25.0,31.7,28.5,71.0,0.0,2.0,3.0,110.0,2.0,E ,Sun
22-06-1997,25.0,32.6,28.3,68.0,0.0,1.6,5.0,90.0,2.0,E ,Sun
23-06-1997,26.0,32.8,28.9,71.0,0.0,2.2,4.0,80.0,2.0,E ,Sun
24-06-1997,24.0,32.1,28.5,71.0,0.0,2.1,5.0,90.0,2.0,E ,Sun
25-06-1997,25.0,31.6,28.1,71.0,0.0,4.8,6.0,50.0,2.0,E ,Sun
26-06-1997,25.0,32.5,28.4,65.0,0.0,3.6,5.0,70.0,2.0,E ,Sun
27-06-1997,25.0,32.4,28.4,61.0,0.0,4.3,5.0,80.0,3.0,E ,Sun
28-06-1997,25.0,33.2,29.0,56.0,0.0,5.3,6.0,100.0,3.0,E ,Sun
29-06-1997,24.0,33.0,28.1,61.0,0.0,5.1,5.0,80.0,2.0,E ,Sun
30-06-1997,24.0,32.3,26.8,61.0,0.0,2.6,4.0,90.0,2.0,E ,Sun
01-07-1997,25.0,33.2,27.8,62.0,0.0,3.4,5.0,70.0,2.0,E ,Sun
02-07-1997,25.0,31.8,27.6,67.0,8888.0,3.0,5.0,340.0,2.0,N ,Rain
03-07-1997,25.0,30.5,28.1,72.0,0.0,3.2,5.0,360.0,2.0,E ,Sun
04-07-1997,24.0,27.4,26.3,82.0,1.0,2.9,4.0,260.0,2.0,N ,Drizzle
05-07-1997,24.0,32.1,27.5,76.0,0.0,1.4,4.0,20.0,2.0,E ,Sun
06-07-1997,25.0,30.6,27.9,76.0,0.0,3.3,4.0,110.0,1.0,E ,Sun
07-07-1997,25.0,32.4,28.3,66.0,0.0,2.6,5.0,50.0,1.0,NE,Sun
08-07-1997,24.0,32.1,27.4,62.0,0.0,4.0,4.0,20.0,2.0,N ,Sun
09-07-1997,24.0,31.6,27.1,72.0,0.0,4.1,6.0,70.0,3.0,N ,Sun
10-07-1997,24.0,32.8,27.9,64.0,0.0,1.6,3.0,300.0,2.0,N ,Sun
11-07-1997,24.0,32.0,27.5,66.0,0.0,3.4,5.0,100.0,2.0,E ,Sun
12-07-1997,25.0,31.0,27.3,70.0,0.0,5.1,4.0,330.0,2.0,NW,Sun
13-07-1997,25.0,30.9,27.5,66.0,0.0,3.8,4.0,30.0,2.0,NE,Sun
14-07-1997,25.0,30.6,27.0,68.0,0.0,5.0,4.0,20.0,2.0,E ,Sun
15-07-1997,24.0,31.9,27.6,67.0,0.0,2.6,5.0,30.0,2.0,E ,Sun
16-07-1997,25.0,32.7,28.0,66.0,0.0,3.5,6.0,90.0,3.0,E ,Sun
17-07-1997,25.0,32.0,27.8,68.0,0.0,5.5,5.0,80.0,2.0,E ,Sun
18-07-1997,25.0,33.8,28.9,64.0,0.0,5.5,5.0,110.0,2.0,NE,Sun
19-07-1997,25.0,32.2,27.8,68.0,0.0,1.9,5.0,90.0,2.0,E ,Sun
20-07-1997,24.0,31.9,27.6,64.0,0.0,2.5,6.0,60.0,2.0,NE,Sun
21-07-1997,23.0,31.0,26.8,65.0,0.0,4.9,5.0,20.0,2.0,N ,Sun
22-07-1997,25.0,30.9,27.5,64.0,0.0,5.3,5.0,350.0,2.0,N ,Sun
23-07-1997,25.0,31.0,27.9,67.0,0.0,5.4,5.0,90.0,2.0,E ,Sun
24-07-1997,25.0,32.0,27.9,69.0,0.0,4.6,5.0,70.0,2.0,E ,Sun
25-07-1997,25.0,31.2,27.8,68.0,0.0,4.6,4.0,50.0,2.0,NE,Sun
26-07-1997,25.0,31.4,27.7,70.0,0.0,5.5,5.0,340.0,2.0,N ,Sun
27-07-1997,24.0,31.4,27.9,66.0,0.0,4.7,5.0,270.0,2.0,NW,Sun
28-07-1997,25.0,31.5,27.5,61.0,0.0,5.5,5.0,70.0,2.0,E ,Sun
29-07-1997,25.0,31.9,27.9,66.0,0.0,3.7,5.0,360.0,2.0,NE,Sun
30-07-1997,26.0,30.6,27.8,70.0,0.0,6.0,5.0,360.0,3.0,E ,Sun
31-07-1997,25.0,31.2,28.2,69.0,0.0,1.8,5.0,80.0,2.0,E ,Sun
01-08-1997,24.0,31.4,27.9,73.0,0.0,5.4,4.0,70.0,2.0,E ,Sun
02-08-1997,24.0,30.6,26.8,68.0,8888.0,4.8,5.0,20.0,2.0,N ,Rain
03-08-1997,24.0,31.6,27.3,66.0,0.0,4.6,5.0,40.0,2.0,NE,Sun
04-08-1997,25.0,31.4,27.3,67.0,0.0,5.8,4.0,100.0,2.0,E ,Sun
05-08-1997,25.0,32.8,28.2,65.0,0.0,4.8,5.0,340.0,2.0,N ,Sun
06-08-1997,24.0,30.8,27.7,74.0,0.0,3.2,4.0,350.0,1.0,N ,Sun
07-08-1997,25.0,31.2,27.2,74.0,0.0,4.3,5.0,350.0,2.0,N ,Sun
08-08-1997,26.0,31.7,28.3,74.0,1.0,3.2,4.0,80.0,2.0,E ,Drizzle
09-08-1997,24.0,31.4,28.2,70.0,0.0,5.3,5.0,90.0,2.0,E ,Sun
10-08-1997,25.0,30.2,27.2,68.0,0.0,4.9,5.0,330.0,2.0,N ,Sun
11-08-1997,26.0,32.2,28.4,66.0,0.0,4.6,5.0,360.0,2.0,E ,Sun
12-08-1997,26.0,31.5,28.4,68.0,0.0,2.8,5.0,360.0,2.0,S ,Sun
13-08-1997,25.0,31.9,28.0,72.0,0.0,3.8,5.0,360.0,2.0,NE,Sun
14-08-1997,25.0,31.2,27.8,68.0,0.0,4.9,5.0,250.0,2.0,N ,Sun
15-08-1997,26.0,31.0,27.7,70.0,0.0,5.3,4.0,240.0,2.0,S ,Sun
16-08-1997,25.0,31.5,28.4,69.0,0.0,3.1,4.0,100.0,2.0,E ,Sun
17-08-1997,25.0,32.0,28.0,64.0,0.0,3.8,3.0,210.0,1.0,S ,Sun
18-08-1997,24.0,31.2,27.5,67.0,0.0,5.0,5.0,360.0,2.0,N ,Sun
19-08-1997,24.0,30.6,27.2,62.0,0.0,2.2,4.0,340.0,2.0,N ,Sun
20-08-1997,23.0,31.6,27.2,63.0,0.0,2.8,4.0,360.0,2.0,N ,Sun
21-08-1997,24.0,30.7,26.7,66.0,0.0,3.0,5.0,350.0,2.0,N ,Sun
22-08-1997,24.0,31.0,27.5,69.0,0.0,5.4,5.0,350.0,2.0,N ,Sun
23-08-1997,24.0,31.6,27.3,64.0,0.0,5.1,4.0,350.0,1.0,N ,Sun
24-08-1997,25.0,31.6,27.2,66.0,0.0,6.1,4.0,360.0,2.0,N ,Sun
25-08-1997,25.0,31.2,27.2,70.0,0.0,5.0,5.0,70.0,2.0,E ,Sun
26-08-1997,25.0,32.9,28.0,67.0,0.0,4.3,6.0,90.0,2.0,E ,Sun
27-08-1997,25.0,32.8,28.1,66.0,0.0,5.8,5.0,80.0,3.0,E ,Sun
28-08-1997,25.0,30.6,27.3,76.0,0.0,5.0,5.0,360.0,2.0,NW,Sun
29-08-1997,24.0,30.5,27.0,73.0,0.0,5.8,5.0,310.0,2.0,W ,Sun
30-08-1997,24.0,31.8,28.5,70.0,0.0,3.7,3.0,10.0,2.0,N ,Sun
31-08-1997,25.0,30.4,27.1,70.0,0.0,3.4,5.0,360.0,2.0,N ,Sun
01-09-1997,25.0,30.2,27.2,70.0,0.0,3.8,5.0,40.0,1.0,N ,Sun
02-09-1997,26.0,31.6,27.9,71.0,0.0,5.0,5.0,70.0,2.0,E ,Sun
03-09-1997,26.0,31.9,28.4,70.0,0.0,3.1,5.0,70.0,2.0,E ,Sun
04-09-1997,25.0,32.4,28.4,73.0,0.0,3.6,8.0,360.0,2.0,N ,Sun
05-09-1997,25.0,31.8,28.0,76.0,0.0,5.3,4.0,360.0,2.0,N ,Sun
06-09-1997,25.0,31.9,28.1,70.0,0.0,3.1,4.0,350.0,1.0,N ,Sun
07-09-1997,25.0,31.2,27.7,70.0,0.0,4.0,5.0,20.0,2.0,E ,Sun
08-09-1997,25.0,30.6,27.6,68.0,0.0,5.7,5.0,90.0,2.0,E ,Sun
09-09-1997,25.0,31.4,27.9,68.0,0.0,5.4,6.0,40.0,2.0,E ,Sun
10-09-1997,25.0,32.4,28.1,64.0,0.0,6.5,5.0,70.0,2.0,E ,Sun
11-09-1997,25.0,33.6,28.7,60.0,0.0,4.4,6.0,60.0,2.0,E ,Sun
12-09-1997,25.0,34.9,29.3,57.0,0.0,4.2,12.0,80.0,3.0,E ,Sun
13-09-1997,25.0,34.9,28.7,56.0,0.0,6.2,7.0,90.0,3.0,E ,Sun
14-09-1997,24.0,30.8,26.9,66.0,0.0,6.4,5.0,30.0,2.0,E ,Sun
15-09-1997,25.0,33.0,28.1,66.0,0.0,6.6,4.0,80.0,2.0,N ,Sun
16-09-1997,26.0,31.0,27.9,71.0,0.0,6.6,7.0,350.0,3.0,N ,Sun
17-09-1997,26.0,33.4,29.4,65.0,0.0,6.6,6.0,30.0,2.0,NE,Sun
18-09-1997,25.0,33.5,28.6,66.0,0.0,6.5,5.0,360.0,2.0,E ,Sun
19-09-1997,25.0,33.1,28.5,71.0,0.0,5.5,4.0,350.0,1.0,N ,Sun
20-09-1997,25.0,31.2,27.7,64.0,0.0,2.8,6.0,360.0,2.0,N ,Sun
21-09-1997,25.0,31.8,27.7,65.0,0.0,4.5,3.0,90.0,2.0,E ,Sun
22-09-1997,25.0,32.2,28.1,67.0,0.0,5.3,6.0,40.0,3.0,E ,Sun
23-09-1997,25.0,33.1,28.2,62.0,0.0,4.8,5.0,150.0,2.0,NE,Sun
24-09-1997,25.0,31.7,27.8,65.0,0.0,4.4,5.0,300.0,2.0,N ,Sun
25-09-1997,25.0,32.0,27.9,68.0,0.0,3.6,4.0,10.0,2.0,N ,Sun
26-09-1997,24.0,30.8,27.6,72.0,0.0,4.2,4.0,360.0,2.0,N ,Sun
27-09-1997,25.0,34.0,29.7,62.0,0.0,4.3,8.0,160.0,2.0,E ,Sun
28-09-1997,25.0,31.5,27.9,69.0,0.0,4.0,6.0,360.0,2.0,N ,Sun
29-09-1997,24.0,32.1,27.8,68.0,0.0,4.2,5.0,20.0,2.0,N ,Sun
30-09-1997,25.0,30.6,27.2,66.0,0.0,4.7,5.0,150.0,2.0,S ,Sun
01-10-1997,26.0,31.6,27.9,68.0,0.0,4.3,5.0,290.0,2.0,W ,Sun
02-10-1997,24.0,30.8,28.4,74.0,0.0,5.8,5.0,350.0,1.0,N ,Sun
03-10-1997,25.0,31.2,27.5,75.0,0.0,4.3,4.0,340.0,2.0,N ,Sun
04-10-1997,26.0,32.2,28.4,71.0,0.0,3.5,5.0,10.0,2.0,N ,Sun
05-10-1997,26.0,31.7,28.3,70.0,0.0,2.4,5.0,350.0,2.0,N ,Sun
06-10-1997,25.0,31.4,28.3,72.0,0.0,4.2,4.0,350.0,2.0,NW,Sun
07-10-1997,26.0,32.7,28.3,70.0,0.0,5.9,5.0,350.0,3.0,N ,Sun
08-10-1997,25.0,32.2,28.5,71.0,0.0,4.2,4.0,350.0,2.0,N ,Sun
09-10-1997,25.0,31.6,27.9,64.0,0.0,5.6,5.0,10.0,2.0,N ,Sun
10-10-1997,25.0,31.4,27.5,71.0,0.0,6.4,5.0,350.0,2.0,N ,Sun
11-10-1997,25.0,33.1,28.2,66.0,0.0,7.4,7.0,350.0,2.0,N ,Sun
12-10-1997,25.0,32.6,28.4,64.0,0.0,6.4,4.0,10.0,2.0,N ,Sun
13-10-1997,25.0,35.9,29.6,53.0,0.0,6.6,11.0,360.0,4.0,N ,Sun
14-10-1997,25.0,31.2,28.0,62.0,0.0,4.6,5.0,180.0,3.0,N ,Sun
15-10-1997,25.0,32.7,28.3,69.0,0.0,1.9,5.0,360.0,2.0,NE,Sun
16-10-1997,25.0,31.6,28.3,75.0,0.0,3.4,5.0,40.0,2.0,N ,Sun
17-10-1997,25.0,32.5,28.1,74.0,0.0,5.4,6.0,350.0,2.0,N ,Sun
18-10-1997,26.0,32.5,28.9,72.0,0.0,6.4,5.0,360.0,2.0,N ,Sun
19-10-1997,25.0,32.0,28.6,71.0,0.0,7.7,5.0,20.0,2.0,N ,Sun
20-10-1997,25.0,33.0,28.9,68.0,0.0,4.4,5.0,40.0,3.0,N ,Sun
21-10-1997,25.0,31.9,28.2,62.0,0.0,4.2,5.0,170.0,3.0,S ,Sun
22-10-1997,25.0,31.6,28.2,72.0,0.0,0.0,5.0,290.0,2.0,N ,Sun
23-10-1997,25.0,32.6,28.6,74.0,0.0,3.8,5.0,10.0,2.0,N ,Sun
24-10-1997,26.0,32.3,28.0,72.0,0.0,2.7,4.0,360.0,1.0,N ,Sun
25-10-1997,26.0,31.2,28.0,72.0,0.0,3.4,5.0,90.0,2.0,E ,Sun
26-10-1997,26.0,31.9,28.4,74.0,0.0,3.6,5.0,10.0,2.0,N ,Sun
27-10-1997,26.0,33.8,29.1,69.0,0.0,3.2,5.0,360.0,2.0,N ,Sun
28-10-1997,27.0,34.4,29.7,64.0,0.0,4.6,5.0,90.0,3.0,E ,Sun
29-10-1997,26.0,33.4,30.0,64.0,0.0,4.8,5.0,340.0,2.0,N ,Sun
30-10-1997,25.0,34.8,29.3,66.0,0.0,4.0,5.0,360.0,2.0,N ,Sun
31-10-1997,26.0,32.5,29.1,68.0,0.0,3.8,5.0,270.0,2.0,W ,Sun
01-11-1997,25.0,32.7,28.4,65.0,0.0,4.4,5.0,350.0,1.0,N ,Sun
02-11-1997,25.0,32.0,28.2,63.0,0.0,4.5,7.0,350.0,3.0,N ,Sun
03-11-1997,26.0,32.8,28.5,66.0,0.0,4.6,5.0,340.0,2.0,N ,Sun
04-11-1997,26.0,33.6,28.9,71.0,0.0,4.8,5.0,30.0,2.0,NW,Sun
05-11-1997,26.0,33.3,28.9,70.0,0.0,5.0,5.0,350.0,2.0,N ,Sun
06-11-1997,27.0,32.2,29.0,72.0,0.0,3.6,4.0,30.0,2.0,N ,Sun
07-11-1997,27.0,32.6,29.0,74.0,0.0,4.8,6.0,10.0,2.0,N ,Sun
08-11-1997,26.0,31.9,29.3,71.0,0.0,4.7,6.0,360.0,2.0,N ,Sun
09-11-1997,26.0,31.8,28.6,69.0,0.0,4.7,5.0,340.0,2.0,NE,Sun
10-11-1997,25.0,31.8,27.8,77.0,8.5,3.8,5.0,320.0,2.0,NE,Rain
11-11-1997,25.0,32.3,27.8,79.0,8888.0,3.6,4.0,40.0,2.0,N ,Rain
12-11-1997,26.0,32.3,28.9,72.0,8888.0,4.6,6.0,340.0,2.0,NE,Rain
13-11-1997,26.0,33.6,29.2,69.0,0.0,4.7,6.0,350.0,2.0,NE,Sun
14-11-1997,24.0,32.0,28.4,75.0,2.0,4.0,6.0,90.0,2.0,E ,Drizzle
15-11-1997,26.0,31.4,28.7,74.0,2.0,3.6,5.0,10.0,2.0,N ,Drizzle
16-11-1997,26.0,32.1,28.8,72.0,0.0,4.6,5.0,350.0,2.0,NW,Sun
17-11-1997,26.0,32.8,28.9,70.0,0.0,3.6,5.0,350.0,2.0,N ,Sun
18-11-1997,25.0,31.8,28.6,74.0,14.8,3.8,5.0,350.0,2.0,N ,Rain
19-11-1997,24.0,31.9,28.1,74.0,5.8,3.7,4.0,340.0,2.0,W ,Rain
20-11-1997,25.0,31.3,27.8,79.0,0.0,4.6,5.0,340.0,1.0,N ,Sun
21-11-1997,26.0,31.6,28.7,74.0,0.0,4.5,4.0,10.0,0.0,N ,Sun
22-11-1997,25.0,31.4,28.4,74.0,1.6,4.8,5.0,210.0,2.0,SW,Drizzle
23-11-1997,25.0,30.3,27.3,80.0,8888.0,4.6,5.0,310.0,1.0,W ,Rain
24-11-1997,26.0,31.7,28.5,76.0,0.0,5.0,4.0,40.0,2.0,W ,Sun
25-11-1997,26.0,32.2,28.8,74.0,0.0,4.8,5.0,340.0,2.0,N ,Sun
26-11-1997,26.0,32.1,28.2,73.0,0.0,3.6,5.0,360.0,1.0,N ,Sun
27-11-1997,25.0,30.8,27.6,86.0,26.5,2.8,4.0,50.0,1.0,W ,Rain
28-11-1997,25.0,31.2,27.3,78.0,0.0,4.7,6.0,330.0,2.0,N ,Sun
29-11-1997,25.0,32.2,27.8,76.0,0.0,4.8,5.0,250.0,2.0,N ,Sun
30-11-1997,26.0,31.8,28.0,74.0,0.0,5.2,5.0,290.0,2.0,N ,Sun
01-12-1997,26.0,31.2,28.5,74.0,0.8,3.2,6.0,360.0,2.0,NE,Sun
02-12-1997,24.0,31.8,27.3,82.0,20.5,2.2,4.0,320.0,2.0,NW,Rain
03-12-1997,25.0,32.3,28.2,78.0,0.0,5.8,5.0,350.0,2.0,N ,Sun
04-12-1997,26.0,32.9,28.7,74.0,0.0,4.4,5.0,50.0,2.0,E ,Sun
05-12-1997,26.0,32.1,28.6,76.0,4.0,1.8,5.0,350.0,2.0,NW,Drizzle
06-12-1997,23.0,30.6,27.1,84.0,9.9,0.0,4.0,140.0,1.0,SE,Rain
07-12-1997,24.0,31.8,27.8,81.0,0.0,3.0,4.0,70.0,2.0,E ,Sun
08-12-1997,25.0,31.0,27.9,77.0,0.0,0.0,5.0,350.0,2.0,N ,Sun
09-12-1997,26.0,30.0,27.9,78.0,0.0,0.0,3.0,360.0,2.0,SW,Sun
10-12-1997,26.0,30.4,28.3,76.0,0.1,1.6,4.0,10.0,2.0,N ,Sun
11-12-1997,24.0,30.2,28.0,84.0,23.0,0.9,3.0,290.0,2.0,NW,Rain
12-12-1997,24.0,29.8,26.9,80.0,0.0,0.0,4.0,340.0,2.0,N ,Sun
13-12-1997,26.0,30.9,27.9,76.0,0.0,4.2,5.0,170.0,2.0,SW,Sun
14-12-1997,26.0,30.0,27.4,80.0,4.0,0.0,4.0,150.0,2.0,S ,Drizzle
15-12-1997,25.0,29.9,27.1,86.0,0.3,0.0,4.0,290.0,1.0,W ,Sun
16-12-1997,25.0,30.8,27.3,83.0,3.1,0.7,4.0,360.0,2.0,N ,Drizzle
17-12-1997,26.0,31.4,28.0,75.0,0.0,2.5,4.0,360.0,2.0,N ,Sun
18-12-1997,25.0,30.4,28.3,74.0,8888.0,0.6,3.0,350.0,2.0,N ,Rain
19-12-1997,26.0,34.6,29.0,73.0,0.0,6.9,6.0,290.0,2.0,W ,Sun
20-12-1997,25.0,31.0,28.1,75.0,0.0,2.2,5.0,180.0,2.0,SW,Sun
21-12-1997,26.0,31.4,28.1,70.0,8888.0,4.2,5.0,210.0,2.0,SW,Rain
22-12-1997,25.0,32.0,28.1,74.0,0.0,1.8,3.0,30.0,1.0,NE,Sun
23-12-1997,25.0,32.1,28.5,73.0,0.0,0.6,4.0,250.0,2.0,NW,Sun
24-12-1997,26.0,33.4,29.1,67.0,0.0,4.1,6.0,260.0,3.0,W ,Sun
25-12-1997,26.0,33.5,29.5,66.0,0.0,3.1,5.0,230.0,3.0,NW,Sun
26-12-1997,27.0,33.8,29.6,64.0,0.0,6.3,6.0,250.0,3.0,SW,Sun
27-12-1997,25.0,31.0,28.9,72.0,4.6,2.7,4.0,270.0,2.0,SW,Drizzle
28-12-1997,26.0,31.8,28.3,73.0,0.0,2.5,5.0,270.0,2.0,SW,Sun
29-12-1997,26.0,32.0,28.6,68.0,0.0,5.1,5.0,330.0,2.0,SW,Sun
30-12-1997,25.0,32.7,28.6,72.0,2.0,4.1,4.0,300.0,2.0,W ,Drizzle
31-12-1997,26.0,34.4,29.4,68.0,4.0,4.8,5.0,330.0,2.0,W ,Drizzle
01-01-1998,25.0,34.3,28.7,74.0,0.0,6.0,5.0,,3.0,W ,Sun
02-01-1998,26.0,32.6,29.1,70.0,0.0,7.3,5.0,,2.0,N ,Sun
03-01-1998,26.0,32.0,28.7,74.0,0.0,7.5,6.0,,3.0,NW,Sun
04-01-1998,26.0,31.6,28.5,73.0,0.0,3.6,5.0,,2.0,W ,Sun
05-01-1998,24.0,32.5,27.4,76.0,0.0,8.0,5.0,,2.0,W ,Sun
06-01-1998,25.0,33.8,28.1,76.0,8888.0,3.0,4.0,,2.0,NW,Rain
07-01-1998,26.0,32.3,29.3,72.0,8888.0,3.0,5.0,,2.0,NW,Rain
08-01-1998,27.0,32.3,29.1,78.0,0.1,4.1,4.0,,2.0,N ,Sun
09-01-1998,26.0,32.2,29.2,74.0,8888.0,2.0,5.0,,1.0,N ,Rain
10-01-1998,26.0,32.2,28.7,74.0,0.0,5.5,6.0,,3.0,NW,Sun
11-01-1998,26.0,33.8,29.2,72.0,8888.0,2.3,5.0,,2.0,N ,Rain
12-01-1998,26.0,32.0,28.5,76.0,0.8,8.0,4.0,,1.0,NE,Sun
13-01-1998,26.0,33.6,29.5,78.0,0.0,3.0,5.0,,1.0,NE,Sun
14-01-1998,26.0,31.8,28.1,81.0,0.0,4.5,4.0,,1.0,NE,Sun
15-01-1998,27.0,33.4,29.3,72.0,0.0,0.1,4.0,,1.0,NE,Sun
16-01-1998,27.0,33.3,29.9,78.0,0.0,7.0,4.0,,1.0,NW,Sun
17-01-1998,26.0,32.0,29.1,74.0,0.0,5.7,5.0,,2.0,NW,Sun
18-01-1998,26.0,33.0,29.4,73.0,3.2,1.5,5.0,,2.0,NW,Drizzle
19-01-1998,26.0,33.0,29.4,73.0,0.0,3.5,4.0,,1.0,N ,Sun
20-01-1998,26.0,31.1,28.5,75.0,8888.0,2.5,4.0,,1.0,N ,Rain
21-01-1998,25.0,29.8,27.3,83.0,18.9,0.0,3.0,,0.0,W ,Rain
22-01-1998,26.0,29.6,27.2,81.0,0.0,0.0,3.0,,1.0,W ,Sun
23-01-1998,25.0,30.8,28.1,78.0,0.0,0.0,10.0,,2.0,W ,Sun
24-01-1998,26.0,31.6,28.4,77.0,0.0,1.0,4.0,,2.0,W ,Sun
25-01-1998,27.0,31.5,28.3,77.0,0.0,2.5,4.0,,2.0,W ,Sun
26-01-1998,25.0,31.2,28.6,76.0,47.0,3.0,4.0,,1.0,W ,Rain
27-01-1998,24.0,31.3,27.3,77.0,3.5,6.0,4.0,,1.0,W ,Drizzle
28-01-1998,26.0,32.7,28.4,80.0,0.0,3.0,5.0,,4.0,W ,Sun
29-01-1998,25.0,30.2,28.1,86.0,31.5,4.3,5.0,,2.0,W ,Rain
30-01-1998,24.0,28.8,26.7,89.0,57.8,1.0,3.0,,1.0,W ,Rain
31-01-1998,25.0,30.6,27.3,78.0,0.0,0.0,4.0,,2.0,W ,Sun
01-02-1998,26.0,31.8,28.3,76.0,0.0,2.5,4.0,300.0,2.0,N ,Sun
02-02-1998,26.0,33.0,29.0,70.0,0.0,4.1,5.0,360.0,2.0,N ,Sun
03-02-1998,25.0,32.8,28.0,76.0,0.0,1.5,5.0,340.0,2.0,N ,Sun
04-02-1998,26.0,31.3,28.2,80.0,1.2,3.5,5.0,80.0,2.0,N ,Drizzle
05-02-1998,25.0,32.1,28.4,78.0,4.8,1.7,4.0,340.0,2.0,N ,Drizzle
06-02-1998,24.0,30.4,25.5,94.0,78.8,4.5,4.0,230.0,2.0,W ,Rain
07-02-1998,24.0,29.7,26.5,92.0,102.0,0.0,4.0,280.0,2.0,W ,Rain
08-02-1998,24.0,31.0,26.7,88.0,15.8,0.0,4.0,280.0,1.0,W ,Rain
09-02-1998,25.0,30.1,27.4,82.0,0.5,6.0,4.0,270.0,2.0,W ,Sun
10-02-1998,26.0,30.2,28.0,81.0,40.0,1.5,5.0,360.0,2.0,NW,Rain
11-02-1998,27.0,32.0,28.3,78.0,0.0,0.0,4.0,170.0,2.0,SW,Sun
12-02-1998,25.0,31.0,28.4,79.0,0.8,6.3,5.0,360.0,2.0,S ,Sun
13-02-1998,24.0,28.7,26.2,92.0,18.8,2.0,3.0,270.0,0.0,W ,Rain
14-02-1998,25.0,31.8,27.8,81.0,0.0,0.5,4.0,300.0,2.0,NW,Sun
15-02-1998,26.0,31.7,28.4,81.0,8888.0,3.7,4.0,260.0,2.0,W ,Rain
16-02-1998,26.0,31.5,28.6,75.0,0.0,3.0,5.0,200.0,2.0,W ,Sun
17-02-1998,26.0,31.4,28.9,80.0,0.8,3.1,4.0,170.0,2.0,W ,Sun
18-02-1998,26.0,32.0,28.2,75.0,0.0,0.0,5.0,200.0,3.0,SW,Sun
19-02-1998,25.0,31.8,28.4,78.0,40.9,3.0,4.0,270.0,1.0,SW,Rain
20-02-1998,24.0,32.0,27.8,84.0,17.2,4.5,5.0,270.0,2.0,W ,Rain
21-02-1998,25.0,28.5,26.5,90.0,5.9,3.0,3.0,250.0,1.0,W ,Rain
22-02-1998,25.0,31.2,28.0,80.0,0.0,0.0,5.0,270.0,2.0,W ,Sun
23-02-1998,25.0,31.8,28.1,77.0,0.0,3.0,5.0,300.0,2.0,NW,Sun
24-02-1998,27.0,32.0,29.2,76.0,0.0,7.7,4.0,315.0,1.0,NW,Sun
25-02-1998,25.0,32.4,28.4,79.0,2.4,6.0,5.0,160.0,2.0,SW,Drizzle
26-02-1998,25.0,30.6,28.5,81.0,28.5,4.5,5.0,200.0,2.0,W ,Rain
27-02-1998,23.0,27.6,26.4,94.0,162.2,0.5,4.0,270.0,1.0,W ,Rain
28-02-1998,25.0,30.0,27.0,87.0,1.5,0.0,4.0,350.0,1.0,W ,Drizzle
01-03-1998,25.0,32.2,27.9,78.0,0.0,0.2,4.0,220.0,2.0,W ,Sun
02-03-1998,24.0,29.4,28.0,84.0,27.9,3.0,4.0,270.0,2.0,W ,Rain
03-03-1998,24.0,29.4,26.8,92.0,37.3,1.3,4.0,290.0,2.0,W ,Rain
04-03-1998,25.0,29.2,26.7,80.0,0.0,0.5,5.0,170.0,2.0,S ,Sun
05-03-1998,26.0,29.9,27.6,81.0,8888.0,0.0,4.0,260.0,1.0,SW,Rain
06-03-1998,24.0,31.6,28.5,76.0,50.8,3.0,5.0,360.0,2.0,N ,Rain
07-03-1998,24.0,31.8,27.1,76.0,121.3,0.0,4.0,290.0,1.0,W ,Rain
08-03-1998,24.0,30.4,25.8,88.0,0.4,0.0,3.0,290.0,2.0,W ,Sun
09-03-1998,25.0,31.4,28.6,82.0,9.5,0.0,4.0,350.0,1.0,N ,Rain
10-03-1998,25.0,30.0,27.1,84.0,0.0,0.0,4.0,360.0,0.0,N ,Sun
11-03-1998,25.0,32.2,28.4,78.0,0.7,1.3,5.0,180.0,2.0,S ,Sun
12-03-1998,26.0,32.7,29.0,74.0,0.0,3.5,4.0,250.0,1.0,SW,Sun
13-03-1998,26.0,32.1,28.8,78.0,0.0,0.0,3.0,315.0,0.0,NW,Sun
14-03-1998,27.0,32.4,29.4,72.0,0.0,1.0,4.0,290.0,1.0,W ,Sun
15-03-1998,26.0,33.2,29.4,74.0,0.0,3.0,4.0,320.0,2.0,W ,Sun
16-03-1998,26.0,33.3,28.5,70.0,1.2,5.0,5.0,50.0,2.0,N ,Drizzle
17-03-1998,25.0,32.4,28.4,70.0,5.9,3.1,4.0,80.0,1.0,SE,Rain
18-03-1998,25.0,32.0,28.2,74.0,2.0,0.0,4.0,350.0,2.0,S ,Drizzle
19-03-1998,26.0,31.2,28.5,76.0,8888.0,0.0,4.0,20.0,1.0,NW,Rain
20-03-1998,24.0,31.9,27.5,78.0,9.8,0.0,4.0,360.0,1.0,N ,Rain
21-03-1998,25.0,32.0,27.7,76.0,0.0,0.0,4.0,350.0,1.0,N ,Sun
22-03-1998,25.0,32.4,29.2,72.0,18.7,2.5,4.0,270.0,2.0,W ,Rain
23-03-1998,25.0,32.3,28.1,80.0,0.0,4.8,4.0,290.0,2.0,SE,Sun
24-03-1998,26.0,31.1,28.1,76.0,0.0,4.5,4.0,40.0,2.0,N ,Sun
25-03-1998,26.0,32.0,28.9,74.0,0.0,2.5,6.0,360.0,3.0,N ,Sun
26-03-1998,26.0,32.7,29.2,71.0,12.2,3.0,4.0,70.0,1.0,W ,Rain
27-03-1998,26.0,32.2,28.4,82.0,3.8,5.0,5.0,360.0,1.0,N ,Drizzle
28-03-1998,26.0,32.4,28.7,77.0,6.3,2.0,3.0,360.0,2.0,NE,Rain
29-03-1998,26.0,31.2,28.5,80.0,0.0,1.5,5.0,50.0,2.0,N ,Sun
30-03-1998,27.0,33.6,29.5,71.0,0.0,0.0,5.0,70.0,2.0,NE,Sun
31-03-1998,26.0,30.6,28.8,81.0,0.0,4.0,6.0,20.0,0.0,N ,Sun
01-04-1998,26.0,30.4,28.3,84.0,7.8,0.0,5.0,170.0,1.0,S ,Rain
02-04-1998,24.0,32.2,29.1,77.0,51.0,0.2,4.0,150.0,2.0,E ,Rain
03-04-1998,24.0,31.5,27.4,86.0,0.0,2.2,5.0,90.0,1.0,E ,Sun
04-04-1998,25.0,33.2,30.1,76.0,0.0,0.2,4.0,90.0,2.0,NE,Sun
05-04-1998,26.0,32.0,28.9,76.0,0.4,4.2,5.0,90.0,2.0,NE,Sun
06-04-1998,26.0,31.0,27.8,84.0,24.8,2.3,5.0,360.0,1.0,N ,Rain
07-04-1998,26.0,31.6,28.3,81.0,0.0,0.2,4.0,360.0,0.0,N ,Sun
08-04-1998,26.0,31.8,28.2,80.0,0.0,3.2,5.0,170.0,2.0,W ,Sun
09-04-1998,26.0,31.4,28.5,81.0,0.0,1.2,5.0,70.0,2.0,E ,Sun
10-04-1998,26.0,33.2,29.3,77.0,4.2,2.2,3.0,80.0,1.0,E ,Drizzle
11-04-1998,26.0,32.8,27.8,84.0,1.5,2.2,4.0,10.0,1.0,N ,Drizzle
12-04-1998,26.0,31.2,28.6,81.0,0.0,2.2,5.0,350.0,2.0,N ,Sun
13-04-1998,27.0,32.3,28.9,78.0,0.0,0.0,4.0,10.0,2.0,NE,Sun
14-04-1998,26.0,31.6,29.5,78.0,8888.0,5.2,4.0,210.0,1.0,SE,Rain
15-04-1998,26.0,31.4,28.1,78.0,7.2,3.0,5.0,225.0,2.0,SW,Rain
16-04-1998,26.0,32.3,28.8,74.0,0.0,1.0,4.0,80.0,2.0,E ,Sun
17-04-1998,25.0,33.4,29.4,73.0,0.0,3.0,7.0,90.0,2.0,E ,Sun
18-04-1998,26.0,31.2,27.9,80.0,0.0,4.0,4.0,360.0,2.0,N ,Sun
19-04-1998,25.0,31.7,28.5,81.0,13.8,1.0,5.0,40.0,2.0,N ,Rain
20-04-1998,25.0,32.0,27.9,82.0,8888.0,1.0,4.0,20.0,1.0,E ,Rain
21-04-1998,26.0,31.9,28.6,76.0,0.0,2.4,5.0,360.0,2.0,N ,Sun
22-04-1998,26.0,32.4,29.3,77.0,0.0,0.0,5.0,180.0,2.0,N ,Sun
23-04-1998,26.0,32.9,29.2,75.0,5.3,2.0,5.0,300.0,3.0,W ,Rain
24-04-1998,26.0,33.0,29.1,75.0,0.0,1.5,5.0,340.0,1.0,N ,Sun
25-04-1998,26.0,33.4,29.0,76.0,8.3,4.0,4.0,360.0,2.0,E ,Rain
26-04-1998,26.0,32.0,28.3,82.0,0.3,4.2,4.0,130.0,2.0,N ,Sun
27-04-1998,27.0,33.1,29.3,78.0,0.0,1.3,5.0,60.0,2.0,NE,Sun
28-04-1998,26.0,32.1,28.6,77.0,7.8,3.4,5.0,40.0,2.0,NE,Rain
29-04-1998,26.0,32.6,28.5,78.0,0.0,0.2,4.0,150.0,3.0,E ,Sun
30-04-1998,26.0,32.5,28.3,80.0,0.0,3.2,5.0,340.0,1.0,N ,Sun
01-05-1998,25.0,33.2,29.2,73.0,6.1,0.8,5.0,40.0,2.0,NE,Rain
02-05-1998,25.0,33.6,28.2,79.0,0.0,4.0,11.0,80.0,2.0,E ,Sun
03-05-1998,24.0,33.2,28.8,73.0,30.4,1.0,5.0,60.0,3.0,E ,Rain
04-05-1998,24.0,29.8,26.8,85.0,8888.0,2.0,3.0,110.0,0.0,E ,Rain
05-05-1998,26.0,32.9,28.7,76.0,0.0,0.2,7.0,70.0,2.0,E ,Sun
06-05-1998,27.0,33.4,29.7,76.0,0.4,4.5,7.0,10.0,3.0,E ,Sun
07-05-1998,27.0,32.6,29.8,78.0,1.2,3.5,5.0,90.0,2.0,E ,Drizzle
08-05-1998,26.0,32.7,29.6,77.0,3.4,1.5,6.0,90.0,2.0,E ,Drizzle
09-05-1998,26.0,32.4,28.4,82.0,3.0,2.0,7.0,30.0,2.0,E ,Drizzle
10-05-1998,26.0,32.5,29.1,81.0,0.6,0.5,4.0,60.0,2.0,E ,Sun
11-05-1998,27.0,34.0,29.8,78.0,0.3,0.7,5.0,80.0,2.0,E ,Sun
12-05-1998,27.0,31.7,28.2,82.0,3.7,4.5,5.0,80.0,2.0,E ,Drizzle
13-05-1998,26.0,33.8,29.5,74.0,0.0,0.3,6.0,90.0,3.0,E ,Sun
14-05-1998,27.0,32.4,29.3,76.0,8888.0,5.5,4.0,70.0,2.0,NE,Rain
15-05-1998,25.0,33.1,29.2,74.0,15.8,2.0,3.0,320.0,1.0,NW,Rain
16-05-1998,26.0,32.6,28.4,78.0,5.8,3.0,4.0,340.0,1.0,N ,Rain
17-05-1998,26.0,32.2,28.8,78.0,0.0,2.0,4.0,320.0,2.0,W ,Sun
18-05-1998,27.0,32.7,28.8,76.0,0.0,4.5,3.0,270.0,1.0,W ,Sun
19-05-1998,27.0,32.6,29.1,74.0,0.0,2.3,5.0,30.0,1.0,N ,Sun
20-05-1998,27.0,32.4,29.4,81.0,0.0,4.5,4.0,100.0,2.0,E ,Sun
21-05-1998,27.0,32.5,29.5,76.0,15.2,1.8,4.0,40.0,1.0,E ,Rain
22-05-1998,25.0,33.0,29.3,78.0,0.0,4.0,3.0,30.0,0.0,E ,Sun
23-05-1998,26.0,33.0,29.4,74.0,0.0,4.0,4.0,80.0,1.0,E ,Sun
24-05-1998,27.0,32.8,30.0,74.0,1.5,4.0,4.0,60.0,2.0,E ,Drizzle
25-05-1998,27.0,32.6,29.3,76.0,0.0,3.0,4.0,280.0,2.0,N ,Sun
26-05-1998,27.0,33.2,29.3,77.0,4.4,1.0,4.0,60.0,1.0,SE,Drizzle
27-05-1998,27.0,33.4,29.6,74.0,0.0,1.5,4.0,170.0,2.0,E ,Sun
28-05-1998,27.0,33.6,29.7,74.0,8888.0,4.0,4.0,300.0,2.0,SW,Rain
29-05-1998,24.0,33.2,29.4,73.0,46.8,2.0,5.0,80.0,2.0,E ,Rain
30-05-1998,25.0,32.0,27.9,81.0,13.8,2.0,4.0,90.0,2.0,N ,Rain
31-05-1998,26.0,32.8,29.0,79.0,0.4,0.0,5.0,80.0,3.0,E ,Sun
01-06-1998,26.0,32.7,29.0,76.0,12.6,3.5,5.0,110.0,2.0,E ,Rain
02-06-1998,26.0,31.5,28.5,80.0,0.0,1.0,5.0,60.0,1.0,SE,Sun
03-06-1998,26.0,33.2,29.1,77.0,8888.0,0.7,6.0,360.0,1.0,N ,Rain
04-06-1998,26.0,32.0,27.7,80.0,8888.0,4.0,4.0,300.0,1.0,NW,Rain
05-06-1998,26.0,31.2,27.9,81.0,0.4,1.0,4.0,20.0,1.0,N ,Sun
06-06-1998,26.0,31.6,28.1,76.0,0.0,0.0,4.0,360.0,1.0,N ,Sun
07-06-1998,26.0,31.0,27.7,82.0,7.8,1.0,4.0,360.0,2.0,N ,Rain
08-06-1998,25.0,31.4,28.1,80.0,0.2,0.0,4.0,80.0,2.0,E ,Sun
09-06-1998,26.0,32.3,28.5,74.0,0.0,2.0,4.0,30.0,2.0,NE,Sun
10-06-1998,26.0,32.8,29.0,76.0,0.0,1.5,5.0,140.0,3.0,E ,Sun
11-06-1998,25.0,32.0,28.7,77.0,14.8,3.5,5.0,150.0,2.0,E ,Rain
12-06-1998,24.0,30.6,26.9,85.0,32.9,1.0,3.0,50.0,0.0,NE,Rain
13-06-1998,26.0,31.5,28.0,81.0,0.0,1.0,4.0,60.0,2.0,NE,Sun
14-06-1998,25.0,31.2,27.8,83.0,3.8,1.0,4.0,60.0,2.0,NE,Drizzle
15-06-1998,26.0,32.4,28.6,76.0,0.0,0.0,5.0,260.0,2.0,W ,Sun
16-06-1998,26.0,32.1,28.6,75.0,0.0,4.1,5.0,300.0,2.0,SW,Sun
17-06-1998,25.0,31.6,28.5,72.0,13.2,2.0,5.0,170.0,3.0,SW,Rain
18-06-1998,24.0,31.0,27.5,81.0,3.8,1.0,4.0,70.0,1.0,E ,Drizzle
19-06-1998,26.0,31.6,27.8,82.0,0.0,3.0,3.0,110.0,1.0,E ,Sun
20-06-1998,25.0,31.6,27.3,85.0,23.9,1.0,4.0,360.0,1.0,N ,Rain
21-06-1998,25.0,30.8,27.4,83.0,4.0,1.5,4.0,315.0,2.0,NW,Drizzle
22-06-1998,25.0,29.4,26.8,82.0,8888.0,0.0,5.0,180.0,2.0,E ,Rain
23-06-1998,25.0,33.4,27.4,77.0,0.0,0.0,4.0,260.0,2.0,W ,Sun
24-06-1998,25.0,31.3,28.1,78.0,0.0,1.0,4.0,200.0,2.0,SE,Sun
25-06-1998,25.0,32.4,28.7,72.0,14.1,1.5,4.0,160.0,2.0,E ,Rain
26-06-1998,25.0,28.4,26.8,78.0,8888.0,3.8,3.0,250.0,0.0,W ,Rain
27-06-1998,25.0,31.4,28.0,78.0,0.8,1.0,5.0,60.0,2.0,N ,Sun
28-06-1998,25.0,31.6,28.0,82.0,1.4,1.0,5.0,40.0,1.0,E ,Drizzle
29-06-1998,25.0,31.6,28.3,79.0,0.0,0.0,5.0,360.0,2.0,SE,Sun
30-06-1998,25.0,31.6,27.7,78.0,0.0,0.6,4.0,60.0,1.0,N ,Sun
01-07-1998,26.0,32.6,28.7,78.0,0.0,1.0,5.0,160.0,3.0,SE,Sun
02-07-1998,27.0,33.3,29.3,75.0,0.0,4.5,4.0,150.0,2.0,SE,Sun
03-07-1998,25.0,32.9,28.8,76.0,13.0,2.5,3.0,70.0,1.0,NE,Rain
04-07-1998,26.0,31.5,28.1,80.0,0.0,2.0,4.0,360.0,1.0,N ,Sun
05-07-1998,25.0,32.0,28.2,77.0,11.0,3.0,5.0,290.0,2.0,N ,Rain
06-07-1998,25.0,30.4,26.9,83.0,8888.0,0.0,4.0,60.0,1.0,NE,Rain
07-07-1998,25.0,30.0,27.1,82.0,0.2,0.6,5.0,170.0,0.0,N ,Sun
08-07-1998,25.0,30.2,26.0,87.0,1.0,0.0,4.0,110.0,2.0,SE,Drizzle
09-07-1998,25.0,29.4,26.8,85.0,15.7,0.7,5.0,80.0,0.0,E ,Rain
10-07-1998,23.0,25.4,25.1,94.0,25.4,0.4,3.0,80.0,0.0,E ,Rain
11-07-1998,24.0,29.2,26.1,85.0,0.0,0.0,3.0,70.0,1.0,SE,Sun
12-07-1998,25.0,28.8,26.8,85.0,0.0,0.0,3.0,100.0,2.0,E ,Sun
13-07-1998,25.0,31.1,27.6,80.0,0.0,0.0,4.0,20.0,2.0,N ,Sun
14-07-1998,26.0,31.8,28.1,77.0,0.0,3.6,5.0,20.0,2.0,N ,Sun
15-07-1998,26.0,32.0,28.6,76.0,0.0,2.0,5.0,60.0,2.0,S ,Sun
16-07-1998,26.0,32.4,28.6,79.0,0.0,5.0,5.0,10.0,2.0,E ,Sun
17-07-1998,26.0,32.2,28.7,76.0,0.0,5.5,5.0,90.0,2.0,E ,Sun
18-07-1998,25.0,31.5,28.1,76.0,23.6,2.0,4.0,360.0,1.0,N ,Rain
19-07-1998,25.0,31.2,27.9,78.0,0.0,0.0,4.0,360.0,2.0,N ,Sun
20-07-1998,26.0,32.0,28.4,76.0,0.0,0.0,3.0,60.0,1.0,E ,Sun
21-07-1998,25.0,30.0,28.3,78.0,3.0,1.8,5.0,350.0,1.0,N ,Drizzle
22-07-1998,25.0,30.2,29.0,82.0,8.0,2.0,6.0,290.0,3.0,W ,Rain
23-07-1998,25.0,29.4,26.6,82.0,41.0,0.7,4.0,170.0,1.0,S ,Rain
24-07-1998,25.0,30.6,27.5,81.0,0.0,1.0,4.0,20.0,1.0,E ,Sun
25-07-1998,25.0,31.8,27.9,77.0,0.0,1.0,3.0,310.0,1.0,E ,Sun
26-07-1998,25.0,32.4,28.3,79.0,20.7,1.7,4.0,140.0,2.0,S ,Rain
27-07-1998,25.0,29.1,27.0,85.0,8888.0,2.5,3.0,260.0,1.0,W ,Rain
28-07-1998,25.0,32.8,27.5,74.0,0.0,0.0,4.0,230.0,1.0,SW,Sun
29-07-1998,26.0,30.8,28.0,72.0,0.0,1.3,4.0,150.0,2.0,N ,Sun
30-07-1998,26.0,30.4,27.6,82.0,7.7,2.5,5.0,360.0,2.0,S ,Rain
31-07-1998,26.0,32.8,28.4,72.0,8888.0,0.0,4.0,270.0,1.0,SW,Rain
01-08-1998,27.0,32.7,28.6,76.0,0.0,3.0,5.0,270.0,2.0,N ,Sun
02-08-1998,25.0,30.0,27.6,85.0,27.4,4.0,4.0,130.0,1.0,S ,Rain
03-08-1998,26.0,31.2,28.0,81.0,0.0,0.8,4.0,30.0,1.0,N ,Sun
04-08-1998,26.0,31.4,28.3,76.0,0.0,2.1,6.0,360.0,2.0,N ,Sun
05-08-1998,25.0,30.9,27.5,81.0,12.0,4.0,3.0,350.0,2.0,NE,Rain
06-08-1998,25.0,32.2,28.0,78.0,0.0,1.5,5.0,180.0,2.0,S ,Sun
07-08-1998,26.0,32.0,28.6,76.0,0.0,2.0,6.0,60.0,2.0,NE,Sun
08-08-1998,26.0,32.5,28.7,72.0,0.0,1.5,11.0,90.0,3.0,E ,Sun
09-08-1998,24.0,33.0,29.0,68.0,6.9,4.0,7.0,90.0,2.0,E ,Rain
10-08-1998,26.0,30.1,27.5,78.0,0.0,6.0,6.0,160.0,2.0,E ,Sun
11-08-1998,26.0,32.8,28.8,71.0,0.0,0.5,5.0,70.0,2.0,E ,Sun
12-08-1998,26.0,32.6,28.9,69.0,0.0,5.7,4.0,90.0,2.0,E ,Sun
13-08-1998,25.0,33.3,29.0,71.0,0.8,5.0,5.0,100.0,3.0,E ,Sun
14-08-1998,25.0,32.2,28.3,74.0,0.0,4.5,4.0,170.0,2.0,S ,Sun
15-08-1998,26.0,32.1,28.3,74.0,0.0,2.0,4.0,170.0,2.0,E ,Sun
16-08-1998,25.0,32.6,28.2,74.0,0.0,1.0,4.0,10.0,1.0,E ,Sun
17-08-1998,25.0,32.2,28.8,70.0,1.3,2.0,5.0,90.0,2.0,E ,Drizzle
18-08-1998,26.0,32.8,28.7,71.0,0.0,3.0,6.0,70.0,2.0,E ,Sun
19-08-1998,26.0,33.5,28.8,68.0,0.0,2.8,6.0,180.0,3.0,E ,Sun
20-08-1998,26.0,32.5,28.7,66.0,0.0,6.6,6.0,60.0,2.0,E ,Sun
21-08-1998,25.0,31.6,28.4,72.0,5.2,1.0,4.0,360.0,2.0,N ,Rain
22-08-1998,26.0,33.2,28.6,74.0,0.0,2.5,5.0,30.0,2.0,NE,Sun
23-08-1998,27.0,33.9,29.3,69.0,0.0,4.7,4.0,360.0,2.0,N ,Sun
24-08-1998,26.0,33.0,29.1,72.0,0.0,5.5,4.0,90.0,2.0,E ,Sun
25-08-1998,25.0,31.4,27.8,76.0,2.7,3.0,7.0,10.0,0.0,W ,Drizzle
26-08-1998,25.0,32.4,28.0,71.0,0.0,3.0,5.0,40.0,2.0,E ,Sun
27-08-1998,25.0,31.8,27.9,75.0,11.0,2.8,5.0,360.0,2.0,E ,Rain
28-08-1998,25.0,31.6,28.5,74.0,0.0,2.3,5.0,50.0,2.0,NE,Sun
29-08-1998,26.0,31.5,28.0,75.0,0.0,1.5,3.0,360.0,2.0,N ,Sun
30-08-1998,25.0,31.2,27.4,78.0,0.3,2.5,4.0,340.0,2.0,N ,Sun
31-08-1998,25.0,31.9,28.1,77.0,0.0,1.5,5.0,360.0,2.0,E ,Sun
01-09-1998,26.0,31.8,28.5,73.0,0.0,6.4,6.0,340.0,2.0,N ,Sun
02-09-1998,27.0,33.9,29.4,70.0,0.0,5.0,5.0,40.0,2.0,NE,Sun
03-09-1998,27.0,33.1,29.5,68.0,0.0,5.8,5.0,350.0,2.0,N ,Sun
04-09-1998,25.0,32.8,28.6,68.0,7.7,4.7,8.0,90.0,2.0,SW,Rain
05-09-1998,25.0,32.1,28.0,74.0,0.0,4.5,4.0,30.0,1.0,E ,Sun
06-09-1998,26.0,33.2,29.3,73.0,0.0,3.5,5.0,90.0,2.0,E ,Sun
07-09-1998,26.0,33.2,28.8,72.0,6.6,6.6,5.0,70.0,2.0,NE,Rain
08-09-1998,26.0,33.6,28.7,72.0,8888.0,6.7,6.0,80.0,2.0,E ,Rain
09-09-1998,25.0,32.0,28.6,72.0,0.0,5.0,4.0,310.0,1.0,N ,Sun
10-09-1998,26.0,32.6,28.3,75.0,8888.0,2.0,4.0,360.0,1.0,N ,Rain
11-09-1998,26.0,32.5,28.9,71.0,0.0,4.0,6.0,340.0,2.0,N ,Sun
12-09-1998,26.0,34.0,28.8,70.0,0.0,3.5,5.0,350.0,2.0,N ,Sun
13-09-1998,26.0,33.9,29.2,65.0,0.0,5.5,4.0,90.0,2.0,N ,Sun
14-09-1998,26.0,33.4,29.1,62.0,0.0,4.5,5.0,350.0,2.0,N ,Sun
15-09-1998,26.0,33.0,29.4,62.0,0.0,6.1,5.0,170.0,2.0,N ,Sun
16-09-1998,26.0,34.0,29.5,63.0,0.0,7.5,5.0,270.0,2.0,E ,Sun
17-09-1998,26.0,32.6,28.9,68.0,0.0,8.0,4.0,90.0,2.0,E ,Sun
18-09-1998,24.0,34.4,29.4,68.0,3.9,1.0,6.0,360.0,2.0,N ,Drizzle
19-09-1998,26.0,31.2,28.4,76.0,0.3,6.0,5.0,220.0,1.0,E ,Sun
20-09-1998,25.0,32.2,28.1,73.0,1.9,1.0,4.0,340.0,2.0,N ,Drizzle
21-09-1998,26.0,33.0,28.6,73.0,0.0,5.0,4.0,360.0,1.0,N ,Sun
22-09-1998,27.0,33.4,29.6,72.0,0.6,2.0,5.0,340.0,2.0,N ,Sun
23-09-1998,24.0,31.8,28.2,78.0,60.5,5.7,4.0,170.0,1.0,SE,Rain
24-09-1998,24.0,27.8,26.0,92.0,2.6,1.5,4.0,210.0,0.0,SW,Drizzle
25-09-1998,24.0,31.7,27.5,77.0,0.4,0.0,5.0,30.0,1.0,NE,Sun
26-09-1998,25.0,31.6,27.9,78.0,13.4,4.5,4.0,90.0,2.0,N ,Rain
27-09-1998,25.0,30.8,27.7,77.0,8888.0,1.0,4.0,70.0,1.0,E ,Rain
28-09-1998,26.0,30.6,28.1,76.0,0.3,0.0,4.0,120.0,2.0,SE,Sun
29-09-1998,25.0,27.4,26.7,87.0,4.7,0.0,3.0,310.0,1.0,W ,Drizzle
30-09-1998,26.0,30.6,27.5,80.0,0.2,0.0,5.0,180.0,2.0,W ,Sun
01-10-1998,25.0,31.6,28.1,76.0,1.2,2.0,3.0,170.0,0.0,SW,Drizzle
02-10-1998,25.0,33.2,28.5,79.0,0.0,3.3,6.0,80.0,2.0,E ,Sun
03-10-1998,26.0,31.2,28.4,79.0,3.3,4.5,5.0,50.0,2.0,N ,Drizzle
04-10-1998,25.0,33.2,29.0,77.0,9.8,5.0,5.0,110.0,2.0,SE,Rain
05-10-1998,25.0,31.8,27.4,84.0,4.6,4.5,3.0,150.0,2.0,SW,Drizzle
06-10-1998,25.0,32.0,28.6,73.0,8888.0,,4.0,240.0,1.0,S ,Rain
07-10-1998,25.0,30.8,27.1,80.0,4.0,0.8,4.0,270.0,1.0,SW,Drizzle
08-10-1998,26.0,33.6,28.6,73.0,0.0,0.5,5.0,340.0,2.0,N ,Sun
09-10-1998,25.0,32.0,29.0,74.0,6.2,3.8,4.0,200.0,2.0,N ,Rain
10-10-1998,25.0,28.8,26.8,86.0,0.0,1.4,4.0,150.0,1.0,N ,Sun
11-10-1998,25.0,32.1,28.3,73.0,0.0,,5.0,70.0,2.0,N ,Sun
12-10-1998,24.0,32.0,28.3,78.0,48.0,4.0,5.0,200.0,2.0,S ,Rain
13-10-1998,25.0,31.0,28.0,83.0,6.0,3.0,4.0,360.0,1.0,S ,Rain
14-10-1998,25.0,30.8,27.5,83.0,0.0,5.8,4.0,320.0,1.0,N ,Sun
15-10-1998,24.0,31.3,26.8,87.0,36.8,1.0,4.0,320.0,1.0,NE,Rain
16-10-1998,25.0,31.2,27.5,76.0,0.4,1.5,4.0,190.0,2.0,W ,Sun
17-10-1998,24.0,30.2,27.7,81.0,0.2,1.0,4.0,200.0,2.0,S ,Sun
18-10-1998,25.0,31.2,27.5,77.0,0.0,1.5,4.0,310.0,2.0,NW,Sun
19-10-1998,25.0,31.0,27.0,82.0,18.1,4.0,5.0,350.0,2.0,S ,Rain
20-10-1998,25.0,28.2,26.7,90.0,11.3,1.5,5.0,110.0,1.0,SE,Rain
21-10-1998,25.0,31.4,26.7,83.0,8888.0,,4.0,240.0,2.0,S ,Rain
22-10-1998,25.0,32.2,28.0,77.0,0.0,1.7,7.0,290.0,2.0,SW,Sun
23-10-1998,26.0,31.6,28.6,74.0,0.0,4.5,4.0,300.0,1.0,SE,Sun
24-10-1998,26.0,31.2,28.6,78.0,0.0,0.1,4.0,300.0,1.0,SW,Sun
25-10-1998,25.0,29.6,27.8,81.0,0.2,1.5,3.0,360.0,0.0,N ,Sun
26-10-1998,24.0,31.5,26.4,88.0,5.4,,5.0,60.0,2.0,E ,Rain
27-10-1998,24.0,32.0,28.0,78.0,6.4,1.5,4.0,350.0,2.0,N ,Rain
28-10-1998,25.0,29.9,27.1,84.0,8888.0,4.5,4.0,280.0,2.0,W ,Rain
29-10-1998,26.0,31.2,27.5,80.0,8888.0,,4.0,360.0,2.0,SW,Rain
30-10-1998,25.0,30.2,27.7,80.0,13.2,,5.0,170.0,1.0,S ,Rain
31-10-1998,26.0,30.0,27.2,85.0,8888.0,0.2,5.0,180.0,2.0,S ,Rain
01-11-1998,24.0,30.2,26.8,83.0,0.2,1.5,4.0,150.0,0.0,SE,Sun
02-11-1998,25.0,31.4,27.6,79.0,0.4,0.5,5.0,250.0,2.0,W ,Sun
03-11-1998,25.0,32.0,28.4,75.0,0.0,3.4,6.0,240.0,4.0,W ,Sun
04-11-1998,25.0,32.2,27.8,75.0,0.0,2.5,6.0,250.0,3.0,W ,Sun
05-11-1998,25.0,31.2,27.5,80.0,0.4,0.5,6.0,240.0,2.0,SW,Sun
06-11-1998,25.0,33.8,29.0,71.0,0.4,0.5,5.0,230.0,3.0,SW,Sun
07-11-1998,25.0,30.8,27.5,64.0,8888.0,7.0,5.0,210.0,2.0,S ,Rain
08-11-1998,25.0,32.1,28.8,75.0,5.8,2.3,4.0,240.0,1.0,SW,Rain
09-11-1998,26.0,32.2,28.3,76.0,0.4,0.0,4.0,280.0,2.0,NW,Sun
10-11-1998,26.0,32.6,29.2,70.0,0.0,0.0,7.0,220.0,3.0,SW,Sun
11-11-1998,25.0,30.0,27.2,80.0,0.1,1.7,6.0,230.0,3.0,SW,Sun
12-11-1998,22.0,29.6,26.2,87.0,20.7,1.5,4.0,220.0,3.0,W ,Rain
13-11-1998,23.0,30.4,26.2,78.0,8888.0,0.0,3.0,210.0,1.0,NW,Rain
14-11-1998,26.0,31.2,27.8,76.0,8888.0,0.0,4.0,340.0,1.0,N ,Rain
15-11-1998,25.0,30.6,27.3,82.0,4.2,2.0,4.0,190.0,2.0,S ,Drizzle
16-11-1998,26.0,31.8,27.8,78.0,0.2,0.5,6.0,220.0,3.0,SW,Sun
17-11-1998,25.0,31.6,27.6,74.0,8888.0,5.0,6.0,240.0,2.0,SW,Rain
18-11-1998,26.0,32.4,27.6,78.0,8888.0,3.0,6.0,270.0,3.0,SW,Rain
19-11-1998,26.0,31.1,28.1,72.0,0.0,4.0,6.0,240.0,3.0,W ,Sun
20-11-1998,26.0,33.0,29.3,69.0,0.0,2.0,6.0,230.0,3.0,SW,Sun
21-11-1998,25.0,31.0,27.9,74.0,0.0,3.5,7.0,260.0,2.0,SW,Sun
22-11-1998,26.0,33.2,28.6,72.0,0.0,1.5,5.0,270.0,2.0,W ,Sun
23-11-1998,25.0,33.4,28.5,75.0,0.0,4.0,7.0,250.0,2.0,W ,Sun
24-11-1998,26.0,33.4,28.8,71.0,0.0,6.2,6.0,270.0,2.0,W ,Sun
25-11-1998,26.0,31.2,27.9,72.0,8888.0,3.8,4.0,250.0,2.0,W ,Rain
26-11-1998,25.0,33.8,29.2,65.0,0.0,0.5,6.0,230.0,3.0,SW,Sun
27-11-1998,26.0,32.4,28.3,72.0,11.1,6.0,4.0,270.0,2.0,W ,Rain
28-11-1998,26.0,32.4,28.4,72.0,0.0,2.0,5.0,350.0,2.0,W ,Sun
29-11-1998,26.0,29.8,28.1,76.0,8888.0,4.5,3.0,80.0,2.0,W ,Rain
30-11-1998,24.0,30.4,26.9,84.0,13.8,0.0,3.0,360.0,0.0,N ,Rain
01-12-1998,25.0,31.5,27.6,76.0,0.0,0.0,5.0,160.0,2.0,S ,Sun
02-12-1998,26.0,30.6,27.6,76.0,0.0,2.5,7.0,230.0,3.0,W ,Sun
03-12-1998,25.0,31.0,28.2,76.0,0.0,0.0,5.0,230.0,2.0,SW,Sun
04-12-1998,26.0,30.4,27.5,74.0,8888.0,2.0,5.0,280.0,2.0,W ,Rain
05-12-1998,25.0,30.6,27.8,75.0,0.0,2.5,5.0,280.0,2.0,W ,Sun
06-12-1998,26.0,32.8,28.4,75.0,0.0,0.0,6.0,230.0,3.0,W ,Sun
07-12-1998,26.0,31.9,28.3,75.0,3.1,3.5,6.0,270.0,3.0,W ,Drizzle
08-12-1998,26.0,30.3,27.6,77.0,0.2,0.0,8.0,270.0,2.0,W ,Sun
09-12-1998,26.0,33.0,29.2,72.0,0.0,1.0,6.0,250.0,3.0,W ,Sun
10-12-1998,26.0,34.2,29.1,70.0,0.0,5.5,4.0,200.0,2.0,W ,Sun
11-12-1998,25.0,35.4,29.2,70.0,0.2,6.8,6.0,240.0,2.0,W ,Sun
12-12-1998,26.0,33.8,28.8,71.0,0.0,7.0,6.0,290.0,2.0,W ,Sun
13-12-1998,26.0,33.6,29.1,72.0,0.0,4.0,6.0,290.0,3.0,W ,Sun
14-12-1998,27.0,33.2,28.8,72.0,8888.0,3.7,5.0,260.0,3.0,W ,Rain
15-12-1998,24.0,33.2,29.0,74.0,11.6,1.5,4.0,350.0,2.0,W ,Rain
16-12-1998,24.0,30.1,26.4,84.0,3.2,5.0,4.0,300.0,1.0,N ,Drizzle
17-12-1998,25.0,30.5,27.3,76.0,0.0,0.0,5.0,200.0,2.0,W ,Sun
18-12-1998,25.0,31.4,28.6,78.0,7.5,0.7,4.0,250.0,2.0,W ,Rain
19-12-1998,24.0,30.2,26.7,86.0,0.0,1.5,3.0,340.0,1.0,SW,Sun
20-12-1998,25.0,30.8,27.5,78.0,0.0,1.2,5.0,250.0,2.0,W ,Sun
21-12-1998,25.0,31.5,27.9,73.0,0.0,0.7,4.0,290.0,2.0,W ,Sun
22-12-1998,25.0,31.3,27.9,76.0,7.2,0.0,5.0,40.0,2.0,N ,Rain
23-12-1998,25.0,29.7,26.8,83.0,0.0,2.3,3.0,360.0,1.0,N ,Sun
24-12-1998,25.0,33.1,27.9,74.0,0.0,0.0,4.0,320.0,2.0,NW,Sun
25-12-1998,24.0,31.2,27.8,75.0,0.6,5.5,6.0,210.0,3.0,W ,Sun
26-12-1998,25.0,30.8,26.9,82.0,0.0,3.3,6.0,250.0,3.0,W ,Sun
27-12-1998,25.0,31.0,27.3,76.0,0.4,4.0,6.0,200.0,2.0,W ,Sun
28-12-1998,25.0,31.9,27.8,79.0,0.0,2.0,6.0,280.0,2.0,W ,Sun
29-12-1998,25.0,30.6,28.2,75.0,8888.0,3.0,6.0,290.0,3.0,W ,Rain
30-12-1998,25.0,30.0,27.2,79.0,14.6,0.0,6.0,340.0,3.0,W ,Rain
31-12-1998,25.0,30.3,27.0,80.0,0.5,0.0,6.0,230.0,3.0,SW,Sun
01-01-1999,24.0,29.0,25.4,89.0,9.7,0.0,7.0,260.0,3.0,W ,Rain
02-01-1999,24.0,28.0,25.4,87.0,4.6,0.5,8.0,230.0,3.0,SW,Drizzle
03-01-1999,24.0,28.7,26.0,86.0,2.3,1.5,6.0,250.0,3.0,W ,Drizzle
04-01-1999,24.0,28.4,25.8,88.0,0.3,0.0,4.0,140.0,2.0,W ,Sun
05-01-1999,25.0,31.0,26.9,78.0,8888.0,0.0,5.0,300.0,3.0,W ,Rain
06-01-1999,25.0,31.4,27.5,79.0,1.6,2.5,5.0,280.0,3.0,W ,Drizzle
07-01-1999,26.0,31.2,27.9,74.0,1.6,4.0,5.0,170.0,2.0,W ,Drizzle
08-01-1999,23.0,27.0,26.1,90.0,50.1,5.0,6.0,200.0,2.0,W ,Rain
09-01-1999,25.0,28.8,26.5,82.0,0.0,0.0,4.0,240.0,2.0,W ,Sun
10-01-1999,24.0,28.0,26.5,84.0,13.0,0.0,4.0,240.0,2.0,W ,Rain
11-01-1999,24.0,28.4,26.0,87.0,8888.0,0.0,4.0,360.0,1.0,W ,Rain
12-01-1999,25.0,29.8,26.9,81.0,0.0,0.0,4.0,360.0,2.0,W ,Sun
13-01-1999,24.0,31.5,27.8,76.0,33.8,3.0,4.0,10.0,1.0,N ,Rain
14-01-1999,24.0,29.6,26.2,89.0,0.0,5.5,4.0,250.0,1.0,W ,Sun
15-01-1999,24.0,32.0,27.3,75.0,4.8,0.0,6.0,270.0,2.0,W ,Drizzle
16-01-1999,24.0,29.8,26.7,80.0,17.2,6.5,5.0,290.0,2.0,W ,Rain
17-01-1999,24.0,30.4,26.5,85.0,0.3,7.0,5.0,315.0,2.0,W ,Sun
18-01-1999,24.0,30.4,26.2,84.0,8.4,2.0,6.0,290.0,2.0,W ,Rain
19-01-1999,25.0,30.7,26.2,88.0,9.4,3.5,4.0,280.0,2.0,W ,Rain
20-01-1999,25.0,28.6,26.5,84.0,17.2,0.0,4.0,250.0,2.0,W ,Rain
21-01-1999,24.0,30.0,26.1,88.0,2.7,0.0,5.0,150.0,3.0,W ,Drizzle
22-01-1999,24.0,30.6,26.6,84.0,1.0,1.5,5.0,230.0,2.0,W ,Drizzle
23-01-1999,25.0,31.4,27.9,78.0,15.4,2.0,4.0,240.0,2.0,W ,Rain
24-01-1999,25.0,31.1,27.5,82.0,1.3,4.5,4.0,250.0,2.0,W ,Drizzle
25-01-1999,24.0,30.4,27.3,84.0,6.8,0.0,4.0,210.0,2.0,W ,Rain
26-01-1999,24.0,28.4,25.7,90.0,19.5,1.1,5.0,270.0,2.0,W ,Rain
27-01-1999,23.0,29.3,25.6,88.0,11.0,0.0,3.0,270.0,1.0,W ,Rain
28-01-1999,25.0,29.4,26.3,84.0,8888.0,0.0,6.0,260.0,2.0,W ,Rain
29-01-1999,26.0,30.8,27.6,78.0,0.0,0.0,5.0,270.0,3.0,W ,Sun
30-01-1999,25.0,30.2,27.5,80.0,2.2,1.5,8.0,290.0,3.0,W ,Drizzle
31-01-1999,25.0,29.2,26.9,76.0,0.0,2.8,5.0,250.0,3.0,W ,Sun
01-02-1999,25.0,31.2,27.7,78.0,0.0,0.0,9.0,270.0,3.0,W ,Sun
02-02-1999,25.0,31.1,27.4,80.0,9.4,5.0,5.0,260.0,3.0,W ,Rain
03-02-1999,25.0,30.7,27.3,79.0,8888.0,1.0,6.0,250.0,3.0,W ,Rain
04-02-1999,24.0,28.0,26.4,82.0,13.4,2.5,5.0,280.0,2.0,W ,Rain
05-02-1999,23.0,27.8,25.4,88.0,43.0,0.0,10.0,230.0,3.0,W ,Rain
06-02-1999,25.0,30.8,27.6,78.0,4.5,1.7,5.0,270.0,3.0,W ,Drizzle
07-02-1999,24.0,28.2,26.9,85.0,7.1,2.5,8.0,310.0,3.0,W ,Rain
08-02-1999,22.0,28.2,25.7,96.0,15.6,0.0,6.0,290.0,2.0,W ,Rain
09-02-1999,23.0,29.6,26.1,88.0,9.9,0.0,6.0,300.0,3.0,W ,Rain
10-02-1999,24.0,28.2,25.5,84.0,0.2,1.0,6.0,260.0,2.0,W ,Sun
11-02-1999,24.0,29.5,26.8,86.0,13.4,0.5,5.0,250.0,1.0,W ,Rain
12-02-1999,25.0,31.2,27.4,83.0,0.7,1.0,7.0,290.0,2.0,W ,Sun
13-02-1999,24.0,26.4,25.5,96.0,50.2,4.0,5.0,270.0,1.0,W ,Rain
14-02-1999,24.0,26.7,25.5,94.0,1.7,0.0,2.0,320.0,0.0,SW,Drizzle
15-02-1999,24.0,30.0,26.5,82.0,0.0,0.0,6.0,280.0,2.0,W ,Sun
16-02-1999,25.0,30.2,27.3,80.0,5.8,5.0,5.0,270.0,2.0,W ,Rain
17-02-1999,25.0,30.2,27.1,88.0,0.2,3.4,5.0,290.0,2.0,W ,Sun
18-02-1999,25.0,28.2,26.6,84.0,8888.0,3.0,5.0,270.0,2.0,W ,Rain
19-02-1999,26.0,30.6,27.9,80.0,8888.0,0.0,5.0,300.0,2.0,W ,Rain
20-02-1999,25.0,30.4,27.6,81.0,10.4,0.4,5.0,260.0,2.0,W ,Rain
21-02-1999,23.0,27.1,25.1,92.0,10.2,0.2,4.0,270.0,2.0,W ,Rain
22-02-1999,24.0,28.5,25.8,86.0,4.4,0.0,5.0,310.0,2.0,W ,Drizzle
23-02-1999,23.0,26.2,24.8,96.0,17.2,0.0,5.0,290.0,1.0,W ,Rain
24-02-1999,23.0,29.0,25.9,87.0,8888.0,0.0,6.0,310.0,2.0,NW,Rain
25-02-1999,24.0,31.0,27.2,80.0,0.0,0.0,6.0,280.0,2.0,W ,Sun
26-02-1999,23.0,31.2,27.4,81.0,12.7,0.3,5.0,290.0,2.0,W ,Rain
27-02-1999,24.0,29.8,26.5,82.0,8888.0,0.6,5.0,290.0,3.0,W ,Rain
28-02-1999,24.0,30.8,26.7,78.0,1.6,0.0,7.0,240.0,3.0,W ,Drizzle
01-03-1999,25.0,30.2,27.1,78.0,0.0,0.0,6.0,250.0,3.0,W ,Sun
02-03-1999,25.0,31.0,27.8,76.0,0.0,5.0,4.0,210.0,2.0,SW,Sun
03-03-1999,25.0,34.0,28.2,74.0,8888.0,1.0,5.0,270.0,3.0,W ,Rain
04-03-1999,26.0,34.0,28.7,69.0,0.0,2.5,5.0,270.0,2.0,W ,Sun
05-03-1999,25.0,31.9,28.0,80.0,0.0,0.0,5.0,270.0,2.0,SW,Sun
06-03-1999,26.0,32.7,28.1,76.0,1.0,1.7,5.0,315.0,2.0,W ,Drizzle
07-03-1999,24.0,29.9,27.7,84.0,5.2,2.5,3.0,260.0,0.0,W ,Rain
08-03-1999,25.0,30.2,27.5,82.0,8888.0,0.0,5.0,150.0,2.0,S ,Rain
09-03-1999,25.0,31.5,27.7,80.0,0.0,0.0,4.0,20.0,1.0,NE,Sun
10-03-1999,25.0,30.7,27.7,76.0,4.8,1.0,4.0,360.0,0.0,N ,Drizzle
11-03-1999,26.0,32.0,28.0,79.0,0.0,0.5,5.0,360.0,2.0,N ,Sun
12-03-1999,25.0,31.6,28.1,80.0,8888.0,1.0,3.0,360.0,1.0,N ,Rain
13-03-1999,26.0,31.6,27.9,74.0,0.0,4.0,6.0,260.0,2.0,W ,Sun
14-03-1999,24.0,33.6,29.1,70.0,9.1,0.0,5.0,270.0,3.0,W ,Rain
15-03-1999,24.0,29.4,26.2,88.0,8888.0,2.7,8.0,270.0,4.0,W ,Rain
16-03-1999,25.0,30.5,27.4,77.0,8888.0,0.0,7.0,240.0,3.0,W ,Rain
17-03-1999,25.0,31.0,27.5,76.0,0.0,1.5,6.0,300.0,2.0,W ,Sun
18-03-1999,25.0,31.8,28.0,75.0,13.6,4.0,4.0,280.0,1.0,W ,Rain
19-03-1999,25.0,31.3,27.2,83.0,8888.0,1.5,4.0,270.0,2.0,W ,Rain
20-03-1999,27.0,32.9,29.0,66.0,0.0,0.0,5.0,260.0,2.0,W ,Sun
21-03-1999,25.0,29.9,27.4,78.0,10.8,2.8,5.0,260.0,1.0,W ,Rain
22-03-1999,25.0,31.3,28.0,78.0,0.0,0.0,5.0,310.0,3.0,W ,Sun
23-03-1999,25.0,31.0,27.6,77.0,0.4,1.0,4.0,290.0,2.0,S ,Sun
24-03-1999,26.0,31.6,28.2,79.0,0.5,1.3,5.0,220.0,2.0,W ,Sun
25-03-1999,26.0,34.0,28.6,74.0,8888.0,0.0,4.0,240.0,2.0,SW,Rain
26-03-1999,26.0,33.2,28.8,70.0,0.0,4.0,5.0,270.0,2.0,W ,Sun
27-03-1999,26.0,31.2,28.1,74.0,0.0,3.5,6.0,270.0,2.0,W ,Sun
28-03-1999,27.0,32.9,29.0,71.0,0.0,0.7,6.0,310.0,2.0,W ,Sun
29-03-1999,26.0,32.0,28.7,77.0,0.9,4.5,4.0,280.0,1.0,W ,Sun
30-03-1999,26.0,32.2,28.0,78.0,0.0,4.7,6.0,290.0,2.0,W ,Sun
31-03-1999,26.0,31.4,28.7,,0.0,0.0,4.0,350.0,1.0,N ,Sun
01-04-1999,26.0,34.0,29.0,73.0,0.0,1.0,7.0,220.0,2.0,SW,Sun
02-04-1999,26.0,33.1,29.2,70.0,0.0,4.2,4.0,250.0,2.0,W ,Sun
03-04-1999,26.0,32.8,28.4,72.0,1.6,2.0,5.0,270.0,2.0,W ,Drizzle
04-04-1999,26.0,32.8,28.8,70.0,0.0,3.3,4.0,250.0,2.0,W ,Sun
05-04-1999,26.0,31.0,28.7,74.0,8888.0,1.0,5.0,260.0,3.0,W ,Rain
06-04-1999,25.0,29.0,27.4,80.0,4.6,2.5,6.0,200.0,3.0,W ,Drizzle
07-04-1999,24.0,31.8,27.4,78.0,8888.0,0.0,6.0,260.0,3.0,W ,Rain
08-04-1999,25.0,30.0,27.2,80.0,0.0,3.0,4.0,250.0,1.0,W ,Sun
09-04-1999,25.0,32.2,28.2,77.0,0.0,0.0,4.0,310.0,2.0,W ,Sun
10-04-1999,26.0,32.1,28.5,71.0,8888.0,2.0,5.0,250.0,2.0,W ,Rain
11-04-1999,25.0,32.6,28.3,77.0,17.4,0.8,3.0,290.0,2.0,W ,Rain
12-04-1999,25.0,31.0,27.0,84.0,0.7,1.5,5.0,270.0,2.0,W ,Sun
13-04-1999,26.0,31.6,27.6,76.0,11.1,0.0,5.0,300.0,3.0,W ,Rain
14-04-1999,25.0,31.6,28.5,72.0,0.0,1.8,5.0,250.0,2.0,W ,Sun
15-04-1999,25.0,33.8,29.2,68.0,0.7,3.0,6.0,300.0,3.0,W ,Sun
16-04-1999,25.0,31.4,28.1,77.0,8888.0,5.0,5.0,280.0,3.0,W ,Rain
17-04-1999,25.0,33.4,28.3,70.0,0.0,1.0,8.0,290.0,2.0,W ,Sun
18-04-1999,26.0,33.7,29.2,66.0,0.0,3.0,5.0,270.0,2.0,W ,Sun
19-04-1999,26.0,34.6,29.7,70.0,0.0,4.3,5.0,230.0,2.0,W ,Sun
20-04-1999,25.0,32.0,28.8,67.0,0.0,3.5,4.0,340.0,1.0,N ,Sun
21-04-1999,26.0,32.2,28.3,73.0,0.0,4.0,4.0,360.0,2.0,N ,Sun
22-04-1999,25.0,32.0,28.7,74.0,0.0,4.5,5.0,350.0,2.0,N ,Sun
23-04-1999,25.0,33.2,28.5,68.0,3.4,3.3,3.0,260.0,2.0,W ,Drizzle
24-04-1999,25.0,31.8,28.0,74.0,1.0,2.0,5.0,200.0,3.0,W ,Drizzle
25-04-1999,26.0,31.0,27.9,71.0,0.0,2.0,4.0,170.0,0.0,S ,Sun
26-04-1999,25.0,31.8,28.8,68.0,0.0,1.5,5.0,360.0,1.0,N ,Sun
27-04-1999,26.0,32.6,28.5,74.0,0.0,4.0,4.0,20.0,2.0,N ,Sun
28-04-1999,26.0,31.9,29.0,76.0,0.0,3.0,5.0,20.0,2.0,N ,Sun
29-04-1999,27.0,32.5,29.3,75.0,0.0,2.6,4.0,10.0,2.0,N ,Sun
30-04-1999,25.0,32.0,28.6,76.0,0.7,5.0,0.0,0.0,3.0,W ,Sun
01-05-1999,26.0,30.4,27.6,78.0,0.0,2.5,4.0,80.0,0.0,E ,Sun
02-05-1999,25.0,30.1,27.4,79.0,7.0,1.2,3.0,340.0,0.0,E ,Rain
03-05-1999,26.0,32.4,28.5,78.0,0.0,1.0,4.0,90.0,2.0,E ,Sun
04-05-1999,25.0,30.8,28.2,89.0,22.0,0.5,5.0,40.0,1.0,NE,Rain
05-05-1999,25.0,31.2,27.9,79.0,8888.0,0.0,4.0,20.0,1.0,N ,Rain
06-05-1999,25.0,30.0,27.3,89.0,3.4,2.0,3.0,100.0,1.0,E ,Drizzle
07-05-1999,25.0,31.2,27.6,78.0,0.0,0.0,5.0,200.0,3.0,N ,Sun
08-05-1999,25.0,30.8,27.7,76.0,0.2,4.5,5.0,200.0,1.0,N ,Sun
09-05-1999,26.0,33.4,29.1,72.0,0.0,3.5,5.0,40.0,2.0,NE,Sun
10-05-1999,24.0,31.5,28.5,75.0,47.4,5.0,4.0,50.0,2.0,NE,Rain
11-05-1999,24.0,30.2,26.6,84.0,0.6,5.0,4.0,10.0,2.0,E ,Sun
12-05-1999,25.0,32.5,27.9,75.0,8888.0,2.1,4.0,70.0,1.0,NE,Rain
13-05-1999,26.0,31.8,28.2,74.0,0.0,5.5,5.0,30.0,1.0,E ,Sun
14-05-1999,25.0,31.8,28.2,76.0,8888.0,4.5,5.0,60.0,2.0,E ,Rain
15-05-1999,25.0,30.8,27.9,78.0,8888.0,1.5,3.0,350.0,1.0,W ,Rain
16-05-1999,26.0,32.0,27.9,78.0,0.3,2.5,5.0,10.0,1.0,E ,Sun
17-05-1999,26.0,32.7,28.4,76.0,0.0,2.5,5.0,90.0,2.0,E ,Sun
18-05-1999,26.0,32.8,28.8,72.0,0.0,4.0,5.0,90.0,3.0,E ,Sun
19-05-1999,26.0,31.6,27.9,73.0,0.0,4.8,5.0,50.0,2.0,E ,Sun
20-05-1999,25.0,31.4,28.3,75.0,0.0,0.0,4.0,10.0,2.0,E ,Sun
21-05-1999,25.0,31.2,27.9,77.0,8888.0,3.0,4.0,200.0,2.0,N ,Rain
22-05-1999,25.0,31.4,27.7,78.0,10.9,1.5,5.0,120.0,2.0,NE,Rain
23-05-1999,25.0,30.8,27.7,78.0,0.3,1.8,5.0,350.0,2.0,N ,Sun
24-05-1999,26.0,31.2,28.1,79.0,0.0,1.0,5.0,360.0,2.0,N ,Sun
25-05-1999,26.0,31.8,28.5,74.0,0.0,2.0,4.0,20.0,2.0,N ,Sun
26-05-1999,26.0,31.8,28.8,74.0,0.3,1.8,5.0,50.0,2.0,N ,Sun
27-05-1999,25.0,30.0,27.9,79.0,0.0,0.0,3.0,20.0,2.0,NE,Sun
28-05-1999,25.0,31.0,27.4,75.0,0.0,0.0,5.0,190.0,2.0,S ,Sun
29-05-1999,24.0,31.4,27.8,74.0,11.0,1.5,4.0,170.0,2.0,W ,Rain
30-05-1999,25.0,30.8,27.1,80.0,0.0,4.0,5.0,160.0,2.0,S ,Sun
31-05-1999,24.0,32.1,28.2,75.0,0.0,3.0,4.0,360.0,1.0,N ,Sun
01-06-1999,25.0,32.8,28.4,71.0,0.0,1.0,5.0,150.0,2.0,N ,Sun
02-06-1999,26.0,32.5,28.6,67.0,0.0,3.6,5.0,40.0,2.0,N ,Sun
03-06-1999,26.0,32.3,28.6,70.0,8888.0,4.0,3.0,250.0,1.0,SW,Rain
04-06-1999,25.0,31.0,27.0,83.0,13.8,0.3,4.0,80.0,1.0,E ,Rain
05-06-1999,25.0,31.1,27.3,80.0,0.0,0.3,4.0,30.0,1.0,N ,Sun
06-06-1999,26.0,31.4,28.3,75.0,0.3,0.0,5.0,200.0,2.0,S ,Sun
07-06-1999,26.0,29.2,27.3,85.0,4.9,0.9,5.0,290.0,1.0,W ,Drizzle
08-06-1999,25.0,30.8,27.7,79.0,3.8,0.0,5.0,70.0,2.0,E ,Drizzle
09-06-1999,25.0,32.2,28.2,75.0,0.0,1.0,5.0,80.0,2.0,E ,Sun
10-06-1999,25.0,31.1,27.9,78.0,0.0,3.0,5.0,70.0,2.0,E ,Sun
11-06-1999,26.0,31.8,28.4,73.0,0.0,0.0,6.0,70.0,3.0,E ,Sun
12-06-1999,24.0,30.8,27.9,74.0,0.8,2.0,4.0,200.0,2.0,E ,Sun
13-06-1999,25.0,31.8,27.8,76.0,0.0,1.5,4.0,190.0,2.0,S ,Sun
14-06-1999,23.0,32.0,27.6,82.0,21.4,0.5,5.0,10.0,1.0,N ,Rain
15-06-1999,24.0,28.8,26.4,83.0,8888.0,0.0,5.0,100.0,2.0,E ,Rain
16-06-1999,24.0,31.6,27.5,75.0,0.0,0.0,5.0,60.0,2.0,E ,Sun
17-06-1999,25.0,31.0,27.8,76.0,0.0,0.6,5.0,90.0,2.0,E ,Sun
18-06-1999,25.0,,27.9,78.0,0.0,0.5,4.0,170.0,2.0,E ,Sun
19-06-1999,25.0,32.0,28.2,72.0,0.0,2.5,5.0,10.0,2.0,NE,Sun
20-06-1999,26.0,32.3,28.5,74.0,0.0,1.0,5.0,350.0,2.0,N ,Sun
21-06-1999,25.0,32.4,28.4,70.0,0.0,3.0,5.0,50.0,2.0,N ,Sun
22-06-1999,26.0,32.5,28.6,72.0,0.0,3.0,5.0,90.0,2.0,S ,Sun
23-06-1999,25.0,32.4,29.0,69.0,0.0,2.3,4.0,150.0,2.0,E ,Sun
24-06-1999,26.0,32.6,28.4,72.0,0.0,1.0,4.0,10.0,1.0,N ,Sun
25-06-1999,24.0,32.5,28.6,73.0,0.0,2.0,3.0,350.0,2.0,N ,Sun
26-06-1999,24.0,30.8,27.1,68.0,0.0,3.2,5.0,20.0,2.0,N ,Sun
27-06-1999,23.0,30.8,27.3,69.0,15.2,2.2,5.0,150.0,2.0,N ,Rain
28-06-1999,24.0,31.0,26.7,83.0,0.0,1.5,5.0,70.0,2.0,E ,Sun
29-06-1999,25.0,32.8,28.1,71.0,0.0,0.0,5.0,180.0,2.0,E ,Sun
30-06-1999,24.0,31.1,28.0,74.0,0.4,1.0,5.0,350.0,2.0,N ,Sun
01-07-1999,25.0,30.8,27.3,74.0,0.0,0.0,5.0,90.0,2.0,E ,Sun
02-07-1999,25.0,32.1,27.9,68.0,0.0,0.0,6.0,160.0,3.0,E ,Sun
03-07-1999,25.0,32.2,28.4,68.0,0.0,2.5,8.0,80.0,3.0,E ,Sun
04-07-1999,24.0,29.8,26.1,83.0,12.6,1.0,4.0,90.0,2.0,E ,Rain
05-07-1999,24.0,30.0,26.6,81.0,7.8,0.0,5.0,50.0,2.0,E ,Rain
06-07-1999,24.0,30.0,26.8,82.0,0.0,0.0,4.0,360.0,1.0,N ,Sun
07-07-1999,25.0,31.1,27.5,76.0,0.0,0.0,5.0,340.0,2.0,N ,Sun
08-07-1999,24.0,30.8,27.5,78.0,1.9,2.0,4.0,300.0,2.0,NW,Drizzle
09-07-1999,24.0,30.8,27.1,70.0,0.0,2.5,4.0,360.0,1.0,N ,Sun
10-07-1999,25.0,31.2,28.0,71.0,0.0,2.0,4.0,20.0,1.0,N ,Sun
11-07-1999,25.0,31.1,27.5,70.0,0.0,0.5,5.0,20.0,2.0,N ,Sun
12-07-1999,25.0,31.4,27.8,74.0,0.0,1.2,4.0,200.0,2.0,S ,Sun
13-07-1999,25.0,31.5,27.8,72.0,0.0,2.0,4.0,150.0,3.0,S ,Sun
14-07-1999,25.0,32.0,28.1,70.0,0.0,2.0,5.0,70.0,2.0,E ,Sun
15-07-1999,25.0,32.2,28.3,70.0,0.0,2.0,6.0,90.0,2.0,E ,Sun
16-07-1999,25.0,29.8,27.3,82.0,0.2,5.0,5.0,270.0,2.0,W ,Sun
17-07-1999,25.0,31.9,27.7,73.0,0.0,0.0,5.0,250.0,2.0,W ,Sun
18-07-1999,25.0,31.5,28.1,72.0,0.0,1.5,4.0,150.0,3.0,S ,Sun
19-07-1999,24.0,32.0,28.0,72.0,147.2,1.5,4.0,70.0,2.0,E ,Rain
20-07-1999,24.0,30.4,26.6,82.0,9.6,5.0,5.0,170.0,2.0,E ,Rain
21-07-1999,25.0,30.0,27.0,77.0,0.0,3.0,5.0,360.0,2.0,N ,Sun
22-07-1999,24.0,30.0,26.9,79.0,0.0,2.6,4.0,315.0,1.0,N ,Sun
23-07-1999,23.0,31.2,27.2,72.0,0.0,3.0,4.0,320.0,2.0,N ,Sun
24-07-1999,24.0,30.2,26.8,72.0,0.0,4.5,4.0,320.0,2.0,N ,Sun
25-07-1999,24.0,30.1,26.6,77.0,0.0,5.0,4.0,315.0,1.0,N ,Sun
26-07-1999,25.0,31.4,27.4,75.0,0.0,4.0,4.0,60.0,2.0,E ,Sun
27-07-1999,25.0,30.4,27.9,76.0,0.0,3.0,5.0,120.0,2.0,N ,Sun
28-07-1999,24.0,30.0,27.2,78.0,0.0,3.0,4.0,20.0,2.0,N ,Sun
29-07-1999,25.0,30.8,27.2,74.0,0.0,2.0,4.0,340.0,1.0,E ,Sun
30-07-1999,25.0,30.8,27.4,76.0,0.0,2.5,5.0,350.0,2.0,N ,Sun
31-07-1999,24.0,32.2,27.7,74.0,0.0,2.5,4.0,350.0,2.0,N ,Sun
01-08-1999,24.0,31.4,27.3,71.0,0.0,5.0,5.0,300.0,2.0,SW,Sun
02-08-1999,25.0,31.6,27.7,71.0,0.0,6.5,4.0,40.0,3.0,E ,Sun
03-08-1999,25.0,31.8,28.2,71.0,0.0,2.5,5.0,40.0,2.0,E ,Sun
04-08-1999,24.0,31.4,27.8,76.0,0.0,5.0,4.0,10.0,2.0,N ,Sun
05-08-1999,25.0,31.2,27.5,68.0,0.0,3.0,5.0,360.0,2.0,N ,Sun
06-08-1999,24.0,32.8,27.5,70.0,0.0,3.7,5.0,180.0,2.0,NE,Sun
07-08-1999,24.0,30.0,26.9,70.0,0.0,5.0,4.0,70.0,1.0,NE,Sun
08-08-1999,24.0,32.0,27.8,64.0,0.0,3.0,4.0,10.0,2.0,N ,Sun
09-08-1999,26.0,32.9,28.6,66.0,0.0,5.0,5.0,360.0,0.0,N ,Sun
10-08-1999,24.0,32.2,28.7,72.0,0.0,6.0,5.0,40.0,2.0,E ,Sun
11-08-1999,24.0,32.2,26.0,76.0,0.3,3.4,6.0,260.0,2.0,SW,Sun
12-08-1999,24.0,31.0,27.6,77.0,0.0,1.5,4.0,360.0,0.0,N ,Sun
13-08-1999,25.0,32.0,28.1,72.0,0.0,4.3,5.0,80.0,2.0,E ,Sun
14-08-1999,25.0,32.4,28.2,71.0,0.0,5.0,6.0,70.0,3.0,E ,Sun
15-08-1999,25.0,32.6,28.0,70.0,0.0,3.0,5.0,70.0,2.0,E ,Sun
16-08-1999,25.0,32.8,28.0,71.0,0.0,4.9,6.0,180.0,2.0,S ,Sun
17-08-1999,25.0,32.0,28.4,71.0,0.0,3.7,4.0,50.0,1.0,E ,Sun
18-08-1999,25.0,32.0,27.6,61.0,0.0,3.2,5.0,350.0,2.0,N ,Sun
19-08-1999,24.0,31.0,27.7,66.0,0.0,5.0,4.0,70.0,1.0,N ,Sun
20-08-1999,23.0,31.0,27.2,63.0,0.0,4.7,5.0,360.0,2.0,N ,Sun
21-08-1999,23.0,31.4,26.9,60.0,0.0,4.5,5.0,180.0,2.0,S ,Sun
22-08-1999,23.0,33.2,27.1,63.0,0.0,4.3,4.0,70.0,1.0,E ,Sun
23-08-1999,25.0,32.0,27.7,66.0,8888.0,4.3,5.0,360.0,2.0,E ,Rain
24-08-1999,26.0,31.4,28.0,78.0,8888.0,1.0,5.0,360.0,2.0,NE,Rain
25-08-1999,26.0,32.6,28.2,74.0,0.0,3.0,5.0,50.0,2.0,N ,Sun
26-08-1999,25.0,32.6,28.5,71.0,0.0,3.6,6.0,70.0,2.0,S ,Sun
27-08-1999,25.0,33.0,28.3,70.0,0.0,3.0,5.0,80.0,1.0,E ,Sun
28-08-1999,25.0,31.0,27.9,74.0,0.0,5.3,5.0,80.0,2.0,E ,Sun
29-08-1999,26.0,32.1,28.3,71.0,0.0,3.0,4.0,50.0,2.0,NE,Sun
30-08-1999,25.0,33.2,28.6,66.0,0.0,4.0,5.0,360.0,2.0,N ,Sun
31-08-1999,25.0,32.6,28.0,70.0,0.0,5.8,5.0,360.0,2.0,N ,Sun
01-09-1999,26.0,31.4,28.1,72.0,0.0,5.0,3.0,315.0,1.0,W ,Sun
02-09-1999,24.0,31.2,27.8,72.0,37.8,4.4,4.0,315.0,2.0,N ,Rain
03-09-1999,23.0,31.2,27.0,71.0,0.0,1.0,5.0,20.0,2.0,NE,Sun
04-09-1999,23.0,31.1,26.3,67.0,0.0,3.0,5.0,10.0,2.0,N ,Sun
05-09-1999,24.0,31.4,26.5,67.0,0.0,5.0,5.0,360.0,2.0,NE,Sun
06-09-1999,24.0,32.6,27.8,63.0,0.0,3.0,5.0,80.0,2.0,E ,Sun
07-09-1999,25.0,34.0,28.0,66.0,0.0,5.8,5.0,80.0,2.0,E ,Sun
08-09-1999,26.0,33.4,28.5,68.0,0.0,5.0,6.0,50.0,2.0,E ,Sun
09-09-1999,25.0,33.4,29.0,65.0,0.0,3.5,5.0,80.0,3.0,NE,Sun
10-09-1999,25.0,33.4,28.5,67.0,0.0,5.0,5.0,170.0,2.0,S ,Sun
11-09-1999,25.0,32.4,28.7,64.0,0.0,4.0,5.0,340.0,2.0,N ,Sun
12-09-1999,25.0,34.4,28.9,65.0,0.0,5.3,5.0,30.0,2.0,NE,Sun
13-09-1999,25.0,33.2,28.2,65.0,0.0,5.0,5.0,50.0,2.0,NE,Sun
14-09-1999,25.0,34.4,28.8,60.0,0.0,5.2,6.0,360.0,2.0,NE,Sun
15-09-1999,26.0,32.4,28.0,65.0,0.0,5.5,5.0,150.0,2.0,N ,Sun
16-09-1999,26.0,32.8,30.0,67.0,0.0,5.0,5.0,360.0,3.0,N ,Sun
17-09-1999,25.0,33.0,29.2,65.0,0.0,6.3,7.0,90.0,3.0,E ,Sun
18-09-1999,25.0,34.2,28.9,70.0,0.0,6.0,6.0,90.0,2.0,E ,Sun
19-09-1999,26.0,33.2,28.6,70.0,0.0,6.0,6.0,360.0,2.0,N ,Sun
20-09-1999,26.0,32.4,29.0,67.0,0.0,5.6,5.0,200.0,2.0,N ,Sun
21-09-1999,26.0,33.4,28.8,68.0,0.0,4.0,8.0,50.0,2.0,NE,Sun
22-09-1999,26.0,32.2,28.4,74.0,0.0,6.0,6.0,360.0,2.0,E ,Sun
23-09-1999,26.0,34.2,29.2,66.0,0.0,5.0,5.0,70.0,2.0,E ,Sun
24-09-1999,26.0,34.4,29.5,64.0,0.0,4.5,5.0,60.0,2.0,E ,Sun
25-09-1999,26.0,34.0,28.9,64.0,0.0,6.2,8.0,100.0,3.0,E ,Sun
26-09-1999,26.0,33.0,29.9,69.0,0.0,3.5,6.0,90.0,3.0,E ,Sun
27-09-1999,25.0,32.2,29.0,70.0,38.6,6.0,6.0,300.0,3.0,W ,Rain
28-09-1999,25.0,32.1,27.9,73.0,0.0,5.0,5.0,90.0,3.0,E ,Sun
29-09-1999,26.0,32.8,28.2,70.0,0.0,3.0,5.0,80.0,3.0,N ,Sun
30-09-1999,26.0,32.2,28.5,67.0,0.0,6.7,6.0,180.0,2.0,N ,Sun
01-10-1999,25.0,31.6,28.0,65.0,0.0,3.0,6.0,250.0,2.0,S ,Sun
02-10-1999,25.0,32.4,28.2,66.0,0.0,6.2,5.0,300.0,2.0,N ,Sun
03-10-1999,26.0,34.3,28.8,66.0,8888.0,6.0,6.0,50.0,2.0,NE,Rain
04-10-1999,26.0,32.0,28.5,72.0,0.0,7.3,5.0,340.0,1.0,N ,Sun
05-10-1999,25.0,33.0,29.0,70.0,0.0,3.0,5.0,40.0,2.0,NE,Sun
06-10-1999,25.0,32.4,28.6,68.0,0.0,7.3,6.0,360.0,2.0,N ,Sun
07-10-1999,26.0,32.6,28.6,72.0,0.0,6.5,4.0,360.0,1.0,N ,Sun
08-10-1999,26.0,34.2,29.2,71.0,0.0,6.0,6.0,360.0,2.0,NW,Sun
09-10-1999,25.0,32.1,28.6,74.0,4.7,5.0,5.0,350.0,2.0,N ,Drizzle
10-10-1999,26.0,32.4,28.8,74.0,0.0,4.6,5.0,10.0,2.0,N ,Sun
11-10-1999,24.0,30.0,27.7,77.0,5.2,0.0,4.0,40.0,1.0,N ,Rain
12-10-1999,24.0,29.8,26.8,81.0,46.0,0.5,6.0,340.0,1.0,N ,Rain
13-10-1999,25.0,31.6,27.0,83.0,0.0,0.0,5.0,340.0,2.0,N ,Sun
14-10-1999,26.0,30.8,27.8,77.0,0.0,4.0,5.0,360.0,2.0,N ,Sun
15-10-1999,25.0,32.2,27.6,76.0,0.0,1.1,5.0,150.0,2.0,S ,Sun
16-10-1999,24.0,30.7,27.8,79.0,8888.0,5.0,4.0,300.0,2.0,NW,Rain
17-10-1999,25.0,31.6,27.6,76.0,0.0,4.5,5.0,360.0,2.0,N ,Sun
18-10-1999,24.0,32.4,28.0,76.0,8.7,7.0,4.0,60.0,1.0,N ,Rain
19-10-1999,24.0,32.8,26.2,86.0,11.8,2.5,5.0,20.0,1.0,N ,Rain
20-10-1999,25.0,32.8,27.6,78.0,0.0,4.0,5.0,150.0,2.0,S ,Sun
21-10-1999,26.0,30.4,28.0,78.0,0.0,2.0,5.0,80.0,1.0,E ,Sun
22-10-1999,24.0,31.2,27.6,79.0,0.0,1.0,3.0,360.0,1.0,N ,Sun
23-10-1999,25.0,31.1,25.9,86.0,4.8,1.0,4.0,350.0,1.0,N ,Drizzle
24-10-1999,25.0,30.6,27.6,79.0,0.0,1.3,4.0,40.0,1.0,N ,Sun
25-10-1999,25.0,33.0,28.2,73.0,2.6,2.0,6.0,170.0,2.0,S ,Drizzle
26-10-1999,24.0,26.4,25.3,94.0,10.6,7.0,4.0,90.0,2.0,E ,Rain
27-10-1999,25.0,30.6,27.4,80.0,2.0,0.0,4.0,350.0,1.0,N ,Drizzle
28-10-1999,25.0,32.4,27.9,79.0,8888.0,1.0,4.0,350.0,1.0,N ,Rain
29-10-1999,25.0,32.8,27.2,77.0,0.0,2.0,5.0,90.0,2.0,N ,Sun
30-10-1999,24.0,30.2,26.4,84.0,12.0,4.6,5.0,170.0,2.0,E ,Rain
31-10-1999,24.0,30.6,26.8,80.0,36.0,0.0,5.0,290.0,1.0,W ,Rain
01-11-1999,24.0,31.5,27.0,78.0,0.0,1.5,3.0,30.0,0.0,W ,Sun
02-11-1999,24.0,32.0,26.8,81.0,1.7,0.0,4.0,10.0,1.0,N ,Drizzle
03-11-1999,24.0,29.8,26.6,84.0,0.2,2.5,5.0,260.0,2.0,SW,Sun
04-11-1999,23.0,31.8,26.8,78.0,6.2,0.1,7.0,250.0,2.0,SW,Rain
05-11-1999,24.0,32.8,27.7,74.0,0.0,4.5,5.0,270.0,2.0,W ,Sun
06-11-1999,25.0,32.4,28.0,72.0,0.0,3.0,4.0,350.0,1.0,N ,Sun
07-11-1999,25.0,31.3,27.8,68.0,0.0,2.0,3.0,230.0,1.0,SW,Sun
08-11-1999,25.0,29.8,27.1,81.0,0.0,0.0,3.0,270.0,0.0,W ,Sun
09-11-1999,25.0,31.4,28.1,76.0,0.0,0.0,5.0,290.0,2.0,S ,Sun
10-11-1999,26.0,31.8,28.4,73.0,0.0,0.0,5.0,150.0,2.0,S ,Sun
11-11-1999,25.0,31.8,28.5,76.0,6.6,3.0,4.0,40.0,2.0,NE,Rain
12-11-1999,24.0,31.9,27.1,82.0,8.6,3.0,5.0,360.0,1.0,N ,Rain
13-11-1999,25.0,31.7,27.9,79.0,6.7,1.0,6.0,350.0,2.0,N ,Rain
14-11-1999,24.0,32.6,25.7,88.0,22.2,0.4,5.0,180.0,1.0,S ,Rain
15-11-1999,24.0,31.6,27.4,82.0,54.4,3.5,5.0,230.0,2.0,W ,Rain
16-11-1999,23.0,31.6,26.2,87.0,3.7,0.5,5.0,10.0,0.0,SW,Drizzle
17-11-1999,24.0,30.8,27.2,77.0,0.0,0.0,4.0,250.0,2.0,W ,Sun
18-11-1999,24.0,31.2,27.0,80.0,11.1,0.0,5.0,250.0,1.0,W ,Rain
19-11-1999,25.0,32.0,27.8,76.0,0.0,3.2,6.0,170.0,3.0,S ,Sun
20-11-1999,25.0,31.8,27.9,75.0,0.0,5.5,5.0,220.0,2.0,S ,Sun
21-11-1999,24.0,32.8,27.1,82.0,6.2,3.5,5.0,10.0,1.0,N ,Rain
22-11-1999,25.0,31.9,27.9,77.0,0.0,4.0,4.0,360.0,1.0,N ,Sun
23-11-1999,26.0,32.6,28.3,74.0,0.0,1.5,4.0,40.0,1.0,N ,Sun
24-11-1999,25.0,31.4,27.6,82.0,18.8,5.1,5.0,170.0,1.0,S ,Rain
25-11-1999,24.0,31.8,27.9,75.0,25.0,1.5,4.0,230.0,2.0,S ,Rain
26-11-1999,25.0,29.6,27.1,86.0,17.6,3.2,4.0,350.0,2.0,N ,Rain
27-11-1999,25.0,32.4,28.1,80.0,0.0,1.0,4.0,20.0,1.0,N ,Sun
28-11-1999,26.0,32.4,28.4,77.0,0.0,2.0,5.0,340.0,1.0,N ,Sun
29-11-1999,25.0,31.6,28.3,77.0,50.0,2.3,5.0,200.0,2.0,S ,Rain
30-11-1999,26.0,31.6,27.9,78.0,8888.0,2.0,4.0,310.0,1.0,NW,Rain
01-12-1999,25.0,32.6,28.6,74.0,0.0,0.0,4.0,350.0,1.0,E ,Sun
02-12-1999,25.0,32.6,28.2,78.0,0.0,6.0,4.0,280.0,1.0,W ,Sun
03-12-1999,26.0,31.2,27.8,80.0,8888.0,5.5,4.0,40.0,2.0,NE,Rain
04-12-1999,25.0,29.8,27.2,84.0,27.0,0.0,4.0,90.0,1.0,E ,Rain
05-12-1999,24.0,26.0,25.5,90.0,4.0,0.0,5.0,200.0,2.0,S ,Drizzle
06-12-1999,24.0,31.0,27.0,83.0,1.4,0.0,4.0,10.0,0.0,N ,Drizzle
07-12-1999,24.0,32.0,27.3,80.0,8888.0,0.0,4.0,310.0,2.0,W ,Rain
08-12-1999,25.0,32.4,27.4,79.0,8888.0,1.0,5.0,260.0,2.0,W ,Rain
09-12-1999,25.0,30.6,27.6,74.0,0.0,0.7,5.0,250.0,3.0,W ,Sun
10-12-1999,26.0,31.0,27.7,76.0,8888.0,4.0,5.0,200.0,3.0,W ,Rain
11-12-1999,24.0,31.8,28.1,74.0,8888.0,2.5,4.0,250.0,1.0,W ,Rain
12-12-1999,26.0,32.0,27.9,74.0,8888.0,2.0,6.0,280.0,3.0,W ,Rain
13-12-1999,25.0,29.2,27.3,84.0,3.4,5.4,4.0,220.0,3.0,W ,Drizzle
14-12-1999,25.0,31.0,26.9,82.0,3.6,0.0,6.0,240.0,4.0,W ,Drizzle
15-12-1999,25.0,30.0,27.0,78.0,0.0,0.5,5.0,260.0,3.0,W ,Sun
16-12-1999,23.0,30.2,25.9,86.0,24.9,1.0,5.0,210.0,2.0,W ,Rain
17-12-1999,24.0,27.0,25.1,90.0,3.0,0.0,4.0,230.0,2.0,W ,Drizzle
18-12-1999,25.0,32.1,27.8,76.0,0.0,0.0,5.0,260.0,2.0,W ,Sun
19-12-1999,25.0,31.4,28.2,69.0,0.4,2.5,4.0,270.0,2.0,W ,Sun
20-12-1999,25.0,31.4,27.6,75.0,8888.0,1.5,5.0,280.0,3.0,W ,Rain
21-12-1999,24.0,31.4,27.3,78.0,3.2,3.0,4.0,290.0,2.0,W ,Drizzle
22-12-1999,25.0,31.6,27.0,84.0,5.2,2.0,6.0,290.0,2.0,W ,Rain
23-12-1999,25.0,31.4,27.4,84.0,5.8,4.0,6.0,270.0,3.0,W ,Rain
24-12-1999,23.0,31.2,26.9,85.0,14.3,1.5,4.0,240.0,3.0,W ,Rain
25-12-1999,24.0,27.4,25.1,92.0,10.0,0.0,4.0,210.0,2.0,SW,Rain
26-12-1999,24.0,28.4,26.3,86.0,16.2,0.0,4.0,290.0,1.0,W ,Rain
27-12-1999,23.0,30.4,26.3,85.0,77.4,0.0,4.0,290.0,2.0,W ,Rain
28-12-1999,24.0,29.1,26.2,90.0,27.8,0.0,4.0,310.0,1.0,W ,Rain
29-12-1999,24.0,30.0,26.6,86.0,42.5,0.0,4.0,170.0,2.0,W ,Rain
30-12-1999,24.0,28.6,25.8,88.0,3.1,3.5,4.0,220.0,2.0,SW,Drizzle
31-12-1999,25.0,30.2,26.4,84.0,0.0,0.0,4.0,300.0,2.0,W ,Sun
01-01-2000,24.0,29.4,26.8,83.0,9.1,2.0,4.0,280.0,2.0,W ,Rain
02-01-2000,25.0,29.8,27.0,81.0,8888.0,2.0,4.0,290.0,2.0,W ,Rain
03-01-2000,25.0,30.8,26.7,83.0,8888.0,0.7,4.0,260.0,1.0,W ,Rain
04-01-2000,24.0,31.0,27.0,82.0,50.2,1.0,6.0,290.0,2.0,W ,Rain
05-01-2000,25.0,31.8,27.0,82.0,1.6,3.5,4.0,240.0,2.0,SW,Drizzle
06-01-2000,24.0,30.4,26.6,80.0,30.2,1.0,4.0,260.0,1.0,W ,Rain
07-01-2000,23.0,30.2,24.7,94.0,33.0,2.1,3.0,270.0,0.0,NW,Rain
08-01-2000,24.0,28.6,26.4,82.0,8888.0,0.5,5.0,200.0,2.0,S ,Rain
09-01-2000,23.0,29.9,26.4,83.0,11.7,0.0,3.0,210.0,0.0,SW,Rain
10-01-2000,24.0,31.0,26.3,83.0,7.8,2.5,3.0,340.0,1.0,W ,Rain
11-01-2000,24.0,30.0,26.2,87.0,0.5,2.7,4.0,20.0,0.0,N ,Sun
12-01-2000,23.0,31.2,27.2,83.0,4.5,0.0,4.0,360.0,1.0,N ,Drizzle
13-01-2000,24.0,31.1,26.7,82.0,0.0,5.0,5.0,350.0,2.0,N ,Sun
14-01-2000,25.0,29.4,27.5,82.0,0.0,5.0,3.0,300.0,1.0,W ,Sun
15-01-2000,25.0,30.0,27.6,80.0,0.0,1.7,3.0,20.0,0.0,N ,Sun
16-01-2000,26.0,30.4,27.4,62.0,3.8,2.0,5.0,200.0,3.0,S ,Drizzle
17-01-2000,23.0,28.3,25.8,86.0,8888.0,4.5,5.0,270.0,2.0,W ,Rain
18-01-2000,24.0,27.6,25.8,87.0,0.2,0.0,4.0,270.0,2.0,W ,Sun
19-01-2000,25.0,31.0,26.5,80.0,1.5,0.0,5.0,250.0,2.0,W ,Drizzle
20-01-2000,24.0,30.6,26.9,77.0,27.0,2.0,5.0,170.0,3.0,S ,Rain
21-01-2000,24.0,28.9,26.4,85.0,0.3,0.0,6.0,300.0,2.0,NW,Sun
22-01-2000,25.0,30.0,27.1,76.0,2.4,2.0,5.0,240.0,2.0,W ,Drizzle
23-01-2000,24.0,31.0,27.8,74.0,68.0,2.3,5.0,280.0,2.0,W ,Rain
24-01-2000,25.0,29.4,26.8,86.0,0.0,5.5,7.0,180.0,3.0,S ,Sun
25-01-2000,23.0,30.3,27.5,84.0,94.8,0.0,5.0,310.0,2.0,NW,Rain
26-01-2000,23.0,28.4,25.2,90.0,12.0,2.0,5.0,260.0,3.0,W ,Rain
27-01-2000,25.0,29.0,25.3,92.0,11.0,0.0,6.0,290.0,2.0,W ,Rain
28-01-2000,25.0,29.6,26.7,78.0,0.0,0.0,5.0,160.0,2.0,S ,Sun
29-01-2000,24.0,32.0,28.4,73.0,10.8,4.0,4.0,310.0,2.0,W ,Rain
30-01-2000,24.0,28.4,26.2,91.0,4.3,6.0,3.0,260.0,1.0,W ,Drizzle
31-01-2000,24.0,29.0,26.4,88.0,8888.0,0.0,5.0,315.0,2.0,W ,Rain
01-02-2000,,29.2,27.0,86.0,25.6,0.0,4.0,280.0,2.0,W ,Rain
02-02-2000,,29.8,27.1,82.0,21.0,1.0,4.0,290.0,2.0,W ,Rain
03-02-2000,23.0,30.2,25.8,88.0,34.4,6.0,4.0,280.0,1.0,W ,Rain
04-02-2000,23.0,30.6,25.8,88.0,16.7,2.3,5.0,270.0,1.0,N ,Rain
05-02-2000,24.0,30.2,26.5,85.0,2.3,6.3,4.0,270.0,1.0,W ,Drizzle
06-02-2000,24.0,29.8,25.6,91.0,37.9,5.0,4.0,300.0,2.0,W ,Rain
07-02-2000,24.0,28.4,25.1,91.0,3.5,2.0,5.0,280.0,1.0,W ,Drizzle
08-02-2000,23.0,28.1,26.2,90.0,55.3,0.0,2.0,100.0,0.0,SE,Rain
09-02-2000,23.0,28.6,25.4,89.0,4.5,0.0,2.0,360.0,0.0,NW,Drizzle
10-02-2000,24.0,30.0,25.6,89.0,11.7,0.0,4.0,290.0,1.0,W ,Rain
11-02-2000,23.0,28.8,26.4,85.0,60.8,1.5,4.0,250.0,1.0,W ,Rain
12-02-2000,24.0,30.6,26.6,86.0,0.1,2.0,4.0,270.0,2.0,W ,Sun
13-02-2000,24.0,30.5,27.0,84.0,0.2,6.0,3.0,120.0,1.0,N ,Sun
14-02-2000,26.0,30.8,27.6,83.0,0.0,1.3,3.0,300.0,1.0,W ,Sun
15-02-2000,26.0,31.6,27.7,80.0,0.0,7.0,5.0,290.0,1.0,W ,Sun
16-02-2000,25.0,31.1,27.4,83.0,0.0,2.0,5.0,360.0,2.0,N ,Sun
17-02-2000,26.0,31.9,27.6,75.0,8888.0,7.0,4.0,10.0,2.0,W ,Rain
18-02-2000,24.0,30.8,27.7,82.0,1.4,4.5,3.0,280.0,1.0,W ,Drizzle
19-02-2000,23.0,31.2,27.1,81.0,29.4,2.5,4.0,160.0,2.0,N ,Rain
20-02-2000,24.0,30.2,26.2,84.0,0.0,5.5,3.0,270.0,0.0,W ,Sun
21-02-2000,24.0,30.4,27.5,83.0,0.0,2.0,4.0,360.0,1.0,N ,Sun
22-02-2000,25.0,31.9,27.8,80.0,0.3,5.5,4.0,100.0,1.0,N ,Sun
23-02-2000,25.0,31.5,27.7,81.0,8888.0,5.5,5.0,120.0,2.0,W ,Rain
24-02-2000,25.0,29.4,27.2,76.0,0.5,4.5,5.0,290.0,2.0,W ,Sun
25-02-2000,25.0,30.8,27.5,72.0,4.2,2.5,4.0,270.0,1.0,W ,Drizzle
26-02-2000,25.0,29.3,27.0,84.0,0.0,1.8,3.0,310.0,2.0,W ,Sun
27-02-2000,25.0,30.8,27.5,77.0,0.0,0.0,4.0,280.0,2.0,W ,Sun
28-02-2000,25.0,30.8,27.6,74.0,0.0,3.5,4.0,280.0,1.0,W ,Sun
29-02-2000,25.0,31.4,28.0,66.0,0.0,1.0,3.0,360.0,2.0,W ,Sun
01-03-2000,27.0,31.2,28.4,68.0,0.0,0.0,4.0,110.0,1.0,N ,Sun
02-03-2000,26.0,31.4,28.2,72.0,0.3,2.5,4.0,350.0,1.0,N ,Sun
03-03-2000,24.0,28.2,26.9,82.0,22.5,0.0,3.0,80.0,1.0,E ,Rain
04-03-2000,25.0,29.1,26.7,90.0,7.1,1.5,4.0,280.0,1.0,W ,Rain
05-03-2000,24.0,31.6,27.9,80.0,4.9,6.8,4.0,270.0,2.0,W ,Drizzle
06-03-2000,24.0,31.5,27.5,76.0,1.4,1.8,5.0,280.0,2.0,W ,Drizzle
07-03-2000,26.0,31.6,28.1,74.0,0.0,5.0,7.0,250.0,3.0,W ,Sun
08-03-2000,26.0,32.0,28.3,71.0,0.0,4.5,5.0,250.0,3.0,W ,Sun
09-03-2000,24.0,31.7,27.6,84.0,4.7,2.0,5.0,360.0,3.0,W ,Drizzle
10-03-2000,25.0,32.6,28.3,75.0,0.0,1.8,4.0,300.0,2.0,W ,Sun
11-03-2000,25.0,32.6,28.1,72.0,0.0,3.0,5.0,310.0,2.0,W ,Sun
12-03-2000,25.0,30.6,27.4,79.0,14.4,2.3,6.0,110.0,3.0,W ,Rain
13-03-2000,25.0,29.8,26.8,84.0,3.2,0.5,4.0,200.0,2.0,W ,Drizzle
14-03-2000,25.0,30.2,27.4,82.0,7.3,2.0,4.0,280.0,2.0,W ,Rain
15-03-2000,26.0,34.0,29.0,68.0,0.0,8.0,6.0,280.0,4.0,W ,Sun
16-03-2000,25.0,32.4,28.4,69.0,0.0,5.8,4.0,280.0,3.0,W ,Sun
17-03-2000,25.0,30.8,27.0,71.0,0.0,2.5,6.0,280.0,3.0,W ,Sun
18-03-2000,27.0,32.4,29.0,68.0,0.0,5.5,5.0,270.0,4.0,W ,Sun
19-03-2000,24.0,32.2,28.6,72.0,17.5,6.0,5.0,80.0,1.0,N ,Rain
20-03-2000,25.0,31.0,27.2,82.0,0.0,1.5,3.0,70.0,1.0,E ,Sun
21-03-2000,26.0,32.2,28.5,72.0,0.0,2.0,4.0,270.0,2.0,W ,Sun
22-03-2000,25.0,33.9,29.3,61.0,0.0,8.0,5.0,150.0,2.0,W ,Sun
23-03-2000,26.0,30.2,27.9,77.0,0.0,2.0,5.0,250.0,1.0,W ,Sun
24-03-2000,25.0,30.4,27.6,78.0,0.0,3.0,3.0,360.0,1.0,N ,Sun
25-03-2000,25.0,31.4,27.9,74.0,0.0,2.2,4.0,260.0,2.0,W ,Sun
26-03-2000,25.0,32.2,27.7,77.0,0.0,5.0,3.0,310.0,1.0,NW,Sun
27-03-2000,26.0,33.2,28.2,75.0,8888.0,4.5,4.0,320.0,1.0,NW,Rain
28-03-2000,26.0,30.6,28.2,81.0,0.1,3.3,3.0,350.0,1.0,N ,Sun
29-03-2000,26.0,32.3,28.2,77.0,1.6,6.5,4.0,350.0,1.0,N ,Drizzle
30-03-2000,25.0,32.0,28.2,77.0,11.9,6.7,3.0,310.0,0.0,NW,Rain
31-03-2000,25.0,31.4,28.0,80.0,3.4,6.0,3.0,310.0,0.0,N ,Drizzle
01-04-2000,25.0,32.0,27.8,80.0,0.0,3.0,3.0,360.0,1.0,N ,Sun
02-04-2000,24.0,32.8,28.7,77.0,58.5,5.0,6.0,70.0,1.0,N ,Rain
03-04-2000,24.0,32.8,26.9,85.0,34.2,5.7,4.0,340.0,0.0,N ,Rain
04-04-2000,25.0,32.2,27.6,82.0,0.0,5.7,4.0,350.0,2.0,N ,Sun
05-04-2000,25.0,34.8,29.6,69.0,0.5,1.0,5.0,340.0,1.0,N ,Sun
06-04-2000,25.0,31.4,27.3,82.0,4.0,0.0,3.0,270.0,2.0,W ,Drizzle
07-04-2000,25.0,30.1,27.0,77.0,0.0,0.0,3.0,280.0,2.0,W ,Sun
08-04-2000,25.0,31.6,27.4,77.0,0.0,4.0,6.0,340.0,2.0,N ,Sun
09-04-2000,25.0,31.5,27.3,80.0,0.0,4.7,4.0,150.0,2.0,N ,Sun
10-04-2000,26.0,32.2,28.7,72.0,0.0,2.8,4.0,210.0,3.0,W ,Sun
11-04-2000,24.0,33.5,28.1,72.0,1.3,3.0,4.0,360.0,1.0,W ,Drizzle
12-04-2000,25.0,34.2,27.5,76.0,17.7,7.0,4.0,270.0,1.0,W ,Rain
13-04-2000,26.0,33.6,29.1,69.0,0.0,2.0,3.0,280.0,1.0,W ,Sun
14-04-2000,25.0,34.2,28.8,70.0,0.0,8.0,3.0,10.0,1.0,N ,Sun
15-04-2000,26.0,33.4,29.0,73.0,0.0,6.5,4.0,360.0,1.0,N ,Sun
16-04-2000,26.0,32.6,29.0,74.0,0.0,4.0,4.0,360.0,2.0,N ,Sun
17-04-2000,26.0,32.8,29.0,72.0,0.0,4.0,4.0,270.0,2.0,N ,Sun
18-04-2000,26.0,32.5,28.8,77.0,0.0,3.5,4.0,340.0,1.0,N ,Sun
19-04-2000,27.0,32.5,28.6,77.0,8888.0,4.5,4.0,310.0,2.0,NW,Rain
20-04-2000,25.0,34.0,28.3,80.0,36.3,1.6,5.0,340.0,0.0,W ,Rain
21-04-2000,25.0,33.9,27.6,83.0,10.6,4.7,3.0,280.0,1.0,W ,Rain
22-04-2000,26.0,32.4,28.3,82.0,8888.0,6.5,4.0,320.0,1.0,W ,Rain
23-04-2000,25.0,30.2,27.5,84.0,4.5,4.1,3.0,80.0,0.0,N ,Drizzle
24-04-2000,25.0,31.2,27.2,84.0,16.9,3.5,3.0,20.0,0.0,N ,Rain
25-04-2000,25.0,31.4,27.5,83.0,0.0,2.8,2.0,10.0,0.0,N ,Sun
26-04-2000,25.0,33.0,27.3,82.0,6.3,1.5,4.0,360.0,1.0,N ,Rain
27-04-2000,25.0,32.4,27.9,79.0,8888.0,7.3,3.0,350.0,1.0,N ,Rain
28-04-2000,24.0,32.2,26.9,87.0,30.0,7.0,4.0,10.0,1.0,N ,Rain
29-04-2000,25.0,31.8,27.9,84.0,8888.0,4.5,3.0,40.0,0.0,N ,Rain
30-04-2000,25.0,32.2,27.4,83.0,37.0,5.0,4.0,20.0,1.0,N ,Rain
01-05-2000,25.0,31.9,27.6,82.0,0.0,0.0,3.0,360.0,1.0,N ,Sun
02-05-2000,25.0,31.0,27.5,82.0,2.0,0.0,3.0,20.0,1.0,N ,Drizzle
03-05-2000,24.0,31.0,26.6,90.0,8.1,0.0,3.0,20.0,1.0,N ,Rain
04-05-2000,24.0,30.6,26.5,91.0,30.2,0.0,6.0,150.0,2.0,SE,Rain
05-05-2000,24.0,32.6,27.2,83.0,0.0,0.0,5.0,190.0,1.0,SW,Sun
06-05-2000,25.0,32.7,27.6,82.0,8888.0,0.0,3.0,50.0,0.0,NE,Rain
07-05-2000,25.0,32.4,28.4,80.0,0.2,0.0,4.0,360.0,2.0,N ,Sun
08-05-2000,25.0,32.2,28.1,82.0,0.0,0.0,3.0,360.0,1.0,N ,Sun
09-05-2000,26.0,32.4,28.3,81.0,0.0,0.0,5.0,170.0,1.0,N ,Sun
10-05-2000,24.0,32.6,28.8,78.0,21.7,0.0,4.0,170.0,1.0,E ,Rain
11-05-2000,25.0,32.4,27.8,85.0,9.1,0.0,3.0,350.0,1.0,N ,Rain
12-05-2000,26.0,32.4,28.6,77.0,0.0,0.0,4.0,170.0,2.0,N ,Sun
13-05-2000,27.0,34.0,29.3,70.0,0.0,0.0,4.0,70.0,1.0,E ,Sun
14-05-2000,27.0,33.4,29.0,74.0,0.0,0.0,4.0,170.0,2.0,SW,Sun
15-05-2000,26.0,31.0,28.5,83.0,23.4,0.0,4.0,230.0,1.0,SW,Rain
16-05-2000,25.0,32.4,28.6,80.0,7.4,0.0,5.0,90.0,2.0,E ,Rain
17-05-2000,26.0,32.4,29.1,76.0,0.5,0.0,4.0,90.0,2.0,W ,Sun
18-05-2000,26.0,33.2,29.4,75.0,0.0,0.0,6.0,60.0,2.0,E ,Sun
19-05-2000,25.0,33.2,28.8,75.0,1.5,0.0,5.0,170.0,2.0,S ,Drizzle
20-05-2000,25.0,32.0,28.3,76.0,0.0,0.0,4.0,20.0,1.0,NE,Sun
21-05-2000,26.0,32.9,29.1,77.0,0.0,0.0,4.0,360.0,1.0,N ,Sun
22-05-2000,26.0,32.6,28.9,77.0,0.0,0.0,4.0,20.0,2.0,N ,Sun
23-05-2000,26.0,33.4,29.2,77.0,0.0,0.0,3.0,120.0,2.0,N ,Sun
24-05-2000,26.0,33.0,28.9,78.0,0.0,0.0,4.0,110.0,2.0,E ,Sun
25-05-2000,26.0,33.0,28.8,77.0,0.0,0.0,5.0,320.0,1.0,N ,Sun
26-05-2000,26.0,33.4,29.2,77.0,0.0,0.0,3.0,360.0,1.0,N ,Sun
27-05-2000,26.0,33.0,29.2,72.0,0.0,0.0,4.0,170.0,1.0,E ,Sun
28-05-2000,25.0,32.9,27.8,80.0,0.8,0.0,5.0,270.0,1.0,N ,Sun
29-05-2000,24.0,33.4,28.8,76.0,28.5,0.0,4.0,10.0,2.0,N ,Rain
30-05-2000,25.0,32.0,28.0,84.0,0.0,0.0,4.0,340.0,1.0,N ,Sun
31-05-2000,26.0,32.4,28.3,77.0,0.0,0.0,3.0,350.0,0.0,N ,Sun
01-06-2000,25.0,33.2,29.0,69.0,0.0,6.5,6.0,110.0,1.0,NE,Sun
02-06-2000,25.0,30.6,27.2,74.0,6.0,0.0,3.0,360.0,1.0,N ,Rain
03-06-2000,25.0,27.5,25.9,91.0,2.4,0.0,4.0,60.0,2.0,E ,Drizzle
04-06-2000,25.0,31.4,26.8,86.0,13.2,4.0,5.0,340.0,2.0,N ,Rain
05-06-2000,24.0,31.8,27.2,83.0,8888.0,5.5,4.0,170.0,1.0,S ,Rain
06-06-2000,26.0,30.6,28.3,80.0,0.0,2.0,4.0,290.0,1.0,W ,Sun
07-06-2000,25.0,31.4,27.4,88.0,20.8,0.5,4.0,360.0,0.0,E ,Rain
08-06-2000,25.0,32.0,28.8,78.0,8888.0,4.5,4.0,40.0,1.0,E ,Rain
09-06-2000,25.0,31.4,28.0,79.0,0.0,8.0,4.0,360.0,1.0,N ,Sun
10-06-2000,25.0,32.2,28.0,78.0,0.0,4.0,4.0,360.0,2.0,N ,Sun
11-06-2000,26.0,33.0,28.4,78.0,0.0,6.2,3.0,80.0,1.0,E ,Sun
12-06-2000,24.0,32.0,28.2,80.0,17.6,2.5,5.0,30.0,1.0,N ,Rain
13-06-2000,25.0,32.2,27.9,79.0,0.0,5.8,4.0,50.0,1.0,E ,Sun
14-06-2000,25.0,31.6,28.1,80.0,5.3,5.0,3.0,360.0,1.0,N ,Rain
15-06-2000,24.0,32.2,27.7,73.0,0.0,7.0,4.0,350.0,1.0,N ,Sun
16-06-2000,25.0,32.4,28.4,68.0,0.0,5.0,4.0,10.0,1.0,N ,Sun
17-06-2000,25.0,32.0,28.5,73.0,0.0,2.0,4.0,150.0,2.0,SE,Sun
18-06-2000,24.0,27.0,26.0,88.0,2.6,0.0,4.0,90.0,1.0,E ,Drizzle
19-06-2000,25.0,31.8,27.6,79.0,0.3,4.5,5.0,90.0,1.0,E ,Sun
20-06-2000,25.0,32.7,27.8,78.0,0.2,3.0,5.0,50.0,3.0,E ,Sun
21-06-2000,25.0,28.8,26.4,86.0,0.0,0.0,5.0,90.0,2.0,E ,Sun
22-06-2000,25.0,30.6,26.6,81.0,8888.0,6.5,5.0,90.0,2.0,E ,Rain
23-06-2000,24.0,31.2,26.9,78.0,0.8,1.0,4.0,90.0,1.0,N ,Sun
24-06-2000,24.0,32.4,27.6,78.0,1.6,5.5,5.0,90.0,2.0,E ,Drizzle
25-06-2000,25.0,32.6,27.4,77.0,0.0,6.5,4.0,60.0,2.0,NE,Sun
26-06-2000,24.0,31.4,28.4,73.0,0.0,6.5,5.0,180.0,2.0,S ,Sun
27-06-2000,25.0,32.0,27.8,71.0,0.0,5.3,4.0,20.0,1.0,N ,Sun
28-06-2000,25.0,32.4,27.5,71.0,0.0,2.0,3.0,20.0,1.0,N ,Sun
29-06-2000,25.0,31.6,27.8,76.0,7.3,5.0,4.0,360.0,2.0,N ,Rain
30-06-2000,25.0,30.9,27.4,82.0,8888.0,5.0,,,1.0,SE,Rain
01-07-2000,26.0,32.0,28.3,73.0,0.0,4.5,5.0,40.0,2.0,NE,Sun
02-07-2000,25.0,30.8,27.5,82.0,3.8,4.5,4.0,150.0,1.0,SE,Drizzle
03-07-2000,25.0,32.0,27.6,80.0,0.0,4.0,4.0,80.0,1.0,E ,Sun
04-07-2000,25.0,32.2,28.5,73.0,0.0,2.3,5.0,260.0,1.0,W ,Sun
05-07-2000,25.0,33.4,28.2,77.0,0.0,7.5,5.0,260.0,1.0,N ,Sun
06-07-2000,24.0,32.1,28.1,79.0,2.4,4.4,3.0,90.0,0.0,E ,Drizzle
07-07-2000,25.0,31.6,27.7,79.0,0.0,8.0,4.0,20.0,1.0,N ,Sun
08-07-2000,26.0,32.0,28.3,78.0,0.0,8.0,4.0,340.0,1.0,N ,Sun
09-07-2000,26.0,32.4,28.4,80.0,8888.0,7.0,4.0,360.0,2.0,N ,Rain
10-07-2000,24.0,31.1,27.8,81.0,0.0,2.5,3.0,110.0,1.0,W ,Sun
11-07-2000,25.0,33.2,28.3,78.0,0.0,7.8,4.0,90.0,1.0,E ,Sun
12-07-2000,25.0,33.2,28.2,72.0,0.0,8.0,4.0,50.0,1.0,NE,Sun
13-07-2000,25.0,32.6,28.4,75.0,0.0,7.8,4.0,70.0,2.0,E ,Sun
14-07-2000,25.0,32.4,27.8,81.0,2.0,1.5,4.0,20.0,1.0,N ,Drizzle
15-07-2000,25.0,32.8,28.0,76.0,0.0,8.0,3.0,40.0,0.0,E ,Sun
16-07-2000,25.0,31.2,27.3,81.0,0.0,2.6,4.0,90.0,1.0,E ,Sun
17-07-2000,26.0,31.8,28.2,79.0,0.0,8.0,5.0,90.0,2.0,E ,Sun
18-07-2000,25.0,32.7,28.4,70.0,0.0,8.0,6.0,90.0,3.0,E ,Sun
19-07-2000,25.0,33.4,28.2,77.0,0.0,8.0,4.0,100.0,2.0,E ,Sun
20-07-2000,26.0,31.7,27.9,74.0,0.0,1.5,5.0,60.0,2.0,E ,Sun
21-07-2000,25.0,32.8,28.8,78.0,0.0,7.9,5.0,80.0,1.0,E ,Sun
22-07-2000,25.0,32.6,28.7,72.0,0.0,8.0,5.0,40.0,2.0,N ,Sun
23-07-2000,25.0,33.0,27.8,67.0,0.0,8.0,4.0,350.0,2.0,NE,Sun
24-07-2000,25.0,32.6,28.0,75.0,0.0,8.0,5.0,80.0,2.0,E ,Sun
25-07-2000,25.0,32.9,28.1,74.0,0.0,8.0,5.0,90.0,2.0,E ,Sun
26-07-2000,25.0,31.6,28.2,72.0,0.0,2.3,6.0,100.0,2.0,E ,Sun
27-07-2000,25.0,32.0,28.4,70.0,0.0,4.0,4.0,60.0,1.0,E ,Sun
28-07-2000,25.0,31.6,28.0,80.0,1.0,2.0,3.0,350.0,1.0,N ,Drizzle
29-07-2000,25.0,32.0,27.6,77.0,0.0,5.0,6.0,90.0,2.0,E ,Sun
30-07-2000,26.0,33.9,28.4,72.0,0.0,8.0,6.0,80.0,2.0,E ,Sun
31-07-2000,25.0,32.2,28.2,74.0,0.0,2.2,5.0,200.0,2.0,E ,Sun
01-08-2000,26.0,31.2,28.1,72.0,8888.0,3.5,4.0,150.0,2.0,W ,Rain
02-08-2000,24.0,31.1,27.3,80.0,27.6,1.0,3.0,360.0,2.0,N ,Rain
03-08-2000,24.0,31.2,27.6,76.0,0.0,0.0,4.0,360.0,2.0,N ,Sun
04-08-2000,25.0,32.5,27.7,74.0,0.0,7.5,4.0,360.0,1.0,N ,Sun
05-08-2000,25.0,32.2,27.9,70.0,0.0,6.6,5.0,190.0,2.0,E ,Sun
06-08-2000,25.0,32.2,27.7,71.0,0.0,7.0,5.0,20.0,2.0,E ,Sun
07-08-2000,25.0,33.4,28.6,70.0,0.0,0.0,4.0,350.0,1.0,N ,Sun
08-08-2000,25.0,32.6,28.1,74.0,0.0,0.0,5.0,100.0,2.0,E ,Sun
09-08-2000,25.0,32.4,28.5,70.0,0.0,3.0,6.0,80.0,2.0,E ,Sun
10-08-2000,25.0,32.6,28.0,70.0,0.0,,6.0,90.0,2.0,E ,Sun
11-08-2000,25.0,32.2,28.8,69.0,8888.0,0.0,4.0,60.0,1.0,NE,Rain
12-08-2000,25.0,32.0,28.4,70.0,0.0,0.0,4.0,20.0,1.0,N ,Sun
13-08-2000,25.0,32.8,28.7,70.0,0.0,0.0,3.0,80.0,1.0,E ,Sun
14-08-2000,24.0,32.6,27.8,70.0,0.0,0.0,4.0,90.0,1.0,N ,Sun
15-08-2000,24.0,32.0,27.3,74.0,0.0,0.0,4.0,80.0,1.0,E ,Sun
16-08-2000,24.0,31.6,28.1,72.0,0.0,3.5,4.0,250.0,1.0,N ,Sun
17-08-2000,25.0,31.7,27.9,68.0,0.0,0.0,4.0,50.0,2.0,N ,Sun
18-08-2000,24.0,31.6,27.8,69.0,0.0,5.3,4.0,10.0,2.0,N ,Sun
19-08-2000,24.0,31.2,26.8,75.0,0.0,4.0,3.0,90.0,1.0,E ,Sun
20-08-2000,25.0,31.2,27.7,71.0,0.0,5.0,4.0,120.0,2.0,E ,Sun
21-08-2000,25.0,31.6,27.7,71.0,0.0,0.0,5.0,300.0,2.0,N ,Sun
22-08-2000,25.0,32.4,28.2,70.0,0.0,7.0,4.0,360.0,2.0,N ,Sun
23-08-2000,24.0,31.4,27.6,72.0,0.0,0.0,4.0,10.0,2.0,N ,Sun
24-08-2000,25.0,32.2,27.8,74.0,0.0,7.0,4.0,90.0,1.0,E ,Sun
25-08-2000,25.0,32.8,28.0,78.0,0.0,0.0,4.0,170.0,2.0,N ,Sun
26-08-2000,26.0,32.0,28.5,75.0,0.0,6.5,4.0,150.0,2.0,SE,Sun
27-08-2000,25.0,32.8,29.2,76.0,6.0,0.0,4.0,350.0,1.0,N ,Rain
28-08-2000,25.0,31.7,27.4,80.0,8888.0,3.0,4.0,10.0,2.0,N ,Rain
29-08-2000,26.0,32.5,28.1,74.0,0.0,0.0,4.0,360.0,1.0,N ,Sun
30-08-2000,26.0,31.8,28.7,76.0,0.6,5.2,4.0,170.0,2.0,S ,Sun
31-08-2000,25.0,30.8,27.9,83.0,0.0,1.0,4.0,150.0,2.0,E ,Sun
01-09-2000,25.0,33.0,29.1,72.0,0.0,7.0,4.0,360.0,2.0,N ,Sun
02-09-2000,25.0,32.6,28.4,76.0,0.0,8.0,4.0,80.0,2.0,E ,Sun
03-09-2000,26.0,33.2,28.5,77.0,0.0,8.0,5.0,90.0,2.0,E ,Sun
04-09-2000,25.0,32.5,29.1,75.0,3.4,8.0,4.0,70.0,2.0,N ,Drizzle
05-09-2000,26.0,32.8,28.7,77.0,0.0,8.0,4.0,360.0,1.0,N ,Sun
06-09-2000,25.0,32.6,28.8,78.0,10.0,8.0,4.0,360.0,2.0,N ,Rain
07-09-2000,26.0,33.0,28.4,83.0,0.0,8.0,5.0,250.0,2.0,N ,Sun
08-09-2000,25.0,33.2,28.7,70.0,0.0,8.0,5.0,360.0,2.0,N ,Sun
09-09-2000,25.0,33.3,28.6,72.0,0.0,8.0,4.0,360.0,2.0,N ,Sun
10-09-2000,25.0,33.2,28.8,70.0,0.0,8.0,5.0,80.0,2.0,N ,Sun
11-09-2000,25.0,32.8,28.3,71.0,0.0,8.0,5.0,80.0,2.0,N ,Sun
12-09-2000,26.0,34.2,29.3,69.0,0.0,8.0,5.0,80.0,2.0,N ,Sun
13-09-2000,25.0,33.4,29.0,72.0,0.0,8.0,5.0,220.0,2.0,E ,Sun
14-09-2000,26.0,32.8,28.6,75.0,0.0,8.0,4.0,290.0,2.0,N ,Sun
15-09-2000,25.0,33.7,28.7,70.0,0.0,8.0,4.0,30.0,2.0,N ,Sun
16-09-2000,25.0,33.8,28.6,70.0,0.0,8.0,6.0,90.0,2.0,E ,Sun
17-09-2000,26.0,34.7,29.4,68.0,0.0,8.0,4.0,80.0,2.0,E ,Sun
18-09-2000,27.0,33.2,29.6,74.0,0.0,8.0,5.0,70.0,2.0,E ,Sun
19-09-2000,27.0,33.5,29.3,71.0,0.0,6.0,4.0,20.0,1.0,N ,Sun
20-09-2000,26.0,32.0,28.9,77.0,1.0,5.5,5.0,300.0,2.0,N ,Drizzle
21-09-2000,25.0,31.6,28.4,73.0,14.0,3.5,5.0,40.0,2.0,N ,Rain
22-09-2000,25.0,31.6,28.4,74.0,0.0,6.0,4.0,20.0,2.0,N ,Sun
23-09-2000,25.0,32.6,28.5,79.0,0.0,7.5,5.0,90.0,2.0,N ,Sun
24-09-2000,25.0,33.5,29.0,72.0,8888.0,2.5,4.0,80.0,2.0,E ,Rain
25-09-2000,26.0,32.4,28.6,77.0,0.0,7.1,4.0,30.0,1.0,N ,Sun
26-09-2000,25.0,31.8,28.3,72.0,0.6,3.0,3.0,50.0,0.0,N ,Sun
27-09-2000,25.0,33.4,28.6,79.0,0.0,8.0,5.0,360.0,2.0,N ,Sun
28-09-2000,26.0,33.2,29.6,70.0,0.0,8.0,5.0,60.0,2.0,E ,Sun
29-09-2000,26.0,34.0,29.8,69.0,0.0,8.0,5.0,50.0,2.0,NE,Sun
30-09-2000,26.0,33.2,29.7,66.0,0.0,5.5,4.0,50.0,2.0,E ,Sun
01-10-2000,26.0,33.4,28.9,73.0,0.0,8.0,4.0,120.0,2.0,E ,Sun
02-10-2000,26.0,32.2,28.8,79.0,0.0,3.3,5.0,320.0,1.0,NW,Sun
03-10-2000,26.0,33.0,29.5,80.0,0.0,5.0,4.0,360.0,2.0,N ,Sun
04-10-2000,25.0,33.0,28.3,77.0,8.6,0.0,5.0,340.0,2.0,N ,Rain
05-10-2000,25.0,29.4,27.0,80.0,10.5,0.0,4.0,350.0,1.0,N ,Rain
06-10-2000,25.0,32.4,28.0,78.0,0.0,5.0,4.0,360.0,1.0,N ,Sun
07-10-2000,25.0,32.6,27.9,75.0,0.0,4.3,5.0,20.0,1.0,N ,Sun
08-10-2000,26.0,31.2,28.8,70.0,0.0,8.0,4.0,360.0,1.0,N ,Sun
09-10-2000,26.0,33.2,29.0,69.0,0.0,7.5,4.0,360.0,1.0,N ,Sun
10-10-2000,26.0,33.4,29.0,72.0,0.0,7.5,4.0,360.0,1.0,N ,Sun
11-10-2000,25.0,33.0,29.3,76.0,0.0,7.0,5.0,350.0,1.0,N ,Sun
12-10-2000,26.0,33.2,29.2,72.0,0.0,5.0,4.0,32.0,1.0,N ,Sun
13-10-2000,26.0,32.9,29.1,79.0,0.0,8.0,4.0,340.0,1.0,N ,Sun
14-10-2000,25.0,33.8,28.8,80.0,0.0,8.0,5.0,350.0,2.0,N ,Sun
15-10-2000,26.0,33.2,28.5,79.0,0.0,5.5,4.0,340.0,1.0,N ,Sun
16-10-2000,26.0,32.6,28.7,82.0,8888.0,1.6,4.0,360.0,1.0,N ,Rain
17-10-2000,26.0,32.4,28.6,83.0,0.0,2.3,4.0,310.0,2.0,N ,Sun
18-10-2000,26.0,31.4,28.4,77.0,8888.0,3.7,5.0,340.0,1.0,W ,Rain
19-10-2000,26.0,33.0,28.9,73.0,0.0,4.0,4.0,350.0,1.0,N ,Sun
20-10-2000,25.0,33.0,29.7,71.0,0.0,4.5,4.0,360.0,2.0,N ,Sun
21-10-2000,25.0,33.8,28.7,78.0,0.0,8.0,4.0,350.0,2.0,N ,Sun
22-10-2000,25.0,32.6,28.2,75.0,0.0,5.0,5.0,340.0,2.0,W ,Sun
23-10-2000,25.0,31.8,28.6,78.0,8.8,0.7,5.0,350.0,2.0,NW,Rain
24-10-2000,25.0,32.2,28.4,86.0,0.0,3.0,4.0,20.0,2.0,N ,Sun
25-10-2000,25.0,31.8,28.1,79.0,0.6,0.0,4.0,360.0,2.0,NW,Sun
26-10-2000,25.0,33.4,29.2,77.0,3.3,0.6,5.0,360.0,2.0,N ,Drizzle
27-10-2000,24.0,32.1,27.0,86.0,1.3,2.0,4.0,270.0,1.0,E ,Drizzle
28-10-2000,25.0,32.8,29.1,77.0,0.0,0.0,5.0,280.0,2.0,W ,Sun
29-10-2000,26.0,34.4,29.1,71.0,0.0,6.5,5.0,260.0,3.0,W ,Sun
30-10-2000,26.0,34.4,29.9,72.0,0.0,5.3,5.0,270.0,2.0,W ,Sun
31-10-2000,25.0,31.1,28.8,,8888.0,0.0,2.0,10.0,0.0,N ,Rain
01-11-2000,26.0,29.6,27.4,77.0,8888.0,0.0,4.0,310.0,1.0,NW,Rain
02-11-2000,24.0,30.0,26.6,76.0,9.6,0.0,3.0,200.0,0.0,W ,Rain
03-11-2000,23.0,30.0,25.9,79.0,30.6,0.0,3.0,270.0,1.0,W ,Rain
04-11-2000,24.0,31.9,27.1,78.0,0.0,3.5,3.0,280.0,0.0,W ,Sun
05-11-2000,26.0,32.2,27.7,76.0,0.0,1.0,2.0,280.0,0.0,W ,Sun
06-11-2000,26.0,32.5,28.7,68.0,0.0,5.0,4.0,30.0,1.0,N ,Sun
07-11-2000,26.0,31.0,28.4,74.0,0.0,0.5,5.0,310.0,2.0,N ,Sun
08-11-2000,26.0,32.1,28.5,77.0,0.0,5.5,4.0,360.0,1.0,N ,Sun
09-11-2000,24.0,31.2,28.4,80.0,2.6,1.0,3.0,360.0,1.0,N ,Drizzle
10-11-2000,25.0,31.8,27.8,80.0,0.0,2.5,4.0,340.0,2.0,N ,Sun
11-11-2000,25.0,31.8,27.8,78.0,0.7,1.5,3.0,340.0,0.0,N ,Sun
12-11-2000,25.0,32.4,28.3,78.0,2.6,4.2,3.0,350.0,1.0,N ,Drizzle
13-11-2000,25.0,31.7,27.8,82.0,0.0,5.0,4.0,350.0,1.0,N ,Sun
14-11-2000,25.0,32.4,27.8,74.0,4.1,4.8,6.0,40.0,1.0,NE,Drizzle
15-11-2000,26.0,31.8,27.7,78.0,0.3,4.0,4.0,360.0,4.0,N ,Sun
16-11-2000,24.0,32.1,27.5,77.0,25.2,1.0,3.0,360.0,4.0,N ,Rain
17-11-2000,25.0,31.8,27.9,89.0,9.2,3.0,3.0,90.0,1.0,E ,Rain
18-11-2000,26.0,31.6,28.1,75.0,8888.0,3.0,2.0,30.0,0.0,NE,Rain
19-11-2000,25.0,31.8,28.2,75.0,27.8,2.7,2.0,10.0,0.0,NE,Rain
20-11-2000,25.0,31.4,27.9,78.0,3.4,3.4,3.0,20.0,0.0,N ,Drizzle
21-11-2000,24.0,31.8,27.3,74.0,15.1,1.0,5.0,290.0,1.0,E ,Rain
22-11-2000,25.0,28.2,26.6,86.0,0.1,0.5,5.0,10.0,2.0,N ,Sun
23-11-2000,24.0,32.4,27.9,79.0,8.8,2.0,5.0,270.0,0.0,W ,Rain
24-11-2000,24.0,30.0,26.3,82.0,19.0,0.5,3.0,270.0,1.0,W ,Rain
25-11-2000,24.0,27.9,25.1,90.0,13.2,0.0,3.0,280.0,1.0,W ,Rain
26-11-2000,24.0,31.4,27.4,80.0,1.3,0.4,5.0,350.0,1.0,N ,Drizzle
27-11-2000,26.0,31.0,27.5,80.0,1.0,1.0,4.0,300.0,1.0,W ,Drizzle
28-11-2000,25.0,31.0,27.6,78.0,0.4,1.7,5.0,20.0,3.0,W ,Sun
29-11-2000,26.0,31.1,28.0,76.0,8888.0,2.0,5.0,290.0,3.0,W ,Rain
30-11-2000,25.0,32.4,28.5,77.0,0.0,3.0,8.0,250.0,3.0,W ,Sun
01-12-2000,25.0,33.5,28.8,74.0,0.0,5.3,6.0,270.0,3.0,W ,Sun
02-12-2000,25.0,33.6,28.8,66.0,0.0,5.5,5.0,50.0,3.0,W ,Sun
03-12-2000,25.0,33.7,28.9,72.0,0.0,5.5,7.0,250.0,2.0,W ,Sun
04-12-2000,25.0,33.2,28.8,72.0,0.0,3.7,5.0,270.0,3.0,W ,Sun
05-12-2000,24.0,33.3,28.5,64.0,0.0,5.3,5.0,250.0,2.0,W ,Sun
06-12-2000,25.0,32.9,27.9,66.0,0.0,5.0,5.0,250.0,2.0,W ,Sun
07-12-2000,25.0,33.4,29.4,66.0,0.0,5.3,8.0,250.0,3.0,W ,Sun
08-12-2000,24.0,32.0,28.3,74.0,0.0,1.5,3.0,240.0,2.0,W ,Sun
09-12-2000,25.0,31.6,28.2,75.0,0.0,2.0,4.0,270.0,2.0,W ,Sun
10-12-2000,25.0,32.2,28.1,74.0,0.0,2.3,4.0,250.0,2.0,W ,Sun
11-12-2000,25.0,32.3,28.2,76.0,42.0,3.0,4.0,270.0,2.0,W ,Rain
12-12-2000,25.0,31.6,27.9,78.0,1.0,4.0,4.0,250.0,1.0,W ,Drizzle
13-12-2000,25.0,29.4,26.9,82.0,6.0,0.0,8.0,270.0,2.0,W ,Rain
14-12-2000,24.0,33.4,28.8,70.0,0.0,5.0,6.0,270.0,2.0,W ,Sun
15-12-2000,25.0,31.4,27.8,78.0,8888.0,3.0,3.0,360.0,2.0,N ,Rain
16-12-2000,26.0,32.0,28.2,74.0,0.4,1.5,5.0,290.0,2.0,W ,Sun
17-12-2000,25.0,29.0,26.7,83.0,3.0,0.0,4.0,300.0,2.0,NW,Drizzle
18-12-2000,26.0,34.2,29.0,68.0,0.0,4.0,4.0,260.0,2.0,W ,Sun
19-12-2000,26.0,32.6,28.7,69.0,0.0,3.2,4.0,300.0,2.0,W ,Sun
20-12-2000,25.0,32.6,29.0,70.0,0.0,2.9,5.0,290.0,2.0,W ,Sun
21-12-2000,26.0,32.1,28.5,74.0,0.0,2.0,4.0,260.0,2.0,N ,Sun
22-12-2000,26.0,32.0,28.4,72.0,8888.0,3.0,5.0,270.0,3.0,W ,Rain
23-12-2000,25.0,28.3,26.5,79.0,0.1,0.0,4.0,270.0,2.0,W ,Sun
24-12-2000,24.0,30.0,27.3,85.0,5.7,0.5,5.0,270.0,2.0,W ,Rain
25-12-2000,25.0,31.0,27.3,73.0,0.0,2.9,3.0,260.0,1.0,W ,Sun
26-12-2000,25.0,31.7,28.4,80.0,16.0,4.8,3.0,300.0,1.0,NW,Rain
27-12-2000,25.0,31.8,27.8,81.0,7.6,4.2,4.0,320.0,1.0,NW,Rain
28-12-2000,25.0,32.2,28.3,77.0,0.0,4.0,4.0,20.0,2.0,N ,Sun
29-12-2000,24.0,31.8,28.4,76.0,2.2,4.0,4.0,300.0,1.0,NW,Drizzle
30-12-2000,24.0,31.7,26.9,74.0,0.0,1.0,3.0,300.0,1.0,N ,Sun
31-12-2000,24.0,32.2,27.8,78.0,0.0,3.3,5.0,360.0,1.0,N ,Sun
01-01-2001,25.0,32.1,28.2,77.0,8888.0,2.0,3.0,250.0,0.0,W ,Rain
02-01-2001,25.0,32.1,28.0,82.0,0.0,3.0,3.0,350.0,1.0,N ,Sun
03-01-2001,25.0,30.5,27.2,79.0,0.0,1.5,4.0,250.0,2.0,W ,Sun
04-01-2001,25.0,32.0,27.2,81.0,17.2,2.5,4.0,300.0,1.0,N ,Rain
05-01-2001,25.0,30.8,27.0,83.0,0.0,0.0,4.0,280.0,1.0,W ,Sun
06-01-2001,25.0,31.2,27.1,81.0,0.8,1.0,3.0,20.0,1.0,W ,Sun
07-01-2001,24.0,30.0,27.2,87.0,47.5,0.5,6.0,310.0,1.0,W ,Rain
08-01-2001,24.0,31.2,27.5,80.0,43.0,4.0,5.0,360.0,2.0,W ,Rain
09-01-2001,23.0,31.2,27.0,79.0,8.3,2.5,5.0,350.0,2.0,N ,Rain
10-01-2001,24.0,30.4,26.8,79.0,14.0,2.0,4.0,290.0,2.0,W ,Rain
11-01-2001,25.0,30.6,27.0,78.0,0.0,0.5,3.0,340.0,1.0,N ,Sun
12-01-2001,26.0,30.6,27.5,78.0,0.0,1.5,3.0,350.0,1.0,N ,Sun
13-01-2001,25.0,33.2,29.0,66.0,0.0,1.3,5.0,270.0,2.0,W ,Sun
14-01-2001,27.0,33.4,28.4,72.0,0.0,3.0,4.0,340.0,1.0,N ,Sun
15-01-2001,27.0,31.2,28.5,72.0,8888.0,2.0,5.0,300.0,2.0,NW,Rain
16-01-2001,25.0,30.0,27.2,84.0,19.1,0.5,4.0,350.0,3.0,N ,Rain
17-01-2001,23.0,30.2,26.3,81.0,17.9,0.0,4.0,280.0,2.0,W ,Rain
18-01-2001,24.0,29.8,26.7,82.0,2.5,1.1,6.0,10.0,3.0,W ,Drizzle
19-01-2001,24.0,29.8,27.3,78.0,0.0,1.5,3.0,70.0,2.0,W ,Sun
20-01-2001,25.0,29.8,27.1,76.0,1.3,2.0,3.0,280.0,2.0,W ,Drizzle
21-01-2001,25.0,31.2,27.4,78.0,1.0,5.0,4.0,360.0,2.0,N ,Drizzle
22-01-2001,24.0,31.2,27.9,82.0,82.2,4.0,5.0,110.0,2.0,W ,Rain
23-01-2001,24.0,30.1,26.5,86.0,0.0,0.0,3.0,260.0,1.0,W ,Sun
24-01-2001,25.0,33.0,28.7,70.0,0.0,6.3,5.0,290.0,2.0,W ,Sun
25-01-2001,25.0,32.0,27.8,77.0,3.0,2.3,3.0,270.0,1.0,W ,Drizzle
26-01-2001,26.0,31.8,28.3,78.0,1.0,3.0,3.0,270.0,1.0,W ,Drizzle
27-01-2001,26.0,32.6,28.7,76.0,0.0,4.5,3.0,70.0,0.0,NW,Sun
28-01-2001,25.0,31.9,28.1,78.0,25.5,3.5,4.0,350.0,2.0,N ,Rain
29-01-2001,25.0,31.3,27.3,81.0,0.3,5.0,5.0,260.0,2.0,W ,Sun
30-01-2001,25.0,30.0,26.8,81.0,1.7,0.3,5.0,20.0,2.0,W ,Drizzle
31-01-2001,25.0,29.4,26.5,84.0,2.2,0.5,12.0,360.0,3.0,W ,Drizzle
01-02-2001,24.0,30.0,26.3,85.0,8.5,0.0,3.0,300.0,0.0,N ,Rain
02-02-2001,24.0,30.8,27.0,79.0,0.2,0.0,3.0,300.0,1.0,N ,Sun
03-02-2001,25.0,30.0,27.3,75.0,8888.0,0.0,4.0,260.0,2.0,W ,Rain
04-02-2001,25.0,29.8,27.3,73.0,0.0,0.0,5.0,290.0,3.0,W ,Sun
05-02-2001,24.0,30.4,26.8,78.0,4.0,0.0,5.0,260.0,3.0,W ,Drizzle
06-02-2001,24.0,29.1,25.7,82.0,1.0,0.0,5.0,270.0,3.0,W ,Drizzle
07-02-2001,23.0,27.4,24.9,86.0,39.1,0.5,6.0,260.0,2.0,W ,Rain
08-02-2001,23.0,27.2,24.3,93.0,22.6,0.0,8.0,270.0,3.0,W ,Rain
09-02-2001,25.0,32.0,27.6,73.0,0.0,4.0,7.0,270.0,3.0,W ,Sun
10-02-2001,24.0,30.8,27.5,72.0,55.6,0.0,5.0,300.0,4.0,W ,Rain
11-02-2001,24.0,28.3,25.8,88.0,32.4,0.5,5.0,270.0,3.0,W ,Rain
12-02-2001,24.0,30.8,27.1,74.0,1.5,2.7,7.0,280.0,4.0,W ,Drizzle
13-02-2001,25.0,28.8,26.7,76.0,0.0,0.0,7.0,260.0,4.0,W ,Sun
14-02-2001,25.0,31.4,28.0,73.0,11.2,2.5,6.0,300.0,3.0,W ,Rain
15-02-2001,24.0,29.2,26.5,83.0,2.1,0.2,5.0,300.0,3.0,W ,Drizzle
16-02-2001,24.0,31.0,27.2,81.0,38.8,5.0,6.0,260.0,3.0,W ,Rain
17-02-2001,25.0,29.6,26.9,83.0,3.0,1.0,4.0,300.0,2.0,W ,Drizzle
18-02-2001,24.0,28.2,25.9,90.0,43.7,0.0,4.0,290.0,3.0,W ,Rain
19-02-2001,24.0,30.3,26.6,81.0,2.0,2.6,5.0,270.0,2.0,W ,Drizzle
20-02-2001,24.0,27.2,25.6,83.0,1.9,1.0,4.0,260.0,2.0,W ,Drizzle
21-02-2001,23.0,31.0,26.4,80.0,17.6,3.5,6.0,300.0,3.0,W ,Rain
22-02-2001,24.0,27.4,25.4,86.0,8.4,0.0,7.0,310.0,3.0,W ,Rain
23-02-2001,25.0,31.6,27.7,78.0,8888.0,2.9,6.0,280.0,2.0,W ,Rain
24-02-2001,24.0,31.5,28.7,68.0,0.5,4.0,3.0,270.0,2.0,W ,Sun
25-02-2001,24.0,31.5,27.5,73.0,0.0,8.0,4.0,300.0,2.0,W ,Sun
26-02-2001,25.0,32.1,28.0,75.0,0.0,8.0,4.0,350.0,2.0,N ,Sun
27-02-2001,24.0,31.8,28.6,74.0,0.0,8.0,4.0,20.0,2.0,N ,Sun
28-02-2001,26.0,31.5,27.8,72.0,0.0,5.5,6.0,300.0,3.0,NW,Sun
01-03-2001,26.0,31.4,28.2,76.0,7.5,3.0,4.0,300.0,2.0,NW,Rain
02-03-2001,25.0,30.4,28.0,78.0,8888.0,2.5,4.0,300.0,2.0,W ,Rain
03-03-2001,25.0,31.0,27.6,78.0,0.0,1.0,4.0,270.0,3.0,W ,Sun
04-03-2001,26.0,31.4,28.4,74.0,0.0,5.0,4.0,300.0,3.0,W ,Sun
05-03-2001,26.0,30.6,27.4,80.0,1.2,1.0,3.0,290.0,1.0,W ,Drizzle
06-03-2001,25.0,28.0,26.7,88.0,11.4,0.0,3.0,350.0,1.0,W ,Rain
07-03-2001,26.0,33.2,28.6,70.0,0.0,8.0,6.0,310.0,2.0,NW,Sun
08-03-2001,26.0,33.8,29.0,68.0,0.0,7.5,4.0,320.0,2.0,W ,Sun
09-03-2001,25.0,32.0,28.7,72.0,0.2,5.0,4.0,270.0,2.0,N ,Sun
10-03-2001,25.0,28.5,27.3,84.0,0.5,2.0,3.0,90.0,0.0,E ,Sun
11-03-2001,22.0,31.1,27.2,76.0,41.7,0.0,3.0,310.0,1.0,N ,Rain
12-03-2001,24.0,32.0,27.2,75.0,8888.0,0.0,4.0,270.0,2.0,W ,Rain
13-03-2001,25.0,34.0,28.8,71.0,15.9,5.5,4.0,210.0,2.0,W ,Rain
14-03-2001,26.0,33.8,28.9,72.0,0.0,8.0,6.0,270.0,3.0,W ,Sun
15-03-2001,26.0,32.6,29.2,68.0,0.0,4.0,5.0,290.0,2.0,W ,Sun
16-03-2001,25.0,31.6,27.6,80.0,0.3,4.5,6.0,40.0,2.0,W ,Sun
17-03-2001,26.0,31.4,28.2,76.0,10.6,3.0,4.0,290.0,2.0,W ,Rain
18-03-2001,24.0,32.8,28.4,72.0,25.5,4.5,4.0,260.0,2.0,W ,Rain
19-03-2001,24.0,29.2,27.0,83.0,16.0,0.2,3.0,280.0,0.0,W ,Rain
20-03-2001,25.0,32.0,27.5,78.0,2.0,2.5,5.0,300.0,2.0,W ,Drizzle
21-03-2001,26.0,31.8,27.7,70.0,2.0,4.5,6.0,300.0,3.0,N ,Drizzle
22-03-2001,25.0,30.6,27.8,74.0,0.0,3.0,5.0,300.0,2.0,W ,Sun
23-03-2001,25.0,33.6,27.2,80.0,6.4,6.0,5.0,280.0,2.0,W ,Rain
24-03-2001,25.0,32.6,27.9,78.0,8888.0,2.0,3.0,290.0,1.0,W ,Rain
25-03-2001,25.0,31.8,27.4,78.0,0.7,1.3,5.0,270.0,2.0,W ,Sun
26-03-2001,24.0,31.9,26.7,81.0,15.6,4.1,6.0,290.0,2.0,W ,Rain
27-03-2001,24.0,32.1,27.2,80.0,5.7,3.3,3.0,20.0,1.0,N ,Rain
28-03-2001,25.0,32.0,27.1,81.0,7.0,5.0,5.0,360.0,2.0,NW,Rain
29-03-2001,25.0,31.4,27.9,76.0,3.3,5.0,4.0,90.0,1.0,N ,Drizzle
30-03-2001,25.0,30.6,27.2,82.0,8888.0,1.0,3.0,360.0,0.0,N ,Rain
31-03-2001,25.0,31.3,27.3,82.0,9.0,5.0,4.0,360.0,0.0,N ,Rain
01-04-2001,25.0,32.8,28.4,78.0,0.1,3.0,3.0,290.0,1.0,W ,Sun
02-04-2001,26.0,33.6,29.1,74.0,0.0,7.0,3.0,290.0,1.0,W ,Sun
03-04-2001,25.0,32.0,28.5,77.0,0.0,4.5,4.0,350.0,2.0,N ,Sun
04-04-2001,26.0,32.4,28.3,76.0,0.0,7.0,5.0,310.0,2.0,NW,Sun
05-04-2001,25.0,33.2,28.6,72.0,0.0,6.6,5.0,260.0,2.0,W ,Sun
06-04-2001,24.0,32.6,27.9,76.0,0.0,5.0,4.0,280.0,2.0,W ,Sun
07-04-2001,26.0,33.8,28.5,70.0,0.0,6.1,5.0,270.0,2.0,W ,Sun
08-04-2001,26.0,31.0,27.1,80.0,0.0,0.5,3.0,280.0,1.0,W ,Sun
09-04-2001,24.0,32.4,27.1,86.0,2.4,1.0,5.0,30.0,0.0,NE,Drizzle
10-04-2001,25.0,32.2,28.1,78.0,0.0,4.5,4.0,90.0,2.0,E ,Sun
11-04-2001,25.0,32.4,28.3,76.0,0.0,7.5,6.0,300.0,2.0,W ,Sun
12-04-2001,25.0,32.0,28.5,74.0,0.0,4.8,4.0,280.0,1.0,W ,Sun
13-04-2001,23.0,31.0,26.7,85.0,50.8,2.0,5.0,360.0,0.0,N ,Rain
14-04-2001,24.0,32.5,27.9,79.0,8.5,5.0,3.0,350.0,1.0,N ,Rain
15-04-2001,25.0,32.3,27.9,76.0,0.8,8.0,3.0,360.0,1.0,N ,Sun
16-04-2001,26.0,32.0,27.4,82.0,0.1,2.5,2.0,250.0,0.0,W ,Sun
17-04-2001,25.0,30.8,27.6,82.0,4.1,0.5,3.0,360.0,1.0,W ,Drizzle
18-04-2001,25.0,31.6,28.0,79.0,1.8,3.2,4.0,200.0,2.0,N ,Drizzle
19-04-2001,24.0,31.6,27.9,78.0,23.9,8.0,4.0,250.0,2.0,N ,Rain
20-04-2001,24.0,32.0,27.7,77.0,0.0,8.0,4.0,340.0,1.0,W ,Sun
21-04-2001,25.0,32.0,28.1,73.0,0.0,5.5,4.0,360.0,1.0,N ,Sun
22-04-2001,25.0,32.7,28.2,76.0,0.0,8.0,3.0,360.0,1.0,N ,Sun
23-04-2001,25.0,34.0,29.2,74.0,0.0,8.0,3.0,20.0,2.0,N ,Sun
24-04-2001,25.0,32.0,28.7,79.0,0.0,3.0,4.0,250.0,2.0,N ,Sun
25-04-2001,24.0,32.6,27.7,79.0,9.8,5.0,5.0,340.0,2.0,N ,Rain
26-04-2001,26.0,32.7,28.7,75.0,0.0,8.0,4.0,100.0,2.0,W ,Sun
27-04-2001,25.0,33.3,29.2,78.0,0.0,6.0,6.0,40.0,1.0,N ,Sun
28-04-2001,26.0,32.8,28.3,79.0,0.0,8.0,3.0,360.0,1.0,N ,Sun
29-04-2001,27.0,33.0,29.2,73.0,0.0,8.0,4.0,360.0,1.0,N ,Sun
30-04-2001,26.0,32.0,29.3,77.0,0.0,4.0,4.0,300.0,0.0,E ,Sun
01-05-2001,25.0,33.0,29.2,75.0,0.2,3.5,4.0,10.0,2.0,N ,Sun
02-05-2001,25.0,32.7,28.8,72.0,3.0,7.0,4.0,300.0,2.0,N ,Drizzle
03-05-2001,26.0,32.3,28.4,78.0,0.7,2.5,4.0,90.0,1.0,E ,Sun
04-05-2001,25.0,33.1,29.3,74.0,0.8,8.0,3.0,90.0,2.0,N ,Sun
05-05-2001,26.0,33.8,28.6,76.0,8888.0,7.7,3.0,360.0,2.0,N ,Rain
06-05-2001,26.0,34.4,29.4,75.0,0.0,8.0,4.0,10.0,2.0,N ,Sun
07-05-2001,26.0,34.4,29.9,73.0,0.0,8.0,4.0,350.0,2.0,N ,Sun
08-05-2001,26.0,33.2,29.3,77.0,0.0,7.5,5.0,360.0,2.0,N ,Sun
09-05-2001,24.0,33.6,29.3,74.0,25.0,8.0,3.0,350.0,1.0,N ,Rain
10-05-2001,26.0,33.0,29.1,76.0,0.0,8.0,4.0,340.0,0.0,N ,Sun
11-05-2001,26.0,32.8,29.2,77.0,0.3,8.0,4.0,20.0,1.0,N ,Sun
12-05-2001,26.0,32.8,28.8,72.0,0.0,3.0,4.0,30.0,1.0,N ,Sun
13-05-2001,26.0,32.6,28.5,75.0,3.0,4.0,3.0,350.0,1.0,N ,Drizzle
14-05-2001,26.0,32.0,28.7,78.0,0.0,2.5,3.0,360.0,1.0,N ,Sun
15-05-2001,26.0,34.2,29.9,72.0,0.0,6.0,4.0,60.0,2.0,N ,Sun
16-05-2001,27.0,34.5,29.2,75.0,0.0,8.0,4.0,300.0,2.0,E ,Sun
17-05-2001,26.0,32.6,29.0,74.0,0.0,7.5,7.0,90.0,2.0,E ,Sun
18-05-2001,24.0,28.6,26.6,86.0,28.8,0.0,5.0,70.0,0.0,E ,Rain
19-05-2001,25.0,31.0,28.2,75.0,0.0,0.4,3.0,350.0,1.0,N ,Sun
20-05-2001,25.0,32.8,28.6,78.0,0.0,8.0,3.0,360.0,1.0,N ,Sun
21-05-2001,26.0,33.6,29.3,74.0,0.0,8.0,3.0,20.0,1.0,N ,Sun
22-05-2001,25.0,33.6,29.0,74.0,0.0,5.5,4.0,100.0,2.0,N ,Sun
23-05-2001,25.0,33.1,28.8,74.0,0.0,8.0,5.0,220.0,2.0,N ,Sun
24-05-2001,26.0,32.2,28.4,75.0,3.4,5.0,4.0,300.0,1.0,NW,Drizzle
25-05-2001,25.0,33.5,28.9,74.0,0.0,7.0,4.0,90.0,1.0,E ,Sun
26-05-2001,25.0,31.0,27.8,80.0,0.0,0.0,3.0,80.0,1.0,E ,Sun
27-05-2001,26.0,31.4,28.5,76.0,0.0,0.0,3.0,300.0,2.0,E ,Sun
28-05-2001,26.0,33.0,28.8,75.0,0.0,8.0,5.0,120.0,2.0,E ,Sun
29-05-2001,26.0,29.5,27.6,82.0,0.0,0.0,3.0,310.0,0.0,NW,Sun
30-05-2001,26.0,32.6,28.4,76.0,1.0,4.5,5.0,320.0,2.0,E ,Drizzle
31-05-2001,25.0,32.8,28.7,78.0,0.0,3.4,4.0,340.0,0.0,E ,Sun
01-06-2001,25.0,33.2,28.9,77.0,3.4,6.0,5.0,360.0,1.0,N ,Drizzle
02-06-2001,25.0,32.6,28.1,78.0,0.0,4.4,3.0,360.0,1.0,NE,Sun
03-06-2001,25.0,32.8,28.6,76.0,0.0,3.0,3.0,30.0,0.0,NE,Sun
04-06-2001,24.0,33.1,28.6,78.0,11.7,0.7,3.0,100.0,1.0,E ,Rain
05-06-2001,25.0,30.4,26.9,87.0,0.2,2.0,3.0,60.0,0.0,E ,Sun
06-06-2001,24.0,32.6,28.1,78.0,18.8,8.0,4.0,90.0,2.0,N ,Rain
07-06-2001,24.0,31.7,27.3,78.0,8888.0,6.0,6.0,70.0,1.0,N ,Rain
08-06-2001,24.0,31.5,26.9,84.0,8.4,1.4,3.0,360.0,0.0,N ,Rain
09-06-2001,24.0,30.0,25.4,90.0,45.5,1.3,3.0,20.0,0.0,NE,Rain
10-06-2001,24.0,32.4,27.3,82.0,10.4,4.5,3.0,50.0,0.0,NE,Rain
11-06-2001,24.0,33.5,28.4,78.0,0.5,3.5,5.0,360.0,2.0,W ,Sun
12-06-2001,25.0,32.3,27.8,79.0,0.0,4.0,5.0,20.0,1.0,E ,Sun
13-06-2001,26.0,32.2,28.6,79.0,0.0,4.8,4.0,340.0,1.0,N ,Sun
14-06-2001,23.0,30.2,27.2,89.0,32.9,2.0,4.0,10.0,1.0,N ,Rain
15-06-2001,24.0,32.0,27.8,79.0,9.9,3.0,3.0,80.0,4.0,NE,Rain
16-06-2001,24.0,31.2,26.8,81.0,0.5,2.2,4.0,360.0,2.0,N ,Sun
17-06-2001,24.0,31.0,26.7,82.0,0.0,2.0,3.0,240.0,1.0,W ,Sun
18-06-2001,23.0,33.0,28.4,74.0,0.0,5.3,4.0,50.0,2.0,N ,Sun
19-06-2001,24.0,31.8,27.2,68.0,0.0,5.0,4.0,30.0,2.0,N ,Sun
20-06-2001,24.0,32.2,28.0,68.0,0.0,4.0,4.0,360.0,2.0,NW,Sun
21-06-2001,24.0,31.6,27.5,71.0,0.0,6.0,4.0,320.0,2.0,N ,Sun
22-06-2001,25.0,32.2,27.6,75.0,0.0,6.5,4.0,90.0,1.0,E ,Sun
23-06-2001,24.0,32.2,28.4,74.0,0.0,4.5,4.0,20.0,1.0,N ,Sun
24-06-2001,25.0,32.8,28.4,76.0,0.0,4.0,4.0,100.0,2.0,E ,Sun
25-06-2001,25.0,32.2,28.7,77.0,0.0,5.3,4.0,10.0,2.0,E ,Sun
26-06-2001,25.0,32.6,28.4,80.0,0.0,2.0,4.0,360.0,1.0,N ,Sun
27-06-2001,25.0,32.4,29.2,78.0,0.0,5.5,4.0,360.0,2.0,N ,Sun
28-06-2001,25.0,32.1,28.3,79.0,0.0,4.4,5.0,310.0,1.0,W ,Sun
29-06-2001,25.0,32.2,28.1,76.0,0.0,6.0,3.0,360.0,1.0,N ,Sun
30-06-2001,25.0,32.9,28.2,78.0,8888.0,5.0,4.0,350.0,1.0,N ,Rain
01-07-2001,25.0,33.5,28.9,72.0,0.0,6.5,4.0,10.0,1.0,N ,Sun
02-07-2001,24.0,34.4,28.8,69.0,0.0,6.5,3.0,20.0,2.0,N ,Sun
03-07-2001,23.0,31.6,27.2,70.0,0.0,7.0,3.0,10.0,1.0,N ,Sun
04-07-2001,22.0,31.6,27.0,64.0,0.0,1.7,6.0,60.0,1.0,N ,Sun
05-07-2001,22.0,32.0,26.2,64.0,0.0,7.0,4.0,80.0,1.0,E ,Sun
06-07-2001,23.0,32.2,26.5,69.0,0.0,8.0,4.0,30.0,1.0,N ,Sun
07-07-2001,24.0,32.4,27.8,72.0,0.0,8.0,4.0,80.0,1.0,NE,Sun
08-07-2001,26.0,33.4,28.3,78.0,0.0,8.0,4.0,20.0,1.0,N ,Sun
09-07-2001,25.0,32.8,28.8,78.0,0.0,5.3,4.0,10.0,2.0,N ,Sun
10-07-2001,24.0,33.0,27.5,81.0,0.0,8.0,7.0,360.0,2.0,N ,Sun
11-07-2001,24.0,31.9,27.5,79.0,9.1,8.0,4.0,40.0,1.0,N ,Rain
12-07-2001,25.0,31.9,27.8,78.0,0.0,8.0,4.0,360.0,1.0,N ,Sun
13-07-2001,25.0,31.2,27.6,82.0,0.0,1.2,3.0,350.0,1.0,N ,Sun
14-07-2001,25.0,33.6,28.2,83.0,0.0,7.5,3.0,40.0,1.0,N ,Sun
15-07-2001,26.0,33.6,28.9,79.0,0.0,8.0,4.0,80.0,1.0,E ,Sun
16-07-2001,25.0,33.1,29.1,79.0,0.0,8.0,3.0,90.0,1.0,E ,Sun
17-07-2001,25.0,32.2,27.9,78.0,0.0,6.0,5.0,30.0,1.0,N ,Sun
18-07-2001,25.0,30.0,26.5,85.0,0.0,5.0,4.0,60.0,2.0,E ,Sun
19-07-2001,25.0,31.9,27.3,86.0,11.6,6.0,4.0,70.0,1.0,E ,Rain
20-07-2001,25.0,32.3,27.7,80.0,0.0,3.2,3.0,40.0,2.0,N ,Sun
21-07-2001,25.0,30.2,27.3,82.0,9.3,0.5,3.0,90.0,1.0,E ,Rain
22-07-2001,24.0,29.2,26.3,87.0,0.4,0.0,3.0,10.0,2.0,N ,Sun
23-07-2001,25.0,32.5,28.1,78.0,0.0,8.0,6.0,40.0,2.0,N ,Sun
24-07-2001,25.0,32.0,28.4,77.0,0.0,8.0,5.0,50.0,2.0,N ,Sun
25-07-2001,24.0,32.4,28.1,80.0,0.0,7.0,4.0,10.0,1.0,N ,Sun
26-07-2001,25.0,32.4,27.3,82.0,0.0,8.0,4.0,70.0,1.0,E ,Sun
27-07-2001,24.0,32.6,28.6,74.0,0.0,8.0,4.0,70.0,2.0,E ,Sun
28-07-2001,24.0,33.0,28.4,77.0,0.0,7.0,3.0,10.0,1.0,N ,Sun
29-07-2001,25.0,33.0,28.5,75.0,0.0,8.0,3.0,10.0,1.0,N ,Sun
30-07-2001,26.0,32.4,28.9,79.0,0.0,7.0,4.0,90.0,1.0,E ,Sun
31-07-2001,25.0,33.7,28.4,78.0,0.0,8.0,4.0,10.0,2.0,N ,Sun
01-08-2001,25.0,32.4,28.2,72.0,0.0,8.0,4.0,70.0,2.0,E ,Sun
02-08-2001,24.0,32.5,28.3,78.0,10.2,8.0,5.0,360.0,1.0,N ,Rain
03-08-2001,25.0,30.6,26.8,87.0,50.2,1.5,4.0,360.0,0.0,N ,Rain
04-08-2001,24.0,30.8,26.9,88.0,6.5,3.5,3.0,10.0,1.0,N ,Rain
05-08-2001,25.0,33.0,28.1,79.0,0.0,3.0,4.0,10.0,1.0,N ,Sun
06-08-2001,24.0,32.8,28.3,73.0,0.0,7.8,5.0,20.0,1.0,N ,Sun
07-08-2001,25.0,32.4,28.0,74.0,0.0,8.0,5.0,70.0,2.0,N ,Sun
08-08-2001,26.0,32.4,28.3,80.0,0.0,8.0,4.0,80.0,2.0,E ,Sun
09-08-2001,25.0,32.4,28.4,81.0,0.0,8.0,4.0,30.0,2.0,N ,Sun
10-08-2001,25.0,32.2,28.0,83.0,5.3,2.5,4.0,360.0,2.0,N ,Rain
11-08-2001,25.0,31.9,28.4,80.0,0.0,5.1,3.0,40.0,2.0,N ,Sun
12-08-2001,25.0,32.0,28.4,79.0,0.0,7.5,4.0,360.0,2.0,N ,Sun
13-08-2001,25.0,32.3,28.5,77.0,7.2,7.0,4.0,70.0,1.0,NE,Rain
14-08-2001,25.0,31.0,27.6,82.0,0.7,5.5,4.0,360.0,1.0,N ,Sun
15-08-2001,24.0,32.0,28.0,81.0,0.0,8.0,4.0,90.0,1.0,E ,Sun
16-08-2001,25.0,32.4,28.5,76.0,0.0,7.1,4.0,120.0,2.0,E ,Sun
17-08-2001,24.0,33.4,28.9,67.0,8.6,8.0,4.0,70.0,2.0,E ,Rain
18-08-2001,25.0,33.6,28.0,68.0,0.0,6.2,4.0,10.0,1.0,N ,Sun
19-08-2001,24.0,31.4,28.4,70.0,0.0,2.0,3.0,90.0,1.0,N ,Sun
20-08-2001,25.0,33.1,27.9,66.0,0.0,8.0,4.0,150.0,1.0,E ,Sun
21-08-2001,25.0,31.7,28.0,73.0,0.0,8.0,4.0,300.0,1.0,N ,Sun
22-08-2001,25.0,32.6,28.6,75.0,0.0,7.0,5.0,360.0,2.0,N ,Sun
23-08-2001,25.0,33.4,28.3,74.0,0.0,6.6,5.0,10.0,2.0,N ,Sun
24-08-2001,25.0,32.0,28.3,72.0,0.0,6.0,4.0,20.0,2.0,N ,Sun
25-08-2001,25.0,32.4,28.3,70.0,0.0,6.0,4.0,20.0,1.0,N ,Sun
26-08-2001,26.0,33.0,29.1,64.0,0.0,4.5,3.0,20.0,0.0,N ,Sun
27-08-2001,26.0,32.0,28.7,64.0,0.0,8.0,5.0,350.0,2.0,N ,Sun
28-08-2001,25.0,32.2,28.6,69.0,0.0,5.5,3.0,10.0,1.0,N ,Sun
29-08-2001,26.0,33.2,28.5,62.0,0.0,6.5,4.0,20.0,1.0,N ,Sun
30-08-2001,26.0,33.9,28.6,68.0,0.0,8.0,6.0,360.0,2.0,N ,Sun
31-08-2001,25.0,33.2,29.2,71.0,0.0,4.5,5.0,20.0,2.0,N ,Sun
01-09-2001,26.0,33.6,28.7,74.0,0.0,7.0,5.0,10.0,1.0,N ,Sun
02-09-2001,26.0,33.5,28.8,77.0,0.0,6.0,3.0,360.0,1.0,N ,Sun
03-09-2001,25.0,32.6,28.0,76.0,5.0,4.7,5.0,20.0,1.0,N ,Drizzle
04-09-2001,24.0,33.0,28.2,76.0,0.0,0.0,4.0,20.0,1.0,N ,Sun
05-09-2001,26.0,31.6,27.9,75.0,0.0,2.0,5.0,360.0,2.0,N ,Sun
06-09-2001,25.0,33.2,28.3,74.0,0.0,8.0,4.0,170.0,2.0,S ,Sun
07-09-2001,25.0,31.8,28.5,80.0,3.1,3.5,4.0,280.0,2.0,N ,Drizzle
08-09-2001,26.0,33.4,28.2,76.0,0.0,8.0,4.0,360.0,1.0,N ,Sun
09-09-2001,26.0,33.1,29.0,72.0,0.0,7.2,6.0,40.0,2.0,N ,Sun
10-09-2001,26.0,32.5,29.2,71.0,0.0,8.0,5.0,20.0,2.0,N ,Sun
11-09-2001,25.0,32.8,28.7,72.0,0.0,4.0,5.0,360.0,1.0,N ,Sun
12-09-2001,26.0,32.6,28.5,74.0,8888.0,2.0,4.0,70.0,2.0,NE,Rain
13-09-2001,25.0,33.2,29.4,72.0,0.6,7.5,6.0,360.0,2.0,N ,Sun
14-09-2001,26.0,34.0,29.1,74.0,0.0,8.0,5.0,20.0,2.0,N ,Sun
15-09-2001,26.0,35.2,29.6,67.0,0.0,8.0,6.0,10.0,1.0,N ,Sun
16-09-2001,26.0,34.7,29.6,66.0,0.0,8.0,4.0,20.0,2.0,N ,Sun
17-09-2001,26.0,34.0,29.3,68.0,0.0,8.0,3.0,10.0,1.0,N ,Sun
18-09-2001,25.0,33.2,29.3,70.0,0.2,8.0,4.0,10.0,1.0,N ,Sun
19-09-2001,26.0,33.2,29.1,72.0,0.0,8.0,3.0,50.0,1.0,NE,Sun
20-09-2001,25.0,32.6,28.4,72.0,0.7,6.2,4.0,320.0,2.0,N ,Sun
21-09-2001,25.0,32.8,29.3,70.0,0.0,7.5,5.0,40.0,2.0,E ,Sun
22-09-2001,26.0,33.4,28.4,73.0,0.0,6.0,3.0,350.0,1.0,NE,Sun
23-09-2001,25.0,32.8,28.1,76.0,0.5,7.5,4.0,200.0,2.0,N ,Sun
24-09-2001,26.0,34.0,29.0,72.0,0.0,8.0,5.0,20.0,1.0,N ,Sun
25-09-2001,26.0,35.4,29.9,70.0,0.0,7.0,4.0,10.0,1.0,E ,Sun
26-09-2001,26.0,33.0,29.5,70.0,0.0,2.0,5.0,360.0,1.0,N ,Sun
27-09-2001,26.0,33.6,28.8,74.0,0.0,6.2,5.0,40.0,2.0,SE,Sun
28-09-2001,25.0,33.4,29.6,68.0,0.0,4.5,4.0,20.0,2.0,NE,Sun
29-09-2001,25.0,33.4,28.3,77.0,0.0,5.0,5.0,40.0,2.0,N ,Sun
30-09-2001,25.0,32.8,27.8,75.0,0.7,3.0,5.0,20.0,2.0,N ,Sun
01-10-2001,24.0,33.0,28.0,79.0,39.3,5.0,6.0,10.0,1.0,N ,Rain
02-10-2001,24.0,28.0,26.2,84.0,21.3,0.0,3.0,250.0,1.0,W ,Rain
03-10-2001,24.0,32.0,28.0,80.0,0.0,5.0,3.0,350.0,1.0,N ,Sun
04-10-2001,25.0,32.3,28.2,78.0,0.0,1.5,4.0,50.0,2.0,NE,Sun
05-10-2001,25.0,32.8,29.1,73.0,0.0,8.0,4.0,10.0,2.0,N ,Sun
06-10-2001,25.0,32.4,28.5,74.0,0.0,6.5,4.0,120.0,2.0,NE,Sun
07-10-2001,26.0,30.8,27.5,74.0,0.0,0.8,4.0,360.0,3.0,N ,Sun
08-10-2001,24.0,33.0,28.6,70.0,0.0,7.0,7.0,270.0,3.0,W ,Sun
09-10-2001,24.0,32.5,27.8,80.0,0.0,5.0,4.0,260.0,2.0,W ,Sun
10-10-2001,24.0,32.4,28.3,75.0,19.6,6.5,4.0,20.0,2.0,N ,Rain
11-10-2001,25.0,32.1,27.7,82.0,0.5,2.8,4.0,340.0,2.0,N ,Sun
12-10-2001,25.0,32.2,28.5,76.0,1.4,7.0,4.0,340.0,2.0,N ,Drizzle
13-10-2001,26.0,32.0,28.1,75.0,0.0,8.0,4.0,340.0,2.0,N ,Sun
14-10-2001,25.0,30.8,28.1,72.0,1.2,4.8,4.0,150.0,2.0,SE,Drizzle
15-10-2001,25.0,31.0,27.7,83.0,0.7,1.0,3.0,360.0,0.0,NE,Sun
16-10-2001,24.0,31.8,27.3,84.0,2.4,2.0,5.0,10.0,2.0,N ,Drizzle
17-10-2001,25.0,33.4,28.0,80.0,0.0,6.5,4.0,360.0,2.0,N ,Sun
18-10-2001,26.0,31.9,27.8,80.0,0.4,0.0,3.0,360.0,1.0,N ,Sun
19-10-2001,25.0,31.2,28.0,80.0,8888.0,0.5,5.0,80.0,2.0,N ,Rain
20-10-2001,26.0,32.2,27.8,76.0,0.0,2.5,4.0,350.0,2.0,N ,Sun
21-10-2001,25.0,30.8,27.9,86.0,20.0,0.5,5.0,360.0,2.0,N ,Rain
22-10-2001,26.0,31.6,28.0,80.0,0.0,5.0,4.0,360.0,1.0,N ,Sun
23-10-2001,25.0,31.8,27.9,78.0,0.2,4.3,4.0,360.0,2.0,N ,Sun
24-10-2001,25.0,29.9,27.5,84.0,4.1,0.0,3.0,360.0,0.0,E ,Drizzle
25-10-2001,26.0,33.0,28.8,82.0,0.0,7.4,4.0,50.0,2.0,N ,Sun
26-10-2001,25.0,31.8,28.2,82.0,10.0,3.0,5.0,260.0,1.0,N ,Rain
27-10-2001,26.0,31.5,28.0,80.0,2.0,4.2,5.0,200.0,1.0,SE,Drizzle
28-10-2001,26.0,29.4,27.2,82.0,0.0,3.5,4.0,160.0,1.0,S ,Sun
29-10-2001,24.0,32.8,27.8,85.0,17.2,4.0,5.0,70.0,2.0,E ,Rain
30-10-2001,25.0,32.2,27.5,82.0,7.6,2.5,4.0,10.0,1.0,N ,Rain
31-10-2001,25.0,33.0,28.2,78.0,0.0,6.0,4.0,10.0,1.0,N ,Sun
01-11-2001,24.0,30.9,26.3,91.0,19.9,0.4,5.0,150.0,1.0,SE,Rain
02-11-2001,25.0,32.4,28.2,82.0,0.0,5.0,4.0,90.0,1.0,N ,Sun
03-11-2001,25.0,32.1,28.3,82.0,0.0,3.0,3.0,360.0,0.0,N ,Sun
04-11-2001,25.0,32.9,29.1,79.0,0.0,5.5,6.0,30.0,2.0,NE,Sun
05-11-2001,25.0,31.8,28.6,82.0,0.1,3.0,6.0,40.0,1.0,NE,Sun
06-11-2001,25.0,32.8,28.4,81.0,0.0,4.0,5.0,360.0,2.0,N ,Sun
07-11-2001,26.0,32.2,28.2,79.0,8888.0,1.7,5.0,100.0,2.0,N ,Rain
08-11-2001,25.0,31.8,28.4,82.0,0.0,1.5,4.0,290.0,1.0,NW,Sun
09-11-2001,24.0,33.0,28.4,78.0,0.0,2.0,8.0,300.0,2.0,N ,Sun
10-11-2001,26.0,33.2,29.1,82.0,0.0,5.0,7.0,40.0,2.0,NE,Sun
11-11-2001,27.0,31.6,28.9,82.0,2.2,1.5,4.0,40.0,1.0,N ,Drizzle
12-11-2001,25.0,34.4,29.8,77.0,3.2,5.0,5.0,260.0,2.0,W ,Drizzle
13-11-2001,26.0,35.2,28.9,80.0,8888.0,4.0,5.0,360.0,2.0,N ,Rain
14-11-2001,25.0,31.2,28.0,84.0,14.7,0.0,5.0,180.0,1.0,SE,Rain
15-11-2001,24.0,30.2,27.0,86.0,44.4,0.0,5.0,20.0,2.0,N ,Rain
16-11-2001,25.0,30.8,27.3,84.0,0.2,0.0,4.0,350.0,1.0,N ,Sun
17-11-2001,24.0,32.2,27.4,86.0,6.2,3.0,6.0,80.0,2.0,W ,Rain
18-11-2001,24.0,30.6,26.1,88.0,8.9,1.9,6.0,40.0,2.0,N ,Rain
19-11-2001,25.0,31.2,27.7,83.0,0.2,0.0,6.0,10.0,2.0,W ,Sun
20-11-2001,23.0,31.8,27.2,80.0,2.6,0.4,5.0,280.0,2.0,W ,Drizzle
21-11-2001,23.0,31.0,26.9,82.0,1.2,0.0,5.0,270.0,2.0,W ,Drizzle
22-11-2001,23.0,29.6,26.7,85.0,1.6,0.5,4.0,270.0,2.0,W ,Drizzle
23-11-2001,24.0,30.1,26.9,88.0,3.4,0.0,3.0,340.0,1.0,W ,Drizzle
24-11-2001,25.0,30.9,27.0,85.0,10.4,1.5,5.0,280.0,2.0,W ,Rain
25-11-2001,25.0,30.6,26.9,86.0,8888.0,0.7,3.0,40.0,1.0,N ,Rain
26-11-2001,25.0,30.4,27.1,88.0,1.2,0.0,2.0,280.0,0.0,W ,Drizzle
27-11-2001,24.0,30.0,26.7,88.0,6.9,0.5,3.0,350.0,1.0,N ,Rain
28-11-2001,24.0,30.8,26.9,85.0,1.1,3.0,4.0,120.0,1.0,W ,Drizzle
29-11-2001,24.0,32.1,28.0,78.0,0.0,0.0,5.0,280.0,2.0,W ,Sun
30-11-2001,25.0,33.2,27.9,80.0,0.5,1.8,6.0,270.0,2.0,W ,Sun
01-12-2001,25.0,31.5,28.1,79.0,0.0,0.0,4.0,270.0,2.0,W ,Sun
02-12-2001,25.0,32.4,28.3,78.0,0.0,1.8,4.0,70.0,2.0,W ,Sun
03-12-2001,26.0,32.0,28.6,76.0,0.0,5.0,4.0,270.0,2.0,W ,Sun
04-12-2001,25.0,32.8,28.6,76.0,0.0,3.5,6.0,50.0,2.0,W ,Sun
05-12-2001,25.0,31.8,27.8,82.0,0.0,3.3,5.0,270.0,2.0,N ,Sun
06-12-2001,26.0,33.4,28.6,72.0,0.0,2.5,5.0,240.0,2.0,W ,Sun
07-12-2001,25.0,32.4,28.9,76.0,1.2,3.0,6.0,360.0,3.0,N ,Drizzle
08-12-2001,25.0,31.8,28.0,82.0,0.0,3.8,5.0,270.0,2.0,W ,Sun
09-12-2001,25.0,32.8,28.3,72.0,0.0,3.0,4.0,270.0,2.0,W ,Sun
10-12-2001,24.0,32.8,28.4,71.0,8888.0,3.5,6.0,270.0,2.0,W ,Rain
11-12-2001,25.0,32.2,28.3,78.0,8888.0,0.5,5.0,280.0,2.0,W ,Rain
12-12-2001,25.0,30.6,27.8,80.0,1.4,0.3,5.0,360.0,2.0,W ,Drizzle
13-12-2001,26.0,30.6,27.5,82.0,0.0,1.0,3.0,10.0,2.0,W ,Sun
14-12-2001,24.0,30.0,25.8,93.0,24.5,0.1,5.0,270.0,2.0,W ,Rain
15-12-2001,25.0,32.8,27.8,76.0,0.0,3.0,4.0,180.0,2.0,W ,Sun
16-12-2001,26.0,34.6,28.8,79.0,0.0,5.0,5.0,315.0,1.0,W ,Sun
17-12-2001,25.0,32.8,28.9,78.0,0.0,3.0,4.0,290.0,2.0,W ,Sun
18-12-2001,25.0,33.4,28.8,76.0,0.0,5.0,4.0,340.0,2.0,W ,Sun
19-12-2001,25.0,32.2,28.7,76.0,0.0,3.0,5.0,320.0,2.0,NW,Sun
20-12-2001,26.0,31.4,28.2,77.0,0.0,2.3,4.0,170.0,2.0,W ,Sun
21-12-2001,25.0,30.4,28.2,82.0,0.0,0.3,4.0,70.0,2.0,N ,Sun
22-12-2001,26.0,35.0,29.1,71.0,0.0,5.0,5.0,360.0,2.0,N ,Sun
23-12-2001,24.0,32.5,28.7,73.0,0.0,2.0,4.0,170.0,2.0,N ,Sun
24-12-2001,24.0,34.0,28.1,68.0,0.0,4.5,4.0,260.0,2.0,W ,Sun
25-12-2001,26.0,32.5,28.6,70.0,0.0,5.0,4.0,170.0,2.0,W ,Sun
26-12-2001,24.0,31.8,28.5,79.0,9.2,3.0,4.0,360.0,2.0,N ,Rain
27-12-2001,25.0,33.0,28.0,82.0,0.0,5.0,4.0,360.0,1.0,N ,Sun
28-12-2001,25.0,32.3,28.1,82.0,7.7,3.0,5.0,360.0,2.0,N ,Rain
29-12-2001,25.0,32.2,27.7,80.0,4.0,0.5,4.0,360.0,2.0,W ,Drizzle
30-12-2001,24.0,29.8,26.6,88.0,51.4,0.4,4.0,350.0,2.0,W ,Rain
31-12-2001,24.0,28.0,25.1,96.0,16.6,0.0,4.0,300.0,0.0,W ,Rain
01-01-2002,25.0,30.5,27.1,84.0,4.4,3.0,5.0,350.0,1.0,N ,Drizzle
02-01-2002,25.0,31.2,27.7,85.0,13.5,5.0,5.0,30.0,2.0,N ,Rain
03-01-2002,25.0,30.4,27.2,89.0,14.8,2.1,5.0,360.0,2.0,N ,Rain
04-01-2002,26.0,30.7,28.4,81.0,11.5,4.2,4.0,20.0,2.0,N ,Rain
05-01-2002,24.0,31.0,28.5,78.0,22.0,5.5,5.0,20.0,2.0,N ,Rain
06-01-2002,24.0,30.0,26.9,88.0,10.6,4.3,4.0,350.0,2.0,N ,Rain
07-01-2002,25.0,30.2,27.1,90.0,8888.0,1.0,3.0,310.0,2.0,W ,Rain
08-01-2002,26.0,31.1,27.9,82.0,17.4,1.5,5.0,360.0,2.0,N ,Rain
09-01-2002,25.0,30.4,27.5,90.0,29.1,0.5,3.0,10.0,2.0,N ,Rain
10-01-2002,24.0,28.8,26.4,95.0,32.4,0.0,2.0,360.0,0.0,N ,Rain
11-01-2002,24.0,31.6,27.7,86.0,0.0,5.0,4.0,270.0,2.0,N ,Sun
12-01-2002,25.0,31.8,28.0,90.0,0.0,3.5,5.0,360.0,2.0,N ,Sun
13-01-2002,24.0,30.6,27.6,86.0,40.6,5.0,5.0,110.0,2.0,N ,Rain
14-01-2002,24.0,29.8,26.8,90.0,107.6,2.0,3.0,50.0,0.0,NE,Rain
15-01-2002,24.0,30.2,27.1,88.0,29.2,1.7,4.0,360.0,1.0,N ,Rain
16-01-2002,25.0,31.5,27.9,80.0,11.9,4.7,5.0,360.0,2.0,N ,Rain
17-01-2002,25.0,30.2,27.7,82.0,3.0,3.0,6.0,360.0,2.0,N ,Drizzle
18-01-2002,25.0,29.0,26.3,87.0,5.0,0.0,4.0,340.0,1.0,N ,Drizzle
19-01-2002,25.0,30.8,27.9,80.0,0.0,2.0,4.0,10.0,0.0,NE,Sun
20-01-2002,25.0,31.8,27.7,79.0,0.6,5.0,3.0,10.0,0.0,N ,Sun
21-01-2002,24.0,31.1,27.4,82.0,8.5,2.0,5.0,360.0,2.0,N ,Rain
22-01-2002,24.0,30.6,27.0,84.0,59.2,0.2,4.0,270.0,1.0,W ,Rain
23-01-2002,24.0,31.0,27.2,80.0,0.0,3.5,4.0,10.0,2.0,N ,Sun
24-01-2002,25.0,30.4,27.2,81.0,7.1,1.3,5.0,310.0,2.0,NW,Rain
25-01-2002,24.0,30.2,26.9,86.0,31.4,0.5,2.0,20.0,0.0,N ,Rain
26-01-2002,23.0,30.8,27.4,85.0,30.0,3.0,3.0,40.0,0.0,NE,Rain
27-01-2002,23.0,29.6,26.1,87.0,40.0,1.0,4.0,340.0,0.0,N ,Rain
28-01-2002,23.0,26.8,24.7,94.0,45.2,0.0,3.0,260.0,1.0,W ,Rain
29-01-2002,24.0,26.8,25.6,96.0,103.9,0.0,4.0,300.0,0.0,NW,Rain
30-01-2002,24.0,27.6,25.2,94.0,16.6,0.0,4.0,320.0,1.0,NW,Rain
31-01-2002,24.0,30.4,27.0,81.0,24.0,4.0,3.0,340.0,0.0,N ,Rain
01-02-2002,25.0,29.4,26.7,89.0,168.5,1.4,4.0,40.0,1.0,NW,Rain
02-02-2002,24.0,30.6,26.8,85.0,32.7,2.0,3.0,360.0,1.0,N ,Rain
03-02-2002,24.0,29.4,27.1,85.0,10.1,2.1,3.0,270.0,1.0,W ,Rain
04-02-2002,24.0,28.8,26.0,86.0,7.2,0.0,4.0,300.0,2.0,W ,Rain
05-02-2002,24.0,28.9,26.4,88.0,34.9,1.4,3.0,280.0,2.0,W ,Rain
06-02-2002,24.0,29.0,26.9,86.0,27.2,1.3,5.0,270.0,2.0,W ,Rain
07-02-2002,24.0,29.4,26.3,86.0,30.6,2.5,4.0,360.0,0.0,N ,Rain
08-02-2002,24.0,28.8,25.4,88.0,75.0,0.5,3.0,360.0,1.0,W ,Rain
09-02-2002,24.0,27.9,24.8,95.0,12.8,0.0,3.0,290.0,0.0,W ,Rain
10-02-2002,24.0,29.6,26.6,86.0,9.2,2.6,5.0,30.0,1.0,W ,Rain
11-02-2002,24.0,28.6,26.0,88.0,7.9,0.0,5.0,360.0,1.0,N ,Rain
12-02-2002,24.0,28.6,27.1,81.0,18.9,0.0,3.0,340.0,2.0,N ,Rain
13-02-2002,23.0,29.6,26.3,86.0,32.2,2.0,4.0,300.0,1.0,W ,Rain
14-02-2002,23.0,29.0,26.2,89.0,11.4,0.5,4.0,290.0,1.0,W ,Rain
15-02-2002,24.0,30.4,27.0,84.0,10.0,6.0,8.0,90.0,1.0,W ,Rain
16-02-2002,25.0,29.3,26.4,87.0,6.6,0.0,3.0,70.0,1.0,W ,Rain
17-02-2002,23.0,29.5,26.8,86.0,9.9,0.6,3.0,50.0,0.0,N ,Rain
18-02-2002,24.0,29.6,26.5,85.0,22.4,5.7,5.0,20.0,2.0,W ,Rain
19-02-2002,24.0,30.0,26.8,84.0,51.7,7.0,5.0,290.0,1.0,W ,Rain
20-02-2002,25.0,29.8,26.9,87.0,27.2,1.4,8.0,310.0,2.0,N ,Rain
21-02-2002,24.0,30.0,26.6,82.0,18.2,5.0,6.0,80.0,1.0,N ,Rain
22-02-2002,23.0,28.2,25.8,90.0,1.3,0.0,3.0,340.0,0.0,N ,Drizzle
23-02-2002,25.0,31.0,27.4,80.0,2.3,5.0,5.0,80.0,1.0,NE,Drizzle
24-02-2002,24.0,30.5,27.3,85.0,5.8,2.4,3.0,30.0,1.0,NE,Rain
25-02-2002,24.0,32.0,28.3,80.0,0.0,7.4,4.0,290.0,2.0,W ,Sun
26-02-2002,25.0,32.6,28.3,81.0,0.0,0.0,5.0,360.0,2.0,NW,Sun
27-02-2002,26.0,32.4,28.4,81.0,0.0,0.0,3.0,20.0,1.0,N ,Sun
28-02-2002,26.0,32.2,28.9,78.0,0.0,7.0,3.0,40.0,1.0,N ,Sun
01-03-2002,25.0,32.0,28.7,84.0,18.6,7.0,4.0,20.0,2.0,N ,Rain
02-03-2002,25.0,32.4,28.2,83.0,0.0,6.5,3.0,20.0,0.0,N ,Sun
03-03-2002,26.0,32.6,28.6,78.0,0.0,8.0,5.0,10.0,1.0,N ,Sun
04-03-2002,25.0,32.5,28.8,78.0,0.4,7.5,4.0,280.0,2.0,N ,Sun
05-03-2002,25.0,32.1,28.1,80.0,0.0,7.5,4.0,360.0,2.0,W ,Sun
06-03-2002,25.0,34.4,29.3,75.0,0.0,7.5,5.0,290.0,2.0,W ,Sun
07-03-2002,26.0,32.0,27.4,80.0,2.0,4.2,4.0,60.0,2.0,N ,Drizzle
08-03-2002,25.0,29.6,27.8,87.0,9.5,0.0,5.0,310.0,2.0,N ,Rain
09-03-2002,26.0,30.6,27.4,84.0,8888.0,5.0,3.0,350.0,0.0,N ,Rain
10-03-2002,26.0,29.7,27.6,82.0,0.0,0.8,3.0,260.0,1.0,N ,Sun
11-03-2002,25.0,30.7,27.3,87.0,2.8,3.0,6.0,340.0,3.0,NW,Drizzle
12-03-2002,25.0,30.2,27.2,89.0,0.8,1.5,4.0,360.0,0.0,N ,Sun
13-03-2002,25.0,31.8,28.1,82.0,0.0,6.8,4.0,360.0,2.0,N ,Sun
14-03-2002,26.0,32.5,28.5,80.0,0.0,1.0,5.0,360.0,2.0,N ,Sun
15-03-2002,26.0,32.9,28.8,79.0,0.0,8.0,4.0,30.0,1.0,N ,Sun
16-03-2002,25.0,33.7,27.9,84.0,23.5,0.0,4.0,50.0,2.0,N ,Rain
17-03-2002,25.0,32.4,28.3,83.0,0.0,7.5,4.0,40.0,1.0,N ,Sun
18-03-2002,25.0,31.6,28.0,80.0,10.2,2.5,3.0,350.0,2.0,N ,Rain
19-03-2002,25.0,26.8,25.7,94.0,104.8,0.0,4.0,120.0,1.0,N ,Rain
20-03-2002,26.0,32.0,27.9,83.0,0.0,7.5,4.0,360.0,1.0,N ,Sun
21-03-2002,25.0,32.0,28.9,82.0,0.3,7.0,4.0,300.0,1.0,N ,Sun
22-03-2002,25.0,33.9,29.1,78.0,0.0,8.0,3.0,30.0,2.0,N ,Sun
23-03-2002,26.0,32.3,28.4,83.0,0.0,6.5,3.0,360.0,1.0,N ,Sun
24-03-2002,26.0,33.0,29.3,79.0,0.0,8.0,4.0,360.0,2.0,N ,Sun
25-03-2002,25.0,32.4,29.3,81.0,9.2,5.5,5.0,60.0,2.0,N ,Rain
26-03-2002,25.0,32.1,28.4,82.0,8888.0,0.0,4.0,10.0,1.0,N ,Rain
27-03-2002,25.0,32.8,27.7,85.0,3.0,4.5,5.0,40.0,2.0,NE,Drizzle
28-03-2002,25.0,32.4,28.6,81.0,13.4,3.0,3.0,10.0,2.0,N ,Rain
29-03-2002,24.0,31.7,27.5,88.0,7.8,5.5,3.0,60.0,1.0,N ,Rain
30-03-2002,26.0,32.0,27.4,86.0,0.0,3.7,4.0,340.0,1.0,N ,Sun
31-03-2002,24.0,32.6,28.1,86.0,40.8,2.4,4.0,90.0,1.0,NE,Rain
01-04-2002,24.0,30.0,26.7,86.0,8888.0,0.0,3.0,290.0,1.0,W ,Rain
02-04-2002,24.0,31.5,27.5,86.0,3.3,3.5,5.0,360.0,1.0,NE,Drizzle
03-04-2002,24.0,32.0,27.2,84.0,2.2,3.5,5.0,60.0,0.0,N ,Drizzle
04-04-2002,25.0,31.4,27.5,76.0,1.1,0.5,6.0,10.0,2.0,N ,Drizzle
05-04-2002,25.0,32.2,28.6,80.0,2.5,2.5,3.0,290.0,2.0,W ,Drizzle
06-04-2002,25.0,30.8,26.3,92.0,6.8,1.0,3.0,340.0,1.0,N ,Rain
07-04-2002,25.0,33.4,27.4,88.0,6.4,6.5,3.0,10.0,0.0,W ,Rain
08-04-2002,25.0,32.6,28.2,84.0,2.6,8.0,5.0,360.0,1.0,N ,Drizzle
09-04-2002,24.0,30.2,26.5,96.0,18.5,1.0,4.0,20.0,2.0,N ,Rain
10-04-2002,25.0,32.2,27.9,84.0,20.5,7.5,3.0,10.0,0.0,N ,Rain
11-04-2002,26.0,33.4,28.7,81.0,0.0,8.0,5.0,20.0,0.0,N ,Sun
12-04-2002,26.0,33.3,29.2,80.0,0.0,8.0,5.0,10.0,1.0,N ,Sun
13-04-2002,24.0,33.3,28.4,84.0,12.0,5.2,6.0,20.0,1.0,N ,Rain
14-04-2002,25.0,32.4,28.2,80.0,0.0,8.0,5.0,20.0,2.0,N ,Sun
15-04-2002,26.0,33.6,30.0,76.0,0.0,5.0,5.0,360.0,2.0,N ,Sun
16-04-2002,25.0,32.4,27.6,86.0,22.1,2.2,4.0,10.0,2.0,N ,Rain
17-04-2002,25.0,30.2,27.5,86.0,0.0,1.0,3.0,300.0,0.0,NW,Sun
18-04-2002,25.0,32.4,28.3,82.0,6.4,8.0,5.0,80.0,1.0,E ,Rain
19-04-2002,25.0,32.4,28.4,82.0,0.0,3.6,3.0,360.0,1.0,N ,Sun
20-04-2002,26.0,34.0,29.0,80.0,0.0,8.0,3.0,20.0,1.0,N ,Sun
21-04-2002,26.0,32.0,28.4,80.0,0.0,2.5,4.0,230.0,1.0,N ,Sun
22-04-2002,27.0,33.0,28.9,80.0,0.0,8.0,6.0,90.0,2.0,E ,Sun
23-04-2002,26.0,33.0,29.2,80.0,0.0,8.0,5.0,90.0,2.0,E ,Sun
24-04-2002,25.0,33.0,28.8,84.0,8888.0,7.0,4.0,90.0,2.0,E ,Rain
25-04-2002,27.0,33.3,29.1,80.0,0.0,8.0,4.0,110.0,1.0,E ,Sun
26-04-2002,27.0,33.2,29.4,80.0,0.0,6.8,3.0,50.0,1.0,N ,Sun
27-04-2002,27.0,33.6,29.9,80.0,0.0,6.8,4.0,20.0,1.0,N ,Sun
28-04-2002,27.0,33.8,30.1,80.0,0.0,8.0,5.0,50.0,1.0,NE,Sun
29-04-2002,26.0,34.0,30.0,77.0,0.0,8.0,5.0,80.0,2.0,E ,Sun
30-04-2002,27.0,34.4,30.1,78.0,0.0,6.0,5.0,90.0,2.0,E ,Sun
01-05-2002,26.0,34.6,29.9,76.0,0.0,7.0,6.0,110.0,2.0,N ,Sun
02-05-2002,27.0,33.8,29.9,78.0,0.0,7.0,4.0,40.0,1.0,E ,Sun
03-05-2002,26.0,35.1,30.4,70.0,0.0,7.8,6.0,20.0,2.0,E ,Sun
04-05-2002,26.0,33.4,29.4,75.0,0.0,2.5,4.0,80.0,2.0,E ,Sun
05-05-2002,26.0,33.0,29.0,76.0,0.0,4.5,4.0,90.0,2.0,E ,Sun
06-05-2002,26.0,32.6,29.4,76.0,0.2,2.5,4.0,90.0,2.0,E ,Sun
07-05-2002,26.0,32.5,28.8,84.0,4.0,3.0,4.0,360.0,2.0,N ,Drizzle
08-05-2002,26.0,32.6,28.5,80.0,0.0,2.0,5.0,360.0,2.0,N ,Sun
09-05-2002,25.0,32.2,28.0,82.0,0.0,0.5,3.0,360.0,1.0,N ,Sun
10-05-2002,25.0,28.1,26.4,87.0,8.0,0.0,3.0,80.0,0.0,NE,Rain
11-05-2002,25.0,32.4,28.3,80.0,0.5,7.5,4.0,70.0,2.0,E ,Sun
12-05-2002,24.0,29.8,27.6,85.0,0.0,0.2,3.0,290.0,0.0,E ,Sun
13-05-2002,25.0,33.5,28.5,76.0,18.6,7.0,5.0,360.0,2.0,N ,Rain
14-05-2002,25.0,33.5,29.9,74.0,0.0,8.0,5.0,360.0,2.0,N ,Sun
15-05-2002,26.0,33.1,29.2,80.0,0.0,4.2,4.0,10.0,0.0,N ,Sun
16-05-2002,25.0,33.1,29.1,80.0,1.8,7.0,5.0,360.0,1.0,N ,Drizzle
17-05-2002,26.0,32.8,28.8,80.0,35.5,7.2,3.0,100.0,0.0,E ,Rain
18-05-2002,25.0,32.6,29.0,76.0,0.0,7.3,4.0,20.0,2.0,E ,Sun
19-05-2002,25.0,33.2,29.2,74.0,0.0,5.0,4.0,10.0,2.0,NE,Sun
20-05-2002,26.0,33.0,28.7,77.0,0.0,8.0,3.0,360.0,1.0,N ,Sun
21-05-2002,26.0,32.4,29.5,70.0,0.0,6.0,4.0,20.0,1.0,N ,Sun
22-05-2002,26.0,33.1,29.5,75.0,0.0,6.3,4.0,50.0,2.0,N ,Sun
23-05-2002,26.0,33.3,29.1,76.0,0.0,5.4,4.0,290.0,1.0,N ,Sun
24-05-2002,26.0,32.3,28.7,80.0,9.0,3.5,4.0,300.0,1.0,N ,Rain
25-05-2002,26.0,33.0,29.0,72.0,0.0,4.0,5.0,20.0,2.0,N ,Sun
26-05-2002,25.0,33.6,29.1,68.0,0.0,4.8,4.0,100.0,2.0,E ,Sun
27-05-2002,26.0,33.6,28.9,74.0,0.0,7.0,5.0,50.0,2.0,E ,Sun
28-05-2002,25.0,33.2,29.2,73.0,0.0,8.0,7.0,12.0,2.0,SE,Sun
29-05-2002,25.0,33.0,28.5,72.0,0.0,6.0,6.0,80.0,2.0,E ,Sun
30-05-2002,25.0,33.0,29.2,76.0,0.0,7.0,6.0,340.0,2.0,E ,Sun
31-05-2002,25.0,32.8,29.1,75.0,0.0,6.5,4.0,100.0,2.0,E ,Sun
01-06-2002,25.0,32.1,29.2,74.0,0.0,3.0,4.0,90.0,2.0,E ,Sun
02-06-2002,25.0,33.0,29.6,72.0,0.0,4.5,5.0,90.0,2.0,E ,Sun
03-06-2002,26.0,33.4,29.1,77.0,1.2,7.0,4.0,20.0,2.0,E ,Drizzle
04-06-2002,25.0,31.8,27.9,78.0,0.6,3.0,4.0,240.0,2.0,E ,Sun
05-06-2002,26.0,34.0,29.4,74.0,0.0,8.0,5.0,90.0,1.0,E ,Sun
06-06-2002,25.0,34.0,29.3,77.0,0.0,8.0,5.0,70.0,2.0,NE,Sun
07-06-2002,25.0,33.0,28.6,82.0,0.0,8.0,6.0,60.0,2.0,E ,Sun
08-06-2002,26.0,33.2,29.5,78.0,0.0,7.0,4.0,20.0,1.0,N ,Sun
09-06-2002,25.0,33.6,28.6,72.0,0.0,8.0,4.0,90.0,1.0,E ,Sun
10-06-2002,25.0,33.6,28.8,67.0,0.0,6.3,5.0,90.0,2.0,E ,Sun
11-06-2002,24.0,35.0,29.4,71.0,0.0,7.0,4.0,150.0,1.0,E ,Sun
12-06-2002,26.0,33.0,28.9,73.0,0.0,2.4,6.0,120.0,1.0,E ,Sun
13-06-2002,26.0,32.2,28.7,75.0,0.0,5.0,3.0,140.0,1.0,S ,Sun
14-06-2002,26.0,31.0,27.7,80.0,8888.0,3.0,3.0,140.0,0.0,SE,Rain
15-06-2002,25.0,32.6,28.2,82.0,0.0,8.0,4.0,350.0,2.0,N ,Sun
16-06-2002,26.0,32.7,29.0,76.0,0.0,5.8,4.0,10.0,1.0,N ,Sun
17-06-2002,26.0,33.0,28.7,79.0,0.0,7.0,4.0,360.0,1.0,N ,Sun
18-06-2002,25.0,32.8,28.9,70.0,0.0,0.2,3.0,110.0,1.0,NE,Sun
19-06-2002,25.0,34.2,29.2,69.0,0.0,8.0,5.0,110.0,2.0,E ,Sun
20-06-2002,26.0,34.4,28.8,69.0,0.0,8.0,3.0,90.0,0.0,E ,Sun
21-06-2002,25.0,33.2,28.7,76.0,0.0,6.0,5.0,280.0,1.0,E ,Sun
22-06-2002,26.0,33.1,28.6,76.0,0.0,5.7,4.0,10.0,0.0,N ,Sun
23-06-2002,26.0,33.5,29.1,66.0,0.0,8.0,3.0,10.0,1.0,N ,Sun
24-06-2002,25.0,33.2,28.9,69.0,0.0,8.0,3.0,10.0,1.0,N ,Sun
25-06-2002,26.0,34.4,28.7,77.0,0.0,6.0,4.0,360.0,2.0,N ,Sun
26-06-2002,25.0,32.6,29.2,76.0,0.5,2.5,4.0,360.0,1.0,N ,Sun
27-06-2002,25.0,32.4,28.4,77.0,0.0,4.0,4.0,90.0,1.0,N ,Sun
28-06-2002,25.0,32.8,28.7,72.0,0.0,6.0,6.0,210.0,1.0,N ,Sun
29-06-2002,26.0,32.0,28.3,68.0,0.0,6.0,4.0,180.0,1.0,N ,Sun
30-06-2002,26.0,33.0,28.3,73.0,0.0,7.0,3.0,180.0,1.0,N ,Sun
01-07-2002,24.0,33.4,28.4,80.0,15.0,8.0,3.0,90.0,1.0,E ,Rain
02-07-2002,25.0,31.4,27.3,82.0,0.0,1.4,3.0,10.0,1.0,E ,Sun
03-07-2002,25.0,32.5,28.2,71.0,0.0,4.0,5.0,360.0,2.0,N ,Sun
04-07-2002,25.0,32.3,28.0,73.0,0.0,3.5,4.0,360.0,2.0,E ,Sun
05-07-2002,26.0,32.6,28.5,76.0,0.0,6.0,4.0,90.0,2.0,E ,Sun
06-07-2002,26.0,32.5,29.2,73.0,0.0,6.0,4.0,90.0,1.0,E ,Sun
07-07-2002,24.0,32.8,28.6,76.0,60.5,5.5,4.0,300.0,2.0,NW,Rain
08-07-2002,26.0,32.0,28.1,85.0,0.0,6.7,4.0,20.0,2.0,E ,Sun
09-07-2002,25.0,32.4,28.7,78.0,8888.0,8.0,5.0,100.0,2.0,N ,Rain
10-07-2002,24.0,31.8,28.0,82.0,8.0,1.0,4.0,90.0,2.0,N ,Rain
11-07-2002,25.0,31.0,27.5,74.0,0.0,2.2,4.0,90.0,1.0,E ,Sun
12-07-2002,25.0,33.2,28.1,73.0,0.0,5.0,3.0,340.0,1.0,N ,Sun
13-07-2002,25.0,32.2,28.4,76.0,0.0,2.0,4.0,80.0,1.0,E ,Sun
14-07-2002,24.0,31.4,28.0,78.0,16.2,2.5,3.0,90.0,1.0,E ,Rain
15-07-2002,25.0,31.8,27.6,78.0,0.0,6.0,4.0,80.0,2.0,E ,Sun
16-07-2002,25.0,32.4,28.2,76.0,0.2,3.5,5.0,90.0,2.0,E ,Sun
17-07-2002,24.0,32.2,27.9,80.0,8888.0,3.5,4.0,90.0,2.0,E ,Rain
18-07-2002,25.0,33.4,27.6,79.0,6.8,6.8,4.0,40.0,1.0,N ,Rain
19-07-2002,25.0,32.0,28.1,78.0,8888.0,5.5,5.0,140.0,2.0,SE,Rain
20-07-2002,23.0,32.8,28.8,72.0,0.8,4.5,4.0,300.0,2.0,N ,Sun
21-07-2002,24.0,32.0,28.0,79.0,9.0,8.0,4.0,90.0,2.0,E ,Rain
22-07-2002,25.0,32.0,28.0,75.0,0.0,8.0,5.0,80.0,2.0,E ,Sun
23-07-2002,25.0,32.4,28.1,70.0,0.0,8.0,6.0,150.0,2.0,E ,Sun
24-07-2002,26.0,33.2,28.8,69.0,0.0,8.0,5.0,120.0,2.0,E ,Sun
25-07-2002,25.0,33.5,28.9,73.0,0.0,8.0,5.0,360.0,2.0,N ,Sun
26-07-2002,25.0,32.0,28.2,73.0,0.0,7.0,2.0,100.0,0.0,E ,Sun
27-07-2002,25.0,32.4,27.9,78.0,0.0,5.5,3.0,360.0,2.0,N ,Sun
28-07-2002,25.0,32.5,28.7,73.0,0.0,5.0,5.0,180.0,2.0,S ,Sun
29-07-2002,25.0,32.0,28.3,79.0,0.0,8.0,4.0,90.0,1.0,E ,Sun
30-07-2002,25.0,33.0,28.5,82.0,0.0,8.0,4.0,360.0,2.0,N ,Sun
31-07-2002,25.0,32.5,28.2,81.0,0.0,7.8,6.0,90.0,2.0,E ,Sun
01-08-2002,26.0,32.9,28.6,81.0,0.0,8.0,5.0,30.0,2.0,E ,Sun
02-08-2002,25.0,32.5,28.5,82.0,0.0,6.0,4.0,50.0,1.0,N ,Sun
03-08-2002,25.0,32.8,28.7,77.0,0.0,6.3,4.0,20.0,1.0,N ,Sun
04-08-2002,25.0,32.0,28.3,75.0,0.0,8.0,4.0,130.0,1.0,S ,Sun
05-08-2002,24.0,32.0,28.0,76.0,0.0,4.8,5.0,360.0,1.0,N ,Sun
06-08-2002,24.0,32.8,27.3,78.0,0.0,8.0,4.0,200.0,1.0,N ,Sun
07-08-2002,24.0,33.4,29.1,73.0,0.0,8.0,4.0,240.0,2.0,E ,Sun
08-08-2002,26.0,32.3,28.3,84.0,0.0,8.0,6.0,100.0,2.0,E ,Sun
09-08-2002,25.0,32.4,28.8,84.0,0.0,8.0,4.0,120.0,2.0,N ,Sun
10-08-2002,25.0,32.4,28.3,84.0,8888.0,8.0,3.0,80.0,1.0,S ,Rain
11-08-2002,25.0,32.5,28.3,84.0,0.0,8.0,3.0,300.0,1.0,N ,Sun
12-08-2002,26.0,32.0,28.3,80.0,0.0,8.0,5.0,240.0,1.0,SW,Sun
13-08-2002,24.0,32.6,28.2,76.0,0.0,5.7,3.0,100.0,1.0,E ,Sun
14-08-2002,24.0,32.5,27.4,76.0,0.0,7.0,4.0,170.0,1.0,S ,Sun
15-08-2002,25.0,33.4,28.6,73.0,0.0,8.0,4.0,20.0,1.0,N ,Sun
16-08-2002,24.0,33.2,28.3,68.0,0.0,8.0,4.0,90.0,1.0,N ,Sun
17-08-2002,24.0,32.4,27.7,78.0,0.0,8.0,4.0,180.0,1.0,S ,Sun
18-08-2002,25.0,32.3,28.3,81.0,8888.0,8.0,4.0,10.0,1.0,N ,Rain
19-08-2002,25.0,32.0,28.1,80.0,0.0,4.7,3.0,70.0,1.0,NE,Sun
20-08-2002,24.0,31.8,27.9,77.0,0.0,8.0,6.0,170.0,2.0,NE,Sun
21-08-2002,24.0,32.8,27.6,74.0,0.0,6.2,5.0,90.0,2.0,E ,Sun
22-08-2002,25.0,34.0,28.3,70.0,0.0,8.0,4.0,50.0,2.0,E ,Sun
23-08-2002,25.0,33.2,28.7,75.0,0.0,8.0,3.0,70.0,1.0,E ,Sun
24-08-2002,25.0,32.8,28.9,73.0,0.0,7.0,5.0,10.0,1.0,N ,Sun
25-08-2002,25.0,32.8,28.2,76.0,0.0,8.0,5.0,110.0,2.0,E ,Sun
26-08-2002,25.0,32.6,28.8,68.0,0.0,8.0,4.0,350.0,1.0,SE,Sun
27-08-2002,25.0,32.4,28.5,68.0,0.0,7.5,3.0,30.0,1.0,NE,Sun
28-08-2002,25.0,32.6,28.2,70.0,0.0,8.0,5.0,250.0,1.0,SW,Sun
29-08-2002,24.0,33.6,28.4,74.0,0.0,4.8,4.0,360.0,1.0,N ,Sun
30-08-2002,25.0,32.8,28.2,68.0,0.0,7.0,4.0,10.0,1.0,N ,Sun
31-08-2002,25.0,33.0,28.7,73.0,0.0,8.0,3.0,30.0,1.0,NE,Sun
01-09-2002,25.0,33.6,28.3,70.0,0.0,8.0,4.0,10.0,1.0,NE,Sun
02-09-2002,25.0,33.1,28.4,67.0,0.0,5.1,4.0,20.0,1.0,N ,Sun
03-09-2002,25.0,33.0,28.3,68.0,0.0,6.5,3.0,60.0,1.0,SW,Sun
04-09-2002,26.0,32.0,28.4,74.0,0.0,5.6,5.0,150.0,2.0,S ,Sun
05-09-2002,25.0,32.6,28.9,78.0,0.0,5.0,5.0,100.0,1.0,E ,Sun
06-09-2002,25.0,33.0,28.8,70.0,0.0,5.5,5.0,360.0,2.0,E ,Sun
07-09-2002,26.0,33.0,29.1,69.0,0.0,8.0,4.0,90.0,1.0,E ,Sun
08-09-2002,25.0,33.2,29.0,70.0,0.0,6.3,4.0,70.0,2.0,E ,Sun
09-09-2002,24.0,32.2,27.6,68.0,8888.0,6.5,4.0,40.0,2.0,NE,Rain
10-09-2002,25.0,32.0,27.6,75.0,0.0,4.0,4.0,360.0,1.0,E ,Sun
11-09-2002,24.0,32.7,28.1,63.0,0.0,8.0,3.0,360.0,2.0,NE,Sun
12-09-2002,25.0,34.0,28.9,70.0,0.0,8.0,4.0,90.0,2.0,N ,Sun
13-09-2002,25.0,33.2,28.5,78.0,0.0,8.0,6.0,80.0,2.0,E ,Sun
14-09-2002,25.0,32.6,28.6,80.0,0.0,5.0,5.0,270.0,1.0,NW,Sun
15-09-2002,25.0,33.2,29.1,68.0,0.0,6.0,5.0,40.0,1.0,NE,Sun
16-09-2002,25.0,32.6,28.6,72.0,0.0,5.0,4.0,360.0,1.0,N ,Sun
17-09-2002,25.0,32.8,28.1,67.0,0.0,8.0,4.0,200.0,1.0,N ,Sun
18-09-2002,25.0,33.1,29.1,65.0,0.0,6.4,4.0,50.0,1.0,NE,Sun
19-09-2002,25.0,33.0,28.7,69.0,0.0,8.0,5.0,200.0,2.0,E ,Sun
20-09-2002,25.0,33.5,29.1,64.0,0.0,8.0,6.0,210.0,2.0,SW,Sun
21-09-2002,25.0,32.8,29.0,69.0,0.0,5.0,4.0,360.0,1.0,E ,Sun
22-09-2002,26.0,34.2,29.7,68.0,0.0,7.0,3.0,90.0,1.0,N ,Sun
23-09-2002,26.0,34.0,29.8,73.0,0.0,7.5,6.0,20.0,2.0,N ,Sun
24-09-2002,25.0,33.2,28.8,66.0,0.0,4.0,4.0,360.0,1.0,N ,Sun
25-09-2002,26.0,33.8,29.1,68.0,0.0,6.1,3.0,40.0,2.0,NE,Sun
26-09-2002,26.0,34.3,29.1,69.0,0.0,6.7,6.0,90.0,2.0,E ,Sun
27-09-2002,25.0,33.2,29.1,69.0,0.0,0.0,5.0,100.0,1.0,E ,Sun
28-09-2002,25.0,32.6,28.8,72.0,0.0,1.7,4.0,30.0,1.0,NE,Sun
29-09-2002,25.0,32.8,28.3,74.0,8888.0,1.0,4.0,30.0,2.0,N ,Rain
30-09-2002,26.0,33.0,28.7,74.0,0.0,8.0,5.0,10.0,2.0,N ,Sun
01-10-2002,25.0,32.9,28.4,76.0,0.0,8.0,4.0,80.0,2.0,N ,Sun
02-10-2002,25.0,34.4,29.2,67.0,0.0,7.1,4.0,60.0,2.0,NE,Sun
03-10-2002,26.0,34.4,29.0,69.0,0.0,8.0,5.0,10.0,2.0,N ,Sun
04-10-2002,25.0,33.8,29.5,67.0,0.0,8.0,3.0,10.0,2.0,N ,Sun
05-10-2002,25.0,34.0,29.0,69.0,0.0,4.0,4.0,360.0,1.0,N ,Sun
06-10-2002,26.0,35.0,29.3,70.0,0.0,8.0,4.0,150.0,1.0,SE,Sun
07-10-2002,25.0,32.4,28.9,75.0,3.0,2.0,5.0,10.0,1.0,N ,Drizzle
08-10-2002,26.0,33.2,28.3,77.0,8888.0,8.0,3.0,30.0,1.0,S ,Rain
09-10-2002,25.0,33.2,28.6,73.0,0.0,8.0,4.0,360.0,1.0,N ,Sun
10-10-2002,25.0,34.0,29.1,68.0,0.0,8.0,5.0,360.0,1.0,N ,Sun
11-10-2002,26.0,34.4,29.4,67.0,0.0,8.0,5.0,30.0,2.0,N ,Sun
12-10-2002,25.0,34.8,29.2,68.0,0.0,5.2,4.0,360.0,1.0,NE,Sun
13-10-2002,26.0,34.0,28.9,74.0,0.0,6.7,3.0,90.0,1.0,E ,Sun
14-10-2002,26.0,34.8,29.8,71.0,0.0,8.0,4.0,360.0,1.0,N ,Sun
15-10-2002,26.0,34.4,29.4,68.0,0.0,8.0,4.0,10.0,1.0,N ,Sun
16-10-2002,26.0,36.0,30.4,63.0,0.0,8.0,8.0,10.0,2.0,N ,Sun
17-10-2002,26.0,35.9,30.5,62.0,0.0,8.0,4.0,20.0,2.0,NE,Sun
18-10-2002,26.0,33.0,29.4,72.0,0.0,8.0,5.0,20.0,2.0,NE,Sun
19-10-2002,25.0,34.6,29.4,67.0,0.0,8.0,5.0,90.0,2.0,E ,Sun
20-10-2002,25.0,33.8,29.3,69.0,0.0,8.0,5.0,90.0,2.0,N ,Sun
21-10-2002,25.0,36.0,29.5,71.0,0.0,7.0,3.0,80.0,1.0,SW,Sun
22-10-2002,25.0,36.0,28.8,70.0,0.0,0.0,4.0,10.0,1.0,N ,Sun
23-10-2002,25.0,34.2,29.4,68.0,0.0,7.0,4.0,360.0,1.0,N ,Sun
24-10-2002,25.0,32.4,28.1,72.0,0.0,0.0,3.0,10.0,1.0,NW,Sun
25-10-2002,26.0,33.0,28.8,73.0,0.0,2.5,5.0,70.0,2.0,NE,Sun
26-10-2002,25.0,34.0,29.5,70.0,0.0,6.5,4.0,360.0,1.0,N ,Sun
27-10-2002,25.0,33.8,29.1,74.0,0.0,6.5,3.0,340.0,2.0,N ,Sun
28-10-2002,26.0,33.8,29.7,72.0,0.0,5.0,4.0,290.0,0.0,W ,Sun
29-10-2002,26.0,33.9,29.2,74.0,0.0,7.0,4.0,20.0,1.0,N ,Sun
30-10-2002,26.0,33.6,29.6,72.0,0.0,5.2,4.0,20.0,1.0,N ,Sun
31-10-2002,26.0,32.3,29.1,70.0,0.0,4.2,3.0,100.0,1.0,NE,Sun
01-11-2002,26.0,35.8,30.3,70.0,0.0,7.0,5.0,30.0,2.0,NE,Sun
02-11-2002,25.0,35.2,29.8,69.0,0.0,6.5,3.0,360.0,0.0,N ,Sun
03-11-2002,27.0,34.5,30.2,69.0,0.0,3.7,4.0,30.0,1.0,N ,Sun
04-11-2002,26.0,32.6,29.3,74.0,0.0,1.5,3.0,360.0,2.0,N ,Sun
05-11-2002,25.0,32.4,29.1,74.0,0.0,0.0,4.0,90.0,1.0,N ,Sun
06-11-2002,25.0,34.6,28.9,76.0,0.6,5.0,5.0,70.0,2.0,E ,Sun
07-11-2002,26.0,34.0,29.1,78.0,0.0,4.0,6.0,90.0,2.0,NE,Sun
08-11-2002,26.0,34.0,29.2,74.0,0.0,5.5,6.0,90.0,2.0,E ,Sun
09-11-2002,26.0,34.4,30.0,74.0,0.0,3.5,3.0,100.0,2.0,NE,Sun
10-11-2002,26.0,33.4,29.8,73.0,0.0,4.7,6.0,80.0,2.0,E ,Sun
11-11-2002,26.0,33.8,28.9,77.0,0.0,3.0,5.0,50.0,2.0,E ,Sun
12-11-2002,25.0,34.4,30.5,72.0,0.0,5.0,5.0,50.0,2.0,NE,Sun
13-11-2002,26.0,33.6,28.9,77.0,8888.0,3.0,4.0,10.0,1.0,N ,Rain
14-11-2002,26.0,31.3,28.6,82.0,0.0,0.0,4.0,360.0,1.0,N ,Sun
15-11-2002,26.0,33.6,29.6,80.0,0.0,3.8,3.0,360.0,1.0,N ,Sun
16-11-2002,27.0,33.7,29.8,76.0,0.0,3.3,3.0,30.0,1.0,N ,Sun
17-11-2002,25.0,35.0,30.4,77.0,4.2,0.0,3.0,210.0,1.0,SW,Drizzle
18-11-2002,25.0,34.2,28.7,89.0,8888.0,0.0,3.0,10.0,0.0,N ,Rain
19-11-2002,26.0,32.8,29.0,73.0,8888.0,1.0,4.0,20.0,1.0,N ,Rain
20-11-2002,25.0,33.1,30.2,68.0,0.0,1.5,4.0,360.0,2.0,N ,Sun
21-11-2002,26.0,33.6,29.2,76.0,0.0,3.0,4.0,20.0,1.0,N ,Sun
22-11-2002,25.0,31.8,27.9,82.0,38.0,1.0,4.0,90.0,1.0,E ,Rain
23-11-2002,25.0,32.2,28.2,84.0,0.0,2.0,3.0,350.0,1.0,N ,Sun
24-11-2002,26.0,33.5,29.1,76.0,0.0,2.2,3.0,300.0,1.0,N ,Sun
25-11-2002,25.0,33.0,29.4,77.0,1.8,3.5,5.0,80.0,2.0,NW,Drizzle
26-11-2002,25.0,32.6,27.2,82.0,0.0,0.0,4.0,300.0,2.0,W ,Sun
27-11-2002,25.0,32.8,28.4,78.0,3.0,0.0,4.0,270.0,1.0,S ,Drizzle
28-11-2002,25.0,32.2,27.5,76.0,0.0,0.0,6.0,270.0,2.0,W ,Sun
29-11-2002,25.0,31.6,27.0,86.0,0.0,0.5,6.0,270.0,1.0,W ,Sun
30-11-2002,25.0,32.6,27.9,82.0,0.0,4.8,3.0,340.0,1.0,W ,Sun
01-12-2002,25.0,32.8,28.7,75.0,0.0,4.8,3.0,300.0,1.0,W ,Sun
02-12-2002,25.0,32.8,29.0,76.0,0.0,5.0,3.0,350.0,1.0,N ,Sun
03-12-2002,26.0,34.0,29.4,79.0,0.0,2.0,5.0,160.0,2.0,S ,Sun
04-12-2002,26.0,34.0,29.1,76.0,0.0,4.7,4.0,360.0,2.0,N ,Sun
05-12-2002,26.0,33.0,28.6,75.0,0.5,4.0,4.0,270.0,1.0,W ,Sun
06-12-2002,25.0,31.2,28.5,83.0,40.2,1.5,2.0,320.0,0.0,NW,Rain
07-12-2002,25.0,31.8,27.7,83.0,0.4,3.0,3.0,80.0,0.0,E ,Sun
08-12-2002,26.0,32.8,28.6,78.0,0.0,5.0,3.0,90.0,2.0,N ,Sun
09-12-2002,26.0,32.8,28.6,73.0,0.0,5.0,3.0,300.0,0.0,NW,Sun
10-12-2002,26.0,31.6,28.5,76.0,0.0,1.5,3.0,360.0,1.0,N ,Sun
11-12-2002,26.0,32.4,28.8,78.0,0.0,4.4,4.0,20.0,1.0,N ,Sun
12-12-2002,26.0,31.8,28.9,72.0,8888.0,2.7,3.0,360.0,1.0,N ,Rain
13-12-2002,26.0,32.0,28.7,78.0,0.0,3.0,2.0,340.0,0.0,N ,Sun
14-12-2002,26.0,31.6,27.9,78.0,0.0,0.0,3.0,340.0,0.0,N ,Sun
15-12-2002,26.0,32.8,28.8,74.0,0.0,5.0,4.0,60.0,1.0,NE,Sun
16-12-2002,25.0,31.6,28.1,77.0,1.8,2.2,3.0,30.0,0.0,NE,Drizzle
17-12-2002,26.0,34.8,29.8,69.0,0.0,4.5,6.0,90.0,2.0,E ,Sun
18-12-2002,26.0,34.0,29.5,72.0,0.0,1.6,4.0,80.0,2.0,E ,Sun
19-12-2002,28.0,34.6,30.7,69.0,0.0,1.5,5.0,90.0,1.0,E ,Sun
20-12-2002,27.0,33.4,29.8,75.0,0.0,1.5,4.0,360.0,1.0,N ,Sun
21-12-2002,27.0,33.0,29.5,74.0,0.0,4.0,4.0,40.0,1.0,N ,Sun
22-12-2002,27.0,33.0,29.5,77.0,0.0,0.0,4.0,50.0,2.0,N ,Sun
23-12-2002,26.0,33.0,29.4,73.0,8888.0,3.0,3.0,20.0,1.0,N ,Rain
24-12-2002,25.0,31.0,28.3,86.0,50.2,0.0,3.0,40.0,2.0,N ,Rain
25-12-2002,25.0,31.0,27.8,86.0,8888.0,0.1,2.0,340.0,1.0,N ,Rain
26-12-2002,25.0,31.4,28.0,80.0,14.0,0.0,2.0,36.0,0.0,N ,Rain
27-12-2002,24.0,29.4,26.1,87.0,2.0,0.0,3.0,270.0,0.0,W ,Drizzle
28-12-2002,25.0,30.4,27.3,76.0,8888.0,0.0,3.0,290.0,1.0,NW,Rain
29-12-2002,25.0,30.6,27.6,73.0,0.0,0.0,3.0,290.0,0.0,NW,Sun
30-12-2002,26.0,32.4,28.7,75.0,0.0,0.5,3.0,300.0,2.0,NW,Sun
31-12-2002,24.0,30.4,27.7,78.0,0.3,0.0,5.0,300.0,3.0,NW,Sun
01-01-2003,25.0,31.0,27.4,76.0,0.0,0.0,4.0,280.0,2.0,W ,Sun
02-01-2003,25.0,30.4,27.9,84.0,20.0,0.0,3.0,310.0,0.0,NW,Rain
03-01-2003,26.0,32.0,28.6,70.0,6.0,1.0,7.0,270.0,1.0,W ,Rain
04-01-2003,25.0,33.1,29.0,68.0,0.0,3.2,5.0,260.0,2.0,W ,Sun
05-01-2003,25.0,32.7,28.9,76.0,8888.0,5.5,4.0,360.0,2.0,W ,Rain
06-01-2003,24.0,33.0,27.9,84.0,59.0,5.0,8.0,180.0,1.0,N ,Rain
07-01-2003,25.0,32.8,28.1,74.0,0.0,5.0,5.0,330.0,2.0,N ,Sun
08-01-2003,25.0,35.6,29.7,64.0,0.0,7.6,5.0,80.0,2.0,NE,Sun
09-01-2003,25.0,33.0,29.6,68.0,0.0,8.0,6.0,300.0,3.0,NW,Sun
10-01-2003,25.0,34.8,29.8,69.0,0.0,8.0,5.0,270.0,3.0,W ,Sun
11-01-2003,26.0,35.0,30.0,69.0,0.0,,6.0,280.0,3.0,W ,Sun
12-01-2003,25.0,35.0,30.2,66.0,0.0,8.0,5.0,290.0,3.0,W ,Sun
13-01-2003,25.0,32.8,29.1,71.0,0.0,8.0,4.0,350.0,2.0,N ,Sun
14-01-2003,25.0,35.0,30.4,64.0,0.0,8.0,6.0,310.0,2.0,NW,Sun
15-01-2003,25.0,32.8,28.9,71.0,0.0,8.0,6.0,320.0,3.0,N ,Sun
16-01-2003,26.0,34.0,29.3,72.0,0.0,7.4,5.0,360.0,2.0,N ,Sun
17-01-2003,26.0,33.8,29.1,68.0,0.0,6.2,4.0,270.0,3.0,W ,Sun
18-01-2003,25.0,34.0,29.6,70.0,0.0,8.0,4.0,280.0,3.0,W ,Sun
19-01-2003,26.0,35.5,30.4,65.0,0.0,8.0,4.0,270.0,3.0,W ,Sun
20-01-2003,26.0,35.6,29.9,67.0,0.0,8.0,6.0,300.0,3.0,W ,Sun
21-01-2003,26.0,33.0,28.6,71.0,8888.0,5.0,6.0,360.0,2.0,W ,Rain
22-01-2003,26.0,31.2,28.1,78.0,0.9,2.0,5.0,340.0,2.0,W ,Sun
23-01-2003,25.0,32.0,27.7,76.0,3.5,4.0,4.0,280.0,2.0,W ,Drizzle
24-01-2003,25.0,32.4,28.8,76.0,0.0,4.2,5.0,300.0,2.0,W ,Sun
25-01-2003,26.0,31.8,28.7,75.0,0.3,2.1,3.0,350.0,1.0,N ,Sun
26-01-2003,25.0,31.8,28.1,82.0,1.0,0.5,3.0,290.0,0.0,W ,Drizzle
27-01-2003,25.0,31.6,27.3,84.0,8888.0,0.0,3.0,360.0,1.0,N ,Rain
28-01-2003,24.0,31.8,28.6,74.0,18.8,3.0,4.0,270.0,2.0,W ,Rain
29-01-2003,25.0,32.0,27.2,81.0,1.2,1.0,4.0,340.0,1.0,W ,Drizzle
30-01-2003,26.0,31.0,28.4,75.0,0.0,4.0,4.0,280.0,2.0,W ,Sun
31-01-2003,23.0,30.4,28.0,79.0,32.2,0.0,3.0,340.0,2.0,N ,Rain
01-02-2003,24.0,31.8,26.4,83.0,25.6,0.0,5.0,200.0,2.0,W ,Rain
02-02-2003,25.0,31.8,27.2,81.0,1.4,5.9,4.0,300.0,2.0,W ,Drizzle
03-02-2003,24.0,31.4,28.4,78.0,18.3,5.0,5.0,270.0,1.0,W ,Rain
04-02-2003,24.0,30.0,26.7,88.0,89.3,2.6,4.0,310.0,1.0,W ,Rain
05-02-2003,25.0,30.0,26.8,86.0,3.0,0.5,4.0,270.0,1.0,W ,Drizzle
06-02-2003,25.0,30.4,27.3,81.0,3.6,4.5,5.0,340.0,2.0,W ,Drizzle
07-02-2003,26.0,31.2,28.5,77.0,1.5,8.0,5.0,280.0,2.0,W ,Drizzle
08-02-2003,25.0,32.4,28.8,74.0,8888.0,7.0,5.0,300.0,2.0,NW,Rain
09-02-2003,24.0,32.0,28.7,77.0,8888.0,3.2,4.0,270.0,1.0,W ,Rain
10-02-2003,24.0,32.2,27.1,85.0,15.0,5.7,3.0,70.0,0.0,E ,Rain
11-02-2003,25.0,33.6,28.2,80.0,3.0,7.2,4.0,80.0,1.0,W ,Drizzle
12-02-2003,25.0,32.2,28.1,80.0,76.0,6.0,5.0,40.0,0.0,E ,Rain
13-02-2003,24.0,29.2,27.4,90.0,46.1,1.0,2.0,320.0,0.0,NW,Rain
14-02-2003,25.0,32.5,27.9,76.0,2.0,8.0,4.0,330.0,1.0,NW,Drizzle
15-02-2003,25.0,31.8,28.7,77.0,0.0,3.6,3.0,330.0,1.0,NW,Sun
16-02-2003,24.0,31.8,28.7,74.0,18.0,2.1,3.0,340.0,2.0,W ,Rain
17-02-2003,24.0,32.2,26.9,86.0,22.6,3.6,5.0,290.0,2.0,N ,Rain
18-02-2003,25.0,31.6,27.3,81.0,20.5,2.0,4.0,260.0,1.0,N ,Rain
19-02-2003,24.0,30.5,26.9,83.0,3.4,2.0,4.0,320.0,2.0,NW,Drizzle
20-02-2003,24.0,30.6,26.9,80.0,6.8,1.0,4.0,290.0,2.0,W ,Rain
21-02-2003,24.0,26.6,25.8,94.0,63.0,0.0,3.0,290.0,0.0,W ,Rain
22-02-2003,24.0,31.0,26.6,83.0,8888.0,5.0,3.0,280.0,1.0,W ,Rain
23-02-2003,25.0,31.2,28.0,76.0,0.7,5.0,4.0,330.0,1.0,W ,Sun
24-02-2003,25.0,31.5,28.1,81.0,0.2,2.5,4.0,310.0,2.0,W ,Sun
25-02-2003,26.0,31.8,28.1,80.0,1.0,2.2,4.0,290.0,2.0,W ,Drizzle
26-02-2003,24.0,29.2,27.6,87.0,34.6,0.0,4.0,290.0,1.0,W ,Rain
27-02-2003,24.0,31.0,27.6,80.0,11.2,3.0,4.0,270.0,2.0,W ,Rain
28-02-2003,25.0,30.6,27.2,83.0,6.3,2.0,4.0,340.0,1.0,W ,Rain
01-03-2003,24.0,30.4,27.4,84.0,9.2,0.0,4.0,310.0,2.0,W ,Rain
02-03-2003,25.0,31.5,27.6,82.0,8888.0,2.5,5.0,290.0,2.0,W ,Rain
03-03-2003,26.0,32.8,27.8,75.0,8888.0,2.5,5.0,270.0,2.0,W ,Rain
04-03-2003,25.0,32.1,27.7,82.0,10.8,4.0,4.0,210.0,0.0,W ,Rain
05-03-2003,26.0,32.0,27.7,81.0,1.6,4.2,4.0,250.0,1.0,W ,Drizzle
06-03-2003,26.0,32.7,28.4,79.0,0.4,1.4,3.0,280.0,1.0,W ,Sun
07-03-2003,25.0,32.0,28.5,80.0,8888.0,3.0,4.0,280.0,2.0,W ,Rain
08-03-2003,25.0,30.6,28.5,78.0,0.4,2.5,4.0,340.0,2.0,W ,Sun
09-03-2003,25.0,30.4,28.0,78.0,0.0,0.0,3.0,360.0,1.0,N ,Sun
10-03-2003,25.0,32.2,28.1,73.0,0.0,5.5,3.0,350.0,2.0,NW,Sun
11-03-2003,24.0,32.3,27.6,82.0,1.6,6.5,3.0,280.0,1.0,W ,Drizzle
12-03-2003,25.0,32.5,28.5,76.0,0.0,8.0,5.0,330.0,1.0,W ,Sun
13-03-2003,26.0,31.5,28.5,77.0,4.5,6.0,3.0,280.0,1.0,W ,Drizzle
14-03-2003,25.0,29.8,27.3,81.0,0.0,0.5,4.0,45.0,2.0,W ,Sun
15-03-2003,24.0,30.0,27.0,87.0,35.9,0.0,3.0,90.0,0.0,E ,Rain
16-03-2003,24.0,30.0,26.5,88.0,0.4,2.0,3.0,350.0,1.0,NW,Sun
17-03-2003,25.0,32.2,27.2,80.0,0.0,8.0,4.0,360.0,2.0,N ,Sun
18-03-2003,25.0,31.6,28.3,79.0,8888.0,6.0,3.0,350.0,1.0,N ,Rain
19-03-2003,25.0,29.5,26.9,88.0,14.0,0.1,4.0,300.0,1.0,W ,Rain
20-03-2003,26.0,32.6,28.8,76.0,0.0,8.0,4.0,340.0,2.0,N ,Sun
21-03-2003,25.0,32.2,28.2,78.0,16.5,4.7,4.0,90.0,2.0,E ,Rain
22-03-2003,24.0,32.5,28.5,78.0,4.5,5.0,3.0,360.0,1.0,N ,Drizzle
23-03-2003,25.0,33.0,28.1,78.0,0.0,5.0,3.0,40.0,1.0,E ,Sun
24-03-2003,25.0,33.8,29.2,76.0,0.0,8.0,4.0,80.0,2.0,E ,Sun
25-03-2003,25.0,33.4,28.3,78.0,12.7,6.0,4.0,80.0,1.0,E ,Rain
26-03-2003,26.0,33.0,28.5,77.0,0.0,6.6,3.0,20.0,1.0,N ,Sun
27-03-2003,27.0,33.0,29.2,78.0,8888.0,8.0,3.0,90.0,2.0,E ,Rain
28-03-2003,26.0,32.0,29.0,76.0,8888.0,2.3,4.0,360.0,1.0,N ,Rain
29-03-2003,26.0,32.6,28.7,75.0,8888.0,3.0,4.0,360.0,2.0,N ,Rain
30-03-2003,26.0,33.4,29.0,76.0,0.0,7.4,3.0,360.0,2.0,N ,Sun
31-03-2003,26.0,33.6,29.9,78.0,0.0,8.0,4.0,360.0,2.0,N ,Sun
01-04-2003,26.0,32.6,29.1,76.0,3.0,4.0,4.0,360.0,1.0,N ,Drizzle
02-04-2003,26.0,33.0,29.5,72.0,0.5,8.0,3.0,20.0,1.0,N ,Sun
03-04-2003,26.0,32.0,28.6,86.0,5.7,0.0,3.0,30.0,0.0,N ,Rain
04-04-2003,26.0,33.2,29.1,75.0,5.2,7.0,3.0,260.0,1.0,E ,Rain
05-04-2003,25.0,34.0,29.0,73.0,0.0,6.8,4.0,270.0,2.0,W ,Sun
06-04-2003,26.0,33.4,29.1,74.0,0.0,8.0,4.0,360.0,1.0,N ,Sun
07-04-2003,26.0,33.6,29.3,74.0,0.0,8.0,4.0,300.0,1.0,NW,Sun
08-04-2003,25.0,30.2,28.6,80.0,8888.0,0.0,4.0,30.0,2.0,N ,Rain
09-04-2003,25.0,33.4,28.1,78.0,0.0,6.0,3.0,40.0,0.0,N ,Sun
10-04-2003,26.0,34.6,29.2,74.0,0.0,7.5,4.0,360.0,1.0,N ,Sun
11-04-2003,24.0,33.3,28.6,75.0,41.0,4.0,3.0,50.0,2.0,N ,Rain
12-04-2003,26.0,32.0,27.9,82.0,0.0,6.0,3.0,20.0,1.0,N ,Sun
13-04-2003,25.0,33.6,29.7,75.0,7.2,8.0,4.0,90.0,1.0,N ,Rain
14-04-2003,25.0,33.8,29.1,76.0,0.0,7.5,4.0,360.0,2.0,N ,Sun
15-04-2003,25.0,33.0,29.0,77.0,0.0,3.0,4.0,120.0,2.0,N ,Sun
16-04-2003,26.0,34.4,29.3,72.0,0.0,8.0,4.0,90.0,2.0,E ,Sun
17-04-2003,26.0,33.2,29.1,77.0,2.0,5.0,4.0,360.0,0.0,N ,Drizzle
18-04-2003,26.0,34.4,29.7,73.0,0.0,8.0,4.0,360.0,1.0,N ,Sun
19-04-2003,26.0,34.4,29.1,76.0,0.0,7.2,3.0,60.0,1.0,N ,Sun
20-04-2003,26.0,33.6,29.6,73.0,8888.0,8.0,3.0,320.0,1.0,N ,Rain
21-04-2003,27.0,34.0,29.6,75.0,0.0,8.0,4.0,90.0,1.0,E ,Sun
22-04-2003,27.0,34.0,29.0,75.0,0.0,3.5,4.0,90.0,2.0,E ,Sun
23-04-2003,26.0,30.5,28.4,80.0,8888.0,0.0,4.0,350.0,1.0,N ,Rain
24-04-2003,26.0,32.8,28.5,84.0,2.6,1.0,4.0,360.0,2.0,N ,Drizzle
25-04-2003,25.0,34.8,29.7,70.0,0.0,8.0,4.0,70.0,1.0,E ,Sun
26-04-2003,26.0,34.2,29.3,74.0,0.0,6.5,4.0,10.0,2.0,N ,Sun
27-04-2003,26.0,34.2,28.6,76.0,0.5,5.0,4.0,360.0,1.0,N ,Sun
28-04-2003,27.0,34.0,29.6,72.0,0.0,6.0,5.0,80.0,2.0,E ,Sun
29-04-2003,26.0,33.0,29.3,75.0,0.0,6.6,4.0,90.0,2.0,NE,Sun
30-04-2003,26.0,31.8,28.3,78.0,2.6,0.0,4.0,360.0,1.0,N ,Drizzle
01-05-2003,25.0,32.0,27.6,82.0,3.0,0.0,4.0,360.0,1.0,E ,Drizzle
02-05-2003,26.0,33.2,29.1,72.0,0.0,7.7,4.0,90.0,2.0,E ,Sun
03-05-2003,26.0,34.2,29.5,72.0,0.0,4.0,4.0,80.0,1.0,E ,Sun
04-05-2003,26.0,33.4,29.4,74.0,0.0,5.7,3.0,40.0,1.0,E ,Sun
05-05-2003,26.0,33.0,28.7,76.0,22.0,4.5,6.0,270.0,1.0,N ,Rain
06-05-2003,25.0,33.6,29.5,73.0,0.5,7.5,5.0,90.0,2.0,E ,Sun
07-05-2003,25.0,32.0,28.4,78.0,8888.0,5.2,4.0,70.0,2.0,E ,Rain
08-05-2003,25.0,33.0,28.7,76.0,8888.0,8.0,4.0,20.0,2.0,N ,Rain
09-05-2003,27.0,34.4,29.4,70.0,0.0,0.0,4.0,290.0,2.0,N ,Sun
10-05-2003,25.0,32.6,29.5,76.0,6.4,3.5,4.0,20.0,2.0,N ,Rain
11-05-2003,25.0,30.9,27.5,83.0,2.0,1.0,3.0,360.0,0.0,N ,Drizzle
12-05-2003,24.0,33.3,28.8,79.0,27.4,8.0,4.0,90.0,2.0,E ,Rain
13-05-2003,25.0,32.0,29.2,76.0,0.0,7.5,3.0,80.0,2.0,E ,Sun
14-05-2003,25.0,33.0,29.0,76.0,0.0,8.0,3.0,360.0,1.0,NE,Sun
15-05-2003,25.0,33.0,28.8,79.0,0.0,8.0,3.0,10.0,1.0,N ,Sun
16-05-2003,25.0,34.0,29.5,74.0,0.0,6.5,4.0,360.0,2.0,N ,Sun
17-05-2003,26.0,33.0,29.0,66.0,8888.0,5.0,4.0,270.0,2.0,N ,Rain
18-05-2003,26.0,33.0,29.3,75.0,0.0,6.5,4.0,20.0,2.0,N ,Sun
19-05-2003,26.0,33.0,28.8,76.0,0.0,6.0,4.0,10.0,1.0,N ,Sun
20-05-2003,26.0,33.8,30.0,71.0,0.0,7.6,4.0,10.0,1.0,E ,Sun
21-05-2003,26.0,33.4,29.6,69.0,0.0,6.8,4.0,90.0,2.0,N ,Sun
22-05-2003,26.0,33.5,29.6,65.0,0.0,8.0,4.0,360.0,2.0,N ,Sun
23-05-2003,25.0,34.2,29.5,67.0,0.0,7.6,4.0,100.0,2.0,N ,Sun
24-05-2003,25.0,34.2,29.1,73.0,0.0,6.5,4.0,360.0,1.0,N ,Sun
25-05-2003,26.0,33.2,29.2,73.0,8888.0,3.5,4.0,360.0,2.0,N ,Rain
26-05-2003,26.0,35.0,30.3,66.0,0.0,8.0,5.0,80.0,2.0,E ,Sun
27-05-2003,25.0,33.8,29.3,72.0,0.0,8.0,4.0,90.0,1.0,E ,Sun
28-05-2003,25.0,32.6,29.3,70.0,0.0,5.2,4.0,70.0,1.0,E ,Sun
29-05-2003,26.0,32.6,28.8,70.0,0.0,8.0,4.0,360.0,2.0,N ,Sun
30-05-2003,26.0,34.0,29.7,72.0,0.0,8.0,3.0,80.0,1.0,E ,Sun
31-05-2003,25.0,33.2,29.3,68.0,0.0,1.4,3.0,90.0,1.0,E ,Sun
01-06-2003,25.0,33.8,30.2,66.0,0.0,8.0,4.0,360.0,2.0,N ,Sun
02-06-2003,26.0,34.0,29.7,66.0,0.0,8.0,5.0,180.0,2.0,N ,Sun
03-06-2003,25.0,33.8,29.2,70.0,0.0,6.5,4.0,90.0,2.0,E ,Sun
04-06-2003,25.0,34.3,28.7,69.0,0.0,8.0,4.0,90.0,2.0,E ,Sun
05-06-2003,26.0,34.8,29.4,72.0,0.0,8.0,4.0,340.0,1.0,N ,Sun
06-06-2003,26.0,33.2,29.0,74.0,0.0,2.7,3.0,100.0,1.0,E ,Sun
07-06-2003,25.0,34.0,29.7,66.0,0.0,8.0,4.0,180.0,2.0,S ,Sun
08-06-2003,25.0,31.6,28.9,69.0,0.0,5.4,3.0,90.0,1.0,E ,Sun
09-06-2003,25.0,33.8,28.9,72.0,0.0,8.0,4.0,180.0,2.0,S ,Sun
10-06-2003,25.0,34.0,28.4,70.0,0.0,8.0,4.0,180.0,1.0,S ,Sun
11-06-2003,26.0,33.4,29.6,64.0,0.0,6.0,3.0,90.0,1.0,E ,Sun
12-06-2003,26.0,34.4,29.3,64.0,0.0,8.0,3.0,90.0,1.0,E ,Sun
13-06-2003,26.0,33.8,29.6,68.0,0.0,8.0,4.0,90.0,2.0,SW,Sun
14-06-2003,26.0,33.4,29.3,68.0,0.2,6.0,3.0,190.0,1.0,S ,Sun
15-06-2003,25.0,33.6,28.8,68.0,0.0,5.0,3.0,80.0,1.0,S ,Sun
16-06-2003,25.0,33.6,28.5,66.0,0.0,8.0,4.0,90.0,1.0,E ,Sun
17-06-2003,25.0,34.4,28.8,68.0,0.0,8.0,4.0,100.0,1.0,E ,Sun
18-06-2003,26.0,34.6,29.1,68.0,8888.0,7.0,5.0,180.0,1.0,S ,Rain
19-06-2003,26.0,33.6,29.1,74.0,0.0,8.0,5.0,80.0,2.0,E ,Sun
20-06-2003,25.0,34.2,29.1,74.0,0.0,8.0,4.0,90.0,1.0,E ,Sun
21-06-2003,26.0,31.2,28.8,74.0,8888.0,0.0,2.0,360.0,0.0,N ,Rain
22-06-2003,26.0,33.4,29.3,73.0,0.0,4.0,2.0,180.0,0.0,S ,Sun
23-06-2003,25.0,33.0,28.7,78.0,3.2,4.0,4.0,80.0,1.0,E ,Drizzle
24-06-2003,25.0,34.0,28.7,72.0,0.0,7.8,4.0,90.0,2.0,E ,Sun
25-06-2003,25.0,33.6,28.9,71.0,0.0,7.5,4.0,90.0,2.0,E ,Sun
26-06-2003,25.0,34.0,29.0,69.0,0.0,8.0,5.0,100.0,2.0,N ,Sun
27-06-2003,25.0,32.6,28.4,74.0,0.0,3.1,3.0,70.0,1.0,N ,Sun
28-06-2003,25.0,32.4,28.3,75.0,0.0,8.0,3.0,360.0,1.0,N ,Sun
29-06-2003,25.0,32.4,28.3,75.0,0.0,2.1,2.0,210.0,0.0,SW,Sun
30-06-2003,25.0,33.8,28.8,68.0,0.0,8.0,3.0,210.0,1.0,E ,Sun
01-07-2003,26.0,34.0,28.7,66.0,0.0,8.0,3.0,90.0,1.0,E ,Sun
02-07-2003,25.0,32.2,28.8,70.0,0.0,7.6,4.0,330.0,1.0,NW,Sun
03-07-2003,25.0,33.6,28.8,68.0,0.0,8.0,4.0,90.0,1.0,E ,Sun
04-07-2003,25.0,33.8,28.3,67.0,0.0,7.0,3.0,90.0,1.0,E ,Sun
05-07-2003,25.0,32.8,28.3,70.0,0.0,8.0,4.0,90.0,2.0,E ,Sun
06-07-2003,26.0,33.7,29.1,71.0,0.0,7.0,3.0,90.0,1.0,E ,Sun
07-07-2003,25.0,33.5,29.7,65.0,0.0,8.0,4.0,360.0,2.0,E ,Sun
08-07-2003,24.0,35.4,29.1,67.0,0.0,8.0,4.0,90.0,2.0,E ,Sun
09-07-2003,25.0,34.0,28.8,66.0,0.0,8.0,4.0,80.0,2.0,E ,Sun
10-07-2003,24.0,34.0,28.8,63.0,0.0,8.0,4.0,90.0,2.0,E ,Sun
11-07-2003,25.0,32.2,29.0,66.0,0.0,2.0,4.0,90.0,2.0,E ,Sun
12-07-2003,26.0,32.4,28.4,70.0,0.0,3.0,3.0,360.0,1.0,E ,Sun
13-07-2003,25.0,33.0,29.0,72.0,0.0,6.5,4.0,70.0,2.0,N ,Sun
14-07-2003,25.0,32.6,28.3,72.0,0.0,8.0,3.0,90.0,1.0,E ,Sun
15-07-2003,23.0,32.8,28.5,70.0,0.0,8.0,4.0,90.0,1.0,E ,Sun
16-07-2003,24.0,33.6,27.8,65.0,0.0,8.0,4.0,90.0,2.0,E ,Sun
17-07-2003,24.0,33.5,28.3,62.0,0.0,8.0,4.0,350.0,1.0,E ,Sun
18-07-2003,23.0,33.4,27.9,65.0,0.0,8.0,4.0,350.0,2.0,E ,Sun
19-07-2003,23.0,32.4,27.9,67.0,0.0,2.0,4.0,90.0,1.0,N ,Sun
20-07-2003,24.0,32.6,27.9,62.0,0.0,5.0,3.0,90.0,1.0,E ,Sun
21-07-2003,25.0,33.2,27.8,64.0,0.0,3.5,3.0,90.0,1.0,N ,Sun
22-07-2003,24.0,34.4,28.7,64.0,0.0,8.0,3.0,90.0,1.0,E ,Sun
23-07-2003,25.0,33.8,28.9,61.0,0.0,8.0,3.0,90.0,1.0,E ,Sun
24-07-2003,25.0,34.0,29.5,60.0,0.0,6.5,4.0,90.0,2.0,E ,Sun
25-07-2003,23.0,34.0,28.7,67.0,0.0,7.8,6.0,90.0,2.0,E ,Sun
26-07-2003,25.0,35.4,29.6,65.0,0.0,8.0,4.0,90.0,2.0,E ,Sun
27-07-2003,26.0,35.2,30.1,68.0,0.0,8.0,5.0,90.0,2.0,E ,Sun
28-07-2003,26.0,34.2,29.6,68.0,0.0,8.0,3.0,90.0,2.0,E ,Sun
29-07-2003,25.0,33.6,28.9,72.0,0.0,8.0,4.0,90.0,2.0,E ,Sun
30-07-2003,25.0,32.6,28.1,74.0,0.0,8.0,3.0,360.0,1.0,E ,Sun
31-07-2003,24.0,33.4,29.2,64.0,0.0,8.0,4.0,90.0,2.0,E ,Sun
01-08-2003,25.0,33.0,28.1,64.0,0.0,8.0,3.0,90.0,0.0,E ,Sun
02-08-2003,26.0,31.9,28.0,68.0,0.0,8.0,4.0,80.0,1.0,E ,Sun
03-08-2003,26.0,32.4,28.1,72.0,0.0,8.0,3.0,80.0,1.0,E ,Sun
04-08-2003,24.0,33.6,29.0,60.0,0.0,7.0,5.0,90.0,2.0,E ,Sun
05-08-2003,24.0,32.2,27.7,64.0,0.0,8.0,4.0,90.0,1.0,E ,Sun
06-08-2003,24.0,33.2,27.4,67.0,0.0,8.0,4.0,90.0,1.0,E ,Sun
07-08-2003,24.0,34.4,29.1,70.0,0.0,8.0,3.0,60.0,1.0,E ,Sun
08-08-2003,25.0,33.6,28.6,74.0,0.0,8.0,3.0,90.0,1.0,E ,Sun
09-08-2003,26.0,33.8,28.7,71.0,0.0,8.0,3.0,90.0,1.0,E ,Sun
10-08-2003,26.0,32.4,28.6,76.0,0.0,8.0,4.0,90.0,1.0,E ,Sun
11-08-2003,25.0,32.2,28.4,70.0,0.0,3.0,4.0,40.0,2.0,NE,Sun
12-08-2003,25.0,32.0,28.1,67.0,0.0,4.6,4.0,60.0,1.0,NE,Sun
13-08-2003,25.0,32.8,27.8,63.0,0.0,8.0,4.0,60.0,1.0,E ,Sun
14-08-2003,25.0,31.8,27.9,71.0,0.0,8.0,4.0,30.0,1.0,NE,Sun
15-08-2003,25.0,32.2,28.1,71.0,0.0,6.0,4.0,90.0,1.0,E ,Sun
16-08-2003,26.0,34.0,29.0,70.0,0.0,8.0,4.0,90.0,1.0,E ,Sun
17-08-2003,25.0,32.0,28.5,70.0,0.0,2.5,4.0,40.0,1.0,NE,Sun
18-08-2003,26.0,32.2,28.7,72.0,0.0,6.5,4.0,80.0,2.0,E ,Sun
19-08-2003,26.0,33.1,28.8,76.0,0.0,8.0,5.0,40.0,2.0,NE,Sun
20-08-2003,26.0,33.6,28.8,72.0,0.0,8.0,4.0,80.0,2.0,NE,Sun
21-08-2003,25.0,34.0,29.1,74.0,0.0,8.0,4.0,30.0,1.0,NE,Sun
22-08-2003,25.0,35.0,28.7,66.0,0.0,8.0,6.0,90.0,2.0,E ,Sun
23-08-2003,26.0,33.0,29.0,72.0,0.0,3.0,4.0,350.0,1.0,E ,Sun
24-08-2003,25.0,33.2,28.6,69.0,0.0,8.0,4.0,90.0,1.0,N ,Sun
25-08-2003,26.0,32.6,28.5,72.0,2.1,4.5,5.0,90.0,2.0,E ,Drizzle
26-08-2003,26.0,32.6,28.4,67.0,0.0,2.0,4.0,80.0,2.0,E ,Sun
27-08-2003,26.0,34.2,29.4,64.0,0.0,8.0,5.0,70.0,2.0,E ,Sun
28-08-2003,24.0,35.3,29.4,68.0,0.5,8.0,5.0,100.0,2.0,E ,Sun
29-08-2003,25.0,33.8,28.1,73.0,0.0,3.4,3.0,360.0,2.0,E ,Sun
30-08-2003,26.0,32.6,28.6,70.0,0.0,7.0,3.0,330.0,1.0,N ,Sun
31-08-2003,25.0,32.2,28.4,70.0,0.0,8.0,6.0,90.0,2.0,E ,Sun
01-09-2003,25.0,34.6,28.5,70.0,0.0,8.0,4.0,70.0,1.0,E ,Sun
02-09-2003,25.0,33.8,29.0,69.0,0.0,8.0,4.0,50.0,1.0,NE,Sun
03-09-2003,25.0,34.4,28.9,67.0,0.0,6.0,5.0,70.0,2.0,NE,Sun
04-09-2003,26.0,35.6,29.7,65.0,0.0,8.0,5.0,90.0,2.0,E ,Sun
05-09-2003,25.0,35.0,29.4,68.0,0.0,8.0,4.0,90.0,1.0,E ,Sun
06-09-2003,25.0,33.4,28.5,72.0,0.0,5.0,3.0,340.0,1.0,N ,Sun
07-09-2003,25.0,33.0,28.4,66.0,0.0,8.0,3.0,40.0,1.0,NE,Sun
08-09-2003,25.0,33.6,29.0,64.0,0.0,7.0,4.0,70.0,2.0,NE,Sun
09-09-2003,23.0,32.4,27.9,64.0,0.0,7.4,5.0,60.0,2.0,NE,Sun
10-09-2003,25.0,34.2,28.3,61.0,0.0,8.0,6.0,40.0,2.0,NE,Sun
11-09-2003,25.0,35.2,29.2,67.0,0.0,6.0,5.0,60.0,2.0,E ,Sun
12-09-2003,23.0,34.2,29.3,74.0,13.6,8.0,4.0,90.0,2.0,E ,Rain
13-09-2003,24.0,31.2,26.9,79.0,0.4,1.2,3.0,70.0,1.0,E ,Sun
14-09-2003,26.0,32.6,28.7,74.0,2.1,7.5,4.0,70.0,2.0,E ,Drizzle
15-09-2003,24.0,32.6,28.5,76.0,1.4,3.5,6.0,360.0,2.0,W ,Drizzle
16-09-2003,25.0,32.2,27.3,76.0,0.3,2.5,3.0,300.0,1.0,S ,Sun
17-09-2003,26.0,31.8,28.1,78.0,0.0,1.4,4.0,200.0,1.0,NE,Sun
18-09-2003,24.0,33.0,29.2,73.0,5.0,2.1,3.0,90.0,1.0,E ,Drizzle
19-09-2003,25.0,30.0,26.3,82.0,0.8,0.0,3.0,40.0,1.0,E ,Sun
20-09-2003,25.0,32.0,28.2,76.0,0.0,1.3,3.0,80.0,2.0,E ,Sun
21-09-2003,25.0,32.4,28.4,73.0,0.0,7.5,3.0,360.0,1.0,E ,Sun
22-09-2003,25.0,34.0,28.8,66.0,0.0,7.5,4.0,180.0,2.0,E ,Sun
23-09-2003,26.0,36.0,29.5,61.0,0.0,8.0,5.0,90.0,2.0,E ,Sun
24-09-2003,25.0,35.2,29.6,61.0,0.0,8.0,4.0,90.0,2.0,E ,Sun
25-09-2003,26.0,33.5,28.8,73.0,0.0,7.9,4.0,50.0,1.0,N ,Sun
26-09-2003,26.0,34.6,29.6,59.0,0.0,7.1,4.0,360.0,2.0,E ,Sun
27-09-2003,26.0,32.5,28.8,72.0,0.0,6.5,4.0,360.0,2.0,N ,Sun
28-09-2003,25.0,33.3,29.7,69.0,0.0,7.0,4.0,90.0,2.0,E ,Sun
29-09-2003,25.0,33.6,29.8,70.0,0.0,4.0,3.0,80.0,2.0,E ,Sun
30-09-2003,26.0,33.8,29.3,67.0,0.0,7.0,3.0,360.0,1.0,N ,Sun
01-10-2003,26.0,33.2,28.8,68.0,0.0,7.2,3.0,340.0,1.0,N ,Sun
02-10-2003,26.0,33.6,29.1,71.0,0.0,4.1,3.0,340.0,1.0,N ,Sun
03-10-2003,26.0,34.0,29.7,68.0,0.0,1.2,3.0,350.0,1.0,N ,Sun
04-10-2003,26.0,34.0,28.9,70.0,0.0,8.0,4.0,10.0,1.0,N ,Sun
05-10-2003,25.0,33.4,28.5,73.0,10.1,3.0,3.0,350.0,1.0,N ,Rain
06-10-2003,25.0,33.8,28.2,81.0,40.4,1.5,3.0,100.0,2.0,NE,Rain
07-10-2003,25.0,31.8,27.8,80.0,0.0,1.0,4.0,40.0,1.0,NE,Sun
08-10-2003,25.0,31.6,28.4,79.0,8888.0,0.2,5.0,240.0,1.0,NE,Rain
09-10-2003,26.0,32.6,29.0,72.0,10.0,5.0,3.0,80.0,2.0,NE,Rain
10-10-2003,24.0,32.4,26.9,86.0,60.1,2.0,3.0,350.0,0.0,N ,Rain
11-10-2003,24.0,32.2,27.3,78.0,8888.0,4.6,3.0,360.0,1.0,N ,Rain
12-10-2003,26.0,31.8,28.2,72.0,0.0,2.0,3.0,100.0,0.0,NE,Sun
13-10-2003,25.0,29.2,27.5,76.0,2.2,0.0,3.0,80.0,0.0,NE,Drizzle
14-10-2003,25.0,34.8,29.1,63.0,0.0,6.8,3.0,30.0,2.0,N ,Sun
15-10-2003,25.0,33.2,28.9,69.0,0.0,3.5,4.0,80.0,2.0,E ,Sun
16-10-2003,24.0,32.8,29.2,71.0,0.0,3.6,3.0,90.0,1.0,NE,Sun
17-10-2003,25.0,33.0,28.6,72.0,0.8,7.0,4.0,70.0,1.0,E ,Sun
18-10-2003,26.0,33.4,28.8,73.0,0.0,6.0,4.0,340.0,1.0,NE,Sun
19-10-2003,25.0,33.8,29.1,72.0,0.0,4.0,4.0,90.0,1.0,E ,Sun
20-10-2003,25.0,32.6,28.9,72.0,0.0,6.0,5.0,340.0,1.0,E ,Sun
21-10-2003,25.0,34.3,28.8,69.0,0.0,4.0,3.0,360.0,1.0,N ,Sun
22-10-2003,25.0,35.0,29.9,68.0,0.0,6.3,4.0,20.0,2.0,NE,Sun
23-10-2003,25.0,34.6,29.7,68.0,0.0,8.0,5.0,360.0,2.0,N ,Sun
24-10-2003,26.0,33.2,29.3,71.0,0.0,0.0,3.0,90.0,1.0,N ,Sun
25-10-2003,27.0,33.6,29.8,69.0,0.0,8.0,3.0,30.0,1.0,NE,Sun
26-10-2003,25.0,33.2,29.4,69.0,20.0,6.0,3.0,20.0,1.0,NE,Rain
27-10-2003,25.0,32.8,28.4,74.0,0.0,4.6,4.0,60.0,1.0,E ,Sun
28-10-2003,25.0,32.4,28.8,74.0,10.0,3.0,4.0,120.0,1.0,E ,Rain
29-10-2003,25.0,32.4,27.5,82.0,4.4,4.5,3.0,80.0,1.0,N ,Drizzle
30-10-2003,24.0,32.0,26.4,85.0,71.2,0.5,5.0,80.0,2.0,E ,Rain
31-10-2003,25.0,31.0,26.9,82.0,0.9,0.0,3.0,20.0,0.0,N ,Sun
01-11-2003,25.0,30.8,27.3,80.0,8888.0,0.0,3.0,30.0,0.0,NE,Rain
02-11-2003,24.0,34.2,28.7,73.0,22.7,8.0,3.0,90.0,2.0,E ,Rain
03-11-2003,26.0,32.4,28.6,82.0,0.0,8.0,3.0,100.0,1.0,E ,Sun
04-11-2003,26.0,33.0,29.1,76.0,0.4,8.0,3.0,30.0,1.0,N ,Sun
05-11-2003,25.0,32.8,29.2,74.0,8888.0,7.0,3.0,90.0,1.0,E ,Rain
06-11-2003,26.0,33.0,29.5,72.0,0.0,3.5,3.0,40.0,1.0,NE,Sun
07-11-2003,26.0,32.2,29.3,73.0,0.0,3.1,2.0,300.0,0.0,NW,Sun
08-11-2003,26.0,34.2,30.0,67.0,0.0,3.0,4.0,90.0,2.0,E ,Sun
09-11-2003,26.0,32.2,29.5,74.0,0.0,1.4,3.0,260.0,2.0,W ,Sun
10-11-2003,26.0,33.8,29.6,68.0,0.0,3.0,3.0,40.0,1.0,NE,Sun
11-11-2003,26.0,32.8,28.8,73.0,0.0,3.0,3.0,330.0,1.0,N ,Sun
12-11-2003,26.0,33.6,29.2,66.0,0.2,5.5,4.0,310.0,1.0,NW,Sun
13-11-2003,26.0,33.4,29.7,76.0,0.0,2.6,4.0,360.0,2.0,N ,Sun
14-11-2003,26.0,33.8,29.0,77.0,4.5,3.1,3.0,360.0,1.0,N ,Drizzle
15-11-2003,26.0,32.4,28.3,76.0,0.0,1.0,4.0,360.0,1.0,N ,Sun
16-11-2003,25.0,33.2,27.8,80.0,24.6,0.6,3.0,280.0,1.0,W ,Rain
17-11-2003,25.0,31.0,27.2,82.0,0.6,0.0,3.0,310.0,1.0,N ,Sun
18-11-2003,25.0,31.4,28.6,72.0,87.0,1.0,3.0,10.0,1.0,N ,Rain
19-11-2003,24.0,32.2,27.0,82.0,29.5,2.5,4.0,90.0,1.0,W ,Rain
20-11-2003,25.0,28.8,25.8,86.0,0.8,0.0,2.0,90.0,0.0,E ,Sun
21-11-2003,26.0,29.0,27.3,83.0,1.6,0.0,2.0,90.0,0.0,E ,Drizzle
22-11-2003,25.0,31.0,28.1,82.0,0.4,2.5,3.0,240.0,1.0,SW,Sun
23-11-2003,25.0,31.4,27.9,81.0,0.0,1.0,4.0,20.0,2.0,E ,Sun
24-11-2003,25.0,31.6,27.1,78.0,21.4,3.2,3.0,210.0,2.0,E ,Rain
25-11-2003,25.0,31.0,28.7,78.0,0.0,0.0,3.0,10.0,2.0,NW,Sun
26-11-2003,25.0,30.0,27.4,75.0,0.0,0.0,5.0,240.0,2.0,SW,Sun
27-11-2003,25.0,33.8,28.8,64.0,0.0,6.9,5.0,250.0,2.0,W ,Sun
28-11-2003,25.0,31.6,28.7,73.0,8888.0,3.0,3.0,180.0,1.0,S ,Rain
29-11-2003,26.0,32.0,28.4,69.0,0.0,7.0,4.0,60.0,2.0,NE,Sun
30-11-2003,26.0,32.4,28.2,76.0,1.5,2.4,4.0,50.0,2.0,NE,Drizzle
01-12-2003,26.0,31.5,28.1,81.0,0.3,0.2,3.0,50.0,1.0,N ,Sun
02-12-2003,25.0,32.6,29.0,75.0,0.0,7.5,4.0,360.0,2.0,N ,Sun
03-12-2003,25.0,30.2,27.9,79.0,0.0,0.2,5.0,300.0,1.0,W ,Sun
04-12-2003,25.0,32.8,28.8,75.0,22.4,2.0,3.0,340.0,1.0,N ,Rain
05-12-2003,27.0,30.1,27.2,83.0,2.4,0.0,3.0,60.0,0.0,NE,Drizzle
06-12-2003,25.0,31.5,28.9,76.0,0.0,3.0,4.0,50.0,1.0,NE,Sun
07-12-2003,25.0,32.4,28.6,74.0,0.0,4.0,3.0,350.0,1.0,N ,Sun
08-12-2003,26.0,34.0,28.6,73.0,0.0,6.1,3.0,30.0,1.0,N ,Sun
09-12-2003,25.0,33.2,29.2,68.0,4.2,2.0,8.0,250.0,2.0,SW,Drizzle
10-12-2003,27.0,33.2,28.9,70.0,0.0,0.6,6.0,250.0,2.0,W ,Sun
11-12-2003,25.0,32.0,28.8,74.0,8888.0,0.4,4.0,240.0,2.0,W ,Rain
12-12-2003,27.0,30.4,28.0,76.0,0.0,0.0,5.0,270.0,2.0,W ,Sun
13-12-2003,25.0,33.2,28.9,71.0,8888.0,3.5,6.0,270.0,3.0,W ,Rain
14-12-2003,26.0,33.0,28.9,67.0,0.0,1.5,5.0,270.0,2.0,W ,Sun
15-12-2003,26.0,33.8,29.4,68.0,8888.0,7.5,4.0,270.0,2.0,W ,Rain
16-12-2003,25.0,31.6,28.3,78.0,9.4,0.0,5.0,350.0,2.0,W ,Rain
17-12-2003,25.0,30.6,27.4,82.0,0.0,0.5,4.0,280.0,1.0,W ,Sun
18-12-2003,24.0,31.2,27.2,81.0,62.6,0.3,6.0,310.0,2.0,W ,Rain
19-12-2003,23.0,30.0,27.0,81.0,8.2,0.0,4.0,10.0,1.0,N ,Rain
20-12-2003,23.0,29.1,25.5,84.0,4.3,0.0,5.0,280.0,2.0,W ,Drizzle
21-12-2003,25.0,28.6,26.1,82.0,8888.0,0.0,7.0,260.0,2.0,W ,Rain
22-12-2003,24.0,29.6,26.8,80.0,9.4,0.0,4.0,280.0,2.0,W ,Rain
23-12-2003,24.0,30.0,25.7,86.0,14.5,1.9,7.0,270.0,2.0,W ,Rain
24-12-2003,24.0,31.6,27.6,78.0,1.1,4.1,4.0,290.0,2.0,W ,Drizzle
25-12-2003,24.0,29.0,26.1,89.0,26.6,0.0,4.0,290.0,1.0,W ,Rain
26-12-2003,24.0,30.0,26.7,84.0,0.8,2.0,5.0,300.0,2.0,W ,Sun
27-12-2003,25.0,31.6,28.5,76.0,3.7,5.0,6.0,260.0,2.0,W ,Drizzle
28-12-2003,24.0,30.2,27.6,79.0,14.7,2.5,3.0,290.0,1.0,W ,Rain
29-12-2003,23.0,28.0,26.0,88.0,199.7,0.0,4.0,300.0,1.0,NW,Rain
30-12-2003,23.0,30.0,26.8,84.0,49.5,4.0,4.0,270.0,1.0,W ,Rain
31-12-2003,25.0,31.2,26.7,86.0,2.5,4.0,5.0,270.0,1.0,W ,Drizzle
01-01-2004,25.0,31.4,28.4,78.0,0.0,4.0,6.0,250.0,2.0,W ,Sun
02-01-2004,26.0,31.8,28.2,80.0,0.0,8.0,5.0,300.0,2.0,W ,Sun
03-01-2004,25.0,30.8,27.8,81.0,5.4,6.3,4.0,290.0,2.0,W ,Rain
04-01-2004,25.0,31.3,27.6,80.0,5.7,0.0,4.0,270.0,1.0,W ,Rain
05-01-2004,25.0,32.2,28.2,78.0,8888.0,4.5,3.0,270.0,1.0,W ,Rain
06-01-2004,25.0,32.0,28.8,74.0,0.2,6.0,4.0,310.0,2.0,W ,Sun
07-01-2004,26.0,32.4,28.1,76.0,0.0,8.0,5.0,330.0,2.0,W ,Sun
08-01-2004,26.0,31.8,28.2,78.0,0.3,3.0,4.0,270.0,1.0,W ,Sun
09-01-2004,26.0,32.4,28.7,75.0,0.0,3.5,4.0,330.0,1.0,W ,Sun
10-01-2004,26.0,32.1,28.1,76.0,1.4,6.2,4.0,90.0,1.0,W ,Drizzle
11-01-2004,25.0,30.4,28.5,84.0,20.3,0.5,3.0,10.0,0.0,NE,Rain
12-01-2004,25.0,32.0,27.9,81.0,2.6,4.2,3.0,350.0,0.0,N ,Drizzle
13-01-2004,24.0,30.4,27.6,84.0,56.5,0.0,4.0,310.0,1.0,W ,Rain
14-01-2004,24.0,30.4,27.2,83.0,57.5,2.0,5.0,360.0,1.0,W ,Rain
15-01-2004,25.0,30.2,27.0,86.0,7.4,0.0,3.0,270.0,1.0,W ,Rain
16-01-2004,25.0,31.8,27.7,78.0,0.0,5.0,6.0,310.0,2.0,NW,Sun
17-01-2004,26.0,31.4,27.6,82.0,0.0,2.0,6.0,350.0,2.0,NW,Sun
18-01-2004,25.0,30.4,27.7,78.0,21.5,1.0,3.0,310.0,0.0,NW,Rain
19-01-2004,26.0,31.8,28.1,80.0,0.0,5.0,4.0,350.0,1.0,NW,Sun
20-01-2004,26.0,32.4,28.5,78.0,0.4,5.0,3.0,350.0,1.0,N ,Sun
21-01-2004,25.0,31.0,26.8,84.0,0.0,1.0,3.0,250.0,1.0,W ,Sun
22-01-2004,25.0,31.8,27.8,81.0,0.0,8.0,3.0,350.0,1.0,N ,Sun
23-01-2004,25.0,29.8,28.3,82.0,0.9,0.0,3.0,300.0,1.0,W ,Sun
24-01-2004,25.0,30.0,28.0,81.0,3.7,0.0,3.0,300.0,1.0,W ,Drizzle
25-01-2004,26.0,31.1,28.0,78.0,0.3,2.6,6.0,280.0,3.0,W ,Sun
26-01-2004,26.0,29.0,27.9,83.0,4.9,0.0,2.0,310.0,0.0,NW,Drizzle
27-01-2004,25.0,30.4,27.1,86.0,0.2,0.0,6.0,240.0,0.0,SW,Sun
28-01-2004,26.0,31.8,27.6,82.0,8888.0,2.0,3.0,320.0,1.0,NW,Rain
29-01-2004,26.0,35.0,29.7,68.0,0.5,8.0,6.0,230.0,3.0,SW,Sun
30-01-2004,25.0,30.5,27.1,80.0,36.0,0.0,6.0,260.0,1.0,W ,Rain
31-01-2004,26.0,30.2,27.2,84.0,8888.0,0.4,3.0,320.0,1.0,NW,Rain
01-02-2004,25.0,31.2,27.9,79.0,0.0,0.5,5.0,240.0,2.0,W ,Sun
02-02-2004,25.0,33.0,28.4,76.0,0.0,3.5,4.0,270.0,2.0,W ,Sun
03-02-2004,24.0,29.5,26.9,83.0,11.2,0.0,5.0,270.0,2.0,W ,Rain
04-02-2004,25.0,30.2,26.8,80.0,8888.0,0.0,3.0,270.0,2.0,W ,Rain
05-02-2004,26.0,31.8,27.7,78.0,8888.0,4.5,5.0,280.0,2.0,W ,Rain
06-02-2004,26.0,32.0,28.4,74.0,0.2,4.1,5.0,290.0,2.0,W ,Sun
07-02-2004,23.0,31.0,27.8,79.0,37.5,0.0,4.0,310.0,2.0,NW,Rain
08-02-2004,23.0,29.4,26.2,85.0,29.4,0.2,3.0,330.0,2.0,NW,Rain
09-02-2004,24.0,30.4,26.4,81.0,0.0,5.5,5.0,310.0,2.0,NW,Sun
10-02-2004,26.0,31.6,28.0,77.0,0.0,8.0,5.0,320.0,2.0,NW,Sun
11-02-2004,25.0,31.0,28.0,80.0,2.6,1.8,5.0,320.0,2.0,NW,Drizzle
12-02-2004,24.0,29.8,27.1,85.0,50.4,0.0,4.0,280.0,2.0,W ,Rain
13-02-2004,24.0,30.6,27.2,85.0,23.8,0.8,5.0,40.0,2.0,N ,Rain
14-02-2004,25.0,30.4,27.5,84.0,18.2,1.4,6.0,320.0,3.0,W ,Rain
15-02-2004,25.0,30.0,28.0,78.0,6.0,0.0,4.0,310.0,2.0,W ,Rain
16-02-2004,25.0,29.8,27.1,84.0,48.8,0.0,4.0,320.0,2.0,NW,Rain
17-02-2004,24.0,28.6,26.5,86.0,37.0,0.0,4.0,290.0,2.0,NW,Rain
18-02-2004,24.0,29.4,26.8,84.0,66.0,0.0,4.0,310.0,2.0,NW,Rain
19-02-2004,24.0,28.8,26.7,93.0,58.4,0.0,3.0,320.0,1.0,NW,Rain
20-02-2004,24.0,28.8,26.3,86.0,14.7,0.0,3.0,290.0,0.0,W ,Rain
21-02-2004,26.0,30.4,27.5,82.0,8888.0,3.6,3.0,350.0,1.0,N ,Rain
22-02-2004,26.0,33.2,29.0,74.0,1.0,5.3,5.0,270.0,2.0,W ,Drizzle
23-02-2004,25.0,32.0,28.6,80.0,9.2,3.0,4.0,270.0,1.0,W ,Rain
24-02-2004,26.0,33.2,28.4,79.0,1.0,5.1,4.0,260.0,2.0,NW,Drizzle
25-02-2004,26.0,31.8,28.5,77.0,0.0,1.2,4.0,260.0,2.0,W ,Sun
26-02-2004,25.0,32.4,28.7,76.0,0.0,2.4,4.0,290.0,2.0,W ,Sun
27-02-2004,26.0,30.4,28.1,76.0,3.4,0.0,4.0,300.0,2.0,W ,Drizzle
28-02-2004,25.0,32.9,28.7,75.0,0.0,2.0,4.0,270.0,2.0,W ,Sun
29-02-2004,26.0,33.3,28.8,72.0,0.0,3.3,3.0,280.0,2.0,W ,Sun
01-03-2004,26.0,33.0,28.8,70.0,3.0,5.5,4.0,290.0,2.0,W ,Drizzle
02-03-2004,26.0,33.0,29.6,69.0,0.0,5.1,4.0,260.0,2.0,W ,Sun
03-03-2004,25.0,33.4,26.5,86.0,74.5,1.7,6.0,210.0,2.0,W ,Rain
04-03-2004,25.0,32.4,27.3,84.0,0.9,1.5,4.0,250.0,1.0,W ,Sun
05-03-2004,25.0,29.6,27.2,77.0,8888.0,0.4,4.0,240.0,2.0,W ,Rain
06-03-2004,25.0,31.6,27.4,80.0,63.1,4.0,3.0,300.0,1.0,NW,Rain
07-03-2004,24.0,29.2,26.5,81.0,14.8,0.0,6.0,220.0,2.0,W ,Rain
08-03-2004,25.0,30.6,27.0,83.0,5.7,0.4,4.0,320.0,1.0,W ,Rain
09-03-2004,25.0,31.5,27.6,77.0,10.5,1.5,5.0,270.0,3.0,W ,Rain
10-03-2004,25.0,32.8,28.4,70.0,8888.0,1.8,5.0,270.0,2.0,W ,Rain
11-03-2004,26.0,32.4,28.8,73.0,1.5,5.5,3.0,300.0,1.0,N ,Drizzle
12-03-2004,25.0,31.0,27.8,80.0,3.0,1.3,3.0,250.0,0.0,W ,Drizzle
13-03-2004,25.0,31.2,26.9,84.0,2.1,0.2,7.0,270.0,1.0,W ,Drizzle
14-03-2004,25.0,31.8,27.0,83.0,0.4,1.0,4.0,270.0,2.0,W ,Sun
15-03-2004,24.0,34.0,28.3,72.0,1.7,5.5,7.0,280.0,3.0,W ,Drizzle
16-03-2004,24.0,33.8,28.7,70.0,1.5,6.5,5.0,260.0,2.0,W ,Drizzle
17-03-2004,24.0,30.0,26.3,86.0,25.0,0.0,8.0,340.0,1.0,W ,Rain
18-03-2004,24.0,30.2,26.0,88.0,11.0,0.0,4.0,240.0,1.0,NW,Rain
19-03-2004,25.0,32.0,28.4,74.0,0.0,8.0,3.0,360.0,1.0,N ,Sun
20-03-2004,25.0,32.6,28.9,75.0,10.4,7.5,3.0,20.0,1.0,N ,Rain
21-03-2004,26.0,32.6,28.7,79.0,0.0,4.5,3.0,300.0,1.0,NW,Sun
22-03-2004,26.0,32.0,29.2,76.0,18.5,5.8,3.0,340.0,0.0,N ,Rain
23-03-2004,26.0,33.1,29.0,73.0,0.1,5.0,4.0,230.0,2.0,W ,Sun
24-03-2004,27.0,32.6,29.7,64.0,0.0,6.1,6.0,250.0,3.0,SW,Sun
25-03-2004,27.0,35.6,30.7,61.0,0.0,8.0,6.0,300.0,3.0,W ,Sun
26-03-2004,27.0,35.4,30.9,62.0,0.0,8.0,6.0,240.0,3.0,SW,Sun
27-03-2004,26.0,34.6,28.8,75.0,9.5,6.1,5.0,220.0,2.0,SW,Rain
28-03-2004,26.0,33.2,29.3,74.0,0.0,6.0,5.0,320.0,1.0,N ,Sun
29-03-2004,26.0,32.6,28.9,74.0,0.0,8.0,4.0,320.0,0.0,N ,Sun
30-03-2004,26.0,32.6,28.7,75.0,8888.0,3.5,3.0,350.0,1.0,N ,Rain
31-03-2004,26.0,32.5,29.1,76.0,3.5,3.5,3.0,40.0,1.0,NE,Drizzle
01-04-2004,26.0,33.8,29.1,77.0,0.0,5.5,3.0,50.0,1.0,NE,Sun
02-04-2004,26.0,33.8,29.6,76.0,0.0,7.0,5.0,20.0,1.0,NE,Sun
03-04-2004,26.0,34.4,29.4,75.0,0.0,5.1,4.0,360.0,0.0,N ,Sun
04-04-2004,27.0,32.6,29.0,78.0,9.3,2.0,3.0,300.0,0.0,SW,Rain
05-04-2004,25.0,30.4,28.5,81.0,24.9,0.0,3.0,340.0,0.0,NE,Rain
06-04-2004,26.0,34.4,28.6,76.0,0.0,6.5,4.0,90.0,1.0,E ,Sun
07-04-2004,26.0,34.5,29.8,70.0,0.0,8.0,3.0,70.0,2.0,E ,Sun
08-04-2004,25.0,33.4,29.2,74.0,37.7,7.4,6.0,210.0,2.0,N ,Rain
09-04-2004,24.0,32.0,27.9,77.0,63.4,3.8,3.0,220.0,2.0,N ,Rain
10-04-2004,26.0,31.6,27.9,80.0,0.0,4.5,4.0,40.0,1.0,NE,Sun
11-04-2004,26.0,32.6,29.0,76.0,0.0,7.8,4.0,90.0,2.0,E ,Sun
12-04-2004,26.0,34.0,29.4,73.0,0.0,8.0,6.0,80.0,1.0,E ,Sun
13-04-2004,26.0,34.7,29.4,73.0,16.5,8.0,4.0,40.0,2.0,NE,Rain
14-04-2004,27.0,33.8,29.5,75.0,8888.0,1.5,4.0,80.0,2.0,E ,Rain
15-04-2004,27.0,34.5,30.5,70.0,0.0,6.0,3.0,100.0,1.0,E ,Sun
16-04-2004,26.0,34.2,29.9,72.0,0.0,8.0,4.0,60.0,2.0,NE,Sun
17-04-2004,27.0,35.0,29.9,72.0,0.0,8.0,6.0,60.0,2.0,NE,Sun
18-04-2004,27.0,34.8,30.1,72.0,0.0,8.0,3.0,360.0,2.0,N ,Sun
19-04-2004,26.0,33.6,29.1,82.0,23.9,4.0,3.0,120.0,0.0,E ,Rain
20-04-2004,27.0,33.8,29.5,74.0,0.0,6.5,3.0,60.0,1.0,E ,Sun
21-04-2004,24.0,33.8,27.6,84.0,129.3,3.8,6.0,230.0,2.0,SW,Rain
22-04-2004,26.0,33.8,28.1,77.0,0.0,5.8,3.0,90.0,1.0,E ,Sun
23-04-2004,26.0,32.6,28.2,79.0,3.2,5.8,7.0,190.0,2.0,E ,Drizzle
24-04-2004,25.0,31.0,28.4,80.0,15.0,0.0,4.0,90.0,2.0,NE,Rain
25-04-2004,25.0,33.6,28.9,86.0,0.4,4.0,4.0,160.0,2.0,E ,Sun
26-04-2004,25.0,34.4,29.7,70.0,1.8,7.7,6.0,100.0,2.0,E ,Drizzle
27-04-2004,26.0,33.4,28.6,80.0,0.0,3.0,5.0,70.0,1.0,NE,Sun
28-04-2004,26.0,35.0,29.7,74.0,0.0,8.0,4.0,350.0,2.0,E ,Sun
29-04-2004,25.0,32.0,28.7,78.0,14.8,2.5,5.0,80.0,1.0,E ,Rain
30-04-2004,26.0,32.1,28.7,75.0,8888.0,0.0,3.0,20.0,1.0,N ,Rain
01-05-2004,26.0,33.2,28.4,78.0,24.7,4.4,3.0,350.0,1.0,N ,Rain
02-05-2004,26.0,33.0,29.2,78.0,21.8,7.2,3.0,30.0,1.0,N ,Rain
03-05-2004,26.0,33.0,29.1,79.0,0.6,1.3,5.0,90.0,1.0,E ,Sun
04-05-2004,26.0,32.6,29.1,79.0,1.0,8.0,4.0,90.0,1.0,N ,Drizzle
05-05-2004,25.0,33.7,29.5,75.0,1.7,5.0,3.0,350.0,0.0,N ,Drizzle
06-05-2004,26.0,34.1,29.4,78.0,19.2,2.6,3.0,50.0,1.0,NE,Rain
07-05-2004,26.0,31.8,28.4,75.0,0.0,0.0,5.0,260.0,2.0,SW,Sun
08-05-2004,26.0,34.4,29.6,70.0,0.5,4.3,4.0,330.0,0.0,W ,Sun
09-05-2004,27.0,34.2,29.6,74.0,0.0,8.0,3.0,360.0,0.0,N ,Sun
10-05-2004,27.0,33.5,29.8,76.0,0.0,4.0,3.0,90.0,1.0,NE,Sun
11-05-2004,26.0,34.6,29.7,73.0,5.4,8.0,4.0,90.0,2.0,E ,Rain
12-05-2004,25.0,32.4,28.6,78.0,0.0,4.0,4.0,50.0,2.0,N ,Sun
13-05-2004,26.0,35.2,29.3,71.0,0.0,8.0,6.0,240.0,2.0,SW,Sun
14-05-2004,26.0,33.4,29.4,72.0,2.0,5.0,6.0,40.0,1.0,N ,Drizzle
15-05-2004,26.0,34.1,29.4,75.0,0.0,7.5,4.0,340.0,1.0,N ,Sun
16-05-2004,25.0,33.5,29.4,73.0,0.0,4.5,3.0,330.0,2.0,NW,Sun
17-05-2004,26.0,34.4,29.9,74.0,0.0,8.0,5.0,300.0,2.0,N ,Sun
18-05-2004,25.0,32.0,28.0,84.0,11.5,1.0,4.0,340.0,0.0,NE,Rain
19-05-2004,26.0,32.4,28.0,77.0,8888.0,2.0,3.0,20.0,0.0,N ,Rain
20-05-2004,26.0,30.9,28.4,86.0,12.7,0.0,4.0,50.0,1.0,N ,Rain
21-05-2004,26.0,33.0,28.8,74.0,0.0,8.0,3.0,350.0,1.0,N ,Sun
22-05-2004,25.0,33.5,29.4,73.0,7.4,6.5,5.0,40.0,2.0,N ,Rain
23-05-2004,25.0,33.6,29.1,76.0,2.3,2.4,4.0,140.0,1.0,SE,Drizzle
24-05-2004,25.0,32.6,27.2,81.0,6.5,2.8,2.0,350.0,0.0,N ,Rain
25-05-2004,25.0,32.5,27.8,78.0,0.0,3.5,3.0,120.0,1.0,N ,Sun
26-05-2004,25.0,31.6,27.3,76.0,2.4,2.7,4.0,340.0,1.0,N ,Drizzle
27-05-2004,25.0,32.5,28.5,73.0,0.0,3.0,6.0,350.0,1.0,W ,Sun
28-05-2004,24.0,31.4,27.9,72.0,8888.0,0.8,5.0,150.0,1.0,SW,Rain
29-05-2004,25.0,33.4,28.5,78.0,0.0,8.0,3.0,350.0,1.0,NW,Sun
30-05-2004,25.0,32.4,28.5,68.0,0.0,6.1,3.0,320.0,0.0,NW,Sun
31-05-2004,25.0,33.2,28.4,72.0,0.0,8.0,4.0,350.0,2.0,W ,Sun
01-06-2004,24.0,33.4,28.9,68.0,0.0,8.0,3.0,200.0,2.0,W ,Sun
02-06-2004,25.0,33.0,28.2,70.0,0.0,8.0,3.0,40.0,1.0,SW,Sun
03-06-2004,25.0,32.6,28.9,64.0,0.0,8.0,4.0,220.0,1.0,SW,Sun
04-06-2004,25.0,33.4,28.0,64.0,0.0,8.0,4.0,320.0,1.0,NW,Sun
05-06-2004,26.0,32.4,28.5,72.0,0.0,6.0,3.0,100.0,1.0,N ,Sun
06-06-2004,26.0,33.7,29.3,70.0,0.0,6.8,3.0,230.0,1.0,NE,Sun
07-06-2004,27.0,34.8,29.9,69.0,0.0,8.0,3.0,100.0,2.0,E ,Sun
08-06-2004,25.0,32.0,29.2,74.0,43.0,0.0,6.0,80.0,2.0,E ,Rain
09-06-2004,25.0,30.6,27.3,83.0,0.3,0.0,3.0,20.0,0.0,NE,Sun
10-06-2004,24.0,29.0,26.7,87.0,1.3,0.0,3.0,90.0,0.0,E ,Drizzle
11-06-2004,25.0,32.5,27.6,76.0,0.0,8.0,4.0,90.0,1.0,E ,Sun
12-06-2004,25.0,31.4,27.7,77.0,0.0,0.0,4.0,40.0,2.0,E ,Sun
13-06-2004,25.0,33.4,29.5,72.0,0.0,8.0,4.0,90.0,2.0,E ,Sun
14-06-2004,23.0,33.6,28.8,74.0,3.0,5.0,4.0,90.0,1.0,E ,Drizzle
15-06-2004,24.0,33.1,27.9,76.0,0.0,5.4,3.0,50.0,1.0,NE,Sun
16-06-2004,25.0,33.3,28.8,64.0,0.0,8.0,5.0,90.0,2.0,E ,Sun
17-06-2004,25.0,33.2,28.8,70.0,0.0,7.2,3.0,80.0,2.0,E ,Sun
18-06-2004,25.0,33.5,28.6,69.0,0.0,8.0,3.0,100.0,2.0,E ,Sun
19-06-2004,25.0,33.4,29.2,68.0,0.0,8.0,3.0,80.0,2.0,E ,Sun
20-06-2004,26.0,33.2,28.8,74.0,0.0,6.3,4.0,80.0,2.0,E ,Sun
21-06-2004,26.0,33.2,28.8,73.0,0.0,8.0,4.0,40.0,2.0,N ,Sun
22-06-2004,24.0,33.0,29.0,71.0,0.0,7.2,5.0,310.0,2.0,NW,Sun
23-06-2004,25.0,32.0,27.9,72.0,0.0,8.0,2.0,60.0,1.0,NE,Sun
24-06-2004,25.0,33.9,28.7,69.0,0.0,8.0,4.0,90.0,2.0,E ,Sun
25-06-2004,25.0,33.6,28.8,71.0,0.0,7.1,4.0,90.0,2.0,E ,Sun
26-06-2004,25.0,33.3,28.8,71.0,0.0,7.5,3.0,20.0,2.0,E ,Sun
27-06-2004,25.0,31.6,28.0,74.0,0.7,0.5,4.0,240.0,1.0,W ,Sun
28-06-2004,25.0,31.6,27.6,74.0,5.6,0.0,2.0,360.0,1.0,N ,Rain
29-06-2004,24.0,31.8,27.9,65.0,0.0,2.5,3.0,30.0,1.0,E ,Sun
30-06-2004,24.0,33.0,27.7,66.0,0.0,6.7,3.0,360.0,1.0,E ,Sun
01-07-2004,26.0,32.4,28.7,75.0,0.3,5.0,4.0,90.0,0.0,NE,Sun
02-07-2004,25.0,29.4,27.6,81.0,5.0,0.0,3.0,140.0,0.0,NE,Drizzle
03-07-2004,25.0,33.2,28.3,74.0,0.0,8.0,3.0,100.0,0.0,E ,Sun
04-07-2004,26.0,32.0,28.1,74.0,0.0,4.0,5.0,20.0,0.0,SE,Sun
05-07-2004,26.0,33.6,29.0,72.0,0.0,7.2,3.0,60.0,1.0,E ,Sun
06-07-2004,25.0,33.0,29.0,74.0,0.0,8.0,3.0,30.0,1.0,E ,Sun
07-07-2004,25.0,33.6,28.7,74.0,3.4,8.0,4.0,30.0,2.0,E ,Drizzle
08-07-2004,25.0,31.8,27.8,79.0,1.5,7.0,3.0,360.0,1.0,N ,Drizzle
09-07-2004,24.0,30.8,27.6,78.0,8888.0,6.5,4.0,320.0,1.0,E ,Rain
10-07-2004,25.0,31.9,27.9,73.0,0.0,6.8,3.0,70.0,0.0,NE,Sun
11-07-2004,25.0,32.4,28.6,72.0,0.0,8.0,3.0,20.0,0.0,N ,Sun
12-07-2004,24.0,30.9,26.9,80.0,1.5,1.0,3.0,320.0,0.0,NW,Drizzle
13-07-2004,24.0,31.9,27.4,74.0,0.0,5.0,3.0,100.0,1.0,E ,Sun
14-07-2004,25.0,30.3,27.6,78.0,8888.0,0.2,3.0,90.0,1.0,E ,Rain
15-07-2004,25.0,33.2,28.5,71.0,40.5,8.0,3.0,90.0,1.0,E ,Rain
16-07-2004,24.0,33.7,29.2,70.0,0.0,4.6,3.0,60.0,1.0,E ,Sun
17-07-2004,25.0,32.0,27.8,76.0,0.0,1.8,3.0,60.0,1.0,NE,Sun
18-07-2004,26.0,33.4,28.5,74.0,0.0,8.0,4.0,90.0,1.0,E ,Sun
19-07-2004,25.0,33.1,29.2,66.0,0.0,8.0,5.0,20.0,2.0,E ,Sun
20-07-2004,25.0,33.6,28.1,67.0,0.0,8.0,4.0,100.0,0.0,E ,Sun
21-07-2004,25.0,33.1,28.3,69.0,0.0,7.0,4.0,20.0,2.0,NE,Sun
22-07-2004,26.0,33.2,28.3,70.0,0.0,7.1,5.0,20.0,1.0,E ,Sun
23-07-2004,26.0,34.4,29.0,71.0,0.0,8.0,4.0,340.0,1.0,E ,Sun
24-07-2004,26.0,32.5,28.4,72.0,0.2,4.5,3.0,360.0,2.0,N ,Sun
25-07-2004,25.0,32.7,29.0,72.0,0.0,7.5,3.0,50.0,1.0,NE,Sun
26-07-2004,25.0,32.7,28.6,74.0,0.0,8.0,3.0,360.0,1.0,N ,Sun
27-07-2004,25.0,32.4,28.2,72.0,0.0,8.0,4.0,60.0,1.0,E ,Sun
28-07-2004,25.0,32.6,28.0,70.0,0.0,7.5,3.0,50.0,1.0,E ,Sun
29-07-2004,25.0,32.6,28.4,68.0,0.0,3.2,4.0,20.0,1.0,N ,Sun
30-07-2004,25.0,33.8,28.4,71.0,0.0,8.0,3.0,50.0,0.0,NE,Sun
31-07-2004,25.0,32.6,28.8,70.0,0.0,7.2,4.0,360.0,2.0,N ,Sun
01-08-2004,24.0,33.4,28.7,67.0,0.0,7.0,3.0,20.0,1.0,NE,Sun
02-08-2004,25.0,33.2,28.4,69.0,0.0,8.0,5.0,30.0,2.0,NE,Sun
03-08-2004,25.0,33.8,28.5,65.0,0.0,8.0,4.0,30.0,2.0,NE,Sun
04-08-2004,25.0,33.6,28.2,73.0,0.0,8.0,5.0,90.0,2.0,E ,Sun
05-08-2004,24.0,33.5,28.6,62.0,0.0,8.0,4.0,70.0,2.0,E ,Sun
06-08-2004,25.0,33.3,28.7,68.0,0.0,8.0,3.0,300.0,1.0,N ,Sun
07-08-2004,25.0,33.7,28.4,69.0,0.0,8.0,3.0,90.0,0.0,E ,Sun
08-08-2004,25.0,32.4,28.0,65.0,0.0,4.0,3.0,50.0,1.0,NE,Sun
09-08-2004,24.0,31.0,28.0,69.0,0.0,0.0,3.0,50.0,1.0,N ,Sun
10-08-2004,25.0,34.5,28.9,64.0,0.0,8.0,3.0,30.0,1.0,N ,Sun
11-08-2004,25.0,33.3,28.2,69.0,0.0,6.5,3.0,360.0,1.0,N ,Sun
12-08-2004,25.0,32.3,28.5,66.0,0.0,4.1,5.0,30.0,2.0,NE,Sun
13-08-2004,25.0,33.8,28.7,67.0,0.0,8.0,4.0,50.0,2.0,NE,Sun
14-08-2004,24.0,32.2,28.7,65.0,17.3,2.5,3.0,360.0,0.0,N ,Rain
15-08-2004,24.0,32.2,27.9,72.0,0.0,4.2,3.0,360.0,1.0,N ,Sun
16-08-2004,25.0,34.0,28.6,67.0,0.0,8.0,3.0,90.0,1.0,E ,Sun
17-08-2004,24.0,32.3,27.7,72.0,0.0,8.0,4.0,50.0,2.0,NE,Sun
18-08-2004,25.0,33.2,28.3,65.0,0.0,7.5,4.0,40.0,2.0,E ,Sun
19-08-2004,25.0,33.0,28.2,68.0,0.0,8.0,3.0,50.0,1.0,NE,Sun
20-08-2004,25.0,33.2,28.8,67.0,0.0,6.0,3.0,90.0,2.0,E ,Sun
21-08-2004,26.0,33.8,29.3,69.0,0.0,7.2,3.0,60.0,1.0,NE,Sun
22-08-2004,25.0,33.9,29.2,70.0,0.0,8.0,3.0,90.0,2.0,E ,Sun
23-08-2004,25.0,34.0,28.8,68.0,0.0,7.5,3.0,50.0,1.0,NE,Sun
24-08-2004,25.0,32.9,28.6,69.0,0.0,6.0,3.0,40.0,2.0,NE,Sun
25-08-2004,26.0,32.5,28.1,69.0,0.0,7.5,3.0,50.0,2.0,NE,Sun
26-08-2004,26.0,32.6,28.7,67.0,0.0,6.1,4.0,90.0,1.0,NE,Sun
27-08-2004,25.0,33.3,28.9,69.0,0.0,7.5,4.0,80.0,2.0,E ,Sun
28-08-2004,25.0,34.0,28.6,69.0,0.0,4.5,4.0,30.0,2.0,NE,Sun
29-08-2004,25.0,33.3,28.6,65.0,0.0,8.0,4.0,10.0,2.0,NE,Sun
30-08-2004,26.0,32.3,28.5,68.0,0.0,8.0,3.0,20.0,2.0,NE,Sun
31-08-2004,25.0,33.3,29.2,66.0,0.0,8.0,4.0,40.0,1.0,NE,Sun
01-09-2004,25.0,33.5,28.8,69.0,0.0,6.9,4.0,290.0,1.0,NE,Sun
02-09-2004,26.0,33.0,28.8,67.0,0.0,8.0,4.0,30.0,1.0,NE,Sun
03-09-2004,26.0,33.3,29.6,68.0,0.0,8.0,3.0,60.0,1.0,NE,Sun
04-09-2004,26.0,34.5,29.5,72.0,0.0,8.0,4.0,50.0,2.0,NE,Sun
05-09-2004,26.0,33.6,29.7,64.0,0.0,7.4,4.0,30.0,1.0,NE,Sun
06-09-2004,26.0,32.8,28.9,70.0,0.0,8.0,3.0,40.0,1.0,NE,Sun
07-09-2004,26.0,34.6,29.2,64.0,0.0,8.0,4.0,30.0,1.0,NE,Sun
08-09-2004,26.0,34.3,29.6,65.0,0.0,8.0,4.0,30.0,2.0,NE,Sun
09-09-2004,26.0,34.4,29.1,66.0,0.0,8.0,3.0,30.0,2.0,NE,Sun
10-09-2004,25.0,33.6,29.1,70.0,0.0,8.0,3.0,350.0,0.0,E ,Sun
11-09-2004,26.0,35.1,29.3,68.0,0.0,8.0,3.0,20.0,2.0,NE,Sun
12-09-2004,26.0,34.2,29.6,61.0,0.0,8.0,6.0,70.0,1.0,E ,Sun
13-09-2004,26.0,33.4,29.2,68.0,0.0,8.0,3.0,20.0,1.0,NE,Sun
14-09-2004,26.0,34.6,30.4,59.0,0.0,8.0,4.0,120.0,2.0,E ,Sun
15-09-2004,26.0,35.4,29.4,64.0,0.0,7.2,5.0,40.0,1.0,NE,Sun
16-09-2004,26.0,33.8,28.9,69.0,0.0,5.2,3.0,90.0,1.0,E ,Sun
17-09-2004,26.0,35.1,29.7,65.0,0.0,8.0,3.0,40.0,2.0,E ,Sun
18-09-2004,26.0,34.0,29.7,66.0,0.0,7.5,4.0,80.0,2.0,NE,Sun
19-09-2004,26.0,35.0,30.3,63.0,0.0,8.0,4.0,30.0,2.0,NE,Sun
20-09-2004,26.0,34.7,29.8,65.0,0.0,8.0,5.0,80.0,2.0,E ,Sun
21-09-2004,26.0,35.8,29.8,64.0,0.0,8.0,5.0,120.0,2.0,E ,Sun
22-09-2004,26.0,34.0,29.5,63.0,0.0,6.5,4.0,60.0,2.0,E ,Sun
23-09-2004,27.0,34.1,29.7,60.0,0.0,7.0,5.0,30.0,2.0,NE,Sun
24-09-2004,26.0,33.3,29.3,67.0,0.0,3.5,4.0,360.0,2.0,NE,Sun
25-09-2004,26.0,33.2,29.2,70.0,0.0,4.3,3.0,40.0,1.0,NE,Sun
26-09-2004,26.0,32.6,28.9,71.0,0.0,4.7,4.0,20.0,1.0,N ,Sun
27-09-2004,26.0,32.4,28.7,74.0,0.0,4.0,4.0,30.0,1.0,N ,Sun
28-09-2004,26.0,32.8,28.7,75.0,0.0,5.0,5.0,40.0,1.0,NE,Sun
29-09-2004,27.0,34.4,29.8,69.0,0.0,8.0,5.0,80.0,2.0,N ,Sun
30-09-2004,26.0,32.0,27.9,74.0,0.0,0.0,4.0,250.0,1.0,W ,Sun
01-10-2004,26.0,33.4,28.9,72.0,0.0,5.0,5.0,320.0,1.0,NE,Sun
02-10-2004,25.0,33.4,29.3,73.0,5.5,5.0,4.0,360.0,1.0,NE,Rain
03-10-2004,25.0,33.3,29.0,76.0,26.7,3.0,4.0,300.0,2.0,W ,Rain
04-10-2004,25.0,33.5,28.6,74.0,8888.0,6.0,3.0,200.0,1.0,N ,Rain
05-10-2004,25.0,33.2,28.3,72.0,0.8,8.0,4.0,40.0,2.0,NE,Sun
06-10-2004,25.0,33.4,28.4,68.0,0.0,7.5,4.0,350.0,1.0,N ,Sun
07-10-2004,25.0,33.6,28.7,67.0,0.0,7.0,4.0,30.0,1.0,N ,Sun
08-10-2004,26.0,33.4,28.7,71.0,0.0,6.5,3.0,10.0,1.0,N ,Sun
09-10-2004,26.0,33.7,29.3,68.0,0.0,8.0,3.0,20.0,2.0,N ,Sun
10-10-2004,26.0,33.5,29.3,70.0,0.0,8.0,3.0,350.0,1.0,N ,Sun
11-10-2004,25.0,33.8,29.5,67.0,0.0,8.0,4.0,20.0,2.0,N ,Sun
12-10-2004,26.0,33.8,29.0,70.0,0.0,8.0,4.0,360.0,2.0,N ,Sun
13-10-2004,26.0,33.9,29.2,72.0,0.0,8.0,4.0,340.0,2.0,N ,Sun
14-10-2004,26.0,34.1,29.4,69.0,0.0,7.6,3.0,360.0,1.0,N ,Sun
15-10-2004,26.0,33.7,29.8,69.0,0.0,8.0,4.0,90.0,2.0,NE,Sun
16-10-2004,27.0,33.6,29.4,64.0,0.0,7.0,2.0,30.0,2.0,NE,Sun
17-10-2004,25.0,33.7,29.8,64.0,0.0,7.0,3.0,360.0,2.0,N ,Sun
18-10-2004,26.0,34.0,29.2,66.0,0.0,7.4,4.0,360.0,2.0,N ,Sun
19-10-2004,25.0,34.0,28.9,73.0,5.3,6.5,5.0,40.0,2.0,NE,Rain
20-10-2004,26.0,33.6,29.2,72.0,0.0,8.0,4.0,40.0,2.0,NE,Sun
21-10-2004,26.0,35.0,29.8,69.0,0.0,8.0,5.0,60.0,2.0,NE,Sun
22-10-2004,26.0,34.9,30.5,68.0,0.2,7.2,4.0,30.0,2.0,NE,Sun
23-10-2004,27.0,34.4,30.2,70.0,0.0,0.4,3.0,60.0,1.0,NE,Sun
24-10-2004,26.0,34.8,30.5,68.0,0.0,5.0,4.0,160.0,2.0,N ,Sun
25-10-2004,26.0,36.6,31.0,66.0,0.0,7.6,4.0,90.0,2.0,E ,Sun
26-10-2004,27.0,36.0,30.1,66.0,0.0,7.1,4.0,50.0,2.0,E ,Sun
27-10-2004,25.0,34.9,31.1,64.0,4.6,6.5,4.0,10.0,2.0,N ,Drizzle
28-10-2004,26.0,34.6,30.1,73.0,0.0,5.6,4.0,60.0,2.0,E ,Sun
29-10-2004,26.0,34.8,29.9,70.0,0.0,1.5,3.0,360.0,2.0,N ,Sun
30-10-2004,27.0,34.0,30.1,69.0,0.3,4.0,5.0,30.0,2.0,NE,Sun
31-10-2004,27.0,35.2,30.5,66.0,0.0,7.2,4.0,60.0,2.0,NE,Sun
01-11-2004,27.0,34.8,30.2,69.0,0.0,8.0,4.0,60.0,1.0,NE,Sun
02-11-2004,26.0,35.1,30.0,71.0,0.0,7.0,4.0,40.0,2.0,NE,Sun
03-11-2004,26.0,35.0,29.9,70.0,8888.0,2.5,3.0,50.0,0.0,N ,Rain
04-11-2004,26.0,34.2,29.9,68.0,0.0,5.2,5.0,20.0,1.0,E ,Sun
05-11-2004,26.0,33.8,29.5,70.0,6.3,6.0,4.0,360.0,1.0,N ,Rain
06-11-2004,26.0,34.0,29.6,76.0,0.0,6.5,5.0,300.0,2.0,N ,Sun
07-11-2004,26.0,34.0,29.5,68.0,0.0,0.0,3.0,340.0,1.0,N ,Sun
08-11-2004,26.0,33.5,29.5,71.0,0.0,4.0,3.0,20.0,1.0,N ,Sun
09-11-2004,26.0,34.1,29.7,69.0,0.0,7.0,5.0,360.0,2.0,N ,Sun
10-11-2004,26.0,33.4,29.7,74.0,8888.0,3.4,4.0,360.0,2.0,E ,Rain
11-11-2004,26.0,34.0,29.4,72.0,0.0,5.5,5.0,60.0,2.0,NE,Sun
12-11-2004,26.0,35.6,29.6,72.0,0.0,8.0,4.0,90.0,2.0,NE,Sun
13-11-2004,27.0,35.6,30.3,67.0,0.0,7.4,3.0,360.0,1.0,NE,Sun
14-11-2004,26.0,35.2,30.1,68.0,0.0,5.7,4.0,70.0,2.0,E ,Sun
15-11-2004,26.0,35.0,30.1,68.0,0.0,7.3,3.0,360.0,1.0,N ,Sun
16-11-2004,26.0,34.3,29.9,68.0,0.0,7.3,3.0,30.0,1.0,NE,Sun
17-11-2004,26.0,34.6,30.3,67.0,0.0,8.0,4.0,360.0,2.0,N ,Sun
18-11-2004,27.0,35.0,30.6,67.0,0.0,5.0,3.0,360.0,1.0,N ,Sun
19-11-2004,26.0,33.8,29.0,73.0,0.0,2.0,3.0,20.0,1.0,N ,Sun
20-11-2004,26.0,33.2,29.4,71.0,0.0,2.0,3.0,50.0,1.0,N ,Sun
21-11-2004,25.0,28.2,27.4,81.0,15.0,0.0,3.0,360.0,1.0,W ,Rain
22-11-2004,25.0,32.4,28.1,75.0,0.0,2.0,3.0,300.0,2.0,W ,Sun
23-11-2004,25.0,30.2,27.2,82.0,16.0,0.0,3.0,360.0,0.0,N ,Rain
24-11-2004,25.0,30.0,27.4,80.0,8.2,1.2,3.0,360.0,1.0,N ,Rain
25-11-2004,24.0,31.5,27.7,80.0,18.0,1.2,4.0,220.0,1.0,SW,Rain
26-11-2004,24.0,32.2,28.4,77.0,1.5,4.5,3.0,360.0,1.0,N ,Drizzle
27-11-2004,25.0,34.2,29.1,73.0,0.0,5.0,4.0,350.0,2.0,N ,Sun
28-11-2004,25.0,32.4,27.8,80.0,4.0,1.0,3.0,310.0,1.0,N ,Drizzle
29-11-2004,24.0,28.4,26.1,89.0,14.0,0.0,3.0,290.0,0.0,W ,Rain
30-11-2004,24.0,31.8,27.0,82.0,1.5,0.0,4.0,350.0,1.0,W ,Drizzle
01-12-2004,25.0,29.6,27.7,78.0,8888.0,0.0,4.0,290.0,2.0,W ,Rain
02-12-2004,26.0,33.0,28.5,78.0,0.0,0.0,3.0,290.0,2.0,W ,Sun
03-12-2004,26.0,34.8,29.4,73.0,0.0,4.2,4.0,300.0,1.0,SW,Sun
04-12-2004,25.0,33.0,29.1,66.0,0.0,4.0,4.0,240.0,2.0,SW,Sun
05-12-2004,25.0,33.8,28.6,69.0,0.0,6.1,3.0,360.0,0.0,W ,Sun
06-12-2004,26.0,31.6,28.5,66.0,5.1,1.0,3.0,20.0,0.0,N ,Rain
07-12-2004,26.0,32.1,28.2,74.0,0.0,0.0,5.0,230.0,1.0,SW,Sun
08-12-2004,26.0,34.9,29.7,68.0,0.0,8.0,4.0,320.0,1.0,N ,Sun
09-12-2004,26.0,35.0,29.6,68.0,0.0,7.0,4.0,330.0,1.0,N ,Sun
10-12-2004,25.0,33.6,29.3,74.0,58.6,7.0,3.0,320.0,0.0,NW,Rain
11-12-2004,26.0,33.2,29.6,74.0,0.0,3.0,5.0,250.0,1.0,E ,Sun
12-12-2004,25.0,33.2,28.7,78.0,15.6,7.0,4.0,20.0,2.0,NE,Rain
13-12-2004,25.0,31.2,27.8,79.0,0.0,1.0,5.0,240.0,0.0,NW,Sun
14-12-2004,25.0,31.6,27.9,79.0,0.6,2.0,4.0,280.0,1.0,W ,Sun
15-12-2004,25.0,30.4,27.7,80.0,0.3,0.0,3.0,360.0,0.0,N ,Sun
16-12-2004,26.0,31.0,28.0,76.0,0.0,0.0,3.0,20.0,1.0,N ,Sun
17-12-2004,25.0,31.6,28.3,79.0,0.0,0.0,5.0,350.0,2.0,N ,Sun
18-12-2004,25.0,31.4,28.0,80.0,2.6,0.2,3.0,200.0,0.0,NW,Drizzle
19-12-2004,26.0,32.0,29.5,71.0,0.0,8.0,4.0,320.0,1.0,NW,Sun
20-12-2004,26.0,32.4,29.0,73.0,0.0,6.0,3.0,340.0,1.0,N ,Sun
21-12-2004,26.0,32.4,28.5,76.0,8888.0,1.0,5.0,340.0,1.0,N ,Rain
22-12-2004,26.0,31.2,28.0,80.0,0.0,0.0,3.0,350.0,2.0,W ,Sun
23-12-2004,25.0,31.4,28.1,76.0,0.0,0.0,3.0,360.0,1.0,NW,Sun
24-12-2004,25.0,32.0,27.9,76.0,63.5,5.0,3.0,80.0,1.0,N ,Rain
25-12-2004,24.0,29.0,26.7,88.0,23.1,0.0,4.0,80.0,1.0,E ,Rain
26-12-2004,25.0,30.0,27.1,82.0,11.5,0.0,4.0,350.0,1.0,N ,Rain
27-12-2004,24.0,31.2,27.3,81.0,15.5,2.5,4.0,300.0,2.0,NW,Rain
28-12-2004,25.0,30.8,27.1,81.0,0.0,2.0,4.0,300.0,2.0,NW,Sun
29-12-2004,25.0,29.4,27.2,84.0,8.2,0.0,9.0,260.0,2.0,W ,Rain
30-12-2004,24.0,30.8,27.6,78.0,13.2,2.0,5.0,340.0,1.0,W ,Rain
31-12-2004,25.0,31.2,27.7,80.0,5.6,0.0,4.0,250.0,1.0,W ,Rain
01-01-2005,25.0,31.9,29.1,70.0,0.0,3.0,4.0,290.0,2.0,W ,Sun
02-01-2005,26.0,32.3,28.8,69.0,0.3,4.4,5.0,270.0,2.0,W ,Sun
03-01-2005,25.0,29.4,27.8,81.0,8888.0,0.0,7.0,300.0,2.0,W ,Rain
04-01-2005,25.0,30.8,27.3,82.0,19.4,0.0,3.0,270.0,1.0,W ,Rain
05-01-2005,25.0,30.8,27.2,77.0,0.0,1.3,8.0,260.0,3.0,W ,Sun
06-01-2005,24.0,29.2,27.0,80.0,18.8,0.0,4.0,250.0,2.0,W ,Rain
07-01-2005,24.0,29.3,26.7,84.0,8888.0,0.0,3.0,280.0,1.0,W ,Rain
08-01-2005,24.0,32.6,28.1,76.0,20.0,3.0,3.0,330.0,1.0,W ,Rain
09-01-2005,24.0,30.7,27.9,78.0,0.0,3.8,4.0,310.0,2.0,NW,Sun
10-01-2005,25.0,32.0,28.0,75.0,0.0,3.2,7.0,290.0,2.0,W ,Sun
11-01-2005,25.0,31.7,28.2,76.0,0.0,7.0,4.0,350.0,1.0,NW,Sun
12-01-2005,25.0,31.6,28.0,78.0,0.0,6.1,3.0,60.0,2.0,NE,Sun
13-01-2005,26.0,29.8,28.0,75.0,0.0,2.0,4.0,280.0,2.0,W ,Sun
14-01-2005,25.0,31.8,28.4,78.0,0.8,7.5,4.0,330.0,2.0,NW,Sun
15-01-2005,25.0,31.7,28.0,82.0,0.0,4.0,4.0,260.0,1.0,W ,Sun
16-01-2005,24.0,30.8,27.4,84.0,45.6,0.8,5.0,320.0,3.0,NW,Rain
17-01-2005,25.0,29.5,27.2,81.0,27.2,1.3,4.0,270.0,1.0,W ,Rain
18-01-2005,24.0,30.2,26.9,85.0,124.1,0.0,5.0,330.0,2.0,NW,Rain
19-01-2005,24.0,30.2,26.5,81.0,3.2,2.0,3.0,290.0,1.0,W ,Drizzle
20-01-2005,24.0,30.4,25.6,86.0,11.1,0.0,3.0,330.0,1.0,NW,Rain
21-01-2005,24.0,30.8,26.5,84.0,19.8,1.5,6.0,310.0,2.0,NW,Rain
22-01-2005,25.0,30.0,27.2,79.0,8888.0,0.2,4.0,320.0,2.0,NW,Rain
23-01-2005,24.0,31.0,28.5,71.0,58.0,8.0,6.0,330.0,2.0,NW,Rain
24-01-2005,25.0,30.3,27.0,84.0,30.2,0.0,4.0,320.0,1.0,NW,Rain
25-01-2005,24.0,28.5,26.6,87.0,3.1,0.0,2.0,330.0,0.0,W ,Drizzle
26-01-2005,24.0,30.4,27.0,82.0,0.0,1.1,3.0,330.0,1.0,NW,Sun
27-01-2005,26.0,31.6,28.2,80.0,0.3,4.1,5.0,300.0,1.0,NW,Sun
28-01-2005,26.0,33.2,28.6,76.0,0.0,6.2,6.0,320.0,2.0,W ,Sun
29-01-2005,25.0,29.6,26.5,84.0,10.6,0.0,0.0,0.0,0.0,N ,Rain
30-01-2005,25.0,33.0,28.1,76.0,0.0,0.0,3.0,310.0,1.0,W ,Sun
31-01-2005,25.0,31.4,27.8,76.0,0.0,0.0,3.0,320.0,2.0,NW,Sun
01-02-2005,25.0,32.4,27.3,80.0,8.9,4.1,5.0,320.0,2.0,NW,Rain
02-02-2005,25.0,33.2,27.8,75.0,0.0,7.1,6.0,300.0,2.0,W ,Sun
03-02-2005,25.0,32.2,28.4,75.0,8888.0,6.5,5.0,290.0,1.0,W ,Rain
04-02-2005,25.0,32.4,28.2,76.0,0.0,8.0,4.0,340.0,1.0,NW,Sun
05-02-2005,24.0,32.8,28.4,73.0,42.0,8.0,4.0,280.0,1.0,NW,Rain
06-02-2005,25.0,29.6,27.8,84.0,26.5,0.2,3.0,270.0,0.0,NW,Rain
07-02-2005,25.0,31.2,28.2,76.0,63.3,4.1,4.0,30.0,1.0,NW,Rain
08-02-2005,25.0,30.4,27.7,80.0,2.5,2.6,3.0,40.0,0.0,N ,Drizzle
09-02-2005,25.0,30.6,27.4,80.0,2.8,3.0,3.0,200.0,1.0,NW,Drizzle
10-02-2005,25.0,30.3,27.6,82.0,60.8,0.5,4.0,90.0,1.0,NW,Rain
11-02-2005,24.0,29.0,26.5,90.0,30.3,0.0,2.0,360.0,0.0,W ,Rain
12-02-2005,24.0,27.8,25.8,92.0,37.7,0.0,2.0,360.0,0.0,N ,Rain
13-02-2005,24.0,28.4,25.6,90.0,5.0,0.0,2.0,300.0,0.0,W ,Drizzle
14-02-2005,25.0,31.6,28.0,79.0,0.0,7.0,4.0,300.0,1.0,W ,Sun
15-02-2005,25.0,32.2,28.4,76.0,0.0,8.0,3.0,290.0,1.0,N ,Sun
16-02-2005,26.0,32.8,28.6,77.0,0.8,6.5,4.0,40.0,1.0,NW,Sun
17-02-2005,26.0,32.4,28.6,72.0,8888.0,2.6,5.0,200.0,2.0,NW,Rain
18-02-2005,25.0,30.0,28.4,78.0,13.4,0.0,3.0,90.0,1.0,NW,Rain
19-02-2005,25.0,33.0,28.6,76.0,0.0,4.5,4.0,360.0,2.0,N ,Sun
20-02-2005,25.0,32.0,27.9,79.0,15.0,4.5,4.0,360.0,1.0,N ,Rain
21-02-2005,25.0,31.0,27.8,80.0,10.0,1.0,3.0,300.0,1.0,NW,Rain
22-02-2005,25.0,30.0,27.3,82.0,4.4,0.0,3.0,300.0,1.0,W ,Drizzle
23-02-2005,26.0,32.4,28.3,76.0,13.6,5.5,4.0,290.0,2.0,W ,Rain
24-02-2005,26.0,32.0,28.2,82.0,0.0,1.2,4.0,20.0,1.0,N ,Sun
25-02-2005,25.0,32.5,28.7,75.0,0.0,0.0,3.0,360.0,1.0,E ,Sun
26-02-2005,25.0,32.4,28.7,76.0,0.0,0.0,3.0,340.0,2.0,N ,Sun
27-02-2005,25.0,33.4,28.6,78.0,13.4,3.8,4.0,360.0,0.0,N ,Rain
28-02-2005,25.0,31.2,27.9,80.0,1.2,0.0,3.0,120.0,1.0,E ,Drizzle
01-03-2005,25.0,32.6,28.1,77.0,0.0,6.0,4.0,330.0,1.0,NW,Sun
02-03-2005,25.0,33.2,28.7,76.0,0.0,6.0,4.0,340.0,1.0,W ,Sun
03-03-2005,25.0,32.4,28.9,80.0,44.5,1.0,4.0,340.0,1.0,NW,Rain
04-03-2005,25.0,32.2,27.9,80.0,8.0,4.7,4.0,300.0,1.0,N ,Rain
05-03-2005,23.0,30.5,27.9,79.0,95.7,0.8,5.0,330.0,2.0,N ,Rain
06-03-2005,25.0,30.4,27.2,83.0,0.8,0.9,4.0,280.0,1.0,W ,Sun
07-03-2005,24.0,31.7,27.8,77.0,6.1,6.0,4.0,330.0,1.0,NW,Rain
08-03-2005,25.0,31.0,27.5,80.0,4.4,5.0,4.0,300.0,2.0,W ,Drizzle
09-03-2005,25.0,29.0,27.5,79.0,8888.0,0.0,3.0,310.0,1.0,W ,Rain
10-03-2005,26.0,31.8,27.9,76.0,0.0,6.1,4.0,340.0,1.0,N ,Sun
11-03-2005,26.0,32.8,29.0,72.0,0.0,8.0,5.0,270.0,2.0,W ,Sun
12-03-2005,26.0,33.6,29.6,71.0,0.0,8.0,5.0,330.0,2.0,NW,Sun
13-03-2005,25.0,32.6,28.7,76.0,3.0,5.0,5.0,310.0,2.0,NW,Drizzle
14-03-2005,25.0,33.4,28.3,77.0,0.0,7.5,4.0,330.0,2.0,NW,Sun
15-03-2005,25.0,32.6,28.6,73.0,0.0,6.8,4.0,20.0,2.0,N ,Sun
16-03-2005,26.0,33.4,29.6,71.0,0.0,8.0,4.0,300.0,1.0,NW,Sun
17-03-2005,25.0,32.8,28.7,75.0,1.1,5.2,5.0,270.0,2.0,N ,Drizzle
18-03-2005,26.0,30.3,28.5,82.0,55.4,0.0,3.0,340.0,0.0,N ,Rain
19-03-2005,24.0,30.0,28.4,76.0,34.5,0.0,3.0,350.0,1.0,NW,Rain
20-03-2005,26.0,31.4,27.8,80.0,0.2,1.0,3.0,320.0,1.0,NW,Sun
21-03-2005,26.0,32.4,29.0,74.0,0.0,0.0,4.0,20.0,1.0,N ,Sun
22-03-2005,26.0,32.2,28.1,78.0,0.0,3.1,3.0,20.0,1.0,N ,Sun
23-03-2005,25.0,30.8,27.3,80.0,11.2,0.0,5.0,300.0,2.0,NW,Rain
24-03-2005,25.0,32.8,28.1,78.0,0.0,2.0,3.0,340.0,0.0,N ,Sun
25-03-2005,24.0,33.3,28.7,74.0,75.3,5.5,4.0,340.0,1.0,N ,Rain
26-03-2005,24.0,30.5,27.3,88.0,17.1,1.3,4.0,310.0,0.0,NW,Rain
27-03-2005,25.0,32.2,28.4,75.0,13.0,3.1,3.0,300.0,2.0,W ,Rain
28-03-2005,25.0,33.5,28.0,79.0,48.4,3.8,4.0,250.0,1.0,W ,Rain
29-03-2005,25.0,32.6,27.8,80.0,0.0,2.2,4.0,340.0,1.0,NW,Sun
30-03-2005,25.0,32.4,28.5,81.0,3.9,1.2,3.0,280.0,2.0,W ,Drizzle
31-03-2005,25.0,31.7,28.3,75.0,8888.0,1.6,6.0,260.0,2.0,W ,Rain
01-04-2005,25.0,32.4,28.4,75.0,5.6,1.0,5.0,260.0,2.0,W ,Rain
02-04-2005,26.0,32.4,28.7,73.0,0.0,7.5,4.0,320.0,1.0,N ,Sun
03-04-2005,25.0,33.2,29.5,73.0,33.2,5.6,3.0,340.0,1.0,N ,Rain
04-04-2005,26.0,32.4,28.2,78.0,1.2,4.2,4.0,270.0,1.0,W ,Drizzle
05-04-2005,25.0,32.2,27.9,82.0,9.7,1.3,3.0,70.0,0.0,E ,Rain
06-04-2005,25.0,33.0,28.6,76.0,0.0,7.0,3.0,340.0,1.0,N ,Sun
07-04-2005,26.0,33.0,28.2,70.0,45.8,1.5,4.0,270.0,1.0,NW,Rain
08-04-2005,26.0,34.0,28.8,73.0,0.0,8.0,3.0,340.0,0.0,W ,Sun
09-04-2005,26.0,33.1,28.6,74.0,1.5,4.0,4.0,340.0,1.0,N ,Drizzle
10-04-2005,25.0,33.4,28.3,72.0,0.0,3.0,4.0,300.0,1.0,SW,Sun
11-04-2005,26.0,32.0,27.9,76.0,0.2,2.5,3.0,320.0,1.0,W ,Sun
12-04-2005,26.0,35.0,29.1,69.0,0.6,6.0,2.0,300.0,0.0,NW,Sun
13-04-2005,26.0,32.0,28.3,78.0,0.8,2.0,3.0,340.0,0.0,N ,Sun
14-04-2005,26.0,32.9,28.8,73.0,0.3,5.4,4.0,80.0,1.0,E ,Sun
15-04-2005,25.0,32.2,27.7,81.0,5.7,4.2,4.0,340.0,0.0,N ,Rain
16-04-2005,25.0,31.6,28.0,77.0,0.0,4.0,3.0,360.0,0.0,N ,Sun
17-04-2005,26.0,33.0,29.0,70.0,0.0,7.7,4.0,320.0,1.0,N ,Sun
18-04-2005,25.0,33.2,29.1,74.0,8888.0,7.5,5.0,360.0,1.0,N ,Rain
19-04-2005,26.0,34.0,28.9,74.0,8888.0,8.0,4.0,360.0,2.0,N ,Rain
20-04-2005,26.0,31.0,28.3,75.0,0.0,3.4,3.0,350.0,1.0,N ,Sun
21-04-2005,25.0,33.0,29.0,74.0,0.6,7.5,4.0,60.0,2.0,NE,Sun
22-04-2005,26.0,33.0,28.4,74.0,0.0,2.8,3.0,40.0,1.0,NE,Sun
23-04-2005,26.0,34.2,29.1,72.0,0.0,8.0,4.0,80.0,1.0,E ,Sun
24-04-2005,27.0,33.5,30.0,70.0,0.0,8.0,3.0,50.0,1.0,NE,Sun
25-04-2005,27.0,35.0,30.5,69.0,0.0,8.0,4.0,80.0,2.0,E ,Sun
26-04-2005,27.0,34.6,30.0,71.0,0.0,8.0,5.0,80.0,2.0,NE,Sun
27-04-2005,27.0,35.0,30.4,69.0,0.0,7.2,4.0,60.0,1.0,E ,Sun
28-04-2005,27.0,35.0,29.9,72.0,0.0,5.0,4.0,100.0,1.0,E ,Sun
29-04-2005,27.0,35.3,30.7,66.0,0.0,8.0,4.0,80.0,2.0,E ,Sun
30-04-2005,27.0,35.2,30.8,71.0,0.3,5.6,3.0,100.0,1.0,E ,Sun
01-05-2005,27.0,35.0,30.4,70.0,0.0,8.0,4.0,60.0,2.0,NE,Sun
02-05-2005,27.0,33.8,29.3,82.0,0.0,8.0,4.0,40.0,1.0,NE,Sun
03-05-2005,27.0,32.0,29.1,74.0,0.0,1.0,3.0,90.0,1.0,E ,Sun
04-05-2005,27.0,34.5,30.0,71.0,0.0,3.0,3.0,10.0,1.0,NE,Sun
05-05-2005,27.0,34.0,29.4,75.0,11.3,5.6,3.0,360.0,1.0,N ,Rain
06-05-2005,26.0,33.1,28.6,78.0,17.0,1.4,3.0,90.0,1.0,N ,Rain
07-05-2005,25.0,32.4,29.0,78.0,8.0,2.0,3.0,60.0,1.0,E ,Rain
08-05-2005,26.0,33.6,28.6,73.0,0.0,6.2,4.0,70.0,1.0,E ,Sun
09-05-2005,27.0,33.0,29.2,75.0,0.0,4.0,4.0,70.0,1.0,NE,Sun
10-05-2005,26.0,33.6,30.1,73.0,0.0,6.1,4.0,40.0,0.0,N ,Sun
11-05-2005,26.0,33.0,29.1,73.0,1.8,8.0,3.0,90.0,1.0,E ,Drizzle
12-05-2005,25.0,33.4,29.2,74.0,29.0,3.0,3.0,70.0,1.0,E ,Rain
13-05-2005,26.0,33.6,28.8,76.0,0.0,5.5,3.0,70.0,2.0,E ,Sun
14-05-2005,27.0,34.2,30.0,70.0,0.0,5.5,4.0,90.0,2.0,E ,Sun
15-05-2005,25.0,33.0,27.3,82.0,11.0,1.5,4.0,90.0,1.0,E ,Rain
16-05-2005,25.0,33.8,28.5,75.0,12.6,4.5,3.0,80.0,1.0,E ,Rain
17-05-2005,26.0,33.4,28.6,77.0,8888.0,5.5,4.0,90.0,1.0,E ,Rain
18-05-2005,26.0,33.6,28.9,71.0,0.0,8.0,4.0,100.0,2.0,E ,Sun
19-05-2005,26.0,33.6,29.2,68.0,0.0,8.0,5.0,60.0,2.0,NE,Sun
20-05-2005,26.0,33.8,29.6,69.0,0.0,8.0,4.0,90.0,2.0,E ,Sun
21-05-2005,26.0,34.8,29.7,65.0,0.0,8.0,4.0,60.0,2.0,E ,Sun
22-05-2005,26.0,34.6,29.8,67.0,0.0,8.0,4.0,90.0,2.0,E ,Sun
23-05-2005,27.0,34.6,29.6,72.0,0.0,8.0,4.0,80.0,2.0,E ,Sun
24-05-2005,26.0,34.5,30.2,70.0,0.0,6.2,3.0,80.0,2.0,E ,Sun
25-05-2005,25.0,33.6,28.9,72.0,2.2,7.1,5.0,90.0,2.0,E ,Drizzle
26-05-2005,26.0,32.0,27.8,78.0,0.0,0.8,4.0,60.0,1.0,NE,Sun
27-05-2005,26.0,33.2,29.1,73.0,0.0,7.5,3.0,340.0,1.0,NE,Sun
28-05-2005,26.0,33.6,28.9,74.0,0.0,8.0,4.0,90.0,2.0,E ,Sun
29-05-2005,26.0,34.0,29.7,67.0,0.0,2.1,3.0,20.0,1.0,N ,Sun
30-05-2005,26.0,33.8,29.9,70.0,0.0,7.1,4.0,90.0,2.0,E ,Sun
31-05-2005,26.0,33.4,28.4,76.0,0.4,4.8,4.0,200.0,1.0,E ,Sun
01-06-2005,26.0,33.8,29.5,72.0,0.0,8.0,4.0,300.0,1.0,E ,Sun
02-06-2005,27.0,34.4,29.9,72.0,0.0,8.0,4.0,90.0,1.0,E ,Sun
03-06-2005,27.0,33.4,29.6,74.0,0.0,8.0,3.0,30.0,1.0,NE,Sun
04-06-2005,27.0,34.2,30.1,70.0,0.0,8.0,3.0,50.0,1.0,NE,Sun
05-06-2005,27.0,34.2,30.3,70.0,0.0,8.0,4.0,60.0,2.0,E ,Sun
06-06-2005,27.0,33.0,29.1,78.0,0.3,4.2,4.0,50.0,1.0,NE,Sun
07-06-2005,27.0,33.6,29.4,74.0,0.0,5.0,4.0,40.0,1.0,NE,Sun
08-06-2005,26.0,34.0,29.6,72.0,0.0,7.0,3.0,50.0,1.0,NE,Sun
09-06-2005,26.0,34.2,30.0,71.0,0.0,6.0,5.0,100.0,2.0,E ,Sun
10-06-2005,26.0,34.2,29.7,66.0,0.0,7.5,6.0,140.0,2.0,E ,Sun
11-06-2005,26.0,35.0,29.7,66.0,0.0,8.0,7.0,100.0,2.0,E ,Sun
12-06-2005,26.0,33.0,29.2,71.0,0.0,4.0,4.0,40.0,1.0,NE,Sun
13-06-2005,25.0,31.8,28.6,76.0,32.3,4.5,3.0,40.0,1.0,NE,Rain
14-06-2005,25.0,32.0,27.9,79.0,1.0,4.0,3.0,30.0,0.0,NE,Drizzle
15-06-2005,24.0,31.0,27.3,88.0,33.8,2.0,3.0,40.0,0.0,NE,Rain
16-06-2005,25.0,31.8,28.1,75.0,0.0,,3.0,20.0,0.0,NE,Sun
17-06-2005,24.0,32.8,28.3,77.0,3.7,4.5,3.0,100.0,0.0,E ,Drizzle
18-06-2005,26.0,32.8,27.8,76.0,0.0,4.5,3.0,350.0,1.0,N ,Sun
19-06-2005,26.0,32.8,28.7,74.0,0.0,4.3,4.0,270.0,1.0,W ,Sun
20-06-2005,26.0,33.0,28.4,75.0,0.0,6.5,3.0,360.0,2.0,NE,Sun
21-06-2005,26.0,33.0,28.7,72.0,1.7,0.0,3.0,260.0,1.0,SW,Drizzle
22-06-2005,26.0,30.6,27.8,78.0,0.0,4.0,3.0,290.0,1.0,NW,Sun
23-06-2005,25.0,33.6,28.8,69.0,18.5,8.0,4.0,20.0,2.0,W ,Rain
24-06-2005,24.0,32.8,28.3,76.0,28.0,6.5,4.0,360.0,0.0,E ,Rain
25-06-2005,25.0,33.2,28.1,77.0,0.0,6.5,3.0,80.0,2.0,E ,Sun
26-06-2005,26.0,34.0,29.5,70.0,0.0,8.0,3.0,50.0,1.0,NE,Sun
27-06-2005,25.0,33.2,28.8,75.0,0.0,8.0,4.0,30.0,1.0,NE,Sun
28-06-2005,25.0,34.0,28.9,70.0,0.0,8.0,4.0,90.0,1.0,NE,Sun
29-06-2005,26.0,34.6,29.4,72.0,0.0,8.0,3.0,60.0,1.0,NE,Sun
30-06-2005,25.0,32.4,28.6,74.0,14.8,7.0,4.0,60.0,1.0,NE,Rain
01-07-2005,25.0,34.0,28.8,74.0,0.0,7.0,4.0,90.0,1.0,E ,Sun
02-07-2005,25.0,34.0,28.8,68.0,0.0,8.0,3.0,90.0,2.0,E ,Sun
03-07-2005,25.0,33.6,28.6,69.0,0.0,8.0,4.0,90.0,1.0,NE,Sun
04-07-2005,26.0,33.6,28.7,61.0,0.0,8.0,4.0,50.0,0.0,NE,Sun
05-07-2005,26.0,33.0,28.7,70.0,0.0,8.0,3.0,50.0,0.0,NE,Sun
06-07-2005,25.0,31.0,28.4,78.0,38.6,1.0,3.0,90.0,1.0,NE,Rain
07-07-2005,25.0,31.0,27.6,79.0,0.0,1.0,3.0,70.0,1.0,E ,Sun
08-07-2005,26.0,32.4,28.8,72.0,0.0,6.8,3.0,80.0,1.0,E ,Sun
09-07-2005,26.0,32.6,28.9,73.0,8888.0,8.0,4.0,90.0,2.0,E ,Rain
10-07-2005,26.0,33.4,29.4,73.0,0.0,8.0,3.0,20.0,1.0,E ,Sun
11-07-2005,26.0,30.4,28.3,75.0,8888.0,0.0,3.0,360.0,0.0,N ,Rain
12-07-2005,25.0,33.0,27.9,74.0,14.8,6.0,4.0,70.0,1.0,E ,Rain
13-07-2005,26.0,32.0,27.7,78.0,0.0,1.0,3.0,80.0,1.0,E ,Sun
14-07-2005,26.0,33.6,29.2,75.0,0.0,7.0,3.0,90.0,1.0,E ,Sun
15-07-2005,25.0,33.2,27.3,78.0,61.4,1.0,5.0,310.0,1.0,E ,Rain
16-07-2005,24.0,30.4,27.3,78.0,43.6,4.1,4.0,40.0,1.0,NE,Rain
17-07-2005,25.0,32.5,27.6,80.0,0.3,1.6,3.0,20.0,0.0,N ,Sun
18-07-2005,25.0,32.6,28.6,72.0,0.0,6.3,4.0,60.0,2.0,NE,Sun
19-07-2005,26.0,33.2,28.5,71.0,0.0,7.2,4.0,60.0,2.0,E ,Sun
20-07-2005,25.0,32.5,28.8,69.0,0.7,6.5,3.0,60.0,2.0,E ,Sun
21-07-2005,26.0,32.4,28.6,71.0,0.0,8.0,3.0,350.0,1.0,N ,Sun
22-07-2005,25.0,32.4,28.5,73.0,0.0,3.0,3.0,20.0,1.0,NE,Sun
23-07-2005,25.0,32.6,28.7,68.0,0.0,8.0,3.0,40.0,1.0,NE,Sun
24-07-2005,25.0,32.5,28.6,63.0,0.0,6.0,3.0,50.0,1.0,NE,Sun
25-07-2005,25.0,33.3,29.0,65.0,0.0,8.0,3.0,60.0,1.0,E ,Sun
26-07-2005,25.0,32.4,28.5,69.0,0.0,6.8,3.0,340.0,1.0,N ,Sun
27-07-2005,26.0,32.2,28.2,71.0,0.0,2.4,4.0,30.0,1.0,N ,Sun
28-07-2005,26.0,32.1,28.6,66.0,0.0,6.1,3.0,50.0,1.0,NE,Sun
29-07-2005,25.0,33.3,29.4,64.0,1.2,5.2,3.0,20.0,1.0,NE,Drizzle
30-07-2005,26.0,34.0,29.2,70.0,0.0,7.0,3.0,90.0,1.0,E ,Sun
31-07-2005,26.0,32.8,28.4,71.0,0.0,5.1,3.0,90.0,1.0,E ,Sun
01-08-2005,25.0,31.3,27.5,77.0,2.1,0.2,4.0,60.0,0.0,E ,Drizzle
02-08-2005,25.0,33.4,28.1,77.0,1.9,6.2,4.0,90.0,2.0,E ,Drizzle
03-08-2005,24.0,31.0,28.0,72.0,5.4,2.4,3.0,50.0,1.0,NE,Rain
04-08-2005,24.0,33.8,28.7,68.0,0.0,8.0,3.0,300.0,0.0,E ,Sun
05-08-2005,25.0,30.4,27.3,77.0,0.0,1.0,3.0,260.0,0.0,W ,Sun
06-08-2005,25.0,34.2,29.0,72.0,0.0,8.0,3.0,30.0,1.0,NE,Sun
07-08-2005,25.0,31.8,27.7,75.0,0.0,7.4,3.0,70.0,1.0,E ,Sun
08-08-2005,25.0,32.6,28.5,59.0,0.0,7.5,3.0,60.0,0.0,E ,Sun
09-08-2005,24.0,31.4,27.9,68.0,0.0,2.8,3.0,30.0,0.0,NE,Sun
10-08-2005,25.0,33.0,27.8,72.0,19.5,6.5,3.0,360.0,1.0,E ,Rain
11-08-2005,25.0,31.3,27.8,79.0,0.0,2.5,3.0,360.0,0.0,N ,Sun
12-08-2005,26.0,32.4,28.3,76.0,0.2,6.5,4.0,90.0,1.0,NE,Sun
13-08-2005,26.0,32.2,28.9,73.0,0.2,2.5,3.0,70.0,0.0,NE,Sun
14-08-2005,25.0,34.2,29.1,70.0,0.0,8.0,2.0,30.0,0.0,E ,Sun
15-08-2005,26.0,34.2,29.2,66.0,0.0,8.0,3.0,100.0,1.0,NE,Sun
16-08-2005,26.0,32.5,28.7,74.0,0.0,7.0,6.0,90.0,2.0,E ,Sun
17-08-2005,25.0,34.6,29.4,70.0,0.0,8.0,5.0,20.0,2.0,NE,Sun
18-08-2005,27.0,34.8,29.5,67.0,0.0,8.0,4.0,90.0,1.0,E ,Sun
19-08-2005,26.0,33.4,29.1,69.0,0.0,8.0,6.0,60.0,1.0,E ,Sun
20-08-2005,26.0,33.8,29.0,64.0,0.0,8.0,4.0,60.0,2.0,NE,Sun
21-08-2005,26.0,32.6,28.2,70.0,0.0,6.0,6.0,60.0,2.0,E ,Sun
22-08-2005,26.0,33.0,29.0,69.0,1.5,8.0,5.0,40.0,1.0,NE,Drizzle
23-08-2005,26.0,32.0,28.2,76.0,0.0,5.0,4.0,60.0,1.0,E ,Sun
24-08-2005,25.0,33.0,29.4,68.0,6.3,8.0,4.0,80.0,1.0,E ,Rain
25-08-2005,25.0,31.6,27.9,78.0,2.0,4.0,4.0,40.0,1.0,NW,Drizzle
26-08-2005,26.0,31.4,28.1,77.0,0.0,4.0,4.0,330.0,1.0,NW,Sun
27-08-2005,25.0,33.0,28.6,70.0,0.0,8.0,4.0,350.0,2.0,N ,Sun
28-08-2005,26.0,32.6,28.6,73.0,0.0,7.6,4.0,340.0,2.0,N ,Sun
29-08-2005,25.0,32.6,28.6,72.0,0.0,7.5,4.0,30.0,2.0,NE,Sun
30-08-2005,25.0,33.6,28.9,66.0,0.0,8.0,5.0,360.0,1.0,N ,Sun
31-08-2005,26.0,35.0,30.3,67.0,0.0,8.0,3.0,80.0,1.0,E ,Sun
01-09-2005,26.0,34.8,29.4,65.0,0.0,5.6,3.0,340.0,1.0,NE,Sun
02-09-2005,26.0,33.8,29.3,66.0,0.0,6.8,3.0,50.0,0.0,E ,Sun
03-09-2005,26.0,33.6,29.8,66.0,0.0,6.2,4.0,70.0,0.0,NE,Sun
04-09-2005,26.0,34.6,29.8,64.0,0.0,7.0,4.0,80.0,1.0,E ,Sun
05-09-2005,25.0,34.2,29.1,65.0,0.0,3.8,4.0,50.0,2.0,NE,Sun
06-09-2005,26.0,33.5,28.9,72.0,0.0,4.8,3.0,40.0,2.0,E ,Sun
07-09-2005,26.0,33.6,29.2,70.0,0.0,6.0,4.0,20.0,2.0,NE,Sun
08-09-2005,26.0,33.7,29.4,65.0,0.0,4.0,4.0,40.0,1.0,NE,Sun
09-09-2005,26.0,33.4,28.9,74.0,2.4,2.6,4.0,320.0,1.0,NW,Drizzle
10-09-2005,26.0,32.5,28.7,77.0,0.0,5.8,4.0,20.0,2.0,NE,Sun
11-09-2005,25.0,33.2,29.0,72.0,4.2,4.8,4.0,50.0,2.0,NE,Drizzle
12-09-2005,26.0,32.0,28.7,75.0,0.0,3.6,3.0,40.0,1.0,NE,Sun
13-09-2005,26.0,31.4,28.6,73.0,0.0,2.1,3.0,20.0,1.0,N ,Sun
14-09-2005,26.0,32.4,29.0,70.0,0.0,4.0,4.0,40.0,1.0,N ,Sun
15-09-2005,26.0,33.8,29.3,68.0,0.0,7.6,4.0,340.0,2.0,N ,Sun
16-09-2005,25.0,34.4,29.7,68.0,0.0,6.8,4.0,10.0,2.0,NE,Sun
17-09-2005,25.0,30.8,28.1,80.0,23.8,0.4,3.0,300.0,0.0,NW,Rain
18-09-2005,26.0,33.2,28.9,76.0,0.0,3.1,4.0,40.0,1.0,E ,Sun
19-09-2005,25.0,33.5,29.0,70.0,0.0,3.0,5.0,100.0,1.0,E ,Sun
20-09-2005,25.0,33.7,28.4,72.0,0.0,7.2,4.0,90.0,2.0,N ,Sun
21-09-2005,26.0,33.9,28.9,70.0,0.0,8.0,4.0,40.0,2.0,N ,Sun
22-09-2005,26.0,33.8,29.3,69.0,0.0,3.5,4.0,60.0,2.0,E ,Sun
23-09-2005,26.0,34.6,29.8,67.0,0.0,7.5,4.0,50.0,2.0,NE,Sun
24-09-2005,26.0,35.6,30.4,62.0,0.0,8.0,7.0,70.0,2.0,E ,Sun
25-09-2005,26.0,34.0,29.1,66.0,0.0,8.0,4.0,20.0,1.0,N ,Sun
26-09-2005,25.0,33.9,29.4,64.0,0.0,8.0,3.0,40.0,1.0,NE,Sun
27-09-2005,26.0,36.0,30.1,64.0,0.0,6.3,3.0,80.0,2.0,NE,Sun
28-09-2005,26.0,35.0,30.2,65.0,0.0,6.8,4.0,70.0,2.0,NE,Sun
29-09-2005,26.0,34.2,29.1,70.0,3.5,1.5,4.0,90.0,2.0,E ,Drizzle
30-09-2005,24.0,33.2,28.5,76.0,44.8,4.5,4.0,60.0,2.0,N ,Rain
01-10-2005,25.0,33.5,28.5,73.0,0.0,8.0,4.0,80.0,1.0,NE,Sun
02-10-2005,25.0,32.2,28.7,72.0,0.0,5.1,4.0,340.0,1.0,N ,Sun
03-10-2005,26.0,34.0,29.3,66.0,0.0,8.0,3.0,60.0,1.0,E ,Sun
04-10-2005,27.0,33.0,29.1,69.0,0.0,8.0,4.0,340.0,1.0,N ,Sun
05-10-2005,25.0,31.8,28.6,74.0,2.6,0.0,4.0,70.0,2.0,E ,Drizzle
06-10-2005,25.0,33.2,28.6,75.0,0.0,8.0,4.0,60.0,2.0,NE,Sun
07-10-2005,26.0,36.0,30.0,65.0,0.0,8.0,3.0,90.0,1.0,N ,Sun
08-10-2005,27.0,35.2,30.1,64.0,0.0,8.0,4.0,90.0,1.0,NE,Sun
09-10-2005,26.0,33.2,29.6,68.0,0.0,2.0,3.0,80.0,1.0,E ,Sun
10-10-2005,26.0,34.0,29.1,74.0,0.0,8.0,4.0,20.0,1.0,N ,Sun
11-10-2005,26.0,34.6,28.8,70.0,0.0,3.5,5.0,360.0,1.0,N ,Sun
12-10-2005,26.0,34.6,29.6,71.0,9.3,4.3,4.0,20.0,1.0,N ,Rain
13-10-2005,26.0,33.0,29.0,74.0,0.5,3.5,5.0,320.0,2.0,N ,Sun
14-10-2005,25.0,33.8,28.9,74.0,0.0,5.5,4.0,260.0,2.0,W ,Sun
15-10-2005,24.0,34.4,27.7,79.0,53.0,6.0,4.0,350.0,1.0,N ,Rain
16-10-2005,25.0,33.4,28.3,76.0,0.0,0.6,3.0,360.0,1.0,N ,Sun
17-10-2005,25.0,30.0,27.9,79.0,1.0,0.0,3.0,20.0,1.0,N ,Drizzle
18-10-2005,25.0,30.8,26.9,84.0,8888.0,0.0,4.0,320.0,0.0,NW,Rain
19-10-2005,25.0,32.2,28.1,71.0,0.0,1.0,7.0,310.0,2.0,W ,Sun
20-10-2005,26.0,32.8,28.4,72.0,0.0,2.0,4.0,270.0,2.0,W ,Sun
21-10-2005,25.0,33.0,28.8,72.0,6.5,5.5,4.0,360.0,2.0,E ,Rain
22-10-2005,25.0,30.5,28.0,80.0,8888.0,1.0,3.0,80.0,1.0,E ,Rain
23-10-2005,25.0,32.8,28.4,68.0,4.0,3.2,4.0,340.0,1.0,N ,Drizzle
24-10-2005,26.0,32.4,28.1,78.0,0.0,0.4,6.0,70.0,2.0,E ,Sun
25-10-2005,25.0,33.2,29.2,74.0,4.4,5.0,4.0,30.0,1.0,E ,Drizzle
26-10-2005,25.0,33.1,28.6,76.0,0.0,7.0,7.0,260.0,2.0,NW,Sun
27-10-2005,25.0,32.4,27.2,81.0,1.4,4.0,6.0,240.0,1.0,N ,Drizzle
28-10-2005,25.0,32.6,28.8,74.0,32.0,6.1,3.0,20.0,1.0,N ,Rain
29-10-2005,25.0,32.0,27.6,84.0,21.0,0.0,3.0,30.0,0.0,NE,Rain
30-10-2005,26.0,33.0,29.0,73.0,0.0,4.0,4.0,350.0,0.0,N ,Sun
31-10-2005,25.0,32.2,28.1,75.0,8888.0,2.0,3.0,260.0,1.0,SE,Rain
01-11-2005,25.0,34.0,29.4,72.0,1.1,6.3,3.0,270.0,2.0,NE,Drizzle
02-11-2005,25.0,32.8,27.9,77.0,8888.0,2.1,4.0,100.0,1.0,NE,Rain
03-11-2005,26.0,30.8,27.8,75.0,3.8,1.2,4.0,200.0,2.0,N ,Drizzle
04-11-2005,25.0,33.8,30.1,69.0,0.0,3.8,4.0,340.0,1.0,NW,Sun
05-11-2005,25.0,33.8,29.0,70.0,0.0,8.0,4.0,60.0,1.0,NE,Sun
06-11-2005,26.0,33.4,28.9,73.0,0.0,4.2,3.0,340.0,1.0,SW,Sun
07-11-2005,25.0,33.6,28.7,74.0,0.1,4.6,4.0,240.0,2.0,SW,Sun
08-11-2005,26.0,34.4,28.5,72.0,0.0,8.0,5.0,220.0,2.0,SW,Sun
09-11-2005,26.0,32.2,28.4,75.0,0.6,3.0,4.0,240.0,2.0,SW,Sun
10-11-2005,25.0,33.8,29.5,70.0,0.0,8.0,3.0,350.0,1.0,N ,Sun
11-11-2005,24.0,33.3,27.6,79.0,49.8,4.1,4.0,360.0,1.0,SW,Rain
12-11-2005,26.0,33.8,29.8,66.0,0.0,5.0,3.0,350.0,1.0,N ,Sun
13-11-2005,26.0,33.6,28.7,74.0,0.0,4.2,4.0,210.0,2.0,SW,Sun
14-11-2005,25.0,33.4,29.4,72.0,0.0,5.2,4.0,340.0,1.0,N ,Sun
15-11-2005,25.0,33.9,29.2,74.0,0.0,4.4,4.0,300.0,1.0,N ,Sun
16-11-2005,26.0,33.6,29.3,76.0,0.0,6.5,3.0,150.0,1.0,N ,Sun
17-11-2005,26.0,33.8,29.9,68.0,0.0,6.5,4.0,330.0,2.0,NW,Sun
18-11-2005,26.0,34.6,29.5,72.0,0.0,5.0,4.0,270.0,1.0,W ,Sun
19-11-2005,26.0,32.8,29.0,74.0,0.0,3.5,3.0,330.0,2.0,SW,Sun
20-11-2005,24.0,32.6,26.9,84.0,1.6,1.0,5.0,250.0,1.0,NE,Drizzle
21-11-2005,26.0,33.0,28.7,73.0,0.0,0.0,4.0,290.0,2.0,W ,Sun
22-11-2005,26.0,33.4,28.4,68.0,0.0,1.8,6.0,260.0,3.0,W ,Sun
23-11-2005,25.0,33.2,28.9,66.0,0.0,6.0,5.0,350.0,2.0,N ,Sun
24-11-2005,26.0,33.4,28.7,70.0,8888.0,1.4,4.0,350.0,2.0,N ,Rain
25-11-2005,24.0,29.5,26.5,85.0,14.5,0.0,3.0,350.0,1.0,N ,Rain
26-11-2005,24.0,29.6,26.3,91.0,12.5,0.0,3.0,90.0,0.0,SW,Rain
27-11-2005,25.0,31.2,27.2,81.0,0.0,0.0,3.0,120.0,1.0,E ,Sun
28-11-2005,24.0,31.2,27.6,79.0,8888.0,1.0,3.0,90.0,1.0,E ,Rain
29-11-2005,25.0,33.0,26.9,83.0,17.8,6.5,3.0,270.0,2.0,N ,Rain
30-11-2005,25.0,32.6,28.3,75.0,0.0,4.5,8.0,240.0,3.0,W ,Sun
01-12-2005,24.0,31.8,27.4,78.0,22.6,0.4,5.0,240.0,2.0,SW,Rain
02-12-2005,24.0,34.4,28.7,70.0,0.0,2.6,4.0,240.0,1.0,SW,Sun
03-12-2005,26.0,33.2,29.1,67.0,0.0,5.0,6.0,270.0,2.0,W ,Sun
04-12-2005,25.0,33.0,28.9,68.0,0.0,6.0,3.0,300.0,0.0,W ,Sun
05-12-2005,25.0,34.3,29.9,65.0,0.0,6.5,4.0,300.0,2.0,W ,Sun
06-12-2005,26.0,33.6,28.8,72.0,0.0,0.3,4.0,90.0,2.0,E ,Sun
07-12-2005,25.0,33.8,29.3,72.0,8888.0,3.5,3.0,350.0,1.0,NE,Rain
08-12-2005,26.0,33.0,28.7,71.0,3.0,3.0,3.0,360.0,1.0,NW,Drizzle
09-12-2005,25.0,32.8,28.8,73.0,0.0,0.3,3.0,20.0,1.0,NW,Sun
10-12-2005,26.0,32.2,28.7,74.0,0.0,3.0,3.0,290.0,1.0,E ,Sun
11-12-2005,25.0,32.8,28.0,78.0,12.8,0.5,4.0,320.0,1.0,NW,Rain
12-12-2005,25.0,33.8,28.1,75.0,5.3,0.0,3.0,300.0,1.0,NW,Rain
13-12-2005,25.0,31.2,27.6,79.0,1.0,5.0,7.0,290.0,3.0,E ,Drizzle
14-12-2005,25.0,32.5,28.7,72.0,1.4,2.4,5.0,300.0,2.0,NW,Drizzle
15-12-2005,25.0,27.6,26.2,84.0,8888.0,0.0,3.0,280.0,2.0,E ,Rain
16-12-2005,26.0,30.5,27.8,74.0,0.0,0.0,4.0,320.0,2.0,N ,Sun
17-12-2005,24.0,31.0,28.1,73.0,3.1,0.1,2.0,320.0,1.0,N ,Drizzle
18-12-2005,25.0,31.0,27.3,77.0,8888.0,0.5,5.0,260.0,2.0,W ,Rain
19-12-2005,25.0,31.4,27.4,76.0,16.0,1.5,5.0,250.0,2.0,W ,Rain
20-12-2005,26.0,31.6,28.0,74.0,8888.0,2.0,6.0,270.0,3.0,W ,Rain
21-12-2005,26.0,31.6,27.8,78.0,18.0,1.0,4.0,330.0,2.0,NW,Rain
22-12-2005,25.0,31.0,27.9,76.0,6.4,1.7,3.0,340.0,1.0,NW,Rain
23-12-2005,25.0,32.0,26.9,83.0,15.2,1.5,4.0,280.0,1.0,W ,Rain
24-12-2005,25.0,31.6,27.8,79.0,8888.0,0.0,4.0,270.0,1.0,W ,Rain
25-12-2005,26.0,33.2,27.3,76.0,9.1,6.5,6.0,200.0,1.0,W ,Rain
26-12-2005,25.0,31.2,27.7,78.0,0.0,0.0,2.0,360.0,1.0,N ,Sun
27-12-2005,25.0,29.0,27.6,81.0,0.0,0.0,2.0,320.0,0.0,N ,Sun
28-12-2005,26.0,29.2,27.4,79.0,0.0,0.0,4.0,270.0,1.0,W ,Sun
29-12-2005,26.0,32.4,28.4,74.0,0.4,6.0,6.0,270.0,3.0,W ,Sun
30-12-2005,25.0,30.2,27.3,80.0,23.6,0.0,4.0,300.0,2.0,W ,Rain
31-12-2005,26.0,31.0,27.9,78.0,3.8,1.3,3.0,300.0,2.0,NW,Drizzle
01-01-2006,26.0,34.0,28.6,66.0,0.0,7.0,5.0,280.0,3.0,W ,Sun
02-01-2006,26.0,30.8,27.4,72.0,0.0,3.0,4.0,300.0,2.0,NW,Sun
03-01-2006,26.0,29.4,27.3,80.0,3.2,1.5,5.0,270.0,2.0,W ,Drizzle
04-01-2006,26.0,30.6,27.6,76.0,0.0,2.0,4.0,320.0,2.0,W ,Sun
05-01-2006,25.0,32.2,28.7,72.0,0.0,1.7,4.0,280.0,1.0,W ,Sun
06-01-2006,25.0,32.4,27.6,76.0,11.6,1.0,3.0,290.0,1.0,W ,Rain
07-01-2006,25.0,31.2,27.8,79.0,8888.0,4.0,4.0,270.0,2.0,W ,Rain
08-01-2006,25.0,30.6,26.9,79.0,0.5,3.0,4.0,270.0,1.0,W ,Sun
09-01-2006,25.0,31.3,26.9,80.0,24.0,2.0,4.0,320.0,2.0,W ,Rain
10-01-2006,25.0,31.6,27.6,80.0,0.0,5.1,4.0,310.0,2.0,W ,Sun
11-01-2006,25.0,31.8,28.5,76.0,2.8,5.0,5.0,270.0,2.0,W ,Drizzle
12-01-2006,25.0,32.6,28.8,76.0,1.5,7.3,4.0,320.0,2.0,NW,Drizzle
13-01-2006,23.0,32.4,27.5,79.0,61.3,2.0,5.0,290.0,2.0,NW,Rain
14-01-2006,25.0,30.9,26.6,85.0,26.3,1.0,4.0,320.0,1.0,W ,Rain
15-01-2006,24.0,29.4,26.6,85.0,2.1,0.6,4.0,340.0,1.0,W ,Drizzle
16-01-2006,24.0,29.0,25.9,88.0,21.3,0.5,5.0,320.0,1.0,NW,Rain
17-01-2006,24.0,29.4,26.1,91.0,25.4,0.0,4.0,290.0,2.0,NW,Rain
18-01-2006,25.0,30.4,26.9,83.0,8888.0,0.0,4.0,280.0,2.0,N ,Rain
19-01-2006,25.0,30.0,27.6,80.0,0.6,1.7,6.0,290.0,2.0,NW,Sun
20-01-2006,25.0,33.0,28.6,76.0,0.0,5.2,6.0,280.0,3.0,W ,Sun
21-01-2006,26.0,31.0,28.4,82.0,2.4,0.0,4.0,270.0,2.0,W ,Drizzle
22-01-2006,25.0,30.0,27.1,84.0,3.3,3.1,4.0,260.0,2.0,W ,Drizzle
23-01-2006,24.0,29.2,26.6,87.0,38.0,0.0,6.0,280.0,2.0,W ,Rain
24-01-2006,24.0,30.0,26.4,86.0,27.9,0.4,4.0,280.0,2.0,W ,Rain
25-01-2006,25.0,30.3,26.9,80.0,0.4,1.6,5.0,280.0,2.0,W ,Sun
26-01-2006,25.0,28.5,26.6,84.0,65.0,0.0,5.0,290.0,3.0,W ,Rain
27-01-2006,24.0,29.8,26.6,84.0,11.2,0.0,5.0,280.0,3.0,W ,Rain
28-01-2006,24.0,30.0,27.1,84.0,20.4,0.2,8.0,310.0,3.0,NW,Rain
29-01-2006,24.0,31.1,26.9,84.0,39.0,2.4,4.0,290.0,2.0,N ,Rain
30-01-2006,26.0,31.0,27.4,80.0,1.4,1.3,3.0,290.0,1.0,W ,Drizzle
31-01-2006,24.0,29.0,27.1,78.0,8888.0,0.0,4.0,300.0,1.0,W ,Rain
01-02-2006,25.0,31.8,28.2,78.0,0.0,7.7,4.0,310.0,2.0,NW,Sun
02-02-2006,25.0,32.0,28.3,73.0,0.0,6.0,4.0,290.0,2.0,W ,Sun
03-02-2006,25.0,32.8,28.3,76.0,0.0,6.1,4.0,250.0,1.0,N ,Sun
04-02-2006,26.0,29.8,27.5,84.0,2.3,0.0,4.0,290.0,1.0,N ,Drizzle
05-02-2006,25.0,30.2,26.9,86.0,18.0,0.5,5.0,300.0,2.0,NW,Rain
06-02-2006,24.0,29.8,25.8,86.0,4.3,0.2,4.0,310.0,1.0,NW,Drizzle
07-02-2006,24.0,31.2,27.4,78.0,4.6,1.0,2.0,360.0,0.0,N ,Drizzle
08-02-2006,25.0,30.0,27.2,80.0,63.4,1.0,2.0,340.0,0.0,NW,Rain
09-02-2006,25.0,29.4,26.9,85.0,0.2,0.0,6.0,290.0,1.0,W ,Sun
10-02-2006,25.0,30.2,26.9,84.0,0.2,1.0,3.0,310.0,0.0,W ,Sun
11-02-2006,25.0,31.0,26.7,77.0,8888.0,3.2,8.0,290.0,2.0,W ,Rain
12-02-2006,25.0,34.2,28.6,74.0,0.0,8.0,2.0,40.0,1.0,N ,Sun
13-02-2006,25.0,34.2,29.4,73.0,14.0,8.0,2.0,170.0,0.0,N ,Rain
14-02-2006,26.0,33.0,28.7,77.0,0.0,6.0,3.0,280.0,1.0,W ,Sun
15-02-2006,26.0,33.4,29.3,74.0,0.0,7.0,4.0,320.0,1.0,NW,Sun
16-02-2006,26.0,32.8,29.4,75.0,0.0,7.0,4.0,350.0,1.0,N ,Sun
17-02-2006,25.0,33.2,29.1,74.0,71.1,5.0,5.0,320.0,2.0,NW,Rain
18-02-2006,24.0,31.8,27.5,87.0,37.2,2.5,3.0,310.0,0.0,NW,Rain
19-02-2006,25.0,31.2,26.5,85.0,23.5,3.0,6.0,320.0,1.0,NW,Rain
20-02-2006,25.0,32.6,27.3,80.0,0.9,3.7,5.0,330.0,1.0,W ,Sun
21-02-2006,25.0,31.8,28.0,82.0,8888.0,0.9,4.0,360.0,0.0,N ,Rain
22-02-2006,25.0,30.4,27.3,82.0,1.6,1.0,4.0,290.0,2.0,W ,Drizzle
23-02-2006,24.0,32.2,27.4,80.0,0.3,4.0,4.0,20.0,2.0,N ,Sun
24-02-2006,25.0,31.6,28.0,81.0,0.3,1.0,4.0,320.0,2.0,W ,Sun
25-02-2006,26.0,32.0,28.6,76.0,33.5,1.1,5.0,290.0,2.0,W ,Rain
26-02-2006,24.0,31.2,27.4,85.0,0.9,4.5,4.0,70.0,1.0,E ,Sun
27-02-2006,25.0,32.0,27.9,78.0,10.9,5.0,3.0,340.0,1.0,N ,Rain
28-02-2006,25.0,30.2,26.9,83.0,2.0,0.0,3.0,300.0,1.0,W ,Drizzle
01-03-2006,24.0,30.3,27.5,84.0,13.2,0.0,3.0,320.0,1.0,NW,Rain
02-03-2006,24.0,30.4,27.1,82.0,13.7,0.1,3.0,340.0,1.0,N ,Rain
03-03-2006,25.0,30.4,28.1,81.0,4.0,2.0,3.0,40.0,0.0,NE,Drizzle
04-03-2006,25.0,30.2,27.4,82.0,0.0,0.5,4.0,280.0,0.0,W ,Sun
05-03-2006,25.0,32.4,27.6,81.0,19.5,5.5,4.0,280.0,1.0,W ,Rain
06-03-2006,26.0,32.2,28.4,74.0,0.6,1.6,5.0,290.0,3.0,W ,Sun
07-03-2006,25.0,33.0,28.7,72.0,0.0,8.0,4.0,330.0,2.0,NW,Sun
08-03-2006,25.0,33.8,29.6,74.0,0.0,8.0,4.0,320.0,2.0,NW,Sun
09-03-2006,26.0,35.0,29.2,67.0,0.0,7.8,4.0,350.0,2.0,W ,Sun
10-03-2006,25.0,31.8,28.2,76.0,0.0,1.2,4.0,280.0,2.0,W ,Sun
11-03-2006,24.0,32.0,28.4,76.0,0.0,2.6,3.0,260.0,1.0,W ,Sun
12-03-2006,25.0,32.0,28.1,75.0,0.5,8.0,4.0,260.0,2.0,W ,Sun
13-03-2006,25.0,33.0,29.0,71.0,16.0,8.0,7.0,270.0,3.0,W ,Rain
14-03-2006,27.0,33.2,29.2,69.0,0.0,5.5,7.0,270.0,3.0,W ,Sun
15-03-2006,24.0,33.0,28.8,76.0,0.0,1.0,3.0,270.0,1.0,W ,Sun
16-03-2006,24.0,32.2,27.6,81.0,1.1,7.0,3.0,280.0,1.0,W ,Drizzle
17-03-2006,25.0,32.6,27.9,78.0,12.4,2.5,4.0,290.0,2.0,W ,Rain
18-03-2006,26.0,33.2,29.3,75.0,0.0,5.4,5.0,280.0,2.0,W ,Sun
19-03-2006,24.0,29.8,26.8,84.0,7.1,0.0,4.0,200.0,2.0,W ,Rain
20-03-2006,25.0,31.4,27.6,76.0,2.6,0.0,4.0,260.0,3.0,SW,Drizzle
21-03-2006,24.0,30.4,27.6,84.0,0.3,2.0,4.0,230.0,2.0,SW,Sun
22-03-2006,25.0,30.9,27.7,77.0,10.6,2.0,8.0,270.0,3.0,SW,Rain
23-03-2006,24.0,31.4,27.3,84.0,12.5,4.0,3.0,300.0,1.0,NW,Rain
24-03-2006,24.0,31.4,27.3,83.0,61.2,1.5,3.0,20.0,1.0,N ,Rain
25-03-2006,25.0,30.9,27.2,87.0,33.8,0.5,3.0,290.0,2.0,W ,Rain
26-03-2006,24.0,31.8,28.1,77.0,4.8,4.8,3.0,20.0,1.0,W ,Drizzle
27-03-2006,25.0,31.4,27.5,84.0,11.8,4.8,3.0,310.0,1.0,W ,Rain
28-03-2006,24.0,33.4,28.7,74.0,3.0,7.0,6.0,250.0,2.0,W ,Drizzle
29-03-2006,25.0,31.4,27.7,80.0,53.2,1.2,5.0,300.0,3.0,SW,Rain
30-03-2006,27.0,32.0,28.3,78.0,0.0,2.0,4.0,300.0,3.0,SW,Sun
31-03-2006,27.0,32.0,28.7,74.0,18.2,0.0,4.0,230.0,2.0,W ,Rain
01-04-2006,26.0,32.0,28.5,66.0,0.0,1.0,5.0,270.0,2.0,W ,Sun
02-04-2006,26.0,32.6,28.9,73.0,0.3,7.0,5.0,260.0,3.0,SW,Sun
03-04-2006,26.0,32.0,28.6,74.0,0.0,2.8,7.0,240.0,3.0,SW,Sun
04-04-2006,24.0,32.4,28.7,74.0,0.3,4.5,6.0,250.0,3.0,SW,Sun
05-04-2006,27.0,33.0,29.0,70.0,0.0,7.0,6.0,210.0,4.0,SW,Sun
06-04-2006,27.0,33.8,29.1,68.0,0.0,6.0,5.0,240.0,3.0,SW,Sun
07-04-2006,26.0,33.4,29.0,72.0,3.4,5.2,8.0,240.0,3.0,SW,Drizzle
08-04-2006,24.0,33.0,28.8,78.0,8.3,4.0,4.0,260.0,2.0,SW,Rain
09-04-2006,26.0,31.0,28.1,74.0,0.0,2.5,7.0,200.0,2.0,SW,Sun
10-04-2006,26.0,34.0,29.6,69.0,0.0,5.5,6.0,230.0,2.0,SW,Sun
11-04-2006,24.0,33.2,27.8,76.0,69.3,4.0,6.0,200.0,0.0,SW,Rain
12-04-2006,24.0,33.6,27.8,74.0,59.6,4.6,5.0,250.0,0.0,SW,Rain
13-04-2006,24.0,32.8,27.7,77.0,72.0,2.5,7.0,180.0,2.0,SW,Rain
14-04-2006,25.0,29.8,26.7,92.0,2.2,0.5,5.0,220.0,2.0,SW,Drizzle
15-04-2006,25.0,32.6,27.9,81.0,0.0,8.0,3.0,360.0,1.0,N ,Sun
16-04-2006,25.0,33.0,28.3,76.0,2.0,8.0,3.0,260.0,1.0,N ,Drizzle
17-04-2006,26.0,32.4,29.1,74.0,0.0,2.5,3.0,230.0,1.0,NE,Sun
18-04-2006,26.0,33.6,28.9,78.0,0.0,6.0,3.0,240.0,0.0,SW,Sun
19-04-2006,26.0,34.0,29.2,74.0,0.0,8.0,2.0,70.0,0.0,W ,Sun
20-04-2006,24.0,32.4,29.0,74.0,49.0,1.5,3.0,100.0,0.0,E ,Rain
21-04-2006,25.0,32.8,28.1,83.0,0.0,6.0,2.0,320.0,0.0,NE,Sun
22-04-2006,26.0,32.8,28.5,74.0,0.8,5.0,4.0,210.0,1.0,SW,Sun
23-04-2006,26.0,32.2,28.5,80.0,1.5,4.0,4.0,200.0,1.0,E ,Drizzle
24-04-2006,25.0,33.2,28.2,82.0,1.0,3.0,3.0,270.0,0.0,W ,Drizzle
25-04-2006,26.0,32.8,28.0,73.0,16.0,0.0,5.0,320.0,1.0,N ,Rain
26-04-2006,26.0,32.7,28.3,82.0,13.0,2.0,4.0,260.0,0.0,W ,Rain
27-04-2006,25.0,33.2,28.3,81.0,1.1,4.1,3.0,250.0,0.0,W ,Drizzle
28-04-2006,25.0,33.8,28.6,76.0,0.0,6.0,3.0,30.0,0.0,E ,Sun
29-04-2006,26.0,33.4,29.7,76.0,0.0,1.0,3.0,100.0,0.0,E ,Sun
30-04-2006,27.0,33.2,28.0,78.0,16.3,7.0,1.0,250.0,1.0,W ,Rain
01-05-2006,25.0,32.6,27.9,79.0,30.0,6.5,5.0,315.0,1.0,N ,Rain
02-05-2006,25.0,34.0,28.9,73.0,0.0,5.0,4.0,360.0,1.0,W ,Sun
03-05-2006,27.0,33.0,29.2,72.0,0.0,7.0,3.0,45.0,0.0,NE,Sun
04-05-2006,25.0,32.9,29.1,76.0,16.1,1.0,3.0,270.0,2.0,W ,Rain
05-05-2006,25.0,33.6,28.6,75.0,0.0,8.0,3.0,45.0,0.0,NE,Sun
06-05-2006,24.0,32.2,28.1,77.0,3.4,3.5,4.0,360.0,1.0,N ,Drizzle
07-05-2006,26.0,32.4,28.0,76.0,0.7,5.5,3.0,45.0,0.0,NE,Sun
08-05-2006,26.0,34.4,29.2,72.0,0.0,8.0,4.0,45.0,2.0,NE,Sun
09-05-2006,26.0,30.8,28.6,77.0,8888.0,3.0,5.0,270.0,2.0,W ,Rain
10-05-2006,25.0,33.4,28.2,76.0,0.0,7.0,3.0,360.0,1.0,W ,Sun
11-05-2006,26.0,33.6,29.5,75.0,0.0,8.0,4.0,270.0,1.0,W ,Sun
12-05-2006,26.0,32.6,28.7,78.0,8888.0,5.5,3.0,270.0,1.0,W ,Rain
13-05-2006,26.0,33.6,29.4,72.0,0.0,8.0,3.0,225.0,1.0,W ,Sun
14-05-2006,25.0,33.0,29.3,73.0,0.0,6.0,3.0,270.0,1.0,W ,Sun
15-05-2006,26.0,33.2,29.1,69.0,2.0,8.0,4.0,270.0,1.0,SW,Drizzle
16-05-2006,27.0,33.0,29.4,72.0,0.0,7.5,4.0,90.0,2.0,NE,Sun
17-05-2006,26.0,32.8,29.3,70.0,0.0,6.0,4.0,225.0,2.0,SW,Sun
18-05-2006,26.0,34.4,29.4,68.0,0.0,8.0,3.0,90.0,1.0,S ,Sun
19-05-2006,27.0,33.8,30.4,68.0,0.0,3.2,4.0,225.0,2.0,SW,Sun
20-05-2006,27.0,32.8,29.4,70.0,0.0,1.5,3.0,225.0,2.0,W ,Sun
21-05-2006,24.0,32.8,29.2,73.0,14.3,0.7,3.0,270.0,2.0,W ,Rain
22-05-2006,25.0,29.8,26.6,83.0,8888.0,0.0,2.0,180.0,0.0,S ,Rain
23-05-2006,26.0,32.5,28.4,75.0,0.0,8.0,4.0,180.0,2.0,S ,Sun
24-05-2006,26.0,31.0,28.1,78.0,0.0,2.5,4.0,90.0,2.0,NW,Sun
25-05-2006,26.0,28.8,27.0,77.0,0.4,4.0,5.0,90.0,2.0,S ,Sun
26-05-2006,24.0,33.6,29.0,73.0,16.2,6.5,3.0,360.0,1.0,NW,Rain
27-05-2006,25.0,32.4,27.9,81.0,0.0,4.0,2.0,90.0,0.0,NE,Sun
28-05-2006,25.0,31.8,28.2,77.0,2.1,2.5,3.0,180.0,2.0,W ,Drizzle
29-05-2006,26.0,31.8,28.5,76.0,0.0,0.0,3.0,270.0,0.0,W ,Sun
30-05-2006,26.0,33.4,29.2,76.0,0.0,5.0,4.0,135.0,1.0,SE,Sun
31-05-2006,27.0,33.2,29.5,75.0,0.0,1.0,5.0,180.0,2.0,E ,Sun
01-06-2006,26.0,33.2,29.8,74.0,0.0,1.0,3.0,180.0,1.0,S ,Sun
02-06-2006,26.0,32.8,29.2,70.0,2.6,8.0,4.0,270.0,1.0,W ,Drizzle
03-06-2006,25.0,33.0,29.1,74.0,0.2,3.0,3.0,360.0,1.0,N ,Sun
04-06-2006,26.0,33.0,28.6,74.0,0.0,2.0,3.0,135.0,1.0,SE,Sun
05-06-2006,25.0,32.4,28.1,76.0,8888.0,3.5,4.0,90.0,2.0,E ,Rain
06-06-2006,24.0,33.5,28.4,74.0,27.6,2.6,4.0,225.0,2.0,SW,Rain
07-06-2006,24.0,27.6,25.9,87.0,0.4,0.0,3.0,180.0,0.0,SW,Sun
08-06-2006,25.0,33.0,28.5,73.0,0.0,8.0,3.0,180.0,0.0,S ,Sun
09-06-2006,26.0,32.6,28.6,76.0,0.0,8.0,3.0,315.0,1.0,S ,Sun
10-06-2006,26.0,33.2,28.9,68.0,0.0,6.5,4.0,180.0,2.0,S ,Sun
11-06-2006,25.0,32.2,28.7,68.0,0.0,8.0,3.0,360.0,0.0,N ,Sun
12-06-2006,26.0,32.4,28.6,71.0,0.0,0.0,3.0,315.0,0.0,NW,Sun
13-06-2006,26.0,33.4,29.4,66.0,0.0,8.0,3.0,270.0,1.0,E ,Sun
14-06-2006,26.0,33.0,29.7,69.0,0.0,6.4,2.0,315.0,0.0,NW,Sun
15-06-2006,26.0,32.4,30.5,74.0,0.0,2.0,3.0,315.0,0.0,NW,Sun
16-06-2006,26.0,32.8,29.0,72.0,0.0,3.0,3.0,315.0,0.0,NW,Sun
17-06-2006,26.0,32.4,28.8,70.0,0.0,8.0,3.0,315.0,0.0,N ,Sun
18-06-2006,25.0,32.4,28.4,73.0,0.0,8.0,4.0,225.0,1.0,S ,Sun
19-06-2006,25.0,34.0,28.7,66.0,0.0,8.0,3.0,90.0,1.0,NE,Sun
20-06-2006,26.0,33.4,28.8,70.0,0.0,8.0,4.0,45.0,0.0,NE,Sun
21-06-2006,25.0,33.2,28.9,71.0,0.0,8.0,3.0,315.0,1.0,NW,Sun
22-06-2006,26.0,32.4,28.6,71.0,0.0,8.0,3.0,180.0,0.0,S ,Sun
23-06-2006,26.0,32.6,28.8,74.0,0.0,7.1,2.0,90.0,0.0,E ,Sun
24-06-2006,25.0,31.8,29.0,73.0,0.0,3.0,3.0,90.0,0.0,E ,Sun
25-06-2006,25.0,32.0,28.1,70.0,0.0,7.0,3.0,360.0,1.0,N ,Sun
26-06-2006,24.0,32.8,28.4,71.0,0.0,8.0,4.0,90.0,2.0,E ,Sun
27-06-2006,25.0,34.0,28.7,61.0,0.0,8.0,3.0,45.0,1.0,NE,Sun
28-06-2006,25.0,32.4,28.4,70.0,0.0,7.0,2.0,90.0,1.0,E ,Sun
29-06-2006,25.0,33.6,28.8,62.0,0.0,8.0,3.0,90.0,1.0,E ,Sun
30-06-2006,26.0,34.4,29.3,64.0,0.0,8.0,3.0,180.0,1.0,S ,Sun
01-07-2006,25.0,33.0,29.0,65.0,0.0,6.0,3.0,90.0,1.0,S ,Sun
02-07-2006,26.0,33.0,28.9,66.0,0.0,8.0,3.0,45.0,0.0,E ,Sun
03-07-2006,26.0,33.0,28.7,68.0,0.0,8.0,3.0,360.0,0.0,N ,Sun
04-07-2006,26.0,33.8,29.2,68.0,0.0,8.0,5.0,90.0,2.0,E ,Sun
05-07-2006,26.0,33.8,29.3,66.0,0.0,8.0,3.0,180.0,1.0,SW,Sun
06-07-2006,26.0,33.6,29.0,70.0,0.0,6.5,3.0,270.0,1.0,E ,Sun
07-07-2006,26.0,32.2,28.2,72.0,0.0,3.3,3.0,270.0,0.0,W ,Sun
08-07-2006,26.0,32.8,28.4,71.0,0.0,0.0,3.0,270.0,0.0,W ,Sun
09-07-2006,26.0,34.2,29.4,67.0,0.0,8.0,4.0,90.0,1.0,SE,Sun
10-07-2006,26.0,33.2,28.9,74.0,0.0,5.0,3.0,225.0,1.0,E ,Sun
11-07-2006,26.0,33.2,28.4,74.0,0.0,4.5,4.0,45.0,1.0,NE,Sun
12-07-2006,25.0,33.2,28.5,63.0,0.0,8.0,4.0,360.0,2.0,NE,Sun
13-07-2006,25.0,32.0,28.5,65.0,0.0,0.5,3.0,180.0,1.0,S ,Sun
14-07-2006,26.0,33.6,28.8,62.0,0.0,7.0,3.0,180.0,1.0,S ,Sun
15-07-2006,25.0,33.0,28.9,64.0,0.0,8.0,3.0,270.0,1.0,SW,Sun
16-07-2006,26.0,33.4,28.9,66.0,0.0,8.0,4.0,45.0,2.0,SW,Sun
17-07-2006,26.0,33.6,29.3,64.0,0.0,8.0,5.0,90.0,2.0,E ,Sun
18-07-2006,26.0,33.6,29.2,68.0,0.0,8.0,4.0,90.0,1.0,E ,Sun
19-07-2006,26.0,33.8,29.0,72.0,0.0,8.0,4.0,45.0,1.0,E ,Sun
20-07-2006,25.0,31.4,28.2,75.0,16.0,1.0,3.0,360.0,1.0,W ,Rain
21-07-2006,24.0,33.0,28.2,71.0,7.4,6.1,3.0,90.0,0.0,E ,Rain
22-07-2006,25.0,31.4,27.3,76.0,0.0,1.5,2.0,225.0,1.0,SE,Sun
23-07-2006,25.0,32.6,28.7,66.0,0.0,5.5,3.0,45.0,1.0,SW,Sun
24-07-2006,26.0,33.0,28.6,70.0,0.0,8.0,5.0,225.0,2.0,SW,Sun
25-07-2006,26.0,34.0,29.5,65.0,0.0,8.0,4.0,180.0,1.0,S ,Sun
26-07-2006,26.0,32.8,28.8,69.0,0.0,8.0,3.0,360.0,1.0,N ,Sun
27-07-2006,25.0,33.8,29.1,64.0,0.0,8.0,5.0,135.0,1.0,S ,Sun
28-07-2006,26.0,32.6,28.7,72.0,0.0,5.5,3.0,270.0,1.0,W ,Sun
29-07-2006,25.0,34.2,29.2,71.0,0.0,8.0,4.0,270.0,1.0,W ,Sun
30-07-2006,24.0,32.0,28.5,74.0,19.8,6.0,3.0,90.0,1.0,N ,Rain
31-07-2006,25.0,31.7,27.4,78.0,10.0,8.0,4.0,45.0,1.0,E ,Rain
01-08-2006,25.0,31.6,27.5,75.0,0.0,2.0,3.0,90.0,0.0,E ,Sun
02-08-2006,25.0,33.2,28.3,69.0,0.0,8.0,4.0,360.0,1.0,E ,Sun
03-08-2006,24.0,33.6,28.5,66.0,0.0,8.0,3.0,180.0,2.0,E ,Sun
04-08-2006,24.0,34.0,28.3,64.0,0.0,8.0,4.0,180.0,1.0,S ,Sun
05-08-2006,24.0,33.4,28.0,64.0,0.0,8.0,4.0,135.0,2.0,SE,Sun
06-08-2006,24.0,32.0,27.7,67.0,0.0,8.0,3.0,90.0,1.0,E ,Sun
07-08-2006,24.0,31.2,27.2,68.0,0.0,5.0,3.0,270.0,1.0,E ,Sun
08-08-2006,24.0,32.4,27.3,64.0,0.0,8.0,4.0,270.0,1.0,W ,Sun
09-08-2006,25.0,32.0,28.0,66.0,0.0,8.0,3.0,90.0,0.0,NE,Sun
10-08-2006,25.0,31.0,27.8,70.0,0.0,3.0,3.0,45.0,1.0,NE,Sun
11-08-2006,24.0,32.4,27.9,68.0,0.0,7.5,3.0,270.0,1.0,E ,Sun
12-08-2006,24.0,33.6,27.8,67.0,0.0,8.0,4.0,90.0,1.0,N ,Sun
13-08-2006,24.0,32.0,27.6,68.0,0.0,8.0,4.0,90.0,1.0,E ,Sun
14-08-2006,26.0,32.6,28.4,66.0,0.0,8.0,3.0,90.0,2.0,E ,Sun
15-08-2006,26.0,32.4,28.6,66.0,0.0,7.0,3.0,45.0,3.0,E ,Sun
16-08-2006,26.0,33.4,29.2,68.0,0.0,8.0,4.0,180.0,2.0,SW,Sun
17-08-2006,25.0,34.0,28.9,67.0,0.0,8.0,6.0,135.0,2.0,SE,Sun
18-08-2006,25.0,34.0,28.7,74.0,0.0,8.0,4.0,90.0,1.0,E ,Sun
19-08-2006,25.0,33.2,28.2,78.0,0.0,7.5,3.0,270.0,1.0,NE,Sun
20-08-2006,26.0,33.8,29.2,70.0,0.0,6.5,3.0,90.0,1.0,E ,Sun
21-08-2006,25.0,32.0,28.7,74.0,0.0,8.0,3.0,90.0,2.0,E ,Sun
22-08-2006,25.0,33.6,28.7,74.0,0.0,8.0,4.0,90.0,1.0,E ,Sun
23-08-2006,25.0,32.4,28.6,65.0,0.0,8.0,3.0,90.0,2.0,E ,Sun
24-08-2006,26.0,34.2,29.1,64.0,0.0,8.0,4.0,180.0,1.0,SW,Sun
25-08-2006,25.0,33.4,28.8,72.0,0.0,8.0,4.0,45.0,1.0,SW,Sun
26-08-2006,25.0,32.4,28.3,72.0,0.0,8.0,3.0,360.0,2.0,N ,Sun
27-08-2006,25.0,32.4,28.1,68.0,0.0,8.0,3.0,270.0,2.0,E ,Sun
28-08-2006,24.0,33.6,28.5,63.0,0.0,8.0,4.0,135.0,1.0,SE,Sun
29-08-2006,25.0,33.4,28.0,67.0,0.0,7.8,4.0,135.0,2.0,SE,Sun
30-08-2006,26.0,33.4,28.9,70.0,0.0,8.0,4.0,90.0,2.0,SW,Sun
31-08-2006,25.0,32.8,28.9,71.0,0.0,7.0,4.0,45.0,2.0,NE,Sun
01-09-2006,25.0,32.4,28.3,69.0,0.0,8.0,4.0,315.0,2.0,NW,Sun
02-09-2006,25.0,33.4,29.2,69.0,0.0,8.0,3.0,45.0,2.0,N ,Sun
03-09-2006,25.0,33.2,28.4,71.0,0.0,8.0,3.0,45.0,2.0,E ,Sun
04-09-2006,24.0,32.4,27.6,70.0,0.0,8.0,3.0,315.0,2.0,W ,Sun
05-09-2006,24.0,33.0,28.0,63.0,0.0,8.0,3.0,315.0,2.0,W ,Sun
06-09-2006,24.0,34.0,28.4,64.0,0.0,8.0,3.0,315.0,2.0,W ,Sun
07-09-2006,25.0,34.5,29.0,68.0,0.0,8.0,4.0,135.0,3.0,E ,Sun
08-09-2006,25.0,34.0,28.3,68.0,0.0,8.0,4.0,135.0,3.0,SE,Sun
09-09-2006,26.0,34.0,29.2,66.0,0.0,8.0,5.0,45.0,3.0,NE,Sun
10-09-2006,25.0,35.4,30.0,71.0,0.0,8.0,5.0,45.0,3.0,NE,Sun
11-09-2006,25.0,36.0,29.0,64.0,0.0,8.0,4.0,90.0,3.0,E ,Sun
12-09-2006,26.0,34.6,29.0,60.0,0.0,8.0,3.0,270.0,3.0,E ,Sun
13-09-2006,26.0,34.8,29.0,61.0,0.0,8.0,4.0,225.0,2.0,W ,Sun
14-09-2006,25.0,32.8,29.1,67.0,0.0,7.0,4.0,225.0,3.0,NW,Sun
15-09-2006,27.0,33.6,29.6,74.0,0.0,3.0,3.0,90.0,2.0,E ,Sun
16-09-2006,26.0,33.4,29.3,71.0,0.0,7.0,4.0,45.0,3.0,NE,Sun
17-09-2006,25.0,33.2,28.7,68.0,0.0,5.0,5.0,180.0,4.0,SW,Sun
18-09-2006,25.0,33.4,28.9,70.0,0.0,8.0,4.0,225.0,3.0,E ,Sun
19-09-2006,26.0,34.6,29.0,64.0,0.0,8.0,4.0,45.0,3.0,E ,Sun
20-09-2006,25.0,34.6,29.5,61.0,0.0,8.0,4.0,270.0,3.0,W ,Sun
21-09-2006,25.0,33.6,28.7,63.0,0.0,8.0,4.0,180.0,3.0,S ,Sun
22-09-2006,24.0,33.4,28.3,67.0,0.0,8.0,3.0,180.0,2.0,S ,Sun
23-09-2006,25.0,32.8,28.2,70.0,0.0,6.0,3.0,225.0,2.0,SW,Sun
24-09-2006,25.0,31.8,28.1,68.0,0.0,8.0,4.0,90.0,3.0,E ,Sun
25-09-2006,25.0,32.7,27.9,64.0,0.0,8.0,4.0,90.0,3.0,NE,Sun
26-09-2006,25.0,32.4,28.4,65.0,0.0,7.0,4.0,90.0,3.0,NE,Sun
27-09-2006,25.0,33.0,28.3,66.0,0.0,7.5,4.0,360.0,3.0,N ,Sun
28-09-2006,25.0,33.6,28.7,58.0,0.0,6.5,4.0,180.0,3.0,N ,Sun
29-09-2006,25.0,34.0,28.8,68.0,0.0,8.0,4.0,180.0,3.0,S ,Sun
30-09-2006,25.0,33.8,29.0,62.0,0.2,8.0,3.0,225.0,3.0,NW,Sun
01-10-2006,25.0,34.2,29.3,63.0,0.0,8.0,4.0,360.0,1.0,W ,Sun
02-10-2006,25.0,36.8,29.5,52.0,0.0,8.0,4.0,360.0,1.0,E ,Sun
03-10-2006,26.0,34.6,29.6,60.0,0.0,8.0,3.0,360.0,1.0,W ,Sun
04-10-2006,26.0,33.8,29.4,64.0,0.0,7.5,4.0,315.0,1.0,W ,Sun
05-10-2006,26.0,33.4,29.4,67.0,0.0,7.8,4.0,315.0,2.0,W ,Sun
06-10-2006,26.0,34.0,29.1,68.0,0.0,7.0,4.0,90.0,1.0,E ,Sun
07-10-2006,25.0,33.2,29.0,69.0,0.0,7.5,4.0,90.0,1.0,E ,Sun
08-10-2006,25.0,35.1,29.8,65.0,0.0,7.0,4.0,90.0,2.0,N ,Sun
09-10-2006,25.0,35.3,29.6,57.0,0.0,8.0,3.0,360.0,2.0,N ,Sun
10-10-2006,25.0,34.0,29.1,61.0,0.0,8.0,3.0,135.0,1.0,SE,Sun
11-10-2006,26.0,33.4,29.0,62.0,0.0,8.0,4.0,315.0,2.0,S ,Sun
12-10-2006,26.0,33.6,29.9,65.0,0.0,8.0,5.0,180.0,2.0,S ,Sun
13-10-2006,25.0,34.0,29.0,62.0,0.0,7.0,3.0,360.0,1.0,N ,Sun
14-10-2006,25.0,35.0,29.6,67.0,0.0,8.0,3.0,360.0,1.0,N ,Sun
15-10-2006,27.0,33.8,29.5,72.0,0.0,8.0,3.0,360.0,2.0,N ,Sun
16-10-2006,27.0,34.0,29.8,70.0,0.0,6.8,3.0,315.0,1.0,NW,Sun
17-10-2006,27.0,32.8,29.6,68.0,0.0,5.1,5.0,225.0,1.0,SW,Sun
18-10-2006,27.0,34.6,30.3,66.0,0.0,8.0,4.0,180.0,2.0,W ,Sun
19-10-2006,25.0,34.6,28.8,65.0,0.0,4.0,3.0,360.0,1.0,W ,Sun
20-10-2006,26.0,34.8,30.2,68.0,0.0,8.0,3.0,315.0,1.0,W ,Sun
21-10-2006,28.0,34.6,30.5,70.0,0.0,7.0,3.0,360.0,1.0,N ,Sun
22-10-2006,27.0,35.1,30.6,69.0,0.0,7.0,4.0,180.0,1.0,N ,Sun
23-10-2006,26.0,34.8,29.4,70.0,0.0,8.0,4.0,270.0,2.0,SW,Sun
24-10-2006,26.0,34.2,29.9,67.0,0.0,8.0,4.0,315.0,2.0,W ,Sun
25-10-2006,25.0,35.2,29.8,66.0,0.0,8.0,4.0,180.0,1.0,S ,Sun
26-10-2006,25.0,33.8,29.5,71.0,0.0,3.0,4.0,360.0,1.0,NW,Sun
27-10-2006,27.0,34.6,29.7,68.0,0.0,8.0,3.0,360.0,2.0,N ,Sun
28-10-2006,26.0,34.3,29.6,70.0,0.0,5.4,3.0,225.0,2.0,NW,Sun
29-10-2006,27.0,34.0,29.2,68.0,0.0,7.7,4.0,225.0,2.0,NW,Sun
30-10-2006,27.0,33.2,29.9,71.0,0.0,3.0,4.0,270.0,2.0,W ,Sun
31-10-2006,25.0,34.6,30.1,68.0,10.6,8.0,4.0,360.0,1.0,N ,Rain
01-11-2006,25.0,33.0,29.1,75.0,0.0,4.0,3.0,360.0,0.0,N ,Sun
02-11-2006,25.0,33.6,28.7,73.0,0.0,8.0,4.0,90.0,1.0,E ,Sun
03-11-2006,27.0,33.8,29.5,72.0,0.0,5.2,3.0,315.0,1.0,N ,Sun
04-11-2006,27.0,35.2,30.1,71.0,0.0,8.0,4.0,315.0,2.0,S ,Sun
05-11-2006,27.0,34.2,30.1,68.0,0.0,7.5,4.0,180.0,2.0,W ,Sun
06-11-2006,26.0,34.8,30.1,67.0,0.0,7.0,3.0,45.0,1.0,NE,Sun
07-11-2006,25.0,34.0,30.0,72.0,0.0,7.0,3.0,360.0,2.0,NW,Sun
08-11-2006,25.0,33.6,29.3,74.0,17.0,7.0,4.0,315.0,2.0,NW,Rain
09-11-2006,25.0,34.1,29.3,72.0,0.0,5.0,3.0,360.0,1.0,N ,Sun
10-11-2006,26.0,35.0,29.3,72.0,0.0,8.0,4.0,270.0,2.0,S ,Sun
11-11-2006,27.0,33.9,29.4,75.0,0.0,7.5,4.0,270.0,2.0,W ,Sun
12-11-2006,25.0,34.6,30.0,68.0,0.0,6.0,3.0,270.0,1.0,W ,Sun
13-11-2006,26.0,35.0,29.7,72.0,0.0,8.0,3.0,135.0,0.0,SE,Sun
14-11-2006,25.0,36.2,30.0,68.0,0.0,8.0,4.0,180.0,1.0,S ,Sun
15-11-2006,26.0,36.0,30.4,68.0,0.0,8.0,4.0,180.0,2.0,N ,Sun
16-11-2006,28.0,34.8,30.2,66.0,8888.0,8.0,4.0,135.0,2.0,E ,Rain
17-11-2006,28.0,35.8,30.5,68.0,0.0,8.0,4.0,270.0,2.0,W ,Sun
18-11-2006,25.0,35.6,30.7,70.0,0.0,4.0,3.0,270.0,1.0,W ,Sun
19-11-2006,25.0,36.0,30.5,69.0,0.0,8.0,3.0,360.0,1.0,N ,Sun
20-11-2006,25.0,35.4,31.1,68.0,0.0,7.0,4.0,90.0,1.0,NE,Sun
21-11-2006,26.0,35.1,29.7,69.0,0.0,8.0,3.0,360.0,2.0,NE,Sun
22-11-2006,26.0,34.4,30.3,70.0,5.7,2.5,4.0,270.0,2.0,N ,Rain
23-11-2006,26.0,32.8,28.7,80.0,0.4,4.0,4.0,270.0,2.0,SW,Sun
24-11-2006,25.0,34.6,29.9,71.0,0.0,1.0,4.0,180.0,1.0,S ,Sun
25-11-2006,26.0,34.8,29.7,71.0,0.0,5.4,4.0,90.0,1.0,E ,Sun
26-11-2006,25.0,35.0,30.3,70.0,0.0,7.0,4.0,180.0,1.0,E ,Sun
27-11-2006,26.0,32.8,28.5,75.0,0.5,0.0,3.0,315.0,1.0,SE,Sun
28-11-2006,26.0,33.4,28.7,74.0,8888.0,0.6,4.0,180.0,2.0,S ,Rain
29-11-2006,26.0,32.8,29.4,72.0,3.2,3.5,4.0,270.0,2.0,W ,Drizzle
30-11-2006,25.0,34.6,29.9,70.0,8888.0,8.0,3.0,90.0,1.0,E ,Rain
01-12-2006,25.0,33.4,29.7,70.0,2.0,2.0,2.0,315.0,0.0,NW,Drizzle
02-12-2006,26.0,33.4,29.1,72.0,1.4,4.0,3.0,315.0,2.0,NW,Drizzle
03-12-2006,27.0,33.2,29.6,74.0,0.0,5.0,3.0,360.0,1.0,N ,Sun
04-12-2006,26.0,31.6,29.1,80.0,1.2,1.0,4.0,360.0,1.0,N ,Drizzle
05-12-2006,27.0,32.8,28.8,78.0,0.0,4.5,4.0,180.0,1.0,NW,Sun
06-12-2006,26.0,32.8,29.1,76.0,0.0,1.2,4.0,90.0,2.0,W ,Sun
07-12-2006,25.0,33.6,29.7,71.0,0.0,4.2,3.0,360.0,4.0,NW,Sun
08-12-2006,25.0,33.4,29.7,71.0,0.0,4.3,4.0,360.0,1.0,W ,Sun
09-12-2006,26.0,34.4,29.4,73.0,0.0,6.5,5.0,180.0,2.0,N ,Sun
10-12-2006,27.0,32.0,28.9,74.0,0.5,0.0,3.0,360.0,1.0,N ,Sun
11-12-2006,26.0,33.9,29.8,68.0,0.0,4.5,4.0,315.0,1.0,NW,Sun
12-12-2006,26.0,33.6,29.2,72.0,2.1,4.3,4.0,225.0,2.0,W ,Drizzle
13-12-2006,27.0,33.0,28.8,76.0,0.0,0.5,4.0,270.0,2.0,W ,Sun
14-12-2006,25.0,34.4,29.8,73.0,0.0,5.0,4.0,270.0,2.0,NW,Sun
15-12-2006,26.0,33.8,29.8,72.0,0.0,7.0,4.0,270.0,2.0,SW,Sun
16-12-2006,27.0,34.4,30.1,73.0,0.0,8.0,5.0,225.0,2.0,N ,Sun
17-12-2006,27.0,32.6,29.3,78.0,6.6,2.0,3.0,270.0,1.0,NW,Rain
18-12-2006,26.0,30.6,28.7,83.0,12.2,0.0,3.0,315.0,1.0,NW,Rain
19-12-2006,26.0,32.4,28.6,79.0,0.0,3.5,4.0,315.0,2.0,W ,Sun
20-12-2006,27.0,32.4,29.0,75.0,0.0,1.5,4.0,315.0,2.0,NW,Sun
21-12-2006,25.0,33.2,29.4,75.0,0.0,4.0,5.0,360.0,2.0,NW,Sun
22-12-2006,26.0,32.4,28.5,78.0,28.9,2.0,6.0,315.0,2.0,NW,Rain
23-12-2006,26.0,30.2,28.0,82.0,6.2,0.0,6.0,360.0,3.0,NW,Rain
24-12-2006,26.0,30.6,27.4,83.0,3.4,0.0,5.0,360.0,2.0,NW,Drizzle
25-12-2006,26.0,32.6,28.0,79.0,1.2,1.0,8.0,315.0,2.0,W ,Drizzle
26-12-2006,26.0,31.4,28.0,82.0,3.6,2.0,4.0,270.0,2.0,NW,Drizzle
27-12-2006,25.0,30.4,27.2,83.0,0.0,0.0,4.0,315.0,2.0,NW,Sun
28-12-2006,26.0,31.8,28.7,76.0,1.5,1.0,8.0,315.0,5.0,W ,Drizzle
29-12-2006,25.0,27.6,26.2,88.0,25.0,0.0,6.0,315.0,3.0,W ,Rain
30-12-2006,24.0,30.0,27.4,85.0,16.3,0.0,4.0,270.0,2.0,W ,Rain
31-12-2006,24.0,29.6,26.3,80.0,0.2,0.5,7.0,270.0,3.0,W ,Sun
01-01-2007,24.0,31.0,27.4,77.0,6.5,1.5,5.0,315.0,3.0,W ,Rain
02-01-2007,24.0,32.0,27.7,74.0,0.0,3.0,10.0,270.0,4.0,W ,Sun
03-01-2007,25.0,31.6,28.2,72.0,0.0,3.0,7.0,270.0,5.0,W ,Sun
04-01-2007,26.0,33.0,28.4,62.0,0.0,4.0,8.0,315.0,5.0,W ,Sun
05-01-2007,25.0,33.6,29.1,64.0,0.0,6.0,9.0,360.0,3.0,W ,Sun
06-01-2007,25.0,34.0,28.9,63.0,0.0,8.0,7.0,270.0,5.0,W ,Sun
07-01-2007,26.0,34.2,29.8,60.0,0.0,8.0,8.0,270.0,4.0,W ,Sun
08-01-2007,26.0,33.4,29.0,63.0,0.0,6.0,4.0,270.0,2.0,W ,Sun
09-01-2007,27.0,32.4,29.1,74.0,0.0,8.0,7.0,315.0,4.0,W ,Sun
10-01-2007,26.0,36.0,31.1,54.0,0.0,1.0,6.0,270.0,4.0,W ,Sun
11-01-2007,25.0,36.0,30.3,56.0,0.0,8.0,9.0,270.0,4.0,W ,Sun
12-01-2007,26.0,35.2,29.9,61.0,0.0,5.0,6.0,270.0,4.0,W ,Sun
13-01-2007,26.0,34.4,29.7,63.0,0.0,8.0,8.0,270.0,4.0,W ,Sun
14-01-2007,26.0,34.4,29.3,71.0,0.0,5.0,8.0,270.0,3.0,W ,Sun
15-01-2007,26.0,32.0,28.9,70.0,0.2,3.0,5.0,315.0,3.0,W ,Sun
16-01-2007,26.0,34.0,28.5,74.0,0.0,8.0,6.0,315.0,2.0,W ,Sun
17-01-2007,26.0,33.2,29.4,72.0,5.0,6.1,4.0,315.0,1.0,W ,Drizzle
18-01-2007,25.0,33.0,29.0,76.0,1.0,8.0,5.0,270.0,2.0,W ,Drizzle
19-01-2007,26.0,33.2,29.0,74.0,0.0,6.0,4.0,270.0,2.0,W ,Sun
20-01-2007,25.0,32.6,28.9,77.0,0.4,3.0,3.0,270.0,0.0,SW,Sun
21-01-2007,26.0,32.8,28.6,78.0,0.0,8.0,6.0,270.0,2.0,NW,Sun
22-01-2007,26.0,32.6,29.2,77.0,1.6,3.0,4.0,315.0,2.0,W ,Drizzle
23-01-2007,23.0,29.6,27.1,83.0,37.5,0.0,3.0,270.0,1.0,W ,Rain
24-01-2007,24.0,32.0,26.8,81.0,7.7,2.0,5.0,315.0,2.0,NW,Rain
25-01-2007,24.0,30.1,28.0,78.0,37.2,0.0,4.0,315.0,1.0,W ,Rain
26-01-2007,25.0,31.5,27.7,83.0,0.0,6.0,5.0,270.0,2.0,NW,Sun
27-01-2007,26.0,30.4,28.2,81.0,18.9,0.5,7.0,270.0,2.0,W ,Rain
28-01-2007,26.0,31.0,27.7,82.0,6.6,1.5,4.0,270.0,2.0,W ,Rain
29-01-2007,25.0,28.8,27.4,80.0,4.8,0.0,4.0,315.0,3.0,NW,Drizzle
30-01-2007,25.0,29.6,27.8,76.0,15.5,1.0,5.0,270.0,2.0,NW,Rain
31-01-2007,24.0,29.0,27.0,78.0,68.4,0.0,7.0,315.0,3.0,NW,Rain
01-02-2007,24.0,27.0,26.0,90.0,234.7,0.0,6.0,270.0,2.0,NW,Rain
02-02-2007,24.0,28.0,25.9,92.0,76.7,0.0,8.0,270.0,3.0,NW,Rain
03-02-2007,25.0,29.8,27.1,78.0,4.4,2.0,5.0,315.0,3.0,NW,Drizzle
04-02-2007,25.0,29.4,26.7,83.0,17.7,0.0,5.0,315.0,2.0,W ,Rain
05-02-2007,23.0,30.4,27.3,86.0,105.0,3.5,4.0,315.0,2.0,NW,Rain
06-02-2007,24.0,29.8,26.6,82.0,0.6,3.0,4.0,315.0,2.0,NW,Sun
07-02-2007,22.0,29.2,27.3,81.0,32.1,1.0,4.0,225.0,2.0,W ,Rain
08-02-2007,22.0,28.3,25.0,90.0,35.4,0.0,3.0,360.0,1.0,W ,Rain
09-02-2007,25.0,29.6,26.9,89.0,66.0,1.5,4.0,315.0,2.0,NW,Rain
10-02-2007,25.0,30.6,27.8,82.0,0.1,3.0,4.0,360.0,2.0,N ,Sun
11-02-2007,25.0,31.2,28.3,80.0,0.0,5.8,4.0,360.0,1.0,N ,Sun
12-02-2007,26.0,31.4,28.7,78.0,3.6,7.2,4.0,360.0,2.0,N ,Drizzle
13-02-2007,24.0,27.4,26.4,85.0,20.6,0.5,4.0,270.0,3.0,W ,Rain
14-02-2007,25.0,31.8,26.7,82.0,0.0,7.0,4.0,315.0,1.0,NW,Sun
15-02-2007,25.0,31.8,27.4,85.0,13.8,6.0,3.0,360.0,2.0,N ,Rain
16-02-2007,24.0,30.6,27.0,82.0,0.0,0.0,4.0,360.0,2.0,N ,Sun
17-02-2007,25.0,33.5,27.4,77.0,0.8,6.6,3.0,270.0,2.0,N ,Sun
18-02-2007,25.0,32.8,27.6,78.0,8888.0,6.5,4.0,270.0,1.0,W ,Rain
19-02-2007,24.0,30.8,27.8,78.0,0.2,2.0,4.0,315.0,1.0,NW,Sun
20-02-2007,24.0,29.0,26.4,88.0,2.6,0.0,3.0,270.0,1.0,W ,Drizzle
21-02-2007,25.0,30.8,27.0,82.0,0.0,0.5,4.0,360.0,2.0,NW,Sun
22-02-2007,26.0,32.4,27.7,78.0,1.7,2.0,5.0,360.0,2.0,NW,Drizzle
23-02-2007,25.0,31.5,27.9,76.0,0.0,7.5,3.0,315.0,2.0,N ,Sun
24-02-2007,24.0,29.8,27.7,82.0,29.9,0.0,4.0,270.0,1.0,N ,Rain
25-02-2007,24.0,31.0,26.9,84.0,3.4,5.0,4.0,270.0,1.0,W ,Drizzle
26-02-2007,25.0,32.2,27.7,82.0,12.4,5.0,4.0,360.0,2.0,W ,Rain
27-02-2007,25.0,31.4,27.0,84.0,12.8,1.5,8.0,45.0,3.0,W ,Rain
28-02-2007,25.0,32.0,27.9,75.0,0.4,6.0,5.0,270.0,3.0,E ,Sun
01-03-2007,25.0,31.8,27.4,70.0,2.6,6.5,7.0,270.0,4.0,W ,Drizzle
02-03-2007,25.0,29.2,27.1,85.0,17.7,0.5,8.0,90.0,4.0,E ,Rain
03-03-2007,25.0,30.0,27.0,76.0,0.5,0.4,6.0,270.0,4.0,W ,Sun
04-03-2007,24.0,31.8,26.7,79.0,5.3,1.0,5.0,90.0,3.0,W ,Rain
05-03-2007,24.0,31.6,26.8,82.0,17.5,3.0,9.0,135.0,5.0,E ,Rain
06-03-2007,25.0,31.5,27.6,75.0,0.3,1.0,6.0,315.0,5.0,E ,Sun
07-03-2007,25.0,32.2,27.7,76.0,1.2,2.9,7.0,90.0,4.0,W ,Drizzle
08-03-2007,25.0,31.2,27.8,76.0,12.9,5.5,5.0,360.0,3.0,NW,Rain
09-03-2007,25.0,29.8,27.8,82.0,32.2,3.5,5.0,315.0,4.0,N ,Rain
10-03-2007,25.0,31.1,27.9,80.0,9.8,4.0,7.0,45.0,4.0,N ,Rain
11-03-2007,25.0,31.6,27.9,79.0,6.0,4.0,4.0,315.0,3.0,N ,Rain
12-03-2007,26.0,33.0,28.6,77.0,0.0,5.0,4.0,315.0,2.0,NW,Sun
13-03-2007,25.0,31.4,28.1,77.0,7.9,4.4,4.0,315.0,3.0,NW,Rain
14-03-2007,25.0,32.6,27.6,79.0,21.6,7.0,5.0,315.0,4.0,NW,Rain
15-03-2007,25.0,32.4,28.1,78.0,0.0,2.0,4.0,270.0,3.0,W ,Sun
16-03-2007,25.0,33.2,28.4,75.0,0.6,6.0,8.0,270.0,4.0,W ,Sun
17-03-2007,26.0,32.4,28.4,75.0,0.0,4.0,7.0,90.0,5.0,E ,Sun
18-03-2007,26.0,31.6,28.7,78.0,35.9,3.0,5.0,270.0,3.0,W ,Rain
19-03-2007,26.0,33.2,28.5,71.0,2.3,5.5,4.0,90.0,3.0,W ,Drizzle
20-03-2007,25.0,30.4,28.1,80.0,8888.0,2.0,8.0,90.0,5.0,W ,Rain
21-03-2007,25.0,32.8,28.3,72.0,0.0,6.0,10.0,90.0,6.0,E ,Sun
22-03-2007,26.0,31.0,28.1,77.0,0.0,0.0,11.0,135.0,5.0,W ,Sun
23-03-2007,26.0,33.0,29.0,62.0,0.0,0.0,5.0,270.0,3.0,W ,Sun
24-03-2007,26.0,35.2,29.2,64.0,0.0,4.8,4.0,270.0,3.0,W ,Sun
25-03-2007,27.0,32.4,28.5,68.0,0.0,2.5,10.0,90.0,4.0,W ,Sun
26-03-2007,24.0,32.2,28.6,70.0,0.0,3.0,6.0,270.0,5.0,W ,Sun
27-03-2007,26.0,31.8,28.1,76.0,0.0,0.0,7.0,90.0,4.0,E ,Sun
28-03-2007,26.0,33.4,29.0,73.0,0.0,6.0,5.0,270.0,3.0,W ,Sun
29-03-2007,26.0,32.4,28.6,75.0,0.0,5.0,4.0,180.0,3.0,W ,Sun
30-03-2007,25.0,30.9,27.5,83.0,1.8,0.5,4.0,315.0,3.0,W ,Drizzle
31-03-2007,24.0,33.1,28.9,72.0,2.2,4.0,4.0,90.0,3.0,E ,Drizzle
01-04-2007,26.0,32.8,28.6,78.0,0.0,6.5,7.0,45.0,4.0,NE,Sun
02-04-2007,26.0,34.0,29.2,76.0,3.0,7.5,4.0,270.0,3.0,E ,Drizzle
03-04-2007,26.0,33.4,29.1,75.0,8888.0,6.5,3.0,180.0,3.0,W ,Rain
04-04-2007,25.0,33.8,28.2,77.0,1.0,4.0,5.0,270.0,3.0,W ,Drizzle
05-04-2007,26.0,31.5,27.5,84.0,8.8,1.5,5.0,270.0,4.0,W ,Rain
06-04-2007,25.0,29.9,27.5,86.0,8.3,1.0,5.0,135.0,3.0,W ,Rain
07-04-2007,25.0,32.4,28.3,78.0,0.0,4.5,6.0,45.0,3.0,NW,Sun
08-04-2007,25.0,32.0,27.9,81.0,13.2,5.0,5.0,360.0,3.0,S ,Rain
09-04-2007,26.0,33.8,29.0,78.0,0.0,4.0,5.0,315.0,3.0,W ,Sun
10-04-2007,25.0,33.2,28.7,79.0,5.7,8.0,5.0,270.0,3.0,W ,Rain
11-04-2007,25.0,29.1,26.9,85.0,0.0,0.5,5.0,90.0,3.0,E ,Sun
12-04-2007,25.0,33.5,29.0,76.0,0.0,8.0,5.0,270.0,3.0,W ,Sun
13-04-2007,26.0,33.0,29.6,73.0,0.0,8.0,5.0,360.0,3.0,E ,Sun
14-04-2007,26.0,33.6,29.3,72.0,2.7,3.0,7.0,90.0,4.0,W ,Drizzle
15-04-2007,26.0,33.0,29.0,76.0,0.0,1.5,5.0,270.0,3.0,W ,Sun
16-04-2007,25.0,32.4,29.1,80.0,1.0,3.4,5.0,90.0,3.0,E ,Drizzle
17-04-2007,26.0,31.8,28.7,76.0,0.0,2.5,4.0,315.0,3.0,W ,Sun
18-04-2007,24.0,32.8,28.6,76.0,1.2,5.0,3.0,315.0,3.0,NW,Drizzle
19-04-2007,25.0,32.2,28.4,79.0,10.8,1.0,3.0,270.0,3.0,W ,Rain
20-04-2007,25.0,32.6,28.5,78.0,0.0,5.0,3.0,225.0,2.0,NW,Sun
21-04-2007,27.0,32.8,29.2,76.0,0.0,3.4,4.0,360.0,3.0,N ,Sun
22-04-2007,25.0,32.0,27.9,83.0,27.5,2.0,4.0,225.0,3.0,W ,Rain
23-04-2007,25.0,32.6,27.7,81.0,0.0,4.5,5.0,270.0,4.0,W ,Sun
24-04-2007,24.0,32.4,27.5,84.0,30.3,5.0,5.0,270.0,3.0,W ,Rain
25-04-2007,24.0,31.0,26.8,84.0,49.4,0.0,5.0,270.0,2.0,W ,Rain
26-04-2007,25.0,30.9,26.9,86.0,1.7,0.5,4.0,315.0,3.0,NW,Drizzle
27-04-2007,25.0,31.8,27.6,82.0,0.9,0.6,4.0,270.0,3.0,NW,Sun
28-04-2007,25.0,32.2,28.1,76.0,0.0,8.0,4.0,225.0,3.0,SW,Sun
29-04-2007,26.0,33.1,28.4,75.0,0.0,8.0,4.0,270.0,3.0,W ,Sun
30-04-2007,24.0,31.6,28.1,78.0,0.0,1.0,4.0,270.0,3.0,W ,Sun
01-05-2007,26.0,33.2,28.9,72.0,0.0,3.0,5.0,315.0,3.0,W ,Sun
02-05-2007,26.0,30.5,27.9,82.0,13.2,1.0,4.0,360.0,2.0,W ,Rain
03-05-2007,26.0,33.8,28.7,76.0,0.0,7.6,4.0,180.0,3.0,S ,Sun
04-05-2007,26.0,34.2,28.7,73.0,0.0,8.0,4.0,180.0,3.0,E ,Sun
05-05-2007,26.0,32.4,29.0,72.0,0.0,3.0,4.0,270.0,3.0,W ,Sun
06-05-2007,25.0,34.0,29.1,77.0,0.0,8.0,4.0,360.0,3.0,N ,Sun
07-05-2007,27.0,35.2,30.0,72.0,0.0,8.0,5.0,360.0,3.0,W ,Sun
08-05-2007,27.0,34.8,30.4,73.0,0.0,8.0,4.0,360.0,3.0,N ,Sun
09-05-2007,27.0,35.0,30.5,70.0,0.0,8.0,4.0,270.0,3.0,E ,Sun
10-05-2007,25.0,33.0,28.6,76.0,70.8,3.5,5.0,270.0,3.0,NW,Rain
11-05-2007,25.0,33.0,28.2,78.0,2.2,4.5,5.0,90.0,3.0,E ,Drizzle
12-05-2007,24.0,31.6,27.0,84.0,2.5,1.0,5.0,315.0,3.0,E ,Drizzle
13-05-2007,25.0,32.4,28.6,76.0,5.6,4.5,4.0,90.0,3.0,E ,Rain
14-05-2007,25.0,29.0,26.7,86.0,2.7,0.0,4.0,270.0,3.0,E ,Drizzle
15-05-2007,25.0,31.2,26.3,85.0,3.1,3.4,3.0,90.0,2.0,E ,Drizzle
16-05-2007,25.0,30.0,27.4,90.0,8.0,0.0,4.0,180.0,3.0,E ,Rain
17-05-2007,25.0,32.2,27.9,79.0,13.4,6.5,3.0,45.0,2.0,N ,Rain
18-05-2007,26.0,32.1,28.2,81.0,0.0,3.0,3.0,315.0,2.0,W ,Sun
19-05-2007,26.0,33.4,28.8,76.0,0.0,7.8,5.0,315.0,3.0,NW,Sun
20-05-2007,26.0,34.0,29.3,72.0,0.0,8.0,4.0,315.0,3.0,NW,Sun
21-05-2007,27.0,34.5,30.0,74.0,0.0,8.0,4.0,315.0,3.0,NW,Sun
22-05-2007,27.0,34.2,29.7,76.0,1.1,8.0,5.0,270.0,3.0,NW,Drizzle
23-05-2007,25.0,33.4,29.2,72.0,8888.0,8.0,4.0,45.0,3.0,E ,Rain
24-05-2007,26.0,33.8,29.7,73.0,0.0,8.0,7.0,315.0,4.0,E ,Sun
25-05-2007,25.0,34.0,29.8,74.0,0.0,8.0,5.0,360.0,3.0,N ,Sun
26-05-2007,27.0,32.6,29.3,74.0,0.0,4.0,4.0,270.0,2.0,E ,Sun
27-05-2007,27.0,34.0,29.6,68.0,0.0,6.8,4.0,315.0,3.0,NW,Sun
28-05-2007,27.0,33.8,29.2,73.0,0.0,8.0,5.0,180.0,3.0,NW,Sun
29-05-2007,26.0,34.2,29.4,72.0,0.0,8.0,5.0,315.0,3.0,W ,Sun
30-05-2007,27.0,33.6,29.2,74.0,0.0,6.0,7.0,360.0,4.0,E ,Sun
31-05-2007,24.0,31.2,28.0,88.0,65.9,0.3,8.0,90.0,2.0,SW,Rain
01-06-2007,26.0,32.6,28.5,80.0,8888.0,5.5,3.0,270.0,2.0,E ,Rain
02-06-2007,26.0,33.6,29.3,73.0,0.0,7.6,4.0,315.0,3.0,W ,Sun
03-06-2007,25.0,33.4,29.6,74.0,8888.0,7.8,6.0,90.0,3.0,NW,Rain
04-06-2007,27.0,34.0,29.1,76.0,4.8,7.5,8.0,90.0,3.0,E ,Drizzle
05-06-2007,24.0,30.0,26.3,89.0,20.4,0.0,3.0,90.0,3.0,S ,Rain
06-06-2007,25.0,33.6,28.3,78.0,0.0,3.0,5.0,90.0,3.0,E ,Sun
07-06-2007,25.0,32.5,29.0,77.0,0.0,4.0,4.0,270.0,3.0,W ,Sun
08-06-2007,26.0,33.8,28.9,75.0,8888.0,4.2,7.0,135.0,4.0,E ,Rain
09-06-2007,26.0,33.4,29.1,76.0,0.0,8.0,4.0,180.0,4.0,E ,Sun
10-06-2007,26.0,34.0,29.6,68.0,0.0,8.0,4.0,90.0,3.0,NE,Sun
11-06-2007,25.0,32.9,29.2,68.0,0.0,6.0,5.0,360.0,3.0,NE,Sun
12-06-2007,25.0,33.0,28.9,70.0,0.0,5.5,4.0,315.0,2.0,NE,Sun
13-06-2007,25.0,33.6,28.7,68.0,0.0,8.0,4.0,270.0,3.0,E ,Sun
14-06-2007,27.0,33.5,29.8,70.0,0.0,7.1,4.0,360.0,3.0,W ,Sun
15-06-2007,26.0,33.8,29.4,67.0,0.0,3.5,4.0,180.0,3.0,W ,Sun
16-06-2007,27.0,33.1,29.5,72.0,0.0,4.0,4.0,315.0,3.0,W ,Sun
17-06-2007,25.0,31.0,28.6,76.0,0.0,3.0,3.0,315.0,2.0,NW,Sun
18-06-2007,26.0,32.6,28.9,73.0,0.7,8.0,5.0,360.0,3.0,N ,Sun
19-06-2007,26.0,31.1,27.6,85.0,0.6,1.0,4.0,270.0,3.0,W ,Sun
20-06-2007,24.0,30.6,26.9,86.0,52.4,0.0,4.0,270.0,3.0,W ,Rain
21-06-2007,25.0,31.6,27.6,78.0,0.0,8.0,5.0,225.0,3.0,E ,Sun
22-06-2007,26.0,33.0,28.3,79.0,0.0,8.0,4.0,45.0,3.0,NE,Sun
23-06-2007,25.0,32.6,29.2,72.0,0.0,8.0,4.0,180.0,3.0,W ,Sun
24-06-2007,25.0,32.8,28.4,78.0,0.0,7.0,3.0,270.0,3.0,W ,Sun
25-06-2007,26.0,32.4,28.6,77.0,0.0,8.0,5.0,270.0,3.0,W ,Sun
26-06-2007,26.0,32.6,28.7,78.0,0.0,3.4,5.0,315.0,3.0,NW,Sun
27-06-2007,24.0,31.3,28.1,78.0,4.8,3.0,5.0,270.0,3.0,W ,Drizzle
28-06-2007,24.0,26.0,25.6,89.0,17.0,0.0,4.0,135.0,3.0,S ,Rain
29-06-2007,25.0,33.2,27.5,78.0,0.0,6.0,4.0,135.0,3.0,NW,Sun
30-06-2007,25.0,32.4,28.4,80.0,0.0,8.0,3.0,90.0,2.0,E ,Sun
01-07-2007,26.0,32.1,28.4,79.0,0.0,8.0,3.0,90.0,2.0,E ,Sun
02-07-2007,27.0,32.0,28.8,76.0,0.0,4.0,3.0,315.0,2.0,NW,Sun
03-07-2007,26.0,33.2,29.4,74.0,0.0,2.0,5.0,270.0,3.0,E ,Sun
04-07-2007,25.0,32.2,29.2,72.0,0.0,8.0,4.0,270.0,3.0,W ,Sun
05-07-2007,25.0,32.2,28.2,68.0,0.0,6.0,5.0,135.0,3.0,NW,Sun
06-07-2007,25.0,33.0,29.0,71.0,0.0,3.5,3.0,90.0,2.0,E ,Sun
07-07-2007,25.0,30.0,27.3,85.0,32.9,0.0,4.0,270.0,3.0,W ,Rain
08-07-2007,25.0,33.6,29.1,72.0,0.0,8.0,3.0,135.0,3.0,SE,Sun
09-07-2007,24.0,32.0,28.1,66.0,0.0,1.5,4.0,180.0,2.0,E ,Sun
10-07-2007,25.0,32.6,28.4,65.0,0.0,6.5,4.0,270.0,3.0,E ,Sun
11-07-2007,25.0,32.2,27.8,65.0,0.0,4.0,4.0,225.0,3.0,SE,Sun
12-07-2007,24.0,30.6,27.4,68.0,0.0,3.0,4.0,315.0,3.0,W ,Sun
13-07-2007,25.0,32.6,28.1,71.0,0.0,4.0,4.0,90.0,3.0,E ,Sun
14-07-2007,26.0,33.6,29.0,68.0,0.0,6.1,4.0,90.0,3.0,E ,Sun
15-07-2007,25.0,33.6,28.8,70.0,0.0,6.2,4.0,225.0,3.0,E ,Sun
16-07-2007,26.0,33.8,29.2,73.0,0.0,8.0,4.0,45.0,3.0,E ,Sun
17-07-2007,25.0,33.8,29.4,72.0,0.0,8.0,6.0,180.0,4.0,E ,Sun
18-07-2007,25.0,34.4,28.9,72.0,0.0,7.0,5.0,180.0,4.0,W ,Sun
19-07-2007,26.0,33.8,29.5,69.0,1.3,8.0,5.0,135.0,3.0,E ,Drizzle
20-07-2007,26.0,33.8,29.2,74.0,0.3,8.0,7.0,90.0,5.0,E ,Sun
21-07-2007,25.0,34.2,29.3,70.0,0.0,8.0,4.0,135.0,3.0,E ,Sun
22-07-2007,26.0,33.0,29.2,68.0,0.0,6.5,4.0,180.0,3.0,S ,Sun
23-07-2007,25.0,33.2,28.8,70.0,0.0,6.0,3.0,270.0,2.0,S ,Sun
24-07-2007,25.0,33.2,28.9,67.0,0.0,7.0,2.0,90.0,2.0,E ,Sun
25-07-2007,25.0,32.0,28.6,71.0,0.0,7.0,4.0,315.0,3.0,NW,Sun
26-07-2007,25.0,33.8,28.4,64.0,0.0,8.0,4.0,90.0,3.0,E ,Sun
27-07-2007,24.0,32.8,28.0,69.0,0.0,7.0,5.0,180.0,2.0,S ,Sun
28-07-2007,26.0,32.5,27.6,72.0,0.0,8.0,4.0,90.0,3.0,E ,Sun
29-07-2007,25.0,34.0,29.1,70.0,0.0,8.0,3.0,90.0,2.0,NE,Sun
30-07-2007,25.0,32.8,28.8,73.0,0.0,4.0,3.0,180.0,2.0,S ,Sun
31-07-2007,25.0,32.7,28.9,69.0,0.0,8.0,4.0,90.0,3.0,E ,Sun
01-08-2007,25.0,33.6,28.5,64.0,0.0,8.0,4.0,315.0,3.0,E ,Sun
02-08-2007,24.0,33.4,28.3,63.0,0.0,7.8,4.0,180.0,3.0,S ,Sun
03-08-2007,26.0,32.9,28.4,61.0,0.0,8.0,4.0,90.0,3.0,E ,Sun
04-08-2007,25.0,32.0,28.7,65.0,0.0,7.0,4.0,360.0,3.0,NW,Sun
05-08-2007,26.0,33.2,28.6,66.0,0.0,8.0,3.0,90.0,2.0,E ,Sun
06-08-2007,26.0,34.1,29.2,63.0,0.0,8.0,4.0,315.0,3.0,E ,Sun
07-08-2007,26.0,34.6,29.4,62.0,0.0,8.0,4.0,90.0,3.0,E ,Sun
08-08-2007,25.0,33.8,28.5,67.0,0.0,8.0,5.0,180.0,3.0,S ,Sun
09-08-2007,26.0,32.8,28.7,73.0,0.0,3.5,4.0,315.0,3.0,NW,Sun
10-08-2007,25.0,32.0,28.6,69.0,0.0,6.0,4.0,90.0,3.0,E ,Sun
11-08-2007,25.0,33.5,29.1,63.0,0.0,8.0,3.0,180.0,3.0,E ,Sun
12-08-2007,25.0,34.0,29.1,65.0,0.0,8.0,4.0,180.0,3.0,E ,Sun
13-08-2007,26.0,34.6,29.4,63.0,0.0,8.0,5.0,135.0,3.0,E ,Sun
14-08-2007,24.0,34.0,29.4,67.0,11.6,8.0,4.0,225.0,3.0,SW,Rain
15-08-2007,25.0,32.6,27.8,73.0,0.0,6.5,4.0,360.0,2.0,E ,Sun
16-08-2007,25.0,33.6,29.1,63.0,0.0,8.0,3.0,135.0,2.0,S ,Sun
17-08-2007,25.0,34.4,29.3,63.0,0.0,8.0,5.0,90.0,2.0,E ,Sun
18-08-2007,26.0,34.2,28.9,66.0,0.0,8.0,5.0,90.0,3.0,E ,Sun
19-08-2007,26.0,34.5,29.6,67.0,8888.0,8.0,5.0,45.0,3.0,E ,Rain
20-08-2007,25.0,33.6,28.7,68.0,32.1,3.0,4.0,180.0,3.0,S ,Rain
21-08-2007,25.0,28.6,26.7,87.0,14.0,0.0,4.0,270.0,3.0,W ,Rain
22-08-2007,24.0,31.4,27.8,75.0,8.9,1.0,6.0,360.0,3.0,E ,Rain
23-08-2007,25.0,32.0,28.0,74.0,0.0,5.5,3.0,90.0,2.0,E ,Sun
24-08-2007,25.0,32.8,28.4,74.0,0.0,6.0,5.0,270.0,3.0,W ,Sun
25-08-2007,25.0,32.6,28.0,72.0,0.0,7.5,4.0,270.0,3.0,W ,Sun
26-08-2007,24.0,32.2,28.3,66.0,0.0,8.0,4.0,180.0,3.0,E ,Sun
27-08-2007,25.0,34.2,29.0,67.0,0.0,8.0,4.0,90.0,2.0,E ,Sun
28-08-2007,25.0,33.4,28.1,62.0,0.0,8.0,3.0,270.0,2.0,W ,Sun
29-08-2007,25.0,34.6,28.9,64.0,0.0,8.0,4.0,135.0,2.0,W ,Sun
30-08-2007,25.0,33.7,28.6,66.0,0.0,8.0,4.0,360.0,3.0,E ,Sun
31-08-2007,25.0,34.0,28.8,67.0,0.0,0.8,5.0,270.0,3.0,W ,Sun
01-09-2007,24.0,33.2,28.7,64.0,0.0,8.0,4.0,135.0,3.0,S ,Sun
02-09-2007,26.0,34.4,29.1,66.0,0.0,8.0,4.0,135.0,3.0,E ,Sun
03-09-2007,25.0,33.7,29.4,68.0,0.0,8.0,4.0,45.0,3.0,N ,Sun
04-09-2007,26.0,32.6,28.7,72.0,0.0,2.0,2.0,225.0,2.0,NE,Sun
05-09-2007,26.0,33.8,28.8,68.0,0.0,7.0,4.0,225.0,3.0,NW,Sun
06-09-2007,26.0,34.4,29.8,69.0,0.0,8.0,5.0,180.0,3.0,E ,Sun
07-09-2007,24.0,33.2,27.9,76.0,17.8,5.0,5.0,135.0,4.0,NW,Rain
08-09-2007,24.0,32.6,27.6,78.0,18.5,6.5,4.0,315.0,3.0,NW,Rain
09-09-2007,25.0,32.4,27.7,76.0,0.0,5.0,3.0,360.0,3.0,N ,Sun
10-09-2007,25.0,32.0,28.2,65.0,0.0,2.0,4.0,270.0,2.0,E ,Sun
11-09-2007,25.0,32.9,27.6,74.0,0.0,8.0,4.0,225.0,3.0,N ,Sun
12-09-2007,25.0,32.4,27.7,68.0,8888.0,8.0,5.0,315.0,3.0,NW,Rain
13-09-2007,24.0,32.8,28.5,66.0,0.0,7.5,5.0,180.0,3.0,SW,Sun
14-09-2007,25.0,33.2,28.4,69.0,0.0,8.0,4.0,270.0,3.0,N ,Sun
15-09-2007,26.0,33.0,28.4,67.0,0.0,5.0,3.0,315.0,2.0,N ,Sun
16-09-2007,27.0,33.0,29.1,66.0,0.0,5.0,6.0,360.0,3.0,N ,Sun
17-09-2007,26.0,31.9,28.8,74.0,0.0,4.3,4.0,270.0,3.0,NW,Sun
18-09-2007,26.0,33.4,28.9,70.0,0.0,8.0,5.0,315.0,3.0,W ,Sun
19-09-2007,24.0,32.6,29.2,66.0,0.0,8.0,4.0,45.0,3.0,S ,Sun
20-09-2007,26.0,32.3,28.6,70.0,0.0,8.0,4.0,45.0,3.0,N ,Sun
21-09-2007,25.0,33.6,28.8,68.0,0.0,8.0,3.0,315.0,2.0,NW,Sun
22-09-2007,26.0,33.1,29.2,63.0,0.0,8.0,3.0,360.0,2.0,N ,Sun
23-09-2007,26.0,32.8,28.6,69.0,0.0,8.0,4.0,90.0,3.0,E ,Sun
24-09-2007,25.0,33.4,29.2,72.0,23.4,7.5,5.0,360.0,3.0,NW,Rain
25-09-2007,25.0,32.2,27.7,72.0,0.0,8.0,4.0,180.0,3.0,NE,Sun
26-09-2007,26.0,34.0,29.4,60.0,0.0,8.0,4.0,90.0,3.0,E ,Sun
27-09-2007,26.0,34.1,29.1,64.0,0.0,8.0,3.0,315.0,2.0,NW,Sun
28-09-2007,26.0,33.4,29.2,64.0,0.0,8.0,3.0,360.0,2.0,N ,Sun
29-09-2007,25.0,33.1,28.6,72.0,0.0,8.0,4.0,270.0,3.0,W ,Sun
30-09-2007,25.0,32.8,28.0,71.0,0.0,8.0,4.0,315.0,3.0,NW,Sun
01-10-2007,24.0,32.8,28.2,66.0,0.0,8.0,4.0,90.0,3.0,S ,Sun
02-10-2007,25.0,33.6,28.6,63.0,0.0,7.9,4.0,315.0,3.0,NW,Sun
03-10-2007,26.0,34.0,29.6,66.0,0.0,8.0,4.0,90.0,3.0,N ,Sun
04-10-2007,26.0,35.2,30.1,61.0,0.0,8.0,4.0,180.0,3.0,E ,Sun
05-10-2007,27.0,34.4,29.6,65.0,0.0,8.0,4.0,270.0,3.0,E ,Sun
06-10-2007,27.0,33.8,29.7,68.0,0.0,8.0,4.0,360.0,3.0,W ,Sun
07-10-2007,24.0,33.2,29.5,69.0,8888.0,8.0,4.0,180.0,3.0,W ,Rain
08-10-2007,26.0,33.5,29.3,66.0,0.0,7.0,4.0,180.0,3.0,E ,Sun
09-10-2007,24.0,30.6,27.2,77.0,0.6,0.0,3.0,360.0,2.0,N ,Sun
10-10-2007,25.0,33.0,28.7,67.0,0.0,8.0,4.0,90.0,2.0,E ,Sun
11-10-2007,27.0,33.0,29.3,71.0,0.0,7.0,4.0,270.0,3.0,W ,Sun
12-10-2007,26.0,33.8,29.3,71.0,0.2,7.1,4.0,90.0,3.0,E ,Sun
13-10-2007,25.0,33.8,29.5,68.0,0.0,5.3,4.0,90.0,3.0,E ,Sun
14-10-2007,27.0,33.6,29.4,68.0,0.0,7.5,4.0,90.0,3.0,E ,Sun
15-10-2007,23.0,33.8,29.6,72.0,8.8,6.0,3.0,360.0,2.0,N ,Rain
16-10-2007,23.0,33.9,27.7,76.0,0.0,3.8,4.0,360.0,3.0,N ,Sun
17-10-2007,25.0,33.0,28.9,74.0,1.8,7.5,4.0,270.0,2.0,W ,Drizzle
18-10-2007,25.0,33.4,28.9,65.0,0.0,7.5,4.0,180.0,3.0,E ,Sun
19-10-2007,26.0,33.6,29.2,69.0,0.0,7.4,4.0,225.0,3.0,S ,Sun
20-10-2007,25.0,33.6,29.3,67.0,0.0,7.5,3.0,360.0,2.0,N ,Sun
21-10-2007,25.0,32.8,27.9,74.0,9.0,3.3,4.0,270.0,3.0,W ,Rain
22-10-2007,25.0,34.0,29.1,70.0,2.0,1.5,5.0,90.0,3.0,E ,Drizzle
23-10-2007,23.0,31.2,26.7,85.0,26.3,0.0,4.0,180.0,3.0,W ,Rain
24-10-2007,25.0,33.0,27.8,77.0,8888.0,7.5,5.0,270.0,3.0,W ,Rain
25-10-2007,25.0,32.8,28.0,76.0,20.0,1.0,4.0,270.0,3.0,E ,Rain
26-10-2007,25.0,32.6,27.9,77.0,8888.0,2.3,5.0,315.0,3.0,W ,Rain
27-10-2007,25.0,32.8,28.1,77.0,0.0,3.5,4.0,180.0,2.0,W ,Sun
28-10-2007,25.0,33.2,28.8,72.0,0.0,4.7,3.0,360.0,2.0,W ,Sun
29-10-2007,25.0,32.0,28.3,76.0,1.6,1.4,4.0,270.0,3.0,W ,Drizzle
30-10-2007,25.0,28.8,26.8,86.0,5.3,0.0,4.0,180.0,4.0,S ,Rain
31-10-2007,25.0,32.0,28.0,80.0,0.0,3.0,3.0,315.0,2.0,E ,Sun
01-11-2007,26.0,32.2,28.1,76.0,0.0,3.0,4.0,270.0,2.0,SW,Sun
02-11-2007,26.0,33.0,28.6,70.0,0.7,2.5,4.0,270.0,2.0,W ,Sun
03-11-2007,23.0,28.6,26.2,82.0,19.7,0.0,3.0,270.0,2.0,W ,Rain
04-11-2007,23.0,32.0,27.0,79.0,11.1,7.2,2.0,,2.0,,Rain
05-11-2007,25.0,30.4,27.3,82.0,0.2,0.0,2.0,225.0,2.0,SW,Sun
06-11-2007,24.0,32.8,27.5,77.0,5.1,5.0,4.0,180.0,3.0,SW,Rain
07-11-2007,25.0,32.4,27.5,80.0,0.7,0.6,3.0,225.0,2.0,SW,Sun
08-11-2007,25.0,32.6,28.5,76.0,8888.0,1.0,3.0,225.0,2.0,E ,Rain
09-11-2007,25.0,32.0,28.1,76.0,0.0,1.5,3.0,90.0,2.0,SW,Sun
10-11-2007,24.0,31.8,27.9,80.0,25.6,0.5,4.0,180.0,3.0,,Rain
11-11-2007,24.0,32.8,28.6,74.0,5.7,4.0,4.0,315.0,3.0,W ,Rain
12-11-2007,26.0,31.4,27.5,80.0,0.0,1.8,4.0,270.0,2.0,S ,Sun
13-11-2007,25.0,32.4,28.4,72.0,0.0,2.5,3.0,180.0,2.0,S ,Sun
14-11-2007,26.0,33.0,27.5,71.0,7.7,1.1,3.0,270.0,2.0,W ,Rain
15-11-2007,25.0,32.8,28.5,80.0,0.4,3.0,4.0,180.0,3.0,S ,Sun
16-11-2007,26.0,32.0,28.3,73.0,0.0,1.5,4.0,180.0,3.0,SE,Sun
17-11-2007,25.0,31.2,28.5,74.0,1.0,1.5,4.0,270.0,3.0,W ,Drizzle
18-11-2007,25.0,32.8,29.2,72.0,3.0,4.3,4.0,270.0,2.0,NW,Drizzle
19-11-2007,24.0,31.4,28.3,86.0,4.6,0.0,2.0,270.0,2.0,W ,Drizzle
20-11-2007,25.0,33.2,28.5,75.0,0.0,6.5,3.0,270.0,3.0,W ,Sun
21-11-2007,25.0,34.0,29.0,71.0,0.0,5.1,5.0,270.0,3.0,NW,Sun
22-11-2007,25.0,34.2,29.1,65.0,0.0,6.5,4.0,270.0,3.0,NW,Sun
23-11-2007,25.0,33.8,29.3,60.0,0.0,7.9,5.0,315.0,4.0,NW,Sun
24-11-2007,25.0,36.0,30.1,60.0,0.0,8.0,5.0,315.0,4.0,W ,Sun
25-11-2007,24.0,36.0,29.7,58.0,0.0,7.5,4.0,270.0,3.0,W ,Sun
26-11-2007,25.0,34.1,29.9,64.0,0.0,7.5,4.0,315.0,2.0,W ,Sun
27-11-2007,28.0,33.4,29.7,64.0,0.0,4.2,4.0,270.0,3.0,W ,Sun
28-11-2007,26.0,33.8,29.9,66.0,0.0,7.4,5.0,315.0,4.0,NW,Sun
29-11-2007,25.0,32.8,29.1,70.0,0.0,6.8,4.0,270.0,3.0,NW,Sun
30-11-2007,26.0,33.6,29.8,71.0,0.0,7.2,4.0,270.0,3.0,NW,Sun
01-12-2007,25.0,32.5,28.8,76.0,0.0,5.4,3.0,315.0,2.0,NW,Sun
02-12-2007,24.0,31.6,28.1,75.0,35.9,5.0,4.0,270.0,3.0,W ,Rain
03-12-2007,24.0,30.0,27.7,78.0,72.0,5.0,5.0,270.0,3.0,W ,Rain
04-12-2007,24.0,30.7,26.9,87.0,84.0,2.3,4.0,270.0,3.0,SW,Rain
05-12-2007,25.0,31.4,27.5,82.0,0.9,2.0,4.0,315.0,3.0,W ,Sun
06-12-2007,25.0,32.2,27.7,79.0,1.2,2.0,3.0,270.0,2.0,W ,Drizzle
07-12-2007,25.0,30.4,27.4,84.0,2.9,3.0,4.0,225.0,3.0,W ,Drizzle
08-12-2007,25.0,29.6,27.7,82.0,13.1,3.2,4.0,225.0,4.0,SW,Rain
09-12-2007,25.0,31.8,28.5,76.0,0.0,5.4,4.0,270.0,3.0,W ,Sun
10-12-2007,26.0,32.8,29.0,76.0,0.0,2.3,4.0,270.0,3.0,NW,Sun
11-12-2007,24.0,32.6,28.1,79.0,1.2,5.6,5.0,270.0,3.0,W ,Drizzle
12-12-2007,25.0,30.0,27.2,76.0,0.0,0.2,4.0,270.0,3.0,W ,Sun
13-12-2007,25.0,33.8,28.0,77.0,48.4,6.5,4.0,270.0,3.0,W ,Rain
14-12-2007,25.0,31.8,28.0,80.0,0.0,2.2,5.0,225.0,3.0,W ,Sun
15-12-2007,25.0,32.8,28.6,75.0,65.8,7.0,4.0,270.0,3.0,W ,Rain
16-12-2007,25.0,29.0,26.7,86.0,0.3,0.0,3.0,90.0,2.0,E ,Sun
17-12-2007,24.0,30.4,27.7,80.0,33.0,0.0,4.0,225.0,3.0,W ,Rain
18-12-2007,24.0,31.8,27.4,76.0,0.0,1.0,4.0,225.0,3.0,SW,Sun
19-12-2007,24.0,29.6,26.4,88.0,17.1,0.0,5.0,270.0,3.0,W ,Rain
20-12-2007,23.0,30.8,26.4,88.0,64.9,1.0,4.0,270.0,3.0,W ,Rain
21-12-2007,23.0,30.0,26.3,80.0,0.2,0.0,4.0,270.0,3.0,W ,Sun
22-12-2007,23.0,30.0,26.0,82.0,9.1,0.0,4.0,270.0,3.0,W ,Rain
23-12-2007,24.0,30.0,26.3,80.0,0.0,0.0,4.0,270.0,4.0,W ,Sun
24-12-2007,24.0,30.8,27.9,75.0,6.0,0.2,4.0,270.0,3.0,W ,Rain
25-12-2007,24.0,31.8,27.6,80.0,20.8,0.2,4.0,270.0,3.0,W ,Rain
26-12-2007,24.0,32.0,27.4,76.0,0.0,3.7,6.0,270.0,4.0,W ,Sun
27-12-2007,24.0,32.0,27.2,74.0,0.0,0.4,4.0,270.0,4.0,W ,Sun
28-12-2007,24.0,27.6,25.8,84.0,6.9,3.5,6.0,270.0,3.0,W ,Rain
29-12-2007,24.0,26.6,25.4,82.0,0.1,1.0,7.0,270.0,4.0,NW,Sun
30-12-2007,24.0,30.6,27.8,76.0,6.0,5.8,4.0,315.0,3.0,W ,Rain
31-12-2007,24.0,30.6,27.8,79.0,23.0,0.0,4.0,225.0,3.0,W ,Rain
01-01-2008,24.0,30.4,27.1,86.0,29.4,0.5,5.0,315.0,3.0,NW,Rain
02-01-2008,25.0,28.8,26.3,88.0,1.6,,4.0,315.0,3.0,SW,Drizzle
03-01-2008,23.0,26.8,25.5,90.0,32.3,,4.0,225.0,3.0,W ,Rain
04-01-2008,24.0,29.6,25.6,86.0,12.5,,4.0,270.0,3.0,W ,Rain
05-01-2008,22.0,31.0,27.3,79.0,0.3,2.0,5.0,270.0,3.0,W ,Sun
06-01-2008,24.0,30.6,26.9,78.0,0.0,6.0,3.0,315.0,2.0,W ,Sun
07-01-2008,25.0,30.8,28.2,78.0,4.8,3.4,4.0,270.0,3.0,W ,Drizzle
08-01-2008,25.0,32.0,28.0,76.0,0.0,7.5,5.0,180.0,3.0,W ,Sun
09-01-2008,26.0,33.8,28.8,66.0,0.0,7.7,7.0,225.0,4.0,W ,Sun
10-01-2008,25.0,33.0,28.8,70.0,0.0,6.0,5.0,360.0,3.0,W ,Sun
11-01-2008,25.0,32.8,28.7,74.0,8888.0,6.5,4.0,315.0,3.0,W ,Rain
12-01-2008,26.0,32.2,28.5,74.0,0.0,5.5,4.0,270.0,3.0,W ,Sun
13-01-2008,27.0,34.8,29.7,65.0,0.0,7.8,6.0,270.0,4.0,W ,Sun
14-01-2008,26.0,32.4,28.5,72.0,0.0,6.5,6.0,270.0,4.0,W ,Sun
15-01-2008,25.0,31.4,28.0,72.0,2.2,2.5,5.0,270.0,4.0,W ,Drizzle
16-01-2008,25.0,30.6,27.9,75.0,0.2,0.8,5.0,270.0,4.0,W ,Sun
17-01-2008,25.0,33.2,28.5,73.0,8888.0,6.5,5.0,270.0,4.0,W ,Rain
18-01-2008,26.0,32.2,28.7,76.0,0.0,7.5,5.0,270.0,3.0,W ,Sun
19-01-2008,26.0,32.6,28.7,71.0,0.0,4.0,6.0,270.0,4.0,W ,Sun
20-01-2008,26.0,31.4,28.2,75.0,0.0,8.0,5.0,360.0,3.0,W ,Sun
21-01-2008,26.0,31.8,28.3,74.0,0.0,7.5,4.0,315.0,3.0,W ,Sun
22-01-2008,26.0,32.2,29.0,73.0,0.6,5.0,3.0,315.0,3.0,NW,Sun
23-01-2008,25.0,31.6,27.8,78.0,0.0,5.5,3.0,270.0,2.0,N ,Sun
24-01-2008,26.0,33.0,29.0,76.0,0.0,7.0,3.0,90.0,2.0,E ,Sun
25-01-2008,27.0,33.6,29.5,74.0,0.0,6.8,4.0,270.0,3.0,E ,Sun
26-01-2008,26.0,32.8,29.4,74.0,0.0,4.5,4.0,270.0,3.0,W ,Sun
27-01-2008,27.0,32.0,29.1,75.0,0.0,6.3,4.0,225.0,3.0,W ,Sun
28-01-2008,25.0,32.8,28.9,76.0,0.0,3.5,4.0,315.0,3.0,NW,Sun
29-01-2008,25.0,32.0,28.2,75.0,0.2,1.8,4.0,225.0,3.0,W ,Sun
30-01-2008,25.0,31.0,27.8,80.0,25.4,2.5,4.0,315.0,3.0,NW,Rain
31-01-2008,22.0,31.6,27.7,80.0,117.0,1.5,3.0,315.0,2.0,NW,Rain
01-02-2008,23.0,28.6,25.3,97.0,192.7,,4.0,225.0,3.0,W ,Rain
02-02-2008,23.0,30.4,26.2,87.0,52.4,2.5,5.0,315.0,3.0,W ,Rain
03-02-2008,23.0,31.8,26.6,80.0,8.0,0.5,5.0,270.0,3.0,W ,Rain
04-02-2008,25.0,31.8,27.3,78.0,13.7,5.7,4.0,315.0,3.0,W ,Rain
05-02-2008,25.0,30.0,27.4,83.0,14.7,0.8,4.0,315.0,3.0,W ,Rain
06-02-2008,23.0,29.8,26.9,86.0,24.5,0.2,4.0,270.0,3.0,W ,Rain
07-02-2008,25.0,29.8,27.5,81.0,5.7,1.3,5.0,270.0,3.0,W ,Rain
08-02-2008,24.0,28.2,25.9,87.0,35.4,,5.0,270.0,4.0,W ,Rain
09-02-2008,24.0,29.8,25.8,88.0,14.1,,7.0,270.0,3.0,W ,Rain
10-02-2008,24.0,28.0,26.1,85.0,9.7,,4.0,270.0,3.0,W ,Rain
11-02-2008,24.0,29.0,25.9,79.0,10.3,,4.0,270.0,3.0,W ,Rain
12-02-2008,24.0,30.2,25.6,87.0,23.7,0.2,5.0,270.0,3.0,W ,Rain
13-02-2008,23.0,28.2,25.8,88.0,14.2,,5.0,270.0,3.0,W ,Rain
14-02-2008,23.0,28.0,25.4,87.0,29.8,,6.0,315.0,4.0,W ,Rain
15-02-2008,24.0,29.6,25.7,85.0,6.2,,4.0,270.0,3.0,W ,Rain
16-02-2008,24.0,28.9,26.8,84.0,4.5,,4.0,270.0,3.0,W ,Drizzle
17-02-2008,24.0,28.8,26.3,85.0,6.6,,4.0,180.0,3.0,W ,Rain
18-02-2008,24.0,30.0,26.7,82.0,78.6,,6.0,225.0,3.0,W ,Rain
19-02-2008,24.0,29.0,26.1,82.0,20.0,1.6,6.0,315.0,4.0,W ,Rain
20-02-2008,24.0,30.0,26.9,78.0,15.0,2.5,4.0,270.0,4.0,W ,Rain
21-02-2008,24.0,28.6,26.4,85.0,20.2,,5.0,270.0,3.0,W ,Rain
22-02-2008,24.0,28.4,25.5,87.0,5.1,,4.0,225.0,3.0,W ,Rain
23-02-2008,25.0,29.0,25.6,85.0,2.0,,5.0,270.0,3.0,W ,Drizzle
24-02-2008,24.0,28.8,26.5,84.0,11.3,0.2,5.0,270.0,3.0,W ,Rain
25-02-2008,24.0,30.0,26.7,83.0,9.3,0.2,5.0,270.0,4.0,W ,Rain
26-02-2008,24.0,27.4,25.0,92.0,20.3,,2.0,360.0,2.0,W ,Rain
27-02-2008,25.0,31.4,27.0,81.0,21.3,2.0,5.0,360.0,3.0,W ,Rain
28-02-2008,25.0,30.2,26.9,78.0,8888.0,2.0,8.0,270.0,4.0,W ,Rain
29-02-2008,24.0,29.4,26.1,83.0,8.3,,5.0,270.0,3.0,W ,Rain
01-03-2008,25.0,32.0,27.9,74.0,0.0,4.8,5.0,270.0,3.0,W ,Sun
02-03-2008,24.0,31.6,27.5,76.0,8888.0,3.5,4.0,225.0,3.0,W ,Rain
03-03-2008,25.0,30.7,27.2,76.0,8888.0,3.6,6.0,270.0,3.0,W ,Rain
04-03-2008,25.0,30.2,26.9,78.0,4.8,,5.0,270.0,3.0,W ,Drizzle
05-03-2008,24.0,30.2,26.6,77.0,2.7,5.3,5.0,270.0,4.0,NW,Drizzle
06-03-2008,24.0,29.4,26.1,84.0,8888.0,0.3,4.0,270.0,3.0,NW,Rain
07-03-2008,25.0,32.8,28.2,76.0,0.2,5.0,3.0,315.0,2.0,NW,Sun
08-03-2008,25.0,29.0,27.4,83.0,2.9,5.0,2.0,90.0,2.0,E ,Drizzle
09-03-2008,25.0,32.2,27.9,78.0,2.0,5.2,4.0,270.0,3.0,W ,Drizzle
10-03-2008,25.0,29.8,26.9,84.0,4.6,3.5,4.0,270.0,3.0,W ,Drizzle
11-03-2008,24.0,31.2,26.6,82.0,26.4,5.5,3.0,315.0,2.0,NW,Rain
12-03-2008,25.0,31.6,26.7,84.0,3.9,1.0,4.0,315.0,3.0,NW,Drizzle
13-03-2008,24.0,32.0,26.8,82.0,9.0,2.8,3.0,270.0,2.0,W ,Rain
14-03-2008,24.0,31.4,27.1,80.0,49.3,5.5,4.0,90.0,2.0,E ,Rain
15-03-2008,24.0,28.5,26.3,92.0,48.4,0.9,4.0,225.0,3.0,W ,Rain
16-03-2008,25.0,31.0,27.5,81.0,0.0,4.5,3.0,315.0,3.0,NW,Sun
17-03-2008,25.0,31.4,27.9,77.0,0.0,7.6,4.0,315.0,2.0,NW,Sun
18-03-2008,25.0,31.8,28.0,79.0,0.0,5.5,4.0,270.0,3.0,NW,Sun
19-03-2008,24.0,30.2,26.7,87.0,48.8,2.2,0.0,315.0,3.0,W ,Rain
20-03-2008,25.0,30.7,27.1,78.0,0.0,1.5,5.0,270.0,3.0,W ,Sun
21-03-2008,25.0,32.2,27.8,76.0,8888.0,5.0,4.0,270.0,3.0,W ,Rain
22-03-2008,24.0,33.0,26.3,81.0,2.9,4.4,6.0,270.0,4.0,W ,Drizzle
23-03-2008,25.0,31.4,27.1,72.0,0.3,0.8,5.0,270.0,3.0,W ,Sun
24-03-2008,25.0,31.8,27.6,77.0,0.0,5.8,4.0,90.0,3.0,E ,Sun
25-03-2008,26.0,30.8,27.6,81.0,0.0,3.5,4.0,270.0,3.0,W ,Sun
26-03-2008,26.0,32.0,28.5,74.0,0.0,5.4,4.0,270.0,3.0,W ,Sun
27-03-2008,25.0,31.8,28.7,74.0,5.8,8.0,4.0,315.0,3.0,NW,Rain
28-03-2008,26.0,32.2,28.0,67.0,8888.0,0.8,3.0,270.0,3.0,W ,Rain
29-03-2008,26.0,33.4,29.2,68.0,0.0,6.8,3.0,315.0,2.0,NW,Sun
30-03-2008,26.0,31.8,29.1,74.0,8888.0,4.9,3.0,270.0,2.0,W ,Rain
31-03-2008,25.0,30.6,27.5,81.0,0.4,3.4,5.0,225.0,3.0,W ,Sun
01-04-2008,25.0,33.2,28.0,71.0,0.0,4.0,4.0,270.0,3.0,W ,Sun
02-04-2008,25.0,32.8,27.9,75.0,0.0,6.0,4.0,315.0,3.0,W ,Sun
03-04-2008,25.0,32.6,28.4,74.0,0.0,8.0,5.0,315.0,4.0,NW,Sun
04-04-2008,26.0,32.1,28.4,75.0,0.0,6.0,4.0,315.0,2.0,W ,Sun
05-04-2008,25.0,33.8,28.9,71.0,23.6,7.5,4.0,180.0,3.0,S ,Rain
06-04-2008,25.0,32.0,28.0,77.0,8.0,6.8,5.0,180.0,3.0,SW,Rain
07-04-2008,24.0,33.0,28.3,76.0,75.6,7.8,3.0,315.0,2.0,NW,Rain
08-04-2008,25.0,32.2,28.1,75.0,0.0,3.4,3.0,315.0,2.0,W ,Sun
09-04-2008,25.0,32.8,28.6,74.0,4.7,7.5,4.0,180.0,2.0,NW,Drizzle
10-04-2008,25.0,33.4,27.6,77.0,2.0,8.0,8.0,270.0,3.0,E ,Drizzle
11-04-2008,25.0,33.0,28.6,76.0,2.9,5.8,4.0,180.0,3.0,S ,Drizzle
12-04-2008,25.0,28.0,26.6,85.0,0.0,0.2,4.0,315.0,3.0,NW,Sun
13-04-2008,25.0,31.8,28.0,76.0,0.0,2.5,3.0,45.0,2.0,NE,Sun
14-04-2008,24.0,31.6,26.1,84.0,42.7,1.3,4.0,315.0,3.0,E ,Rain
15-04-2008,24.0,32.2,27.5,82.0,0.0,5.8,3.0,315.0,2.0,NE,Sun
16-04-2008,26.0,33.0,29.1,76.0,0.0,7.2,4.0,45.0,3.0,E ,Sun
17-04-2008,26.0,32.0,28.7,76.0,0.0,3.4,4.0,135.0,3.0,E ,Sun
18-04-2008,26.0,31.6,28.6,78.0,0.0,4.2,4.0,180.0,3.0,S ,Sun
19-04-2008,24.0,32.4,27.9,80.0,5.9,2.5,4.0,90.0,3.0,S ,Rain
20-04-2008,24.0,31.6,27.8,79.0,15.0,0.5,3.0,315.0,2.0,W ,Rain
21-04-2008,25.0,32.4,27.4,84.0,13.4,1.8,4.0,270.0,3.0,W ,Rain
22-04-2008,26.0,30.4,27.9,84.0,3.6,,2.0,90.0,2.0,E ,Drizzle
23-04-2008,25.0,29.8,27.5,84.0,8888.0,,4.0,225.0,3.0,E ,Rain
24-04-2008,26.0,30.2,26.6,82.0,8888.0,2.8,5.0,90.0,3.0,E ,Rain
25-04-2008,25.0,31.8,27.7,84.0,6.8,5.0,4.0,315.0,3.0,NW,Rain
26-04-2008,25.0,33.1,28.9,75.0,11.2,8.0,3.0,315.0,2.0,NW,Rain
27-04-2008,26.0,32.6,28.5,79.0,0.0,8.0,2.0,0.0,2.0,E ,Sun
28-04-2008,27.0,33.6,29.3,74.0,0.0,7.5,3.0,90.0,2.0,E ,Sun
29-04-2008,27.0,32.4,29.2,76.0,0.0,5.3,3.0,90.0,3.0,NE,Sun
30-04-2008,25.0,32.4,29.4,76.0,3.0,4.5,5.0,90.0,3.0,E ,Drizzle
01-05-2008,25.0,32.0,28.3,,0.0,4.0,3.0,270.0,,W ,Sun
02-05-2008,26.0,32.4,28.7,75.0,8888.0,2.0,2.0,90.0,2.0,E ,Rain
03-05-2008,27.0,33.0,29.2,75.0,0.0,6.0,4.0,270.0,2.0,W ,Sun
04-05-2008,25.0,33.0,29.5,76.0,0.0,5.4,4.0,45.0,3.0,E ,Sun
05-05-2008,26.0,33.2,29.1,77.0,1.5,6.0,4.0,90.0,3.0,E ,Drizzle
06-05-2008,25.0,32.4,29.1,73.0,6.3,4.0,5.0,45.0,3.0,NE,Rain
07-05-2008,25.0,32.8,28.1,75.0,0.6,7.6,4.0,315.0,3.0,NW,Sun
08-05-2008,25.0,32.6,28.8,75.0,0.0,6.8,3.0,315.0,3.0,NW,Sun
09-05-2008,26.0,32.8,29.1,73.0,1.8,8.0,4.0,135.0,2.0,S ,Drizzle
10-05-2008,26.0,32.0,28.4,74.0,0.0,4.4,4.0,135.0,3.0,SE,Sun
11-05-2008,25.0,33.2,28.8,69.0,0.0,5.0,4.0,270.0,3.0,SW,Sun
12-05-2008,25.0,32.4,28.1,62.0,0.0,7.4,4.0,45.0,3.0,NW,Sun
13-05-2008,25.0,32.0,28.1,66.0,0.0,5.5,3.0,90.0,3.0,E ,Sun
14-05-2008,24.0,33.3,28.8,68.0,15.7,6.8,3.0,45.0,3.0,NE,Rain
15-05-2008,25.0,32.6,27.8,77.0,0.0,3.7,4.0,135.0,3.0,NW,Sun
16-05-2008,26.0,32.6,28.6,67.0,0.0,7.8,4.0,45.0,3.0,E ,Sun
17-05-2008,26.0,33.2,29.2,68.0,0.0,7.7,4.0,90.0,3.0,E ,Sun
18-05-2008,26.0,33.0,29.0,70.0,0.0,7.9,4.0,45.0,3.0,E ,Sun
19-05-2008,26.0,33.8,29.4,71.0,0.0,7.8,3.0,90.0,3.0,E ,Sun
20-05-2008,25.0,33.1,29.6,72.0,0.0,7.5,3.0,90.0,3.0,NW,Sun
21-05-2008,26.0,33.0,29.0,74.0,0.0,4.3,4.0,45.0,3.0,NE,Sun
22-05-2008,27.0,33.4,29.2,74.0,0.0,7.9,4.0,90.0,3.0,NE,Sun
23-05-2008,27.0,33.2,29.2,72.0,0.0,7.7,4.0,90.0,3.0,E ,Sun
24-05-2008,26.0,33.8,29.6,66.0,0.0,7.5,4.0,90.0,3.0,E ,Sun
25-05-2008,26.0,33.6,29.5,66.0,0.0,7.6,4.0,45.0,3.0,NE,Sun
26-05-2008,25.0,33.8,29.1,68.0,0.0,7.5,4.0,90.0,3.0,NE,Sun
27-05-2008,26.0,33.6,28.9,72.0,0.0,7.0,4.0,90.0,3.0,NE,Sun
28-05-2008,26.0,33.8,29.3,67.0,0.0,7.5,3.0,45.0,2.0,NE,Sun
29-05-2008,27.0,34.2,29.6,69.0,0.0,7.5,4.0,90.0,3.0,NE,Sun
30-05-2008,26.0,34.2,29.4,71.0,0.0,7.0,4.0,90.0,3.0,NE,Sun
31-05-2008,26.0,32.6,28.9,70.0,0.0,7.5,4.0,45.0,3.0,NW,Sun
01-06-2008,25.0,31.9,28.2,71.0,0.0,3.3,3.0,45.0,3.0,NE,Sun
02-06-2008,26.0,33.6,28.9,72.0,0.0,4.8,4.0,45.0,3.0,E ,Sun
03-06-2008,26.0,33.8,29.5,68.0,0.0,3.8,4.0,315.0,3.0,E ,Sun
04-06-2008,26.0,33.4,28.9,72.0,0.0,4.4,4.0,135.0,3.0,NE,Sun
05-06-2008,26.0,32.4,28.7,75.0,4.8,1.5,4.0,315.0,3.0,W ,Drizzle
06-06-2008,25.0,31.2,27.7,78.0,8888.0,2.0,3.0,315.0,2.0,NW,Rain
07-06-2008,25.0,32.5,28.0,70.0,0.0,6.0,3.0,315.0,2.0,NE,Sun
08-06-2008,26.0,32.3,28.7,74.0,0.0,5.2,4.0,315.0,2.0,NE,Sun
09-06-2008,26.0,33.2,28.8,71.0,0.0,5.6,4.0,90.0,2.0,E ,Sun
10-06-2008,25.0,32.4,27.9,76.0,0.0,1.4,4.0,225.0,4.0,E ,Sun
11-06-2008,25.0,32.2,28.4,70.0,0.0,3.7,4.0,45.0,3.0,NE,Sun
12-06-2008,26.0,32.0,28.7,75.0,0.0,1.4,3.0,90.0,2.0,NE,Sun
13-06-2008,25.0,32.6,28.8,70.0,20.0,2.3,4.0,90.0,3.0,E ,Rain
14-06-2008,25.0,28.6,26.1,84.0,15.4,0.0,2.0,45.0,2.0,E ,Rain
15-06-2008,25.0,29.0,27.2,86.0,11.2,0.0,2.0,45.0,2.0,NE,Rain
16-06-2008,26.0,32.8,28.7,77.0,0.0,6.5,4.0,45.0,3.0,E ,Sun
17-06-2008,26.0,33.6,29.2,72.0,0.0,6.4,4.0,45.0,3.0,NE,Sun
18-06-2008,26.0,32.8,28.6,72.0,0.0,6.0,3.0,90.0,3.0,E ,Sun
19-06-2008,24.0,32.0,28.5,71.0,0.0,5.4,3.0,90.0,2.0,E ,Sun
20-06-2008,25.0,32.2,27.7,74.0,0.0,6.0,3.0,90.0,2.0,E ,Sun
21-06-2008,25.0,33.0,28.2,70.0,0.0,7.0,4.0,90.0,3.0,E ,Sun
22-06-2008,25.0,32.4,28.5,68.0,0.0,6.3,4.0,135.0,3.0,E ,Sun
23-06-2008,25.0,32.8,28.0,72.0,0.0,7.0,4.0,45.0,3.0,E ,Sun
24-06-2008,25.0,32.4,28.2,72.0,0.0,6.2,4.0,90.0,3.0,E ,Sun
25-06-2008,25.0,33.0,29.2,68.0,0.0,6.4,4.0,90.0,3.0,E ,Sun
26-06-2008,26.0,33.4,28.8,73.0,0.0,4.5,4.0,45.0,3.0,E ,Sun
27-06-2008,26.0,33.8,29.3,72.0,0.0,6.0,3.0,45.0,3.0,E ,Sun
28-06-2008,26.0,33.2,28.6,73.0,0.0,6.7,4.0,90.0,3.0,E ,Sun
29-06-2008,26.0,33.4,29.7,68.0,0.0,5.4,4.0,135.0,3.0,SE,Sun
30-06-2008,26.0,33.5,28.9,70.0,0.0,7.0,4.0,45.0,3.0,NE,Sun
01-07-2008,25.0,32.2,28.6,70.0,0.0,6.5,3.0,90.0,2.0,NE,Sun
02-07-2008,25.0,32.8,28.3,71.0,0.0,5.2,5.0,45.0,3.0,E ,Sun
03-07-2008,26.0,33.2,28.8,64.0,0.0,6.8,4.0,45.0,3.0,E ,Sun
04-07-2008,26.0,32.4,28.3,71.0,0.0,1.0,4.0,90.0,3.0,SE,Sun
05-07-2008,24.0,32.8,29.2,65.0,0.0,6.2,4.0,180.0,3.0,SE,Sun
06-07-2008,24.0,33.8,28.2,71.0,0.0,7.0,4.0,90.0,3.0,NE,Sun
07-07-2008,24.0,33.4,28.2,65.0,0.0,7.2,4.0,45.0,3.0,E ,Sun
08-07-2008,25.0,33.1,28.3,67.0,0.0,7.3,6.0,45.0,4.0,NE,Sun
09-07-2008,26.0,33.2,29.0,61.0,0.0,7.5,5.0,45.0,4.0,E ,Sun
10-07-2008,26.0,33.2,28.6,68.0,0.0,7.1,4.0,90.0,3.0,E ,Sun
11-07-2008,25.0,32.4,28.6,67.0,0.0,6.3,4.0,135.0,3.0,E ,Sun
12-07-2008,26.0,33.6,29.2,66.0,0.0,7.4,5.0,90.0,4.0,E ,Sun
13-07-2008,26.0,33.8,29.1,66.0,0.0,7.0,3.0,45.0,2.0,NE,Sun
14-07-2008,26.0,33.2,28.8,70.0,0.0,7.2,3.0,45.0,2.0,E ,Sun
15-07-2008,25.0,33.0,28.6,70.0,0.0,6.0,2.0,90.0,2.0,NW,Sun
16-07-2008,25.0,32.4,27.9,72.0,0.0,5.0,4.0,90.0,3.0,E ,Sun
17-07-2008,24.0,33.0,28.3,61.0,0.0,7.7,5.0,90.0,4.0,NE,Sun
18-07-2008,25.0,33.8,28.4,58.0,0.0,7.5,4.0,90.0,3.0,E ,Sun
19-07-2008,25.0,33.2,28.3,67.0,0.0,7.4,3.0,90.0,2.0,E ,Sun
20-07-2008,25.0,33.1,28.3,65.0,0.0,7.0,3.0,90.0,2.0,E ,Sun
21-07-2008,25.0,32.4,27.9,69.0,0.0,6.6,4.0,315.0,3.0,NW,Sun
22-07-2008,25.0,31.8,27.7,69.0,0.0,6.8,4.0,135.0,3.0,NW,Sun
23-07-2008,24.0,31.8,27.9,64.0,0.0,7.7,4.0,90.0,3.0,E ,Sun
24-07-2008,24.0,32.6,27.8,66.0,0.0,7.4,4.0,45.0,3.0,NE,Sun
25-07-2008,25.0,32.9,28.3,67.0,0.0,7.0,3.0,45.0,2.0,NE,Sun
26-07-2008,26.0,32.0,28.3,68.0,0.0,5.7,4.0,315.0,2.0,NW,Sun
27-07-2008,25.0,32.4,28.5,72.0,9.5,3.5,4.0,315.0,2.0,E ,Rain
28-07-2008,25.0,32.8,28.0,76.0,0.0,5.6,4.0,135.0,3.0,E ,Sun
29-07-2008,25.0,31.8,28.3,71.0,0.0,7.0,4.0,45.0,3.0,E ,Sun
30-07-2008,25.0,33.5,28.5,64.0,0.0,8.0,4.0,90.0,3.0,E ,Sun
31-07-2008,25.0,33.2,28.2,74.0,0.0,8.0,3.0,45.0,2.0,E ,Sun
01-08-2008,26.0,33.6,28.7,72.0,0.0,7.8,4.0,90.0,3.0,NE,Sun
02-08-2008,24.0,32.6,29.1,69.0,2.2,7.2,3.0,90.0,2.0,E ,Drizzle
03-08-2008,25.0,32.2,27.9,70.0,0.0,2.9,4.0,135.0,3.0,E ,Sun
04-08-2008,24.0,33.0,28.2,68.0,0.0,7.8,4.0,45.0,3.0,NE,Sun
05-08-2008,25.0,33.0,28.6,63.0,0.0,8.0,4.0,45.0,3.0,E ,Sun
06-08-2008,26.0,32.2,28.5,65.0,0.0,6.5,3.0,90.0,2.0,NE,Sun
07-08-2008,25.0,33.5,28.4,62.0,0.0,8.0,6.0,45.0,3.0,NE,Sun
08-08-2008,25.0,33.4,28.4,66.0,0.0,8.0,4.0,90.0,3.0,E ,Sun
09-08-2008,26.0,34.0,28.6,64.0,0.0,8.0,4.0,90.0,4.0,E ,Sun
10-08-2008,26.0,32.4,29.0,70.0,0.0,2.5,4.0,90.0,3.0,E ,Sun
11-08-2008,25.0,33.0,29.0,66.0,1.6,3.5,4.0,45.0,4.0,NE,Drizzle
12-08-2008,25.0,32.4,27.5,74.0,8888.0,4.4,3.0,90.0,2.0,NE,Rain
13-08-2008,25.0,30.4,28.1,76.0,0.0,1.7,3.0,90.0,2.0,E ,Sun
14-08-2008,26.0,33.2,28.8,70.0,0.0,7.6,4.0,360.0,3.0,NE,Sun
15-08-2008,26.0,32.2,28.3,74.0,0.0,3.0,4.0,45.0,4.0,SE,Sun
16-08-2008,25.0,32.6,28.7,70.0,0.0,7.8,4.0,270.0,3.0,E ,Sun
17-08-2008,25.0,33.4,28.9,67.0,0.0,8.0,4.0,90.0,3.0,NE,Sun
18-08-2008,25.0,33.6,28.3,66.0,0.0,4.5,5.0,90.0,3.0,NE,Sun
19-08-2008,26.0,33.7,28.8,67.0,0.0,7.5,4.0,45.0,3.0,NE,Sun
20-08-2008,26.0,32.2,28.8,70.0,0.0,3.5,4.0,45.0,2.0,E ,Sun
21-08-2008,26.0,33.0,29.7,63.0,0.0,7.8,4.0,45.0,4.0,E ,Sun
22-08-2008,26.0,33.2,28.7,66.0,0.0,5.7,4.0,360.0,3.0,NW,Sun
23-08-2008,26.0,32.8,28.5,68.0,0.0,6.0,3.0,45.0,2.0,E ,Sun
24-08-2008,25.0,33.6,29.1,68.0,0.0,4.5,3.0,315.0,2.0,NW,Sun
25-08-2008,26.0,33.0,28.9,69.0,0.0,7.5,4.0,90.0,4.0,E ,Sun
26-08-2008,25.0,33.4,29.5,69.0,0.0,7.4,4.0,45.0,3.0,E ,Sun
27-08-2008,25.0,33.4,29.4,66.0,0.0,8.0,5.0,90.0,3.0,E ,Sun
28-08-2008,24.0,33.5,27.5,72.0,8.0,5.0,4.0,90.0,3.0,E ,Rain
29-08-2008,25.0,31.7,27.1,68.0,0.0,2.6,3.0,45.0,2.0,N ,Sun
30-08-2008,26.0,31.6,28.2,75.0,0.0,4.0,3.0,315.0,2.0,NW,Sun
31-08-2008,25.0,31.6,27.6,77.0,24.6,1.7,4.0,45.0,3.0,E ,Rain
01-09-2008,26.0,32.6,28.5,75.0,0.0,4.5,4.0,90.0,3.0,E ,Sun
02-09-2008,25.0,34.2,29.1,71.0,0.0,8.0,3.0,45.0,3.0,NE,Sun
03-09-2008,26.0,31.6,28.2,74.0,0.0,6.0,2.0,45.0,2.0,E ,Sun
04-09-2008,25.0,32.6,28.4,73.0,0.0,7.3,4.0,315.0,3.0,N ,Sun
05-09-2008,26.0,33.4,29.1,70.0,0.0,7.5,4.0,90.0,2.0,S ,Sun
06-09-2008,26.0,31.6,28.2,70.0,0.0,4.2,4.0,315.0,3.0,E ,Sun
07-09-2008,25.0,32.8,28.8,71.0,94.4,4.4,4.0,135.0,3.0,E ,Rain
08-09-2008,25.0,31.8,27.9,78.0,0.0,4.0,4.0,90.0,3.0,E ,Sun
09-09-2008,25.0,32.6,28.7,73.0,0.0,5.8,4.0,180.0,3.0,S ,Sun
10-09-2008,26.0,34.4,28.9,70.0,0.0,6.5,3.0,45.0,2.0,E ,Sun
11-09-2008,26.0,32.0,28.9,72.0,0.0,1.6,4.0,180.0,3.0,SE,Sun
12-09-2008,26.0,33.2,29.3,72.0,0.0,2.7,4.0,180.0,3.0,W ,Sun
13-09-2008,26.0,32.8,29.0,69.0,0.0,1.8,4.0,45.0,3.0,E ,Sun
14-09-2008,24.0,31.2,27.7,75.0,2.4,2.0,5.0,45.0,3.0,E ,Drizzle
15-09-2008,25.0,34.2,28.5,70.0,0.0,7.2,3.0,45.0,2.0,E ,Sun
16-09-2008,26.0,32.6,28.6,73.0,0.0,7.3,3.0,315.0,2.0,NW,Sun
17-09-2008,26.0,33.4,29.1,66.0,0.0,8.0,5.0,135.0,4.0,SE,Sun
18-09-2008,26.0,34.4,29.9,68.0,0.0,8.0,5.0,90.0,3.0,E ,Sun
19-09-2008,26.0,33.8,30.0,68.0,0.0,7.0,4.0,315.0,3.0,NW,Sun
20-09-2008,25.0,34.4,29.6,70.0,0.0,8.0,3.0,45.0,2.0,NE,Sun
21-09-2008,26.0,34.0,29.5,68.0,0.0,7.7,3.0,315.0,2.0,NW,Sun
22-09-2008,26.0,32.7,28.9,71.0,0.0,8.0,3.0,360.0,2.0,N ,Sun
23-09-2008,26.0,33.8,29.3,70.0,0.0,8.0,3.0,45.0,2.0,NE,Sun
24-09-2008,25.0,33.2,29.5,70.0,0.5,6.5,4.0,90.0,3.0,NE,Sun
25-09-2008,25.0,33.0,28.5,70.0,0.0,7.3,4.0,315.0,3.0,NW,Sun
26-09-2008,24.0,33.6,29.1,69.0,0.0,7.0,4.0,315.0,2.0,NW,Sun
27-09-2008,25.0,33.6,28.6,69.0,0.0,8.0,3.0,270.0,2.0,NW,Sun
28-09-2008,27.0,33.4,29.2,66.0,0.0,7.2,3.0,45.0,2.0,NE,Sun
29-09-2008,27.0,33.2,29.8,66.0,0.0,6.8,4.0,270.0,3.0,W ,Sun
30-09-2008,26.0,34.4,29.9,64.0,0.0,6.2,4.0,90.0,3.0,E ,Sun
01-10-2008,25.0,33.4,29.5,67.0,0.4,7.8,4.0,90.0,3.0,E ,Sun
02-10-2008,25.0,33.6,28.7,74.0,0.0,5.8,4.0,45.0,3.0,E ,Sun
03-10-2008,27.0,34.6,29.7,71.0,0.0,8.0,4.0,45.0,3.0,NE,Sun
04-10-2008,26.0,33.4,29.6,70.0,1.2,7.4,3.0,360.0,2.0,N ,Drizzle
05-10-2008,26.0,32.2,28.8,72.0,0.0,1.0,4.0,45.0,3.0,E ,Sun
06-10-2008,26.0,33.0,30.0,73.0,0.0,5.6,4.0,90.0,3.0,E ,Sun
07-10-2008,26.0,32.6,29.3,69.0,0.0,4.7,4.0,360.0,3.0,W ,Sun
08-10-2008,25.0,32.0,28.6,70.0,0.0,2.2,4.0,90.0,2.0,E ,Sun
09-10-2008,26.0,34.0,28.8,72.0,0.0,5.2,4.0,45.0,3.0,E ,Sun
10-10-2008,27.0,34.7,29.8,67.0,0.0,8.0,5.0,45.0,4.0,NE,Sun
11-10-2008,27.0,33.4,29.4,69.0,0.0,4.5,4.0,90.0,3.0,E ,Sun
12-10-2008,25.0,35.4,30.5,65.0,8.2,8.0,5.0,90.0,3.0,NE,Rain
13-10-2008,26.0,34.8,29.5,70.0,0.0,6.8,5.0,90.0,3.0,NE,Sun
14-10-2008,27.0,34.4,29.8,73.0,0.0,8.0,4.0,45.0,3.0,NE,Sun
15-10-2008,26.0,35.6,30.1,66.0,0.0,8.0,6.0,270.0,3.0,NE,Sun
16-10-2008,26.0,31.8,28.8,72.0,0.0,4.0,4.0,270.0,3.0,W ,Sun
17-10-2008,26.0,33.6,29.2,73.0,0.0,4.8,4.0,270.0,3.0,W ,Sun
18-10-2008,26.0,34.2,29.4,69.0,0.0,7.6,4.0,90.0,3.0,NE,Sun
19-10-2008,27.0,34.0,29.9,70.0,0.0,4.6,5.0,45.0,2.0,NE,Sun
20-10-2008,27.0,34.8,29.9,69.0,0.0,4.8,4.0,90.0,3.0,NE,Sun
21-10-2008,26.0,35.1,30.3,71.0,0.0,7.0,4.0,45.0,3.0,E ,Sun
22-10-2008,27.0,34.8,28.4,66.0,0.0,4.0,5.0,45.0,3.0,E ,Sun
23-10-2008,24.0,31.0,27.7,80.0,3.5,,5.0,270.0,3.0,W ,Drizzle
24-10-2008,25.0,30.0,27.4,81.0,0.0,,4.0,270.0,2.0,W ,Sun
25-10-2008,25.0,32.9,27.1,82.0,45.8,2.5,4.0,90.0,2.0,NE,Rain
26-10-2008,26.0,32.2,28.4,76.0,0.0,6.5,4.0,315.0,3.0,NW,Sun
27-10-2008,26.0,32.5,28.5,76.0,1.2,0.2,3.0,90.0,2.0,E ,Drizzle
28-10-2008,23.0,32.0,27.8,79.0,22.7,2.5,3.0,270.0,2.0,E ,Rain
29-10-2008,23.0,32.2,27.0,79.0,8888.0,3.0,2.0,90.0,2.0,E ,Rain
30-10-2008,25.0,32.4,28.0,68.0,0.0,3.5,3.0,90.0,2.0,E ,Sun
31-10-2008,26.0,34.4,29.7,70.0,2.8,7.5,4.0,180.0,3.0,E ,Drizzle
01-11-2008,26.0,33.0,28.7,76.0,0.0,4.0,5.0,135.0,3.0,SE,Sun
02-11-2008,24.0,33.2,29.1,75.0,0.5,0.0,3.0,360.0,2.0,NW,Sun
03-11-2008,26.0,31.4,27.4,80.0,4.6,1.0,4.0,270.0,2.0,W ,Drizzle
04-11-2008,25.0,32.8,28.0,77.0,14.9,6.0,3.0,45.0,2.0,NE,Rain
05-11-2008,25.0,30.2,27.1,88.0,26.2,0.0,4.0,270.0,3.0,W ,Rain
06-11-2008,26.0,33.2,28.5,73.0,0.0,5.8,4.0,180.0,3.0,S ,Sun
07-11-2008,25.0,31.5,27.7,78.0,8888.0,0.5,2.0,90.0,2.0,E ,Rain
08-11-2008,25.0,31.6,27.4,81.0,6.0,0.3,3.0,270.0,2.0,NE,Rain
09-11-2008,26.0,30.4,27.6,82.0,0.0,0.0,3.0,315.0,2.0,N ,Sun
10-11-2008,24.0,31.0,27.1,85.0,2.4,0.2,4.0,45.0,3.0,W ,Drizzle
11-11-2008,25.0,32.8,28.3,78.0,0.0,7.2,4.0,90.0,3.0,NE,Sun
12-11-2008,25.0,33.0,29.3,76.0,0.0,7.3,3.0,90.0,2.0,NE,Sun
13-11-2008,26.0,32.8,28.7,76.0,0.0,5.5,3.0,315.0,2.0,E ,Sun
14-11-2008,26.0,31.1,28.2,76.0,6.4,1.0,3.0,270.0,2.0,W ,Rain
15-11-2008,26.0,32.2,28.7,76.0,0.0,4.0,4.0,45.0,3.0,NE,Sun
16-11-2008,25.0,33.2,29.5,71.0,9.0,6.5,5.0,270.0,3.0,NW,Rain
17-11-2008,25.0,32.2,28.4,78.0,10.0,2.5,4.0,45.0,2.0,NE,Rain
18-11-2008,26.0,29.0,26.5,86.0,1.4,0.0,4.0,270.0,3.0,W ,Drizzle
19-11-2008,24.0,31.4,27.5,76.0,12.7,0.2,4.0,270.0,3.0,W ,Rain
20-11-2008,25.0,32.0,27.3,82.0,4.7,0.4,4.0,315.0,3.0,W ,Drizzle
21-11-2008,26.0,31.6,28.5,77.0,0.0,0.0,4.0,90.0,2.0,W ,Sun
22-11-2008,25.0,31.5,28.5,76.0,0.0,1.0,4.0,270.0,3.0,W ,Sun
23-11-2008,24.0,32.0,28.3,75.0,11.0,2.4,4.0,270.0,3.0,W ,Rain
24-11-2008,24.0,29.6,26.1,85.0,8888.0,0.0,4.0,270.0,3.0,W ,Rain
25-11-2008,26.0,34.2,29.3,70.0,0.0,5.5,5.0,270.0,3.0,W ,Sun
26-11-2008,24.0,31.0,27.8,85.0,3.0,0.0,6.0,270.0,3.0,W ,Drizzle
27-11-2008,25.0,36.2,28.7,73.0,0.0,6.0,5.0,270.0,3.0,W ,Sun
28-11-2008,26.0,32.2,28.7,72.0,0.0,5.8,2.0,270.0,2.0,W ,Sun
29-11-2008,26.0,32.8,28.6,73.0,1.0,7.6,4.0,270.0,3.0,W ,Drizzle
30-11-2008,26.0,32.2,28.4,71.0,0.0,2.5,3.0,90.0,2.0,NE,Sun
01-12-2008,26.0,31.6,28.1,79.0,7.0,3.0,4.0,270.0,4.0,W ,Rain
02-12-2008,24.0,32.0,27.9,79.0,23.2,0.2,4.0,270.0,3.0,W ,Rain
03-12-2008,26.0,32.0,27.8,78.0,0.0,5.8,4.0,315.0,3.0,NW,Sun
04-12-2008,26.0,31.4,28.3,76.0,0.6,0.8,3.0,270.0,2.0,W ,Sun
05-12-2008,26.0,32.6,28.5,78.0,0.0,7.6,4.0,315.0,3.0,NW,Sun
06-12-2008,25.0,32.4,28.3,78.0,8.8,4.0,4.0,90.0,3.0,NW,Rain
07-12-2008,25.0,33.8,28.5,74.0,0.0,2.0,4.0,270.0,3.0,W ,Sun
08-12-2008,25.0,31.6,28.0,76.0,8888.0,0.0,4.0,225.0,3.0,SW,Rain
09-12-2008,25.0,31.3,27.8,73.0,0.0,0.0,4.0,270.0,3.0,W ,Sun
10-12-2008,25.0,29.9,27.1,81.0,0.6,0.5,4.0,270.0,3.0,W ,Sun
11-12-2008,24.0,29.8,26.3,81.0,2.1,0.0,4.0,270.0,3.0,W ,Drizzle
12-12-2008,24.0,32.0,26.8,80.0,19.8,2.5,4.0,270.0,3.0,W ,Rain
13-12-2008,25.0,31.2,27.6,80.0,8888.0,6.8,4.0,315.0,2.0,W ,Rain
14-12-2008,25.0,31.4,27.8,77.0,0.8,1.8,3.0,225.0,3.0,W ,Sun
15-12-2008,25.0,31.0,27.7,78.0,0.6,1.8,5.0,315.0,3.0,W ,Sun
16-12-2008,25.0,32.2,28.0,72.0,0.0,1.0,5.0,270.0,3.0,W ,Sun
17-12-2008,25.0,33.0,28.2,75.0,7.2,7.4,4.0,270.0,3.0,W ,Rain
18-12-2008,25.0,31.4,27.2,81.0,0.4,4.2,3.0,270.0,2.0,W ,Sun
19-12-2008,26.0,30.6,27.8,80.0,1.7,4.3,4.0,315.0,3.0,NW,Drizzle
20-12-2008,25.0,27.6,27.3,81.0,5.4,0.0,3.0,270.0,3.0,W ,Rain
21-12-2008,25.0,30.8,27.4,80.0,7.7,2.6,4.0,270.0,3.0,W ,Rain
22-12-2008,24.0,31.8,27.9,81.0,50.4,4.5,4.0,270.0,3.0,W ,Rain
23-12-2008,24.0,28.4,26.3,87.0,6.5,0.0,3.0,270.0,3.0,W ,Rain
24-12-2008,24.0,32.0,27.6,80.0,0.0,6.8,4.0,270.0,3.0,W ,Sun
25-12-2008,25.0,32.0,27.5,76.0,1.7,0.6,6.0,270.0,3.0,W ,Drizzle
26-12-2008,25.0,31.0,27.5,75.0,0.0,2.3,5.0,270.0,4.0,W ,Sun
27-12-2008,25.0,32.2,28.1,74.0,7.5,5.2,5.0,270.0,3.0,W ,Rain
28-12-2008,26.0,34.4,28.7,74.0,0.0,5.8,6.0,270.0,4.0,W ,Sun
29-12-2008,24.0,30.7,27.3,74.0,0.2,0.5,4.0,270.0,4.0,W ,Sun
30-12-2008,25.0,31.4,27.4,77.0,2.0,0.8,5.0,270.0,4.0,W ,Drizzle
31-12-2008,25.0,32.4,28.3,72.0,0.0,1.5,5.0,270.0,4.0,W ,Sun
01-01-2009,24.0,31.4,27.5,77.0,0.9,2.0,5.0,270.0,4.0,W ,Sun
02-01-2009,25.0,33.2,28.1,78.0,0.0,7.0,5.0,270.0,4.0,W ,Sun
03-01-2009,25.0,34.6,28.9,70.0,0.0,7.0,6.0,270.0,4.0,W ,Sun
04-01-2009,25.0,35.0,29.0,68.0,0.0,7.8,6.0,270.0,4.0,W ,Sun
05-01-2009,25.0,34.6,29.4,62.0,0.0,4.8,5.0,270.0,3.0,W ,Sun
06-01-2009,24.0,29.6,27.5,81.0,5.7,0.0,3.0,270.0,2.0,W ,Rain
07-01-2009,25.0,30.4,27.2,81.0,6.8,0.2,4.0,270.0,2.0,W ,Rain
08-01-2009,23.0,30.8,27.2,82.0,5.3,1.5,5.0,270.0,3.0,W ,Rain
09-01-2009,24.0,28.0,25.4,87.0,1.6,0.0,3.0,315.0,3.0,W ,Drizzle
10-01-2009,24.0,30.0,26.3,82.0,5.6,0.0,4.0,180.0,3.0,W ,Rain
11-01-2009,24.0,29.0,26.0,84.0,25.5,0.0,5.0,270.0,3.0,W ,Rain
12-01-2009,23.0,27.2,25.5,88.0,85.1,0.0,4.0,270.0,3.0,W ,Rain
13-01-2009,23.0,27.8,25.5,89.0,102.0,0.0,5.0,315.0,3.0,NW,Rain
14-01-2009,24.0,28.0,25.6,90.0,39.8,0.0,7.0,270.0,3.0,NW,Rain
15-01-2009,24.0,29.6,26.0,76.0,7.6,2.0,5.0,315.0,4.0,W ,Rain
16-01-2009,24.0,29.7,26.2,88.0,0.6,0.0,4.0,270.0,3.0,NW,Sun
17-01-2009,26.0,30.0,27.7,78.0,0.0,4.2,5.0,315.0,3.0,W ,Sun
18-01-2009,25.0,30.0,27.8,80.0,122.5,2.0,4.0,270.0,3.0,NW,Rain
19-01-2009,25.0,30.0,27.4,81.0,0.6,3.8,4.0,315.0,3.0,NW,Sun
20-01-2009,24.0,28.2,26.6,84.0,0.0,0.0,4.0,315.0,3.0,W ,Sun
21-01-2009,25.0,31.8,28.1,75.0,5.0,6.2,3.0,315.0,2.0,NW,Drizzle
22-01-2009,25.0,30.8,27.4,78.0,0.0,3.2,4.0,315.0,3.0,W ,Sun
23-01-2009,25.0,30.6,27.9,80.0,8888.0,4.2,4.0,315.0,3.0,NW,Rain
24-01-2009,25.0,31.0,28.3,78.0,15.0,6.2,4.0,270.0,3.0,NW,Rain
25-01-2009,24.0,31.6,27.5,82.0,2.0,2.8,5.0,360.0,3.0,W ,Drizzle
26-01-2009,24.0,28.0,26.6,92.0,25.7,0.0,3.0,270.0,2.0,W ,Rain
27-01-2009,24.0,28.0,26.3,90.0,45.7,0.0,4.0,270.0,3.0,W ,Rain
28-01-2009,26.0,30.8,27.9,80.0,0.0,3.5,4.0,270.0,3.0,W ,Sun
29-01-2009,25.0,29.9,27.7,78.0,3.0,1.6,5.0,270.0,3.0,W ,Drizzle
30-01-2009,24.0,29.4,26.4,85.0,28.1,0.0,4.0,270.0,3.0,W ,Rain
31-01-2009,24.0,28.8,26.2,85.0,13.8,0.0,4.0,270.0,2.0,W ,Rain
01-02-2009,24.0,29.2,26.3,89.0,26.7,1.2,6.0,270.0,3.0,W ,Rain
02-02-2009,23.0,27.0,24.9,92.0,13.5,0.0,4.0,270.0,3.0,W ,Rain
03-02-2009,23.0,29.4,26.3,84.0,38.3,1.0,6.0,270.0,3.0,W ,Rain
04-02-2009,23.0,29.0,25.9,86.0,4.8,0.0,5.0,225.0,3.0,W ,Drizzle
05-02-2009,23.0,28.4,26.3,87.0,16.0,0.0,5.0,270.0,3.0,W ,Rain
06-02-2009,24.0,28.6,25.6,86.0,6.1,0.0,3.0,270.0,3.0,W ,Rain
07-02-2009,24.0,28.8,26.4,85.0,11.4,0.0,4.0,270.0,3.0,W ,Rain
08-02-2009,25.0,29.3,27.4,83.0,18.7,0.2,6.0,360.0,3.0,NW,Rain
09-02-2009,24.0,29.4,27.2,84.0,11.0,0.8,4.0,270.0,3.0,W ,Rain
10-02-2009,24.0,29.8,26.5,84.0,2.3,2.3,3.0,315.0,3.0,NW,Drizzle
11-02-2009,24.0,30.8,27.1,81.0,4.3,0.0,5.0,270.0,3.0,W ,Drizzle
12-02-2009,25.0,30.6,26.7,80.0,0.5,1.1,5.0,270.0,3.0,W ,Sun
13-02-2009,26.0,32.6,28.3,68.0,0.0,4.5,7.0,270.0,4.0,W ,Sun
14-02-2009,25.0,32.8,28.7,66.0,0.0,7.0,7.0,270.0,5.0,W ,Sun
15-02-2009,24.0,31.2,27.3,79.0,4.8,3.0,4.0,270.0,3.0,W ,Drizzle
16-02-2009,24.0,30.2,27.0,80.0,0.0,0.5,5.0,270.0,3.0,W ,Sun
17-02-2009,24.0,31.8,28.2,76.0,8.7,6.8,3.0,315.0,2.0,NW,Rain
18-02-2009,25.0,29.6,26.7,82.0,4.0,0.2,3.0,270.0,2.0,W ,Drizzle
19-02-2009,25.0,31.8,27.8,78.0,0.6,4.6,5.0,270.0,3.0,W ,Sun
20-02-2009,25.0,31.0,27.9,81.0,2.8,5.3,5.0,270.0,3.0,W ,Drizzle
21-02-2009,26.0,31.8,28.4,76.0,0.0,4.5,3.0,315.0,2.0,NW,Sun
22-02-2009,25.0,32.1,27.7,80.0,7.3,4.0,3.0,315.0,3.0,W ,Rain
23-02-2009,25.0,31.8,27.1,83.0,17.0,1.7,5.0,270.0,3.0,W ,Rain
24-02-2009,25.0,33.0,28.5,71.0,0.0,6.7,7.0,270.0,4.0,W ,Sun
25-02-2009,24.0,31.0,28.0,76.0,8888.0,1.8,5.0,270.0,3.0,W ,Rain
26-02-2009,26.0,31.4,28.2,73.0,0.0,2.5,5.0,270.0,3.0,W ,Sun
27-02-2009,25.0,30.9,28.1,78.0,17.0,2.8,3.0,315.0,2.0,NW,Rain
28-02-2009,25.0,28.6,26.8,90.0,16.1,0.0,3.0,270.0,2.0,W ,Rain
01-03-2009,25.0,31.6,27.6,83.0,8888.0,4.0,4.0,270.0,2.0,W ,Rain
02-03-2009,25.0,33.0,29.1,70.0,0.0,6.7,5.0,225.0,3.0,W ,Sun
03-03-2009,25.0,33.2,28.6,75.0,9.6,7.5,7.0,270.0,3.0,W ,Rain
04-03-2009,25.0,30.8,28.1,78.0,2.3,6.2,4.0,270.0,3.0,NW,Drizzle
05-03-2009,24.0,31.8,26.9,85.0,46.3,4.3,5.0,270.0,3.0,W ,Rain
06-03-2009,25.0,33.4,28.5,76.0,0.0,4.0,5.0,270.0,3.0,W ,Sun
07-03-2009,25.0,32.4,28.4,76.0,0.0,5.0,4.0,315.0,3.0,W ,Sun
08-03-2009,26.0,33.2,28.7,74.0,0.0,6.4,3.0,225.0,2.0,W ,Sun
09-03-2009,24.0,33.2,27.9,79.0,68.1,4.5,6.0,315.0,3.0,W ,Rain
10-03-2009,24.0,30.6,27.3,84.0,1.4,0.2,3.0,315.0,2.0,NW,Drizzle
11-03-2009,25.0,32.2,27.5,77.0,0.0,7.4,5.0,270.0,3.0,W ,Sun
12-03-2009,24.0,31.8,27.9,78.0,0.0,4.2,4.0,315.0,3.0,NW,Sun
13-03-2009,25.0,31.4,27.4,77.0,0.4,5.3,4.0,315.0,2.0,NW,Sun
14-03-2009,25.0,32.2,28.3,75.0,0.0,5.5,2.0,315.0,2.0,NW,Sun
15-03-2009,25.0,33.0,28.0,72.0,8888.0,5.5,4.0,270.0,3.0,W ,Rain
16-03-2009,25.0,33.4,29.1,67.0,0.0,8.0,4.0,315.0,2.0,NW,Sun
17-03-2009,24.0,34.8,28.8,70.0,0.0,8.0,4.0,270.0,3.0,W ,Sun
18-03-2009,26.0,32.8,28.6,73.0,0.0,6.0,4.0,360.0,3.0,W ,Sun
19-03-2009,26.0,32.9,28.5,76.0,0.0,5.2,6.0,270.0,3.0,NW,Sun
20-03-2009,26.0,32.6,28.7,74.0,0.0,6.0,4.0,315.0,3.0,NW,Sun
21-03-2009,26.0,32.2,28.3,75.0,3.0,2.5,4.0,270.0,3.0,W ,Drizzle
22-03-2009,25.0,32.8,28.4,74.0,0.0,5.2,4.0,270.0,3.0,W ,Sun
23-03-2009,25.0,33.2,27.7,79.0,7.5,5.1,4.0,225.0,3.0,W ,Rain
24-03-2009,26.0,33.4,28.8,74.0,0.0,4.5,3.0,45.0,2.0,NE,Sun
25-03-2009,26.0,33.6,29.2,77.0,0.0,6.2,5.0,90.0,3.0,E ,Sun
26-03-2009,25.0,32.6,28.6,76.0,0.0,4.5,4.0,270.0,3.0,W ,Sun
27-03-2009,25.0,33.0,28.5,74.0,0.0,8.0,3.0,45.0,2.0,NE,Sun
28-03-2009,26.0,32.0,28.4,76.0,2.3,2.4,3.0,315.0,2.0,E ,Drizzle
29-03-2009,25.0,32.6,28.2,76.0,0.0,4.6,3.0,315.0,2.0,NW,Sun
30-03-2009,26.0,32.8,28.4,74.0,0.0,5.6,3.0,45.0,2.0,NW,Sun
31-03-2009,26.0,32.6,28.7,72.0,0.5,6.5,3.0,315.0,2.0,NW,Sun
01-04-2009,26.0,32.6,28.8,74.0,0.0,4.5,3.0,270.0,2.0,NE,Sun
02-04-2009,27.0,33.8,29.7,69.0,0.0,6.5,3.0,45.0,2.0,NE,Sun
03-04-2009,27.0,32.6,29.5,75.0,0.0,2.5,3.0,360.0,2.0,NW,Sun
04-04-2009,26.0,32.4,28.8,76.0,9.4,2.0,3.0,90.0,2.0,NE,Rain
05-04-2009,26.0,30.7,28.0,80.0,0.0,1.3,3.0,315.0,2.0,NW,Sun
06-04-2009,24.0,33.2,28.1,78.0,2.4,3.5,9.0,270.0,5.0,W ,Drizzle
07-04-2009,25.0,31.4,28.1,74.0,3.8,0.1,4.0,90.0,2.0,E ,Drizzle
08-04-2009,25.0,29.1,26.3,86.0,8888.0,0.0,4.0,90.0,3.0,E ,Rain
09-04-2009,26.0,32.8,28.7,75.0,8888.0,2.2,4.0,90.0,3.0,E ,Rain
10-04-2009,26.0,31.4,29.0,80.0,8888.0,0.5,4.0,90.0,3.0,E ,Rain
11-04-2009,26.0,33.2,29.2,76.0,0.0,4.6,3.0,315.0,2.0,NW,Sun
12-04-2009,26.0,31.4,28.9,77.0,2.4,0.7,3.0,90.0,2.0,W ,Drizzle
13-04-2009,26.0,32.5,28.5,77.0,2.0,7.0,4.0,315.0,3.0,W ,Drizzle
14-04-2009,26.0,32.6,28.6,80.0,0.0,0.0,4.0,90.0,3.0,E ,Sun
15-04-2009,27.0,33.6,30.0,76.0,0.0,5.5,3.0,315.0,2.0,NW,Sun
16-04-2009,25.0,33.4,28.9,74.0,0.0,2.5,5.0,270.0,3.0,W ,Sun
17-04-2009,26.0,32.4,28.6,76.0,0.0,7.4,4.0,315.0,2.0,E ,Sun
18-04-2009,27.0,33.6,29.6,76.0,0.0,6.4,3.0,315.0,2.0,NW,Sun
19-04-2009,26.0,34.0,29.6,73.0,0.0,5.3,3.0,45.0,2.0,NW,Sun
20-04-2009,26.0,32.8,29.4,72.0,0.0,1.0,3.0,315.0,2.0,NW,Sun
21-04-2009,25.0,35.0,28.5,76.0,56.0,7.8,6.0,270.0,4.0,W ,Rain
22-04-2009,26.0,33.6,29.1,76.0,0.0,4.5,4.0,270.0,3.0,W ,Sun
23-04-2009,26.0,31.6,28.4,76.0,0.0,0.4,3.0,270.0,3.0,W ,Sun
24-04-2009,26.0,32.2,28.8,73.0,0.0,0.8,3.0,180.0,2.0,S ,Sun
25-04-2009,26.0,33.9,29.7,73.0,0.0,8.0,3.0,315.0,2.0,W ,Sun
26-04-2009,26.0,33.1,29.3,71.0,0.0,7.4,3.0,270.0,2.0,W ,Sun
27-04-2009,25.0,33.4,28.9,73.0,10.0,4.8,5.0,315.0,3.0,E ,Rain
28-04-2009,26.0,33.0,28.7,74.0,0.0,5.6,4.0,90.0,3.0,E ,Sun
29-04-2009,26.0,33.0,29.8,75.0,0.0,6.2,3.0,270.0,3.0,E ,Sun
30-04-2009,26.0,31.8,29.3,80.0,6.7,4.2,5.0,45.0,3.0,NE,Rain
01-05-2009,25.0,34.2,29.4,72.0,0.0,7.2,3.0,90.0,3.0,E ,Sun
02-05-2009,26.0,32.0,28.5,74.0,0.0,3.0,4.0,180.0,3.0,NW,Sun
03-05-2009,26.0,33.0,28.8,73.0,1.2,4.5,3.0,270.0,2.0,S ,Drizzle
04-05-2009,26.0,32.8,29.0,72.0,0.0,6.0,2.0,315.0,2.0,E ,Sun
05-05-2009,25.0,33.2,29.0,76.0,71.9,4.5,3.0,90.0,3.0,E ,Rain
06-05-2009,23.0,32.8,28.0,81.0,0.1,2.2,4.0,90.0,4.0,E ,Sun
07-05-2009,25.0,33.4,29.3,75.0,0.0,5.4,4.0,180.0,3.0,E ,Sun
08-05-2009,25.0,30.4,27.9,80.0,1.9,0.0,2.0,27.0,2.0,NW,Drizzle
09-05-2009,26.0,32.0,27.3,84.0,1.5,1.5,3.0,90.0,2.0,E ,Drizzle
10-05-2009,26.0,31.6,28.5,78.0,1.4,6.5,4.0,90.0,3.0,E ,Drizzle
11-05-2009,23.0,29.0,26.0,89.0,101.5,0.0,4.0,90.0,3.0,E ,Rain
12-05-2009,23.0,32.6,27.2,80.0,0.0,6.0,4.0,90.0,3.0,E ,Sun
13-05-2009,26.0,30.6,27.5,85.0,3.3,2.2,4.0,90.0,3.0,E ,Drizzle
14-05-2009,25.0,30.6,27.6,83.0,5.6,0.0,2.0,315.0,1.0,NW,Rain
15-05-2009,26.0,32.2,27.9,80.0,8888.0,2.0,3.0,90.0,2.0,E ,Rain
16-05-2009,27.0,32.0,28.9,74.0,0.0,0.2,3.0,270.0,2.0,NW,Sun
17-05-2009,27.0,33.1,29.2,77.0,8888.0,5.3,4.0,270.0,3.0,W ,Rain
18-05-2009,26.0,32.0,27.5,84.0,7.2,3.3,4.0,270.0,3.0,W ,Rain
19-05-2009,26.0,32.0,28.7,75.0,0.0,3.4,4.0,315.0,3.0,W ,Sun
20-05-2009,25.0,32.4,27.5,86.0,20.6,2.0,2.0,90.0,1.0,E ,Rain
21-05-2009,25.0,32.3,27.5,81.0,4.5,1.8,4.0,90.0,3.0,E ,Drizzle
22-05-2009,25.0,32.2,27.7,81.0,8888.0,3.5,3.0,180.0,2.0,NW,Rain
23-05-2009,26.0,32.6,28.9,76.0,0.0,3.5,3.0,180.0,2.0,E ,Sun
24-05-2009,26.0,34.8,29.8,74.0,0.0,4.5,4.0,180.0,3.0,S ,Sun
25-05-2009,26.0,34.2,29.4,72.0,0.0,7.0,5.0,270.0,3.0,E ,Sun
26-05-2009,25.0,33.6,28.6,78.0,2.7,4.0,3.0,180.0,2.0,E ,Drizzle
27-05-2009,26.0,35.6,29.6,67.0,0.0,7.0,2.0,90.0,2.0,E ,Sun
28-05-2009,27.0,33.8,29.8,73.0,0.0,5.6,3.0,45.0,2.0,E ,Sun
29-05-2009,27.0,33.4,29.9,72.0,0.0,6.0,4.0,90.0,3.0,E ,Sun
30-05-2009,27.0,33.6,29.7,72.0,0.0,5.5,4.0,315.0,3.0,W ,Sun
31-05-2009,26.0,33.8,30.0,73.0,0.0,5.8,4.0,45.0,3.0,E ,Sun
01-06-2009,26.0,34.2,29.8,74.0,0.0,4.0,4.0,90.0,2.0,E ,Sun
02-06-2009,25.0,33.6,29.4,75.0,0.0,2.0,4.0,90.0,2.0,E ,Sun
03-06-2009,25.0,33.6,28.9,75.0,0.0,2.5,3.0,90.0,2.0,E ,Sun
04-06-2009,26.0,32.4,29.1,73.0,0.0,2.5,3.0,180.0,2.0,NW,Sun
05-06-2009,26.0,34.0,29.3,71.0,0.0,5.5,4.0,180.0,3.0,S ,Sun
06-06-2009,25.0,32.8,28.9,75.0,0.0,2.5,4.0,90.0,3.0,E ,Sun
07-06-2009,26.0,33.0,29.2,75.0,0.0,3.0,3.0,90.0,3.0,E ,Sun
08-06-2009,24.0,32.0,26.6,84.0,32.0,3.0,4.0,270.0,2.0,W ,Rain
09-06-2009,25.0,33.0,28.4,75.0,0.0,0.0,3.0,315.0,2.0,NW,Sun
10-06-2009,26.0,33.0,28.8,80.0,4.3,0.0,4.0,270.0,2.0,E ,Drizzle
11-06-2009,26.0,32.0,28.3,79.0,0.0,0.5,4.0,135.0,3.0,SE,Sun
12-06-2009,25.0,33.0,29.6,72.0,0.0,1.4,4.0,90.0,3.0,E ,Sun
13-06-2009,25.0,33.8,29.4,72.0,0.0,5.0,3.0,90.0,2.0,E ,Sun
14-06-2009,27.0,33.0,29.3,74.0,0.0,2.2,3.0,135.0,2.0,SE,Sun
15-06-2009,26.0,33.0,29.4,76.0,0.0,5.0,3.0,90.0,2.0,E ,Sun
16-06-2009,24.0,31.4,28.2,78.0,28.5,0.0,4.0,270.0,3.0,W ,Rain
17-06-2009,24.0,32.6,28.1,78.0,0.0,0.4,4.0,90.0,2.0,E ,Sun
18-06-2009,24.0,32.8,28.9,74.0,0.0,2.4,4.0,90.0,3.0,E ,Sun
19-06-2009,26.0,33.8,29.1,70.0,0.0,3.0,4.0,90.0,4.0,E ,Sun
20-06-2009,26.0,33.4,29.0,72.0,0.0,0.5,4.0,90.0,2.0,E ,Sun
21-06-2009,26.0,33.6,29.4,74.0,0.0,2.4,4.0,90.0,2.0,E ,Sun
22-06-2009,26.0,33.4,29.2,71.0,0.0,3.4,4.0,270.0,3.0,E ,Sun
23-06-2009,26.0,33.4,29.0,73.0,0.0,3.4,4.0,90.0,4.0,E ,Sun
24-06-2009,25.0,30.4,27.7,78.0,8888.0,1.4,4.0,180.0,3.0,W ,Rain
25-06-2009,25.0,32.0,27.8,80.0,0.0,3.6,4.0,90.0,3.0,E ,Sun
26-06-2009,26.0,33.0,28.6,75.0,0.0,5.0,4.0,135.0,2.0,E ,Sun
27-06-2009,26.0,33.4,29.3,70.0,0.0,5.0,3.0,90.0,3.0,E ,Sun
28-06-2009,26.0,33.6,28.7,70.0,0.0,5.3,4.0,90.0,3.0,E ,Sun
29-06-2009,25.0,33.6,29.9,70.0,9.6,4.0,4.0,90.0,3.0,E ,Rain
30-06-2009,25.0,32.8,28.8,73.0,0.0,4.5,4.0,90.0,3.0,E ,Sun
01-07-2009,25.0,32.7,28.7,75.0,0.0,5.0,3.0,90.0,2.0,E ,Sun
02-07-2009,26.0,33.6,28.9,70.0,0.0,5.6,3.0,90.0,2.0,E ,Sun
03-07-2009,26.0,32.6,28.9,72.0,0.0,3.5,3.0,90.0,2.0,E ,Sun
04-07-2009,27.0,33.0,29.0,61.0,0.0,4.8,4.0,90.0,3.0,NW,Sun
05-07-2009,26.0,32.6,29.0,73.0,0.0,1.5,4.0,90.0,3.0,E ,Sun
06-07-2009,24.0,32.9,29.2,70.0,0.0,3.0,5.0,90.0,3.0,E ,Sun
07-07-2009,25.0,34.0,29.1,67.0,0.0,3.5,3.0,90.0,3.0,E ,Sun
08-07-2009,26.0,33.0,28.9,66.0,0.0,4.0,4.0,90.0,2.0,E ,Sun
09-07-2009,26.0,32.8,28.8,71.0,0.0,5.5,3.0,45.0,2.0,E ,Sun
10-07-2009,26.0,32.4,28.8,66.0,0.0,4.7,4.0,90.0,3.0,E ,Sun
11-07-2009,25.0,31.6,28.4,67.0,0.0,5.3,4.0,90.0,3.0,E ,Sun
12-07-2009,23.0,32.8,28.5,56.0,0.0,6.0,4.0,90.0,3.0,E ,Sun
13-07-2009,25.0,33.2,27.8,61.0,0.0,4.0,4.0,90.0,3.0,E ,Sun
14-07-2009,24.0,33.0,27.8,64.0,0.0,5.0,4.0,45.0,3.0,E ,Sun
15-07-2009,25.0,33.2,30.6,63.0,0.0,4.8,3.0,90.0,2.0,E ,Sun
16-07-2009,26.0,32.8,28.6,66.0,8888.0,6.0,4.0,270.0,2.0,W ,Rain
17-07-2009,25.0,33.4,29.1,73.0,3.2,5.8,4.0,90.0,3.0,E ,Drizzle
18-07-2009,24.0,32.0,28.4,68.0,0.0,3.5,4.0,90.0,2.0,E ,Sun
19-07-2009,25.0,33.2,28.7,69.0,0.0,6.2,4.0,90.0,3.0,E ,Sun
20-07-2009,27.0,33.5,29.3,70.0,0.0,5.5,4.0,90.0,2.0,E ,Sun
21-07-2009,26.0,33.6,29.3,66.0,0.0,5.0,3.0,45.0,2.0,NW,Sun
22-07-2009,26.0,33.8,29.4,67.0,0.0,5.7,4.0,90.0,3.0,E ,Sun
23-07-2009,26.0,32.4,28.8,74.0,0.2,6.5,4.0,135.0,3.0,SE,Sun
24-07-2009,24.0,32.4,29.3,72.0,0.0,6.5,4.0,90.0,3.0,E ,Sun
25-07-2009,25.0,32.2,28.4,76.0,7.0,1.5,4.0,90.0,2.0,E ,Rain
26-07-2009,26.0,32.0,28.2,74.0,0.0,1.0,3.0,90.0,3.0,E ,Sun
27-07-2009,24.0,33.0,29.2,65.0,0.0,7.0,7.0,45.0,3.0,E ,Sun
28-07-2009,24.0,33.2,27.9,71.0,0.0,7.8,6.0,45.0,4.0,NE,Sun
29-07-2009,25.0,32.8,28.3,72.0,0.0,7.6,4.0,45.0,3.0,NE,Sun
30-07-2009,23.0,32.6,28.0,64.0,0.0,7.4,4.0,45.0,3.0,NE,Sun
31-07-2009,24.0,32.2,27.3,66.0,0.0,7.2,3.0,315.0,3.0,NW,Sun
01-08-2009,26.0,33.2,28.6,62.0,0.0,7.5,3.0,45.0,2.0,E ,Sun
02-08-2009,25.0,31.8,28.8,64.0,0.0,6.5,4.0,45.0,2.0,NE,Sun
03-08-2009,25.0,33.0,27.7,64.0,0.0,8.0,4.0,0.0,3.0,NE,Sun
04-08-2009,25.0,32.6,28.4,68.0,0.0,7.2,4.0,315.0,3.0,SE,Sun
05-08-2009,25.0,32.8,28.5,66.0,0.0,7.0,4.0,135.0,3.0,E ,Sun
06-08-2009,25.0,33.0,28.2,74.0,0.0,7.8,3.0,315.0,2.0,NW,Sun
07-08-2009,25.0,32.6,28.3,74.0,0.0,7.3,3.0,315.0,2.0,E ,Sun
08-08-2009,26.0,32.0,28.9,70.0,0.0,7.0,3.0,315.0,2.0,E ,Sun
09-08-2009,26.0,33.0,28.8,69.0,0.0,4.8,6.0,90.0,3.0,E ,Sun
10-08-2009,26.0,33.4,29.3,73.0,0.0,8.0,4.0,180.0,3.0,E ,Sun
11-08-2009,24.0,32.8,29.3,69.0,0.0,5.3,4.0,90.0,3.0,E ,Sun
12-08-2009,25.0,33.8,29.4,71.0,0.0,8.0,4.0,90.0,3.0,E ,Sun
13-08-2009,27.0,34.0,29.6,69.0,0.0,7.5,4.0,90.0,3.0,E ,Sun
14-08-2009,27.0,33.0,29.6,72.0,0.0,8.0,4.0,45.0,3.0,E ,Sun
15-08-2009,27.0,32.8,29.6,73.0,0.0,5.0,4.0,90.0,3.0,E ,Sun
16-08-2009,27.0,33.8,29.4,73.0,0.0,7.6,4.0,90.0,3.0,E ,Sun
17-08-2009,26.0,32.6,29.5,73.0,4.5,6.0,4.0,90.0,3.0,E ,Drizzle
18-08-2009,24.0,33.8,29.2,72.0,0.0,7.8,3.0,90.0,2.0,E ,Sun
19-08-2009,24.0,34.4,29.3,67.0,0.0,8.0,6.0,90.0,4.0,E ,Sun
20-08-2009,26.0,34.2,29.4,64.0,0.0,7.8,4.0,45.0,2.0,E ,Sun
21-08-2009,26.0,32.0,28.5,70.0,0.0,5.9,4.0,225.0,3.0,SW,Sun
22-08-2009,26.0,33.4,29.0,66.0,0.0,7.8,4.0,45.0,3.0,E ,Sun
23-08-2009,25.0,33.6,29.5,65.0,0.0,7.6,5.0,315.0,3.0,NW,Sun
24-08-2009,25.0,33.2,29.1,68.0,0.0,7.2,4.0,45.0,2.0,E ,Sun
25-08-2009,26.0,33.4,29.4,72.0,0.0,8.0,4.0,45.0,2.0,E ,Sun
26-08-2009,26.0,34.4,29.8,70.0,0.0,8.0,4.0,90.0,2.0,NE,Sun
27-08-2009,25.0,32.4,28.3,77.0,2.0,5.3,4.0,90.0,3.0,E ,Drizzle
28-08-2009,25.0,32.6,28.1,72.0,0.0,7.3,5.0,90.0,3.0,E ,Sun
29-08-2009,25.0,33.2,29.4,68.0,0.0,4.5,4.0,45.0,3.0,E ,Sun
30-08-2009,25.0,34.1,29.1,66.0,0.0,7.7,4.0,90.0,3.0,E ,Sun
31-08-2009,27.0,33.4,29.3,69.0,0.0,7.0,3.0,45.0,2.0,W ,Sun
01-09-2009,25.0,33.0,29.5,70.0,76.5,7.5,5.0,315.0,3.0,NW,Rain
02-09-2009,26.0,32.6,28.3,77.0,0.0,2.5,4.0,270.0,3.0,NW,Sun
03-09-2009,26.0,33.4,29.0,68.0,0.0,6.5,4.0,90.0,4.0,E ,Sun
04-09-2009,25.0,33.0,29.1,72.0,0.0,8.0,4.0,315.0,3.0,NW,Sun
05-09-2009,25.0,33.2,28.8,72.0,0.0,4.0,3.0,90.0,2.0,E ,Sun
06-09-2009,26.0,35.4,29.6,69.0,0.0,8.0,4.0,90.0,3.0,NE,Sun
07-09-2009,26.0,35.0,30.1,63.0,0.0,8.0,4.0,90.0,3.0,E ,Sun
08-09-2009,26.0,35.2,29.8,64.0,0.0,8.0,3.0,45.0,2.0,NE,Sun
09-09-2009,27.0,34.4,29.7,66.0,0.0,7.8,5.0,45.0,3.0,E ,Sun
10-09-2009,26.0,32.4,29.3,69.0,0.0,7.2,4.0,90.0,3.0,E ,Sun
11-09-2009,25.0,34.6,29.9,70.0,0.0,8.0,4.0,90.0,3.0,NE,Sun
12-09-2009,27.0,35.6,30.5,62.0,0.0,7.9,5.0,90.0,3.0,E ,Sun
13-09-2009,26.0,35.4,30.8,62.0,0.0,8.0,4.0,45.0,3.0,NE,Sun
14-09-2009,27.0,35.6,30.1,64.0,0.0,8.0,5.0,45.0,3.0,NE,Sun
15-09-2009,26.0,33.5,29.2,68.0,0.0,4.1,4.0,135.0,4.0,SE,Sun
16-09-2009,25.0,32.8,29.6,70.0,1.4,0.0,4.0,45.0,3.0,NE,Drizzle
17-09-2009,25.0,32.8,28.8,74.0,0.0,2.5,3.0,45.0,2.0,NE,Sun
18-09-2009,26.0,33.6,29.0,76.0,0.0,8.0,2.0,90.0,2.0,E ,Sun
19-09-2009,26.0,32.4,29.5,70.0,8888.0,3.5,4.0,315.0,4.0,NW,Rain
20-09-2009,25.0,33.6,29.1,70.0,0.0,7.8,4.0,180.0,3.0,S ,Sun
21-09-2009,24.0,33.4,28.9,61.0,0.0,7.5,4.0,90.0,2.0,E ,Sun
22-09-2009,25.0,33.0,28.5,67.0,0.0,7.1,3.0,45.0,2.0,NW,Sun
23-09-2009,26.0,32.8,29.2,69.0,0.0,7.3,3.0,90.0,2.0,NE,Sun
24-09-2009,26.0,33.2,29.3,72.0,10.4,7.6,3.0,0.0,2.0,NW,Rain
25-09-2009,25.0,33.6,29.1,72.0,0.0,8.0,5.0,180.0,3.0,S ,Sun
26-09-2009,26.0,34.0,29.2,63.0,0.0,8.0,5.0,180.0,3.0,S ,Sun
27-09-2009,25.0,34.6,29.4,67.0,0.0,8.0,4.0,90.0,3.0,E ,Sun
28-09-2009,25.0,34.4,29.6,65.0,0.0,8.0,3.0,315.0,2.0,NW,Sun
29-09-2009,25.0,33.0,29.1,72.0,0.0,8.0,3.0,315.0,2.0,W ,Sun
30-09-2009,26.0,34.0,29.9,63.0,0.0,5.8,4.0,180.0,2.0,S ,Sun
01-10-2009,27.0,33.6,29.5,66.0,0.0,7.1,4.0,90.0,3.0,E ,Sun
02-10-2009,27.0,34.2,29.9,62.0,0.0,8.0,4.0,135.0,3.0,SE,Sun
03-10-2009,25.0,32.6,29.4,70.0,0.0,3.4,4.0,90.0,3.0,E ,Sun
04-10-2009,25.0,32.6,28.7,75.0,0.0,1.2,4.0,90.0,2.0,E ,Sun
05-10-2009,26.0,31.6,27.3,81.0,12.4,1.0,4.0,315.0,2.0,NW,Rain
06-10-2009,25.0,32.0,27.7,78.0,1.0,1.0,2.0,270.0,2.0,NW,Drizzle
07-10-2009,25.0,33.0,28.2,71.0,2.6,5.8,3.0,270.0,3.0,NW,Drizzle
08-10-2009,26.0,33.0,28.9,72.0,0.0,5.8,4.0,135.0,3.0,SE,Sun
09-10-2009,25.0,33.2,29.6,70.0,0.0,7.5,4.0,90.0,3.0,E ,Sun
10-10-2009,25.0,33.6,29.5,70.0,0.0,5.0,4.0,0.0,2.0,E ,Sun
11-10-2009,26.0,33.8,29.1,69.0,0.0,2.5,5.0,90.0,2.0,NE,Sun
12-10-2009,27.0,34.6,30.1,66.0,0.0,5.8,2.0,90.0,3.0,E ,Sun
13-10-2009,26.0,33.0,29.3,72.0,0.0,1.5,4.0,90.0,3.0,E ,Sun
14-10-2009,25.0,33.4,29.7,67.0,0.0,7.2,4.0,90.0,3.0,E ,Sun
15-10-2009,25.0,34.4,29.4,68.0,0.0,7.5,4.0,45.0,3.0,NE,Sun
16-10-2009,27.0,34.2,29.6,69.0,0.0,8.0,4.0,90.0,3.0,E ,Sun
17-10-2009,23.0,33.4,29.6,72.0,47.0,8.0,4.0,0.0,3.0,N ,Rain
18-10-2009,26.0,33.4,29.0,72.0,0.0,6.2,4.0,90.0,3.0,E ,Sun
19-10-2009,25.0,35.2,30.2,64.0,0.0,8.0,4.0,90.0,3.0,E ,Sun
20-10-2009,25.0,35.4,30.5,63.0,0.0,8.0,5.0,45.0,3.0,NE,Sun
21-10-2009,27.0,33.8,29.6,70.0,0.0,4.5,3.0,45.0,2.0,NE,Sun
22-10-2009,26.0,33.7,30.3,66.0,0.0,6.0,4.0,135.0,3.0,SE,Sun
23-10-2009,27.0,34.4,30.0,66.0,0.0,7.7,4.0,180.0,4.0,S ,Sun
24-10-2009,25.0,33.4,29.5,71.0,0.3,4.3,4.0,90.0,3.0,E ,Sun
25-10-2009,25.0,35.2,29.9,68.0,0.0,6.0,4.0,45.0,3.0,NE,Sun
26-10-2009,26.0,34.8,28.9,75.0,0.0,6.0,5.0,270.0,3.0,W ,Sun
27-10-2009,26.0,33.8,28.8,63.0,0.0,6.5,3.0,0.0,2.0,N ,Sun
28-10-2009,26.0,34.9,29.9,68.0,0.0,7.6,4.0,90.0,3.0,E ,Sun
29-10-2009,26.0,34.8,30.0,67.0,0.0,7.6,4.0,90.0,4.0,E ,Sun
30-10-2009,25.0,33.0,29.3,68.0,0.0,7.3,4.0,45.0,3.0,E ,Sun
31-10-2009,25.0,33.4,29.1,75.0,0.0,4.6,4.0,315.0,3.0,NW,Sun
01-11-2009,27.0,33.8,30.0,69.0,0.0,7.0,4.0,90.0,3.0,NE,Sun
02-11-2009,27.0,35.5,30.2,64.0,0.0,7.7,6.0,45.0,3.0,NE,Sun
03-11-2009,27.0,34.7,30.1,70.0,0.0,7.7,4.0,45.0,3.0,NE,Sun
04-11-2009,28.0,35.0,30.8,66.0,0.0,6.6,4.0,90.0,3.0,E ,Sun
05-11-2009,26.0,35.0,31.3,65.0,0.0,7.7,5.0,45.0,3.0,E ,Sun
06-11-2009,25.0,33.6,29.2,75.0,3.8,3.8,4.0,45.0,2.0,NE,Drizzle
07-11-2009,26.0,33.6,29.2,75.0,0.0,4.3,4.0,45.0,2.0,NE,Sun
08-11-2009,27.0,35.4,30.7,66.0,0.0,6.0,5.0,45.0,2.0,NE,Sun
09-11-2009,27.0,34.2,30.1,68.0,0.0,1.3,4.0,270.0,3.0,W ,Sun
10-11-2009,25.0,32.6,28.1,77.0,28.8,1.0,4.0,135.0,3.0,E ,Rain
11-11-2009,25.0,32.4,28.9,76.0,10.0,3.4,4.0,180.0,3.0,S ,Rain
12-11-2009,25.0,33.6,26.8,87.0,112.0,4.0,7.0,315.0,3.0,S ,Rain
13-11-2009,23.0,32.4,26.6,86.0,55.1,1.0,4.0,270.0,3.0,E ,Rain
14-11-2009,24.0,31.8,27.4,79.0,0.0,5.0,3.0,315.0,2.0,N ,Sun
15-11-2009,26.0,32.7,28.7,73.0,0.0,6.5,4.0,315.0,3.0,W ,Sun
16-11-2009,25.0,31.4,27.2,82.0,15.3,1.0,4.0,135.0,3.0,W ,Rain
17-11-2009,25.0,30.8,27.6,82.0,2.5,2.7,4.0,270.0,3.0,W ,Drizzle
18-11-2009,25.0,29.6,27.1,80.0,1.0,0.0,4.0,270.0,3.0,W ,Drizzle
19-11-2009,25.0,32.2,27.1,81.0,19.6,2.8,5.0,270.0,3.0,W ,Rain
20-11-2009,25.0,31.9,28.1,76.0,0.0,0.6,6.0,45.0,3.0,NE,Sun
21-11-2009,26.0,33.8,28.5,74.0,1.2,5.4,4.0,180.0,3.0,W ,Drizzle
22-11-2009,25.0,32.8,28.2,70.0,0.0,3.8,7.0,270.0,4.0,W ,Sun
23-11-2009,25.0,33.4,29.4,68.0,0.0,2.5,4.0,270.0,3.0,W ,Sun
24-11-2009,24.0,32.6,28.3,74.0,2.1,2.8,4.0,270.0,3.0,W ,Drizzle
25-11-2009,24.0,30.2,26.8,78.0,28.0,0.0,3.0,180.0,2.0,W ,Rain
26-11-2009,24.0,28.3,25.6,90.0,2.6,0.0,3.0,225.0,2.0,SW,Drizzle
27-11-2009,25.0,32.6,27.8,78.0,0.0,5.0,3.0,90.0,2.0,E ,Sun
28-11-2009,26.0,32.0,28.5,76.0,0.5,2.0,4.0,135.0,3.0,SW,Sun
29-11-2009,24.0,31.4,27.6,80.0,17.8,2.0,3.0,270.0,3.0,W ,Rain
30-11-2009,24.0,34.6,28.2,75.0,3.4,7.6,6.0,270.0,4.0,W ,Drizzle
01-12-2009,26.0,33.0,29.9,74.0,0.0,3.9,5.0,270.0,4.0,W ,Sun
02-12-2009,26.0,33.8,29.3,72.0,0.0,6.3,3.0,315.0,2.0,NW,Sun
03-12-2009,27.0,33.6,29.9,75.0,0.0,3.2,4.0,0.0,3.0,NE,Sun
04-12-2009,26.0,32.4,29.3,74.0,2.5,6.0,4.0,135.0,2.0,SE,Drizzle
05-12-2009,25.0,29.8,27.7,81.0,2.8,1.0,4.0,90.0,3.0,E ,Drizzle
06-12-2009,25.0,30.4,26.3,90.0,40.0,1.4,4.0,0.0,3.0,NE,Rain
07-12-2009,25.0,32.2,29.2,79.0,1.0,3.8,4.0,0.0,3.0,NE,Drizzle
08-12-2009,26.0,32.0,28.1,80.0,0.0,3.0,3.0,0.0,2.0,N ,Sun
09-12-2009,26.0,31.8,29.0,76.0,0.0,1.7,4.0,315.0,3.0,NW,Sun
10-12-2009,26.0,32.4,28.8,72.0,0.0,1.5,4.0,135.0,3.0,SE,Sun
11-12-2009,26.0,32.0,28.9,75.0,0.0,4.0,4.0,180.0,3.0,S ,Sun
12-12-2009,25.0,32.4,29.0,76.0,0.4,1.8,3.0,315.0,2.0,W ,Sun
13-12-2009,27.0,32.2,29.2,75.0,0.0,1.5,3.0,315.0,2.0,NW,Sun
14-12-2009,26.0,32.4,29.0,75.0,1.2,2.5,4.0,270.0,3.0,W ,Drizzle
15-12-2009,26.0,32.2,29.1,76.0,0.0,0.0,4.0,270.0,2.0,W ,Sun
16-12-2009,26.0,32.6,28.6,75.0,0.0,3.6,4.0,135.0,3.0,SE,Sun
17-12-2009,25.0,32.0,28.7,74.0,0.0,1.3,3.0,270.0,2.0,W ,Sun
18-12-2009,25.0,32.6,28.8,74.0,9.8,1.5,3.0,90.0,2.0,E ,Rain
19-12-2009,26.0,34.2,29.9,68.0,0.0,5.4,3.0,0.0,2.0,N ,Sun
20-12-2009,26.0,32.8,28.9,73.0,0.0,5.1,4.0,45.0,2.0,NE,Sun
21-12-2009,26.0,31.2,28.1,80.0,2.7,2.3,3.0,270.0,2.0,W ,Drizzle
22-12-2009,24.0,29.0,25.8,92.0,59.2,0.0,4.0,270.0,3.0,W ,Rain
23-12-2009,26.0,31.6,27.7,79.0,0.0,8.5,4.0,90.0,3.0,E ,Sun
24-12-2009,26.0,31.8,29.1,77.0,17.0,1.0,3.0,315.0,2.0,NW,Rain
25-12-2009,26.0,30.4,27.6,82.0,5.9,0.0,4.0,270.0,3.0,W ,Rain
26-12-2009,26.0,31.6,28.0,77.0,0.6,2.0,4.0,225.0,2.0,SW,Sun
27-12-2009,25.0,32.6,28.4,75.0,30.7,4.0,4.0,315.0,2.0,W ,Rain
28-12-2009,25.0,32.0,27.1,84.0,14.8,0.0,5.0,270.0,3.0,W ,Rain
29-12-2009,25.0,30.4,27.5,80.0,0.1,2.0,4.0,180.0,3.0,W ,Sun
30-12-2009,25.0,30.2,27.5,83.0,0.4,0.0,3.0,270.0,2.0,SW,Sun
31-12-2009,26.0,32.4,28.8,74.0,0.0,0.0,4.0,270.0,3.0,SW,Sun
01-01-2010,26.0,32.4,28.7,75.0,0.0,2.9,4.0,225.0,4.0,W ,Sun
02-01-2010,25.0,33.8,28.7,73.0,6.6,5.5,5.0,270.0,2.0,NW,Rain
03-01-2010,26.0,33.8,28.8,72.0,0.0,2.7,4.0,225.0,3.0,NE,Sun
04-01-2010,25.0,33.4,29.9,70.0,0.0,7.7,6.0,270.0,2.0,SE,Sun
05-01-2010,24.0,33.0,28.5,70.0,0.4,0.5,5.0,180.0,3.0,E ,Sun
06-01-2010,26.0,33.2,28.6,74.0,0.0,3.7,5.0,180.0,3.0,NE,Sun
07-01-2010,25.0,33.0,28.1,76.0,12.7,4.3,6.0,180.0,3.0,NE,Rain
08-01-2010,25.0,28.7,26.9,85.0,0.5,0.0,5.0,135.0,2.0,N ,Sun
09-01-2010,24.0,30.0,27.4,80.0,28.0,0.2,5.0,180.0,3.0,NW,Rain
10-01-2010,25.0,28.8,26.4,86.0,0.0,1.7,3.0,90.0,3.0,SE,Sun
11-01-2010,24.0,31.0,27.7,84.0,19.6,1.5,4.0,270.0,3.0,S ,Rain
12-01-2010,24.0,30.2,26.5,82.0,0.9,1.2,4.0,180.0,2.0,W ,Sun
13-01-2010,25.0,29.9,26.7,82.0,6.0,0.0,4.0,90.0,2.0,NW,Rain
14-01-2010,22.0,29.6,26.2,80.0,20.3,2.3,7.0,90.0,3.0,W ,Rain
15-01-2010,23.0,29.6,25.3,84.0,11.6,0.5,4.0,180.0,2.0,W ,Rain
16-01-2010,24.0,26.6,25.1,94.0,49.8,0.0,4.0,90.0,3.0,SE,Rain
17-01-2010,24.0,27.4,25.5,94.0,22.3,0.0,3.0,90.0,2.0,W ,Rain
18-01-2010,23.0,30.0,26.5,82.0,73.9,0.6,3.0,90.0,2.0,E ,Rain
19-01-2010,24.0,28.9,26.0,88.0,7.3,0.0,3.0,360.0,2.0,N ,Rain
20-01-2010,25.0,28.8,26.6,86.0,3.4,0.0,4.0,45.0,2.0,NE,Drizzle
21-01-2010,25.0,31.8,28.1,78.0,25.3,2.7,4.0,270.0,2.0,W ,Rain
22-01-2010,25.0,29.8,26.1,84.0,8888.0,2.9,4.0,270.0,2.0,W ,Rain
23-01-2010,25.0,32.0,28.2,78.0,9.2,2.0,4.0,90.0,3.0,E ,Rain
24-01-2010,26.0,32.1,28.9,73.0,0.0,6.5,3.0,315.0,2.0,NW,Sun
25-01-2010,24.0,31.0,27.8,80.0,19.9,0.4,4.0,315.0,3.0,NW,Rain
26-01-2010,24.0,30.0,26.2,86.0,5.8,0.0,4.0,225.0,3.0,SW,Rain
27-01-2010,25.0,32.0,27.8,81.0,0.0,2.0,4.0,315.0,2.0,W ,Sun
28-01-2010,24.0,31.6,28.4,78.0,0.0,5.0,5.0,270.0,3.0,W ,Sun
29-01-2010,24.0,32.4,28.8,76.0,3.0,6.0,4.0,180.0,2.0,SW,Drizzle
30-01-2010,25.0,31.4,27.8,77.0,13.1,0.0,3.0,315.0,2.0,NW,Rain
31-01-2010,24.0,30.0,26.8,84.0,37.4,3.5,4.0,225.0,3.0,SW,Rain
01-02-2010,24.0,32.2,27.1,86.0,9.3,0.0,4.0,270.0,3.0,E ,Rain
02-02-2010,25.0,32.0,27.1,83.0,0.0,0.0,5.0,270.0,2.0,E ,Sun
03-02-2010,24.0,31.2,28.3,77.0,11.8,4.5,4.0,225.0,3.0,E ,Rain
04-02-2010,24.0,32.4,27.8,82.0,1.3,7.0,3.0,270.0,2.0,W ,Drizzle
05-02-2010,26.0,31.8,28.2,78.0,2.8,4.5,3.0,270.0,3.0,NW,Drizzle
06-02-2010,25.0,31.2,27.2,84.0,0.2,1.0,4.0,270.0,2.0,W ,Sun
07-02-2010,25.0,33.0,28.7,78.0,2.7,8.0,3.0,270.0,2.0,E ,Drizzle
08-02-2010,26.0,33.0,28.7,78.0,0.0,4.2,4.0,270.0,3.0,E ,Sun
09-02-2010,25.0,32.8,29.4,76.0,0.0,7.4,4.0,90.0,3.0,E ,Sun
10-02-2010,25.0,33.6,29.5,73.0,0.0,8.0,5.0,180.0,3.0,SE,Sun
11-02-2010,27.0,33.6,29.3,72.0,0.0,7.0,3.0,360.0,3.0,NW,Sun
12-02-2010,25.0,31.8,28.6,80.0,37.1,0.0,4.0,270.0,3.0,W ,Rain
13-02-2010,24.0,26.6,25.6,93.0,40.4,0.0,4.0,135.0,3.0,SE,Rain
14-02-2010,25.0,30.8,27.4,81.0,1.4,0.2,3.0,90.0,2.0,SE,Drizzle
15-02-2010,25.0,32.4,28.0,79.0,0.0,2.5,3.0,90.0,2.0,SE,Sun
16-02-2010,25.0,31.2,27.9,82.0,4.0,,3.0,360.0,2.0,E ,Drizzle
17-02-2010,26.0,32.0,28.1,81.0,3.0,1.5,4.0,360.0,3.0,W ,Drizzle
18-02-2010,24.0,30.4,27.5,86.0,68.0,,5.0,180.0,3.0,NW,Rain
19-02-2010,25.0,30.3,26.7,88.0,2.8,,3.0,315.0,3.0,NW,Drizzle
20-02-2010,25.0,32.6,26.5,86.0,1.9,0.3,4.0,90.0,3.0,E ,Drizzle
21-02-2010,25.0,32.4,28.6,80.0,8.8,2.9,3.0,90.0,2.0,SE,Rain
22-02-2010,26.0,31.2,27.9,82.0,1.2,1.0,3.0,270.0,3.0,NW,Drizzle
23-02-2010,27.0,32.2,28.9,77.0,0.0,1.5,4.0,360.0,3.0,N ,Sun
24-02-2010,25.0,31.4,28.0,85.0,15.6,,3.0,270.0,3.0,W ,Rain
25-02-2010,25.0,31.0,27.5,82.0,0.2,,3.0,315.0,3.0,NW,Sun
26-02-2010,25.0,33.4,29.1,78.0,0.0,,2.0,315.0,2.0,NW,Sun
27-02-2010,27.0,32.2,29.0,76.0,0.0,,3.0,135.0,0.0,SE,Sun
28-02-2010,26.0,33.4,29.6,74.0,10.8,,4.0,315.0,3.0,N ,Rain
01-03-2010,24.0,33.6,28.0,81.0,46.8,2.5,3.0,270.0,2.0,NW,Rain
02-03-2010,25.0,32.8,28.5,77.0,0.0,5.5,4.0,315.0,3.0,NW,Sun
03-03-2010,26.0,33.8,29.2,76.0,0.0,5.3,4.0,135.0,3.0,SE,Sun
04-03-2010,26.0,33.2,29.7,73.0,0.0,5.2,4.0,360.0,3.0,N ,Sun
05-03-2010,26.0,30.4,26.9,87.0,32.2,,4.0,180.0,3.0,S ,Rain
06-03-2010,26.0,32.8,28.7,82.0,0.0,4.0,3.0,360.0,3.0,N ,Sun
07-03-2010,25.0,33.5,29.6,75.0,0.0,7.0,4.0,360.0,3.0,N ,Sun
08-03-2010,26.0,32.8,28.6,78.0,8888.0,2.5,4.0,270.0,3.0,NW,Rain
09-03-2010,26.0,33.4,28.9,74.0,0.0,4.1,4.0,360.0,2.0,W ,Sun
10-03-2010,25.0,30.8,28.3,79.0,2.7,,3.0,270.0,2.0,W ,Drizzle
11-03-2010,25.0,32.2,27.5,80.0,8.8,2.0,4.0,135.0,3.0,W ,Rain
12-03-2010,25.0,30.0,26.7,86.0,2.6,0.5,4.0,270.0,3.0,W ,Drizzle
13-03-2010,26.0,33.4,29.5,76.0,0.0,7.3,4.0,360.0,2.0,W ,Sun
14-03-2010,25.0,33.6,29.6,74.0,0.0,8.5,4.0,360.0,3.0,N ,Sun
15-03-2010,26.0,33.4,29.4,74.0,8888.0,6.2,3.0,90.0,2.0,E ,Rain
16-03-2010,25.0,30.4,27.9,81.0,1.7,11.0,4.0,360.0,2.0,N ,Drizzle
17-03-2010,25.0,30.8,27.2,84.0,11.2,4.0,4.0,90.0,3.0,W ,Rain
18-03-2010,26.0,31.4,28.3,79.0,0.0,4.5,4.0,225.0,3.0,NW,Sun
19-03-2010,25.0,30.7,28.5,80.0,0.0,1.0,4.0,360.0,3.0,NW,Sun
20-03-2010,26.0,33.4,29.1,74.0,0.0,3.5,3.0,90.0,2.0,E ,Sun
21-03-2010,27.0,32.4,29.1,76.0,8888.0,4.1,4.0,360.0,3.0,N ,Rain
22-03-2010,26.0,35.0,29.8,69.0,0.0,8.8,5.0,270.0,3.0,W ,Sun
23-03-2010,27.0,34.4,29.4,73.0,0.0,7.0,3.0,180.0,2.0,NW,Sun
24-03-2010,27.0,33.8,30.1,76.0,0.0,7.0,3.0,315.0,2.0,W ,Sun
25-03-2010,25.0,33.8,30.0,75.0,85.7,8.5,3.0,360.0,2.0,N ,Rain
26-03-2010,26.0,31.8,27.9,86.0,0.0,0.5,3.0,360.0,2.0,NE,Sun
27-03-2010,27.0,33.8,29.6,72.0,1.1,6.2,4.0,360.0,3.0,NE,Drizzle
28-03-2010,25.0,30.0,28.2,85.0,14.7,,4.0,45.0,3.0,NW,Rain
29-03-2010,25.0,32.2,27.5,86.0,8.9,2.0,4.0,270.0,3.0,W ,Rain
30-03-2010,25.0,30.8,25.8,89.0,26.1,,6.0,270.0,2.0,W ,Rain
31-03-2010,25.0,32.8,28.8,75.0,0.0,1.0,4.0,270.0,3.0,W ,Sun
01-04-2010,26.0,33.6,29.2,72.0,0.0,3.5,3.0,90.0,3.0,E ,Sun
02-04-2010,25.0,33.4,29.0,79.0,20.7,4.3,3.0,90.0,3.0,E ,Rain
03-04-2010,25.0,33.0,28.5,80.0,0.0,5.1,4.0,360.0,3.0,N ,Sun
04-04-2010,26.0,33.8,29.2,75.0,0.4,4.5,3.0,45.0,3.0,N ,Sun
05-04-2010,25.0,33.0,28.4,80.0,1.8,6.5,4.0,315.0,2.0,W ,Drizzle
06-04-2010,26.0,33.8,29.3,75.0,0.0,10.0,2.0,360.0,2.0,N ,Sun
07-04-2010,27.0,33.6,29.5,76.0,2.8,4.5,3.0,90.0,2.0,W ,Drizzle
08-04-2010,27.0,33.0,28.8,81.0,0.6,1.0,3.0,90.0,2.0,W ,Sun
09-04-2010,26.0,33.8,30.0,76.0,0.0,10.0,5.0,360.0,2.0,W ,Sun
10-04-2010,25.0,33.8,30.4,74.0,0.0,10.0,4.0,315.0,2.0,W ,Sun
11-04-2010,26.0,33.8,29.7,72.0,0.0,2.0,3.0,315.0,4.0,W ,Sun
12-04-2010,26.0,34.0,29.5,74.0,0.0,10.0,4.0,315.0,3.0,W ,Sun
13-04-2010,27.0,34.6,29.9,74.0,0.0,2.5,4.0,90.0,2.0,E ,Sun
14-04-2010,27.0,33.6,30.0,74.0,0.2,,6.0,90.0,3.0,E ,Sun
15-04-2010,26.0,34.8,30.3,74.0,0.0,7.5,4.0,90.0,3.0,W ,Sun
16-04-2010,27.0,31.2,28.1,74.0,0.2,,6.0,225.0,3.0,SW,Sun
17-04-2010,26.0,33.8,29.6,74.0,0.0,7.0,4.0,360.0,3.0,W ,Sun
18-04-2010,27.0,33.9,29.5,72.0,0.0,6.5,4.0,270.0,3.0,W ,Sun
19-04-2010,27.0,34.7,30.0,67.0,0.0,6.5,4.0,270.0,4.0,W ,Sun
20-04-2010,27.0,34.6,30.1,68.0,0.0,9.5,4.0,135.0,2.0,W ,Sun
21-04-2010,25.0,34.0,30.6,69.0,0.0,7.1,4.0,90.0,3.0,W ,Sun
22-04-2010,27.0,33.6,29.9,72.0,0.0,2.5,4.0,270.0,3.0,W ,Sun
23-04-2010,27.0,34.4,29.8,73.0,0.0,4.0,6.0,270.0,3.0,W ,Sun
24-04-2010,28.0,34.2,30.1,71.0,0.0,6.0,4.0,270.0,3.0,W ,Sun
25-04-2010,27.0,34.5,30.2,74.0,0.0,2.0,4.0,360.0,3.0,N ,Sun
26-04-2010,27.0,34.8,30.7,70.0,0.0,5.3,3.0,360.0,2.0,N ,Sun
27-04-2010,25.0,34.2,30.5,72.0,0.0,8.5,4.0,360.0,3.0,W ,Sun
28-04-2010,27.0,34.0,29.8,70.0,0.0,7.0,3.0,270.0,3.0,W ,Sun
29-04-2010,27.0,33.0,29.5,74.0,8888.0,7.5,5.0,270.0,3.0,W ,Rain
30-04-2010,28.0,35.1,30.6,72.0,0.0,9.0,5.0,90.0,3.0,E ,Sun
01-05-2010,27.0,34.8,30.6,72.0,0.0,6.5,4.0,360.0,3.0,NW,Sun
02-05-2010,28.0,34.8,30.5,74.0,0.0,4.4,4.0,360.0,3.0,NW,Sun
03-05-2010,26.0,35.4,30.8,70.0,0.0,9.6,5.0,90.0,3.0,E ,Sun
04-05-2010,27.0,34.0,29.1,77.0,0.0,9.0,3.0,90.0,3.0,E ,Sun
05-05-2010,26.0,32.0,29.1,76.0,0.0,1.0,5.0,90.0,3.0,E ,Sun
06-05-2010,27.0,34.4,29.7,72.0,0.0,3.0,4.0,90.0,3.0,NE,Sun
07-05-2010,27.0,34.6,30.0,74.0,0.3,5.5,5.0,90.0,3.0,E ,Sun
08-05-2010,27.0,32.0,28.6,84.0,1.8,1.4,4.0,90.0,3.0,SE,Drizzle
09-05-2010,25.0,34.8,30.3,74.0,0.0,4.6,3.0,360.0,3.0,E ,Sun
10-05-2010,26.0,33.4,28.4,80.0,10.7,0.0,3.0,360.0,2.0,E ,Rain
11-05-2010,26.0,33.0,28.6,80.0,4.0,2.0,4.0,360.0,2.0,NE,Drizzle
12-05-2010,27.0,33.4,28.9,77.0,0.0,3.0,5.0,225.0,3.0,SW,Sun
13-05-2010,27.0,32.6,28.1,84.0,12.5,1.0,4.0,225.0,3.0,W ,Rain
14-05-2010,26.0,33.4,28.4,85.0,0.8,0.0,5.0,90.0,3.0,W ,Sun
15-05-2010,27.0,34.2,29.8,73.0,0.0,10.0,3.0,225.0,2.0,W ,Sun
16-05-2010,26.0,32.6,27.2,88.0,7.6,0.0,4.0,270.0,3.0,W ,Rain
17-05-2010,26.0,33.2,28.8,79.0,8888.0,2.0,3.0,90.0,2.0,E ,Rain
18-05-2010,27.0,34.2,30.0,74.0,0.0,8.0,3.0,90.0,3.0,E ,Sun
19-05-2010,27.0,33.8,30.4,75.0,0.7,4.5,4.0,270.0,3.0,W ,Sun
20-05-2010,25.0,33.6,28.8,81.0,2.2,3.1,4.0,270.0,3.0,W ,Drizzle
21-05-2010,25.0,33.6,29.2,72.0,0.0,8.0,3.0,45.0,2.0,W ,Sun
22-05-2010,26.0,33.8,29.6,76.0,20.6,8.0,3.0,90.0,2.0,E ,Rain
23-05-2010,26.0,33.0,29.3,79.0,3.4,1.5,3.0,90.0,2.0,W ,Drizzle
24-05-2010,26.0,34.2,27.9,75.0,1.0,5.3,4.0,135.0,2.0,E ,Drizzle
25-05-2010,26.0,33.8,29.1,80.0,21.0,7.3,4.0,270.0,2.0,W ,Rain
26-05-2010,26.0,34.0,28.8,78.0,0.9,4.1,4.0,270.0,3.0,NW,Sun
27-05-2010,25.0,31.8,28.9,77.0,0.0,,3.0,270.0,2.0,W ,Sun
28-05-2010,26.0,33.2,29.2,77.0,0.0,5.5,4.0,90.0,3.0,E ,Sun
29-05-2010,27.0,33.8,30.0,74.0,0.0,7.5,5.0,45.0,3.0,E ,Sun
30-05-2010,27.0,34.1,30.8,72.0,0.0,7.0,4.0,45.0,3.0,N ,Sun
31-05-2010,27.0,33.7,30.1,71.0,0.2,3.7,4.0,270.0,3.0,W ,Sun
01-06-2010,25.0,34.0,29.2,78.0,43.8,6.0,5.0,270.0,3.0,NW,Rain
02-06-2010,27.0,32.6,29.0,81.0,0.0,4.5,2.0,270.0,,,Sun
03-06-2010,27.0,33.8,30.1,76.0,0.0,6.0,4.0,90.0,3.0,E ,Sun
04-06-2010,25.0,32.2,29.2,76.0,26.0,,4.0,90.0,3.0,E ,Rain
05-06-2010,25.0,31.4,27.8,86.0,16.9,1.5,3.0,315.0,2.0,N ,Rain
06-06-2010,26.0,30.4,28.1,82.0,8888.0,,3.0,360.0,2.0,N ,Rain
07-06-2010,26.0,31.4,28.0,84.0,9.8,,3.0,360.0,2.0,N ,Rain
08-06-2010,25.0,29.4,27.2,84.0,0.6,,4.0,270.0,3.0,NW,Sun
09-06-2010,25.0,33.0,28.3,76.0,0.0,4.0,3.0,90.0,2.0,E ,Sun
10-06-2010,27.0,31.0,28.6,78.0,0.0,0.3,4.0,360.0,3.0,E ,Sun
11-06-2010,27.0,33.4,29.7,76.0,0.0,5.0,4.0,180.0,3.0,S ,Sun
12-06-2010,25.0,32.8,29.4,76.0,2.0,2.0,3.0,270.0,2.0,E ,Drizzle
13-06-2010,25.0,32.8,28.7,77.0,0.0,6.0,5.0,360.0,3.0,N ,Sun
14-06-2010,27.0,32.6,29.7,76.0,8888.0,1.5,4.0,360.0,2.0,N ,Rain
15-06-2010,25.0,32.6,28.8,76.0,8888.0,3.0,4.0,270.0,3.0,W ,Rain
16-06-2010,25.0,27.0,25.7,87.0,9.3,,3.0,270.0,2.0,W ,Rain
17-06-2010,25.0,29.8,27.3,83.0,8888.0,0.1,3.0,90.0,2.0,E ,Rain
18-06-2010,25.0,31.4,28.2,79.0,9.0,1.5,3.0,315.0,2.0,N ,Rain
19-06-2010,25.0,31.0,27.2,84.0,0.4,,5.0,90.0,3.0,E ,Sun
20-06-2010,26.0,31.0,28.2,78.0,0.4,4.0,4.0,270.0,3.0,E ,Sun
21-06-2010,26.0,32.8,29.4,75.0,0.0,6.0,4.0,180.0,3.0,SE,Sun
22-06-2010,25.0,32.8,29.3,70.0,0.0,5.0,4.0,90.0,2.0,E ,Sun
23-06-2010,26.0,32.9,28.7,69.0,5.4,4.0,4.0,90.0,3.0,E ,Rain
24-06-2010,24.0,31.4,28.5,83.0,7.0,,2.0,90.0,2.0,E ,Rain
25-06-2010,24.0,30.8,27.2,84.0,0.3,0.3,4.0,315.0,2.0,E ,Sun
26-06-2010,26.0,32.6,28.7,78.0,0.5,4.0,3.0,180.0,2.0,S ,Sun
27-06-2010,25.0,32.8,29.1,74.0,0.0,6.0,4.0,90.0,2.0,E ,Sun
28-06-2010,26.0,31.0,29.7,78.0,0.0,,4.0,90.0,3.0,E ,Sun
29-06-2010,25.0,31.6,28.0,80.0,2.4,4.5,6.0,90.0,3.0,E ,Drizzle
30-06-2010,25.0,31.8,28.4,77.0,0.0,2.7,4.0,180.0,3.0,S ,Sun
01-07-2010,25.0,32.6,29.0,76.0,0.0,4.0,4.0,90.0,3.0,E ,Sun
02-07-2010,25.0,33.0,29.0,76.0,0.0,5.5,3.0,90.0,2.0,E ,Sun
03-07-2010,24.0,30.0,27.2,83.0,20.4,,3.0,360.0,2.0,N ,Rain
04-07-2010,26.0,33.0,28.3,77.0,0.0,2.5,4.0,270.0,2.0,W ,Sun
05-07-2010,26.0,32.0,28.6,77.0,0.0,1.5,4.0,90.0,3.0,E ,Sun
06-07-2010,25.0,32.5,29.3,78.0,0.0,5.0,3.0,270.0,3.0,W ,Sun
07-07-2010,25.0,30.2,27.1,88.0,34.0,1.0,3.0,180.0,3.0,S ,Rain
08-07-2010,25.0,30.8,27.3,84.0,28.7,1.0,3.0,90.0,3.0,NW,Rain
09-07-2010,25.0,32.9,27.1,84.0,46.6,2.0,4.0,270.0,3.0,N ,Rain
10-07-2010,25.0,31.9,28.3,79.0,0.0,2.5,4.0,90.0,3.0,E ,Sun
11-07-2010,25.0,32.5,28.6,78.0,0.0,3.0,3.0,90.0,3.0,E ,Sun
12-07-2010,25.0,32.8,29.0,76.0,3.0,3.5,3.0,90.0,2.0,E ,Drizzle
13-07-2010,25.0,32.4,28.6,78.0,1.2,3.5,5.0,90.0,3.0,E ,Drizzle
14-07-2010,26.0,31.9,28.3,78.0,8888.0,2.0,5.0,90.0,3.0,E ,Rain
15-07-2010,26.0,32.4,28.6,74.0,1.6,2.7,4.0,270.0,3.0,E ,Drizzle
16-07-2010,26.0,30.0,27.3,85.0,4.2,,3.0,315.0,2.0,NW,Drizzle
17-07-2010,26.0,31.2,28.1,80.0,0.0,,3.0,270.0,3.0,W ,Sun
18-07-2010,24.0,29.6,27.4,84.0,73.0,2.0,3.0,360.0,2.0,E ,Rain
19-07-2010,25.0,31.6,27.0,88.0,13.2,0.2,6.0,315.0,3.0,NW,Rain
20-07-2010,25.0,33.0,28.2,76.0,3.4,6.3,3.0,90.0,2.0,E ,Drizzle
21-07-2010,26.0,33.0,29.1,79.0,0.0,4.0,5.0,270.0,3.0,E ,Sun
22-07-2010,26.0,32.4,28.9,75.0,0.0,7.0,3.0,360.0,2.0,N ,Sun
23-07-2010,26.0,33.8,29.0,71.0,0.0,8.0,4.0,90.0,3.0,E ,Sun
24-07-2010,27.0,33.6,29.1,66.0,0.0,8.5,5.0,90.0,3.0,E ,Sun
25-07-2010,26.0,32.6,29.2,67.0,1.6,1.7,3.0,90.0,2.0,E ,Drizzle
26-07-2010,26.0,33.0,29.0,76.0,2.5,7.0,4.0,90.0,3.0,E ,Drizzle
27-07-2010,25.0,26.6,26.0,90.0,15.5,,2.0,270.0,2.0,W ,Rain
28-07-2010,25.0,31.0,27.5,80.0,0.7,1.5,3.0,90.0,2.0,E ,Sun
29-07-2010,26.0,32.4,28.6,78.0,0.0,5.0,5.0,90.0,3.0,E ,Sun
30-07-2010,26.0,33.6,29.2,74.0,0.0,8.0,5.0,90.0,3.0,E ,Sun
31-07-2010,26.0,34.2,29.2,72.0,0.0,8.0,4.0,270.0,3.0,W ,Sun
01-08-2010,25.0,32.8,29.0,72.0,0.0,8.0,3.0,270.0,2.0,W ,Sun
02-08-2010,26.0,32.4,29.1,73.0,8888.0,7.5,3.0,90.0,2.0,E ,Rain
03-08-2010,26.0,33.5,29.2,71.0,8888.0,8.0,3.0,90.0,2.0,E ,Rain
04-08-2010,26.0,33.4,29.2,72.0,6.1,2.5,4.0,270.0,2.0,W ,Rain
05-08-2010,26.0,32.4,28.7,79.0,12.9,2.5,4.0,270.0,3.0,W ,Rain
06-08-2010,24.0,31.8,28.2,82.0,23.5,1.5,4.0,45.0,2.0,NE,Rain
07-08-2010,25.0,31.8,26.6,84.0,3.5,7.0,3.0,90.0,3.0,E ,Drizzle
08-08-2010,25.0,32.8,28.5,76.0,0.0,4.2,4.0,90.0,2.0,E ,Sun
09-08-2010,26.0,32.2,28.5,75.0,0.0,4.7,4.0,270.0,3.0,W ,Sun
10-08-2010,26.0,33.5,29.2,72.0,0.0,8.0,4.0,270.0,2.0,W ,Sun
11-08-2010,25.0,33.4,29.5,74.0,0.0,8.0,4.0,90.0,3.0,E ,Sun
12-08-2010,27.0,31.8,29.0,76.0,0.0,3.0,4.0,90.0,3.0,E ,Sun
13-08-2010,26.0,32.6,29.4,74.0,0.3,6.0,4.0,90.0,3.0,E ,Sun
14-08-2010,26.0,33.0,29.2,74.0,0.0,7.5,5.0,270.0,3.0,W ,Sun
15-08-2010,26.0,33.8,29.3,76.0,4.0,4.3,4.0,315.0,3.0,NW,Drizzle
16-08-2010,25.0,32.0,28.3,81.0,55.5,4.4,4.0,90.0,3.0,E ,Rain
17-08-2010,25.0,32.4,28.0,81.0,0.0,8.0,5.0,90.0,3.0,E ,Sun
18-08-2010,25.0,32.7,27.2,81.0,4.0,3.2,3.0,90.0,3.0,E ,Drizzle
19-08-2010,26.0,33.4,28.7,71.0,0.0,6.3,4.0,270.0,3.0,W ,Sun
20-08-2010,26.0,34.4,29.3,73.0,17.8,7.5,4.0,270.0,3.0,W ,Rain
21-08-2010,23.0,32.8,28.5,75.0,13.0,2.0,3.0,45.0,2.0,NE,Rain
22-08-2010,24.0,32.3,27.5,80.0,0.0,5.0,4.0,315.0,3.0,NW,Sun
23-08-2010,27.0,33.0,29.4,73.0,0.0,5.0,3.0,90.0,3.0,E ,Sun
24-08-2010,25.0,32.6,27.9,83.0,10.0,2.3,4.0,270.0,3.0,W ,Rain
25-08-2010,26.0,33.6,29.1,75.0,0.0,6.0,4.0,270.0,2.0,W ,Sun
26-08-2010,26.0,34.2,29.6,73.0,0.0,8.0,3.0,90.0,2.0,E ,Sun
27-08-2010,25.0,31.8,28.1,78.0,0.0,4.0,4.0,270.0,3.0,W ,Sun
28-08-2010,25.0,32.6,28.2,76.0,0.0,6.0,4.0,90.0,3.0,E ,Sun
29-08-2010,27.0,33.6,29.7,71.0,0.0,5.5,4.0,90.0,3.0,E ,Sun
30-08-2010,27.0,33.8,29.9,70.0,0.0,9.3,4.0,270.0,3.0,W ,Sun
31-08-2010,26.0,34.0,29.5,71.0,0.0,8.0,4.0,225.0,3.0,W ,Sun
01-09-2010,27.0,33.2,28.9,74.0,0.0,6.5,4.0,90.0,3.0,E ,Sun
02-09-2010,25.0,33.8,29.3,73.0,22.7,8.0,4.0,180.0,2.0,E ,Rain
03-09-2010,25.0,32.0,28.1,80.0,35.2,4.5,4.0,270.0,3.0,W ,Rain
04-09-2010,26.0,33.6,29.1,75.0,0.0,8.0,4.0,180.0,2.0,S ,Sun
05-09-2010,25.0,31.0,28.4,78.0,8888.0,0.5,2.0,360.0,2.0,SW,Rain
06-09-2010,24.0,28.0,25.7,90.0,57.9,0.0,2.0,90.0,2.0,E ,Rain
07-09-2010,25.0,30.4,26.8,85.0,8888.0,3.5,4.0,270.0,3.0,W ,Rain
08-09-2010,24.0,31.4,26.7,86.0,20.9,0.5,5.0,270.0,3.0,W ,Rain
09-09-2010,24.0,32.8,26.5,83.0,25.3,5.2,3.0,270.0,2.0,W ,Rain
10-09-2010,25.0,32.2,27.7,78.0,0.0,6.3,4.0,90.0,2.0,E ,Sun
11-09-2010,26.0,32.4,27.9,78.0,1.0,6.3,4.0,225.0,2.0,W ,Drizzle
12-09-2010,25.0,33.2,29.3,72.0,10.4,6.0,4.0,270.0,3.0,SW,Rain
13-09-2010,24.0,32.2,27.3,81.0,0.4,7.9,4.0,270.0,2.0,SW,Sun
14-09-2010,25.0,33.0,27.6,78.0,3.8,8.0,3.0,270.0,3.0,E ,Drizzle
15-09-2010,25.0,29.4,26.8,84.0,3.8,0.2,4.0,225.0,3.0,SW,Drizzle
16-09-2010,25.0,33.6,28.0,71.0,0.2,4.0,5.0,225.0,3.0,SW,Sun
17-09-2010,24.0,30.4,27.4,80.0,8888.0,1.7,2.0,270.0,2.0,W ,Rain
18-09-2010,25.0,33.4,28.2,76.0,0.0,4.1,3.0,90.0,3.0,E ,Sun
19-09-2010,27.0,33.0,29.3,76.0,0.0,4.0,4.0,225.0,3.0,E ,Sun
20-09-2010,27.0,33.4,29.6,75.0,0.0,6.4,4.0,90.0,3.0,E ,Sun
21-09-2010,25.0,33.0,27.6,82.0,30.0,2.5,3.0,90.0,2.0,E ,Rain
22-09-2010,25.0,29.0,26.4,88.0,0.3,0.7,3.0,270.0,2.0,W ,Sun
23-09-2010,25.0,31.0,25.7,85.0,37.2,2.5,5.0,90.0,3.0,E ,Rain
24-09-2010,25.0,32.2,27.9,80.0,0.0,3.0,4.0,225.0,3.0,E ,Sun
25-09-2010,24.0,31.6,28.1,79.0,2.8,2.0,5.0,90.0,3.0,E ,Drizzle
26-09-2010,25.0,33.0,27.5,80.0,8888.0,4.5,5.0,90.0,3.0,E ,Rain
27-09-2010,25.0,32.0,27.5,82.0,4.2,2.5,4.0,270.0,2.0,W ,Drizzle
28-09-2010,27.0,33.4,28.8,75.0,0.0,5.5,4.0,90.0,3.0,E ,Sun
29-09-2010,26.0,32.8,29.2,74.0,0.0,,4.0,270.0,3.0,W ,Sun
30-09-2010,26.0,34.0,29.4,74.0,0.0,,4.0,135.0,3.0,E ,Sun
01-10-2010,25.0,33.8,29.8,70.0,8888.0,7.8,3.0,180.0,2.0,S ,Rain
02-10-2010,27.0,33.0,28.1,78.0,0.5,3.5,4.0,180.0,3.0,S ,Sun
03-10-2010,24.0,30.2,25.8,90.0,47.8,0.0,4.0,90.0,3.0,E ,Rain
04-10-2010,24.0,32.0,27.3,83.0,0.3,2.3,5.0,225.0,3.0,S ,Sun
05-10-2010,26.0,30.4,27.4,84.0,0.5,0.0,3.0,225.0,2.0,SW,Sun
06-10-2010,24.0,30.4,26.4,90.0,66.0,1.5,4.0,225.0,2.0,NW,Rain
07-10-2010,25.0,32.2,27.4,82.0,0.0,5.0,4.0,90.0,3.0,E ,Sun
08-10-2010,26.0,33.1,27.9,80.0,4.5,7.2,4.0,180.0,3.0,E ,Drizzle
09-10-2010,25.0,31.2,27.2,82.0,9.5,2.0,3.0,180.0,2.0,SW,Rain
10-10-2010,24.0,33.0,28.4,71.0,0.0,8.3,4.0,315.0,3.0,NW,Sun
11-10-2010,24.0,33.0,28.5,64.0,0.0,8.0,4.0,270.0,3.0,W ,Sun
12-10-2010,25.0,33.0,29.0,68.0,4.7,9.0,4.0,315.0,3.0,NW,Drizzle
13-10-2010,25.0,31.2,27.8,78.0,6.2,2.0,4.0,315.0,3.0,W ,Rain
14-10-2010,24.0,31.6,26.8,86.0,55.4,3.5,4.0,270.0,3.0,W ,Rain
15-10-2010,25.0,33.4,28.8,76.0,0.0,6.0,4.0,180.0,3.0,S ,Sun
16-10-2010,25.0,34.0,29.2,68.0,0.0,4.0,4.0,360.0,3.0,W ,Sun
17-10-2010,25.0,34.0,28.4,74.0,9.0,5.5,5.0,270.0,4.0,W ,Rain
18-10-2010,26.0,32.6,28.1,76.0,0.0,1.2,5.0,270.0,4.0,SW,Sun
19-10-2010,26.0,33.4,28.6,74.0,0.0,4.8,4.0,180.0,3.0,W ,Sun
20-10-2010,25.0,30.8,27.9,82.0,5.6,1.0,4.0,180.0,4.0,W ,Rain
21-10-2010,25.0,33.0,27.5,78.0,8.0,3.4,3.0,225.0,2.0,SW,Rain
22-10-2010,23.0,32.8,28.8,86.0,49.8,8.0,10.0,225.0,3.0,E ,Rain
23-10-2010,26.0,32.0,27.9,82.0,8888.0,4.2,4.0,360.0,2.0,N ,Rain
24-10-2010,24.0,31.4,27.6,79.0,0.0,2.0,4.0,270.0,3.0,W ,Sun
25-10-2010,23.0,32.6,28.2,77.0,93.0,4.3,4.0,90.0,3.0,SW,Rain
26-10-2010,25.0,31.6,26.0,88.0,19.5,2.0,3.0,225.0,2.0,SW,Rain
27-10-2010,26.0,32.2,28.5,75.0,0.0,3.0,4.0,225.0,2.0,N ,Sun
28-10-2010,26.0,31.4,27.5,80.0,0.0,0.4,4.0,270.0,3.0,W ,Sun
29-10-2010,25.0,31.2,28.2,78.0,0.6,1.0,3.0,45.0,2.0,SW,Sun
30-10-2010,25.0,31.0,28.0,82.0,0.0,1.3,3.0,90.0,2.0,SW,Sun
31-10-2010,26.0,33.0,28.8,69.0,0.0,4.0,4.0,225.0,3.0,NW,Sun
01-11-2010,27.0,34.4,29.9,62.0,0.0,3.5,5.0,270.0,3.0,W ,Sun
02-11-2010,27.0,34.2,29.9,65.0,8888.0,4.4,4.0,270.0,3.0,W ,Rain
03-11-2010,26.0,33.6,28.9,77.0,0.8,4.3,3.0,315.0,2.0,W ,Sun
04-11-2010,27.0,31.8,28.1,77.0,5.8,0.3,4.0,270.0,3.0,W ,Rain
05-11-2010,26.0,32.4,28.8,74.0,0.0,0.3,4.0,360.0,3.0,W ,Sun
06-11-2010,26.0,34.2,29.4,67.0,8888.0,5.5,5.0,270.0,3.0,W ,Rain
07-11-2010,26.0,31.8,28.4,75.0,0.0,0.3,5.0,270.0,3.0,W ,Sun
08-11-2010,26.0,32.0,28.6,69.0,0.0,0.5,5.0,270.0,4.0,W ,Sun
09-11-2010,25.0,35.2,28.9,71.0,24.1,5.3,5.0,270.0,3.0,W ,Rain
10-11-2010,25.0,32.8,28.4,78.0,0.0,2.5,3.0,315.0,2.0,W ,Sun
11-11-2010,26.0,31.6,28.5,77.0,3.5,2.0,5.0,270.0,2.0,N ,Drizzle
12-11-2010,25.0,32.0,28.3,78.0,10.5,5.5,4.0,315.0,3.0,E ,Rain
13-11-2010,25.0,32.0,27.0,82.0,1.4,0.5,4.0,315.0,3.0,W ,Drizzle
14-11-2010,25.0,32.8,28.3,78.0,0.0,2.0,4.0,270.0,2.0,W ,Sun
15-11-2010,25.0,33.2,29.1,76.0,0.0,5.0,3.0,180.0,2.0,E ,Sun
16-11-2010,25.0,30.0,26.2,86.0,31.4,0.0,4.0,360.0,2.0,W ,Rain
17-11-2010,26.0,30.8,27.9,81.0,0.0,1.2,4.0,270.0,3.0,W ,Sun
18-11-2010,26.0,33.4,29.2,74.0,0.0,5.5,5.0,270.0,3.0,W ,Sun
19-11-2010,26.0,33.2,28.7,76.0,8888.0,4.0,4.0,270.0,3.0,W ,Rain
20-11-2010,25.0,34.0,29.4,73.0,0.0,5.8,3.0,90.0,2.0,N ,Sun
21-11-2010,26.0,32.4,28.3,76.0,8888.0,4.5,3.0,90.0,2.0,W ,Rain
22-11-2010,26.0,34.0,29.3,74.0,0.5,4.5,3.0,270.0,2.0,W ,Sun
23-11-2010,26.0,31.0,27.8,83.0,7.0,0.0,3.0,270.0,3.0,W ,Rain
24-11-2010,25.0,33.4,28.9,78.0,9.2,4.0,4.0,270.0,2.0,NW,Rain
25-11-2010,25.0,32.2,27.9,80.0,1.0,6.0,4.0,270.0,3.0,NW,Drizzle
26-11-2010,25.0,32.0,27.2,85.0,39.9,2.5,6.0,180.0,4.0,W ,Rain
27-11-2010,25.0,31.3,26.9,85.0,5.1,1.0,4.0,90.0,3.0,W ,Rain
28-11-2010,25.0,32.8,27.9,80.0,0.0,4.5,4.0,270.0,3.0,W ,Sun
29-11-2010,25.0,33.4,28.8,75.0,2.6,8.0,4.0,270.0,3.0,W ,Drizzle
30-11-2010,25.0,32.6,28.5,76.0,0.0,4.5,5.0,315.0,3.0,W ,Sun
01-12-2010,26.0,32.8,27.9,76.0,8888.0,3.0,5.0,270.0,3.0,W ,Rain
02-12-2010,24.0,30.8,28.1,76.0,52.2,0.0,4.0,270.0,3.0,W ,Rain
03-12-2010,24.0,31.8,27.2,83.0,2.0,2.0,4.0,315.0,3.0,W ,Drizzle
04-12-2010,25.0,30.4,27.8,78.0,0.6,1.7,6.0,270.0,3.0,W ,Sun
05-12-2010,25.0,31.8,27.3,79.0,3.0,2.0,5.0,270.0,3.0,W ,Drizzle
06-12-2010,24.0,31.4,27.8,79.0,6.4,2.3,4.0,270.0,3.0,W ,Rain
07-12-2010,25.0,31.0,27.1,80.0,0.0,0.0,5.0,270.0,3.0,W ,Sun
08-12-2010,25.0,32.8,28.1,72.0,1.3,3.5,6.0,270.0,4.0,W ,Drizzle
09-12-2010,26.0,33.0,28.4,70.0,1.3,0.3,6.0,270.0,3.0,W ,Drizzle
10-12-2010,25.0,31.4,27.7,74.0,1.6,0.7,6.0,270.0,4.0,W ,Drizzle
11-12-2010,24.0,28.0,26.0,83.0,5.5,0.0,5.0,270.0,3.0,W ,Rain
12-12-2010,24.0,31.6,27.3,78.0,2.4,3.3,4.0,315.0,3.0,W ,Drizzle
13-12-2010,25.0,31.8,28.8,73.0,0.0,1.9,5.0,270.0,3.0,W ,Sun
14-12-2010,25.0,30.1,27.6,73.0,6.8,0.0,3.0,270.0,2.0,W ,Rain
15-12-2010,25.0,32.4,27.9,82.0,8888.0,1.0,5.0,270.0,3.0,W ,Rain
16-12-2010,25.0,31.6,27.7,74.0,0.0,3.4,5.0,270.0,4.0,W ,Sun
17-12-2010,25.0,32.0,27.3,80.0,10.0,1.3,5.0,270.0,3.0,W ,Rain
18-12-2010,25.0,32.1,28.0,72.0,1.6,1.5,5.0,270.0,4.0,W ,Drizzle
19-12-2010,26.0,32.0,27.7,74.0,7.9,3.5,6.0,270.0,3.0,W ,Rain
20-12-2010,25.0,30.4,28.0,75.0,0.0,0.5,5.0,270.0,3.0,W ,Sun
21-12-2010,24.0,32.2,27.7,72.0,1.5,1.2,5.0,270.0,3.0,W ,Drizzle
22-12-2010,26.0,32.0,27.9,74.0,0.0,1.0,5.0,270.0,3.0,W ,Sun
23-12-2010,24.0,30.2,27.3,78.0,1.4,0.0,6.0,270.0,3.0,W ,Drizzle
24-12-2010,25.0,33.0,28.1,76.0,0.0,8.5,4.0,270.0,3.0,W ,Sun
25-12-2010,26.0,31.8,28.4,74.0,0.0,2.3,4.0,270.0,3.0,W ,Sun
26-12-2010,25.0,30.8,27.2,76.0,2.9,2.0,6.0,270.0,3.0,W ,Drizzle
27-12-2010,25.0,31.1,27.5,80.0,3.6,1.0,6.0,270.0,3.0,W ,Drizzle
28-12-2010,25.0,32.4,27.8,76.0,11.8,4.7,6.0,270.0,3.0,W ,Rain
29-12-2010,26.0,31.2,27.6,75.0,0.2,0.0,6.0,270.0,3.0,W ,Sun
30-12-2010,26.0,32.6,27.6,71.0,0.0,4.7,6.0,270.0,4.0,W ,Sun
31-12-2010,26.0,32.2,28.9,72.0,0.0,2.1,4.0,270.0,3.0,SW,Sun
01-01-2011,26.0,31.6,28.8,72.0,0.0,0.0,4.0,270.0,3.0,W ,Sun
02-01-2011,25.0,30.2,27.7,71.0,6.7,1.5,4.0,270.0,3.0,W ,Rain
03-01-2011,25.0,30.2,27.2,77.0,2.5,0.1,6.0,270.0,3.0,W ,Drizzle
04-01-2011,25.0,32.2,27.9,75.0,1.2,3.0,3.0,360.0,3.0,W ,Drizzle
05-01-2011,24.0,30.0,27.2,86.0,37.0,0.0,5.0,270.0,3.0,W ,Rain
06-01-2011,25.0,32.6,27.8,78.0,3.4,0.6,3.0,270.0,3.0,W ,Drizzle
07-01-2011,25.0,29.4,26.8,81.0,1.0,0.0,5.0,270.0,3.0,W ,Drizzle
08-01-2011,25.0,29.2,26.4,84.0,7.9,0.0,5.0,270.0,3.0,W ,Rain
09-01-2011,23.0,30.8,27.1,83.0,15.0,0.0,5.0,270.0,3.0,W ,Rain
10-01-2011,24.0,32.0,27.1,77.0,7.4,1.5,6.0,270.0,4.0,W ,Rain
11-01-2011,24.0,31.0,27.9,79.0,4.0,0.0,6.0,270.0,3.0,W ,Drizzle
12-01-2011,25.0,30.0,27.5,74.0,0.6,0.0,5.0,270.0,3.0,W ,Sun
13-01-2011,26.0,31.4,27.9,79.0,0.0,2.5,6.0,270.0,4.0,W ,Sun
14-01-2011,26.0,30.6,27.9,78.0,8888.0,0.0,4.0,270.0,3.0,W ,Rain
15-01-2011,25.0,30.0,27.0,80.0,7.6,1.5,5.0,270.0,3.0,W ,Rain
16-01-2011,25.0,28.4,26.2,80.0,3.1,0.0,6.0,270.0,3.0,W ,Drizzle
17-01-2011,25.0,29.8,27.7,80.0,3.8,0.0,7.0,270.0,4.0,W ,Drizzle
18-01-2011,24.0,29.0,26.6,81.0,6.9,0.0,3.0,270.0,3.0,W ,Rain
19-01-2011,24.0,29.4,26.4,86.0,0.2,0.0,3.0,270.0,3.0,W ,Sun
20-01-2011,24.0,29.4,26.3,82.0,1.5,0.0,6.0,270.0,4.0,W ,Drizzle
21-01-2011,24.0,27.8,25.9,90.0,16.8,0.0,3.0,270.0,3.0,W ,Rain
22-01-2011,25.0,29.0,26.7,86.0,13.6,0.0,3.0,270.0,2.0,W ,Rain
23-01-2011,25.0,29.4,27.0,84.0,8888.0,0.0,4.0,270.0,3.0,W ,Rain
24-01-2011,25.0,29.8,27.3,81.0,0.0,0.0,5.0,270.0,3.0,W ,Sun
25-01-2011,26.0,30.4,27.8,75.0,0.0,0.0,5.0,270.0,3.0,W ,Sun
26-01-2011,25.0,31.8,28.1,78.0,0.0,5.3,4.0,270.0,3.0,W ,Sun
27-01-2011,25.0,31.8,28.3,76.0,8888.0,7.3,3.0,270.0,3.0,W ,Rain
28-01-2011,25.0,30.6,27.5,78.0,3.1,5.3,5.0,270.0,3.0,W ,Drizzle
29-01-2011,25.0,31.2,27.5,81.0,2.3,2.9,5.0,270.0,3.0,W ,Drizzle
30-01-2011,25.0,30.8,27.2,79.0,0.0,2.5,7.0,270.0,4.0,W ,Sun
31-01-2011,24.0,32.6,28.2,71.0,8888.0,3.0,5.0,270.0,3.0,W ,Rain
01-02-2011,26.0,30.6,27.6,76.0,1.2,0.0,4.0,270.0,3.0,W ,Drizzle
02-02-2011,24.0,30.8,27.8,78.0,3.8,0.2,5.0,270.0,3.0,W ,Drizzle
03-02-2011,25.0,29.8,27.2,82.0,3.0,0.3,3.0,270.0,2.0,W ,Drizzle
04-02-2011,24.0,28.8,26.2,85.0,11.6,0.0,6.0,270.0,3.0,W ,Rain
05-02-2011,24.0,30.8,26.8,80.0,12.8,0.0,4.0,270.0,3.0,W ,Rain
06-02-2011,24.0,29.8,26.4,85.0,4.8,0.0,5.0,225.0,3.0,SW,Drizzle
07-02-2011,24.0,30.4,26.9,82.0,0.0,0.4,4.0,270.0,3.0,W ,Sun
08-02-2011,25.0,29.8,27.2,80.0,4.2,0.0,3.0,315.0,2.0,SW,Drizzle
09-02-2011,25.0,32.8,28.5,75.0,0.0,6.0,5.0,270.0,3.0,W ,Sun
10-02-2011,25.0,32.8,28.0,66.0,0.0,4.0,5.0,360.0,3.0,SW,Sun
11-02-2011,26.0,32.8,29.0,76.0,2.4,5.3,3.0,270.0,3.0,W ,Drizzle
12-02-2011,25.0,32.4,28.3,78.0,0.0,0.3,4.0,270.0,3.0,W ,Sun
13-02-2011,26.0,32.4,28.6,77.0,3.5,3.0,4.0,360.0,2.0,N ,Drizzle
14-02-2011,24.0,27.0,26.1,90.0,119.2,0.0,4.0,270.0,2.0,W ,Rain
15-02-2011,24.0,30.4,26.1,85.0,0.0,1.2,5.0,270.0,3.0,W ,Sun
16-02-2011,25.0,31.6,27.8,82.0,9.7,5.5,4.0,270.0,3.0,W ,Rain
17-02-2011,25.0,31.8,27.8,80.0,0.0,4.3,3.0,270.0,3.0,W ,Sun
18-02-2011,25.0,32.4,28.8,77.0,1.0,6.0,3.0,360.0,2.0,W ,Drizzle
19-02-2011,26.0,32.0,27.9,76.0,4.0,8.5,5.0,270.0,3.0,NW,Drizzle
20-02-2011,26.0,32.2,29.0,77.0,2.0,6.4,4.0,225.0,3.0,W ,Drizzle
21-02-2011,26.0,32.4,28.8,77.0,0.0,6.4,5.0,225.0,3.0,W ,Sun
22-02-2011,25.0,31.0,28.3,80.0,0.0,1.0,4.0,225.0,3.0,W ,Sun
23-02-2011,26.0,32.4,28.2,77.0,0.0,4.0,4.0,225.0,3.0,W ,Sun
24-02-2011,26.0,33.2,28.8,70.0,0.0,4.5,5.0,270.0,3.0,W ,Sun
25-02-2011,26.0,31.2,27.7,76.0,2.7,3.5,5.0,315.0,3.0,W ,Drizzle
26-02-2011,25.0,30.2,27.4,80.0,10.9,0.0,4.0,270.0,3.0,W ,Rain
27-02-2011,24.0,28.4,26.1,87.0,30.4,0.0,3.0,225.0,3.0,SW,Rain
28-02-2011,24.0,26.8,25.4,88.0,3.5,0.0,5.0,225.0,3.0,SW,Drizzle
01-03-2011,24.0,31.2,26.7,76.0,0.7,1.0,6.0,270.0,3.0,W ,Sun
02-03-2011,25.0,32.2,27.9,77.0,0.0,5.5,6.0,270.0,3.0,W ,Sun
03-03-2011,26.0,31.6,27.8,77.0,4.6,1.5,5.0,270.0,4.0,W ,Drizzle
04-03-2011,24.0,30.0,27.3,80.0,0.5,,4.0,270.0,3.0,W ,Sun
05-03-2011,26.0,28.4,26.6,79.0,6.6,,5.0,270.0,3.0,W ,Rain
06-03-2011,26.0,32.0,26.4,78.0,0.2,5.0,6.0,270.0,3.0,W ,Sun
07-03-2011,26.0,33.4,28.8,70.0,0.0,6.7,8.0,270.0,5.0,W ,Sun
08-03-2011,25.0,31.8,27.9,75.0,0.0,5.1,6.0,270.0,4.0,W ,Sun
09-03-2011,24.0,31.0,27.3,78.0,1.6,,4.0,270.0,3.0,W ,Drizzle
10-03-2011,25.0,31.6,27.9,76.0,0.0,5.0,4.0,360.0,3.0,W ,Sun
11-03-2011,26.0,31.8,28.2,76.0,1.7,1.5,5.0,270.0,3.0,W ,Drizzle
12-03-2011,26.0,32.6,28.8,75.0,0.0,7.1,5.0,270.0,3.0,W ,Sun
13-03-2011,25.0,32.2,28.0,81.0,49.0,3.0,5.0,270.0,3.0,W ,Rain
14-03-2011,25.0,34.8,29.0,69.0,8888.0,4.1,5.0,270.0,4.0,W ,Rain
15-03-2011,25.0,32.6,27.9,75.0,33.7,2.0,3.0,270.0,2.0,W ,Rain
16-03-2011,25.0,33.2,27.2,80.0,22.5,3.0,4.0,270.0,3.0,W ,Rain
17-03-2011,25.0,32.8,28.3,78.0,0.0,7.0,5.0,270.0,3.0,W ,Sun
18-03-2011,26.0,33.6,28.9,74.0,3.2,7.0,5.0,225.0,3.0,SW,Drizzle
19-03-2011,25.0,33.2,30.8,78.0,9.7,1.6,4.0,225.0,3.0,SW,Rain
20-03-2011,26.0,32.6,28.1,81.0,6.6,6.0,3.0,270.0,3.0,W ,Rain
21-03-2011,26.0,33.4,29.1,74.0,0.0,3.3,7.0,270.0,3.0,W ,Sun
22-03-2011,25.0,30.1,28.2,74.0,0.0,,7.0,270.0,4.0,W ,Sun
23-03-2011,26.0,30.8,27.6,74.0,0.0,0.3,5.0,270.0,3.0,W ,Sun
24-03-2011,24.0,33.0,26.9,76.0,4.4,4.0,4.0,270.0,3.0,W ,Drizzle
25-03-2011,26.0,31.0,27.9,76.0,0.0,1.5,5.0,225.0,3.0,SW,Sun
26-03-2011,26.0,31.6,27.8,75.0,0.0,0.3,6.0,270.0,4.0,W ,Sun
27-03-2011,26.0,31.6,28.6,73.0,0.0,1.5,6.0,270.0,4.0,W ,Sun
28-03-2011,26.0,31.6,27.7,74.0,0.0,0.3,6.0,270.0,5.0,W ,Sun
29-03-2011,24.0,32.4,28.1,71.0,0.8,8.0,6.0,270.0,4.0,W ,Sun
30-03-2011,26.0,30.6,27.6,74.0,1.8,0.0,6.0,270.0,3.0,W ,Drizzle
31-03-2011,25.0,32.6,27.5,78.0,0.1,2.0,7.0,270.0,4.0,W ,Sun
01-04-2011,25.0,29.0,26.4,83.0,0.6,0.0,7.0,270.0,3.0,W ,Sun
02-04-2011,24.0,34.0,29.4,72.0,0.0,7.0,6.0,225.0,4.0,W ,Sun
03-04-2011,25.0,31.4,28.8,73.0,8.0,8.0,6.0,270.0,4.0,W ,Rain
04-04-2011,26.0,33.4,29.1,70.0,0.0,8.0,5.0,270.0,3.0,W ,Sun
05-04-2011,27.0,33.4,29.3,67.0,0.0,6.0,7.0,270.0,4.0,W ,Sun
06-04-2011,27.0,34.0,29.6,67.0,0.0,1.5,6.0,270.0,5.0,W ,Sun
07-04-2011,26.0,33.0,29.5,70.0,0.0,1.0,5.0,270.0,4.0,W ,Sun
08-04-2011,25.0,31.2,28.5,77.0,0.1,8.0,4.0,270.0,3.0,W ,Sun
09-04-2011,26.0,32.8,28.5,73.0,0.0,0.0,4.0,270.0,3.0,W ,Sun
10-04-2011,27.0,33.0,29.4,70.0,0.0,0.8,5.0,270.0,3.0,W ,Sun
11-04-2011,26.0,30.6,27.7,76.0,3.4,8.0,4.0,270.0,3.0,W ,Drizzle
12-04-2011,26.0,31.8,27.8,80.0,0.1,7.5,4.0,270.0,3.0,W ,Sun
13-04-2011,25.0,32.4,28.5,77.0,8888.0,6.5,3.0,270.0,3.0,W ,Rain
14-04-2011,26.0,31.4,28.0,79.0,0.7,7.0,3.0,270.0,3.0,W ,Sun
15-04-2011,25.0,32.8,28.5,75.0,2.4,4.0,4.0,270.0,3.0,W ,Drizzle
16-04-2011,26.0,32.6,28.4,76.0,12.4,8.0,4.0,225.0,3.0,E ,Rain
17-04-2011,25.0,32.6,28.6,75.0,32.5,7.5,4.0,270.0,2.0,W ,Rain
18-04-2011,24.0,33.0,28.2,78.0,30.8,4.0,3.0,270.0,2.0,W ,Rain
19-04-2011,25.0,33.0,28.2,76.0,0.0,7.5,3.0,45.0,2.0,W ,Sun
20-04-2011,26.0,32.3,28.8,77.0,1.2,4.0,4.0,360.0,3.0,N ,Drizzle
21-04-2011,26.0,33.0,28.8,74.0,0.0,8.0,3.0,90.0,2.0,E ,Sun
22-04-2011,25.0,33.4,28.8,76.0,4.0,7.7,4.0,270.0,3.0,NE,Drizzle
23-04-2011,26.0,33.2,28.8,78.0,0.0,8.0,2.0,360.0,2.0,N ,Sun
24-04-2011,26.0,31.0,28.1,82.0,8888.0,0.3,2.0,90.0,2.0,E ,Rain
25-04-2011,26.0,33.0,28.8,76.0,0.0,5.0,3.0,90.0,2.0,E ,Sun
26-04-2011,26.0,33.8,29.4,76.0,0.0,8.0,3.0,90.0,2.0,E ,Sun
27-04-2011,26.0,32.4,28.5,78.0,8888.0,1.5,3.0,360.0,2.0,N ,Rain
28-04-2011,26.0,34.0,29.1,73.0,0.0,8.0,6.0,90.0,3.0,E ,Sun
29-04-2011,27.0,33.4,29.0,74.0,0.0,5.5,5.0,270.0,3.0,E ,Sun
30-04-2011,26.0,30.8,27.8,82.0,10.6,1.2,3.0,360.0,2.0,N ,Rain
01-05-2011,26.0,25.8,28.2,76.0,0.0,4.0,5.0,270.0,3.0,W ,Sun
02-05-2011,26.0,26.0,28.7,76.0,0.0,3.0,4.0,315.0,3.0,N ,Sun
03-05-2011,24.0,32.8,29.0,72.0,0.0,2.5,5.0,270.0,3.0,W ,Sun
04-05-2011,26.0,34.2,28.8,74.0,0.0,7.5,3.0,270.0,3.0,W ,Sun
05-05-2011,25.0,29.0,27.3,82.0,18.2,0.1,3.0,270.0,2.0,W ,Rain
06-05-2011,26.0,32.6,28.3,78.0,19.0,8.0,4.0,270.0,3.0,W ,Rain
07-05-2011,25.0,32.4,28.4,77.0,4.8,2.0,4.0,270.0,3.0,W ,Drizzle
08-05-2011,24.0,32.6,28.6,74.0,0.4,4.0,6.0,270.0,4.0,W ,Sun
09-05-2011,26.0,33.6,29.0,73.0,0.0,8.0,4.0,90.0,3.0,E ,Sun
10-05-2011,26.0,33.0,29.4,74.0,0.0,7.5,2.0,180.0,2.0,S ,Sun
11-05-2011,27.0,32.8,29.2,77.0,0.0,6.0,3.0,90.0,2.0,S ,Sun
12-05-2011,26.0,34.4,30.1,75.0,8888.0,7.5,4.0,90.0,2.0,E ,Rain
13-05-2011,25.0,32.8,29.3,77.0,62.8,3.0,3.0,360.0,2.0,N ,Rain
14-05-2011,25.0,32.0,28.0,81.0,0.2,2.0,3.0,180.0,2.0,S ,Sun
15-05-2011,25.0,32.8,28.8,76.0,0.0,6.5,2.0,90.0,2.0,E ,Sun
16-05-2011,26.0,33.2,28.6,73.0,0.0,7.5,3.0,45.0,2.0,N ,Sun
17-05-2011,25.0,33.2,28.6,73.0,0.0,7.5,4.0,360.0,3.0,E ,Sun
18-05-2011,26.0,32.2,28.6,76.0,13.2,2.0,3.0,270.0,3.0,W ,Rain
19-05-2011,26.0,33.6,29.6,75.0,0.0,7.0,4.0,90.0,3.0,E ,Sun
20-05-2011,26.0,33.4,29.3,76.0,0.0,6.0,5.0,180.0,2.0,N ,Sun
21-05-2011,26.0,32.0,28.6,74.0,0.0,1.7,4.0,90.0,3.0,E ,Sun
22-05-2011,25.0,32.8,28.9,79.0,43.2,4.0,4.0,270.0,3.0,N ,Rain
23-05-2011,26.0,33.4,28.5,78.0,5.8,3.0,3.0,90.0,2.0,E ,Rain
24-05-2011,26.0,33.2,29.2,73.0,18.5,4.0,4.0,360.0,3.0,N ,Rain
25-05-2011,25.0,32.0,28.3,80.0,12.8,2.2,3.0,90.0,2.0,E ,Rain
26-05-2011,25.0,31.0,27.9,81.0,0.0,0.3,4.0,270.0,3.0,SW,Sun
27-05-2011,26.0,32.0,28.3,79.0,0.0,2.0,4.0,90.0,2.0,E ,Sun
28-05-2011,27.0,32.2,29.2,75.0,0.0,2.2,5.0,90.0,3.0,E ,Sun
29-05-2011,27.0,32.4,29.0,74.0,0.0,1.2,4.0,90.0,3.0,E ,Sun
30-05-2011,26.0,34.0,29.4,76.0,0.0,4.0,4.0,270.0,3.0,SW,Sun
31-05-2011,26.0,33.2,29.4,74.0,0.0,2.0,3.0,270.0,2.0,N ,Sun
01-06-2011,27.0,33.6,29.8,73.0,0.0,5.5,4.0,90.0,3.0,N ,Sun
02-06-2011,27.0,32.4,29.9,71.0,8888.0,2.3,4.0,180.0,3.0,S ,Rain
03-06-2011,27.0,32.4,29.4,74.0,0.0,6.0,4.0,180.0,3.0,E ,Sun
04-06-2011,27.0,33.2,29.0,76.0,0.2,3.3,4.0,270.0,3.0,E ,Sun
05-06-2011,25.0,33.0,28.2,80.0,30.6,2.0,3.0,270.0,2.0,W ,Rain
06-06-2011,26.0,32.2,28.4,80.0,0.0,6.0,4.0,360.0,3.0,N ,Sun
07-06-2011,26.0,31.6,28.9,79.0,10.0,1.0,4.0,360.0,3.0,N ,Rain
08-06-2011,26.0,32.6,28.8,79.0,2.2,7.0,2.0,90.0,2.0,E ,Drizzle
09-06-2011,26.0,32.4,28.6,78.0,0.0,2.3,4.0,270.0,3.0,E ,Sun
10-06-2011,26.0,33.0,29.0,72.0,0.0,4.5,3.0,90.0,2.0,E ,Sun
11-06-2011,25.0,33.0,29.0,73.0,0.0,4.5,3.0,180.0,2.0,S ,Sun
12-06-2011,26.0,32.4,29.0,72.0,0.0,3.5,3.0,180.0,3.0,S ,Sun
13-06-2011,26.0,33.4,29.1,72.0,0.0,5.5,4.0,90.0,3.0,E ,Sun
14-06-2011,26.0,33.2,28.7,73.0,2.6,4.5,4.0,270.0,3.0,SW,Drizzle
15-06-2011,26.0,33.0,29.0,74.0,0.0,4.0,3.0,90.0,3.0,E ,Sun
16-06-2011,26.0,33.2,29.1,64.0,0.0,5.0,5.0,90.0,3.0,E ,Sun
17-06-2011,25.0,33.2,28.7,64.0,0.0,5.7,5.0,90.0,3.0,E ,Sun
18-06-2011,25.0,32.1,27.9,64.0,0.0,6.0,4.0,360.0,3.0,E ,Sun
19-06-2011,25.0,32.0,28.5,66.0,0.0,5.0,4.0,225.0,3.0,SW,Sun
20-06-2011,26.0,33.4,28.6,69.0,0.0,4.3,3.0,90.0,2.0,E ,Sun
21-06-2011,25.0,33.2,29.1,65.0,0.0,5.7,4.0,180.0,3.0,E ,Sun
22-06-2011,26.0,33.2,28.9,68.0,0.0,4.3,4.0,180.0,3.0,S ,Sun
23-06-2011,27.0,32.4,28.9,70.0,0.0,5.5,4.0,180.0,3.0,S ,Sun
24-06-2011,26.0,33.0,28.8,73.0,0.0,4.5,4.0,225.0,3.0,E ,Sun
25-06-2011,25.0,32.2,28.6,71.0,0.0,6.0,4.0,90.0,3.0,E ,Sun
26-06-2011,25.0,32.5,28.3,70.0,0.0,3.0,4.0,90.0,3.0,E ,Sun
27-06-2011,26.0,33.4,29.4,68.0,13.0,0.0,3.0,90.0,2.0,E ,Rain
28-06-2011,26.0,31.6,27.5,83.0,0.2,0.0,4.0,270.0,3.0,W ,Sun
29-06-2011,26.0,32.0,28.3,78.0,8888.0,3.0,5.0,270.0,3.0,W ,Rain
30-06-2011,25.0,31.2,27.0,84.0,11.7,2.0,4.0,90.0,2.0,N ,Rain
01-07-2011,24.0,29.2,26.3,82.0,0.0,1.0,3.0,90.0,2.0,E ,Sun
02-07-2011,24.0,32.8,27.9,77.0,0.0,6.3,5.0,90.0,3.0,E ,Sun
03-07-2011,26.0,32.0,28.3,76.0,0.0,6.5,4.0,90.0,3.0,E ,Sun
04-07-2011,26.0,31.4,28.0,77.0,0.0,3.5,4.0,270.0,3.0,W ,Sun
05-07-2011,25.0,31.4,27.7,82.0,2.5,1.5,4.0,270.0,3.0,W ,Drizzle
06-07-2011,25.0,32.0,28.0,68.0,0.0,5.0,4.0,180.0,3.0,S ,Sun
07-07-2011,25.0,32.4,28.4,70.0,0.0,5.6,4.0,90.0,3.0,S ,Sun
08-07-2011,25.0,32.4,28.5,70.0,0.0,5.5,4.0,90.0,3.0,E ,Sun
09-07-2011,25.0,32.2,28.1,73.0,0.0,5.0,4.0,225.0,3.0,E ,Sun
10-07-2011,26.0,32.6,28.3,76.0,7.4,6.0,4.0,270.0,3.0,W ,Rain
11-07-2011,25.0,32.0,27.8,82.0,0.0,3.4,3.0,90.0,3.0,E ,Sun
12-07-2011,26.0,32.8,28.5,76.0,8888.0,4.3,4.0,90.0,3.0,S ,Rain
13-07-2011,26.0,33.0,28.7,77.0,0.0,6.5,5.0,90.0,4.0,E ,Sun
14-07-2011,25.0,33.2,28.9,74.0,0.0,6.5,4.0,270.0,3.0,E ,Sun
15-07-2011,26.0,32.8,28.9,76.0,0.0,6.0,4.0,270.0,3.0,W ,Sun
16-07-2011,25.0,32.2,27.9,77.0,5.0,5.5,3.0,180.0,2.0,S ,Drizzle
17-07-2011,25.0,32.2,28.3,76.0,0.0,5.0,4.0,90.0,3.0,E ,Sun
18-07-2011,26.0,33.0,28.4,71.0,0.0,7.0,4.0,360.0,3.0,N ,Sun
19-07-2011,25.0,32.4,28.9,72.0,0.0,6.0,4.0,270.0,3.0,W ,Sun
20-07-2011,26.0,32.8,29.1,72.0,0.0,6.0,4.0,270.0,3.0,W ,Sun
21-07-2011,26.0,32.2,28.5,74.0,0.0,6.5,4.0,270.0,3.0,W ,Sun
22-07-2011,26.0,32.4,28.7,74.0,0.0,6.5,4.0,90.0,3.0,E ,Sun
23-07-2011,26.0,32.2,28.2,74.0,0.7,5.0,4.0,90.0,3.0,E ,Sun
24-07-2011,26.0,32.8,28.6,81.0,2.5,6.0,4.0,270.0,3.0,S ,Drizzle
25-07-2011,26.0,32.8,28.5,76.0,0.0,7.0,4.0,270.0,3.0,W ,Sun
26-07-2011,25.0,32.0,28.0,72.0,0.0,5.1,4.0,90.0,3.0,E ,Sun
27-07-2011,25.0,32.4,28.1,70.0,8888.0,7.0,3.0,90.0,3.0,E ,Rain
28-07-2011,26.0,33.0,28.6,72.0,0.0,7.0,4.0,135.0,3.0,SE,Sun
29-07-2011,26.0,32.6,28.4,75.0,0.0,6.0,4.0,90.0,3.0,E ,Sun
30-07-2011,25.0,33.0,28.6,68.0,0.0,7.5,4.0,360.0,3.0,E ,Sun
31-07-2011,25.0,33.2,28.3,65.0,0.0,8.0,6.0,90.0,3.0,E ,Sun
01-08-2011,25.0,33.6,29.5,63.0,0.0,9.2,5.0,90.0,3.0,E ,Sun
02-08-2011,26.0,34.2,28.9,67.0,0.0,9.5,5.0,90.0,3.0,E ,Sun
03-08-2011,26.0,33.6,28.9,69.0,0.0,9.0,4.0,360.0,3.0,N ,Sun
04-08-2011,26.0,32.4,28.4,71.0,1.5,4.5,3.0,360.0,2.0,N ,Drizzle
05-08-2011,26.0,32.2,28.4,71.0,0.0,8.0,2.0,360.0,2.0,N ,Sun
06-08-2011,25.0,32.4,28.5,70.0,0.0,6.0,5.0,90.0,3.0,E ,Sun
07-08-2011,25.0,32.8,28.2,68.0,0.0,8.0,3.0,360.0,3.0,N ,Sun
08-08-2011,25.0,32.8,28.7,72.0,0.0,7.5,4.0,90.0,3.0,N ,Sun
09-08-2011,26.0,33.8,28.8,72.0,0.0,9.0,4.0,90.0,2.0,E ,Sun
10-08-2011,26.0,34.0,29.3,70.0,0.0,9.0,3.0,90.0,2.0,E ,Sun
11-08-2011,26.0,33.2,28.9,71.0,0.0,8.0,4.0,90.0,2.0,E ,Sun
12-08-2011,26.0,33.4,29.0,73.0,0.0,9.5,4.0,90.0,3.0,E ,Sun
13-08-2011,25.0,33.0,28.6,72.0,0.0,9.0,3.0,90.0,3.0,E ,Sun
14-08-2011,26.0,33.8,29.2,72.0,0.0,8.0,4.0,225.0,3.0,E ,Sun
15-08-2011,25.0,32.8,28.7,69.0,0.0,6.0,4.0,90.0,3.0,E ,Sun
16-08-2011,25.0,32.8,28.8,70.0,8888.0,5.0,5.0,90.0,3.0,E ,Rain
17-08-2011,25.0,33.0,28.4,67.0,0.0,4.0,4.0,90.0,3.0,E ,Sun
18-08-2011,26.0,33.2,28.8,76.0,0.0,5.3,4.0,225.0,3.0,SW,Sun
19-08-2011,26.0,33.6,29.2,68.0,0.0,8.0,5.0,90.0,3.0,E ,Sun
20-08-2011,25.0,33.6,28.9,65.0,0.0,9.5,5.0,90.0,4.0,E ,Sun
21-08-2011,25.0,33.4,29.4,64.0,0.0,9.0,3.0,90.0,2.0,E ,Sun
22-08-2011,26.0,33.2,28.5,69.0,0.0,7.0,4.0,90.0,3.0,E ,Sun
23-08-2011,25.0,33.8,28.8,70.0,0.0,7.5,4.0,90.0,3.0,E ,Sun
24-08-2011,25.0,34.6,29.5,64.0,0.0,9.0,4.0,90.0,3.0,E ,Sun
25-08-2011,24.0,32.6,27.9,66.0,0.0,7.6,4.0,90.0,3.0,E ,Sun
26-08-2011,24.0,33.8,28.6,60.0,0.0,9.5,5.0,90.0,3.0,E ,Sun
27-08-2011,25.0,33.6,28.3,60.0,0.0,9.5,5.0,90.0,3.0,E ,Sun
28-08-2011,25.0,34.0,28.9,61.0,0.0,9.5,5.0,90.0,3.0,E ,Sun
29-08-2011,26.0,34.0,29.2,69.0,0.0,10.0,3.0,225.0,2.0,E ,Sun
30-08-2011,25.0,33.4,28.8,74.0,0.0,8.0,3.0,90.0,3.0,E ,Sun
31-08-2011,26.0,33.0,28.8,74.0,0.0,5.0,3.0,90.0,2.0,E ,Sun
01-09-2011,26.0,34.2,29.5,71.0,0.0,9.0,5.0,90.0,3.0,E ,Sun
02-09-2011,26.0,34.6,29.5,67.0,0.0,7.7,4.0,90.0,3.0,E ,Sun
03-09-2011,26.0,33.6,28.9,67.0,0.0,8.0,4.0,180.0,3.0,SW,Sun
04-09-2011,25.0,34.0,29.0,66.0,0.0,9.3,3.0,90.0,2.0,N ,Sun
05-09-2011,26.0,34.4,29.0,67.0,0.0,9.0,4.0,90.0,3.0,E ,Sun
06-09-2011,26.0,34.8,29.4,63.0,0.0,10.0,6.0,90.0,3.0,E ,Sun
07-09-2011,26.0,34.8,29.4,65.0,0.0,9.7,4.0,225.0,3.0,E ,Sun
08-09-2011,25.0,33.8,29.5,69.0,0.0,7.0,4.0,225.0,3.0,SW,Sun
09-09-2011,25.0,34.0,28.7,60.0,0.0,9.9,4.0,90.0,2.0,E ,Sun
10-09-2011,26.0,33.4,28.8,65.0,0.0,8.5,4.0,270.0,3.0,SW,Sun
11-09-2011,26.0,34.6,29.1,65.0,0.0,9.5,5.0,90.0,3.0,W ,Sun
12-09-2011,26.0,34.4,29.6,62.0,0.0,9.5,4.0,180.0,3.0,E ,Sun
13-09-2011,26.0,34.2,29.6,68.0,0.0,9.5,4.0,180.0,3.0,SE,Sun
14-09-2011,25.0,34.0,29.7,70.0,0.0,9.4,5.0,90.0,3.0,E ,Sun
15-09-2011,26.0,34.2,28.6,72.0,2.2,8.6,5.0,90.0,3.0,E ,Drizzle
16-09-2011,25.0,32.8,28.7,72.0,50.4,5.0,4.0,90.0,3.0,E ,Rain
17-09-2011,25.0,31.8,27.8,79.0,0.0,4.0,4.0,180.0,3.0,N ,Sun
18-09-2011,26.0,33.0,28.8,74.0,0.0,7.3,4.0,90.0,3.0,E ,Sun
19-09-2011,25.0,33.0,28.7,69.0,0.0,7.5,2.0,270.0,2.0,SW,Sun
20-09-2011,26.0,33.0,28.8,71.0,0.0,6.0,3.0,360.0,2.0,N ,Sun
21-09-2011,26.0,33.6,28.9,70.0,0.0,8.2,5.0,360.0,3.0,N ,Sun
22-09-2011,26.0,32.8,29.0,67.0,0.0,4.0,4.0,225.0,3.0,E ,Sun
23-09-2011,26.0,34.0,29.5,68.0,0.0,8.5,4.0,270.0,3.0,SW,Sun
24-09-2011,25.0,33.4,29.0,68.0,0.0,7.6,3.0,90.0,2.0,E ,Sun
25-09-2011,26.0,34.0,29.0,70.0,0.0,8.0,3.0,90.0,2.0,E ,Sun
26-09-2011,26.0,33.6,29.0,68.0,0.0,8.0,4.0,90.0,3.0,E ,Sun
27-09-2011,26.0,32.8,28.7,68.0,0.0,4.5,4.0,270.0,3.0,W ,Sun
28-09-2011,25.0,33.4,28.7,68.0,0.0,6.5,3.0,270.0,2.0,W ,Sun
29-09-2011,24.0,33.0,27.9,74.0,0.0,8.7,3.0,360.0,2.0,N ,Sun
30-09-2011,26.0,33.4,28.8,70.0,0.0,8.0,5.0,360.0,3.0,E ,Sun
01-10-2011,26.0,33.1,28.8,68.0,0.0,7.0,4.0,270.0,3.0,W ,Sun
02-10-2011,26.0,33.8,29.8,65.0,3.0,4.0,4.0,315.0,3.0,W ,Drizzle
03-10-2011,25.0,33.0,29.3,69.0,6.7,3.5,4.0,90.0,2.0,W ,Rain
04-10-2011,24.0,32.6,28.4,70.0,0.6,4.3,3.0,315.0,2.0,W ,Sun
05-10-2011,26.0,32.6,29.0,74.0,8888.0,6.0,3.0,360.0,3.0,N ,Rain
06-10-2011,26.0,33.0,28.8,66.0,0.0,4.5,3.0,360.0,3.0,N ,Sun
07-10-2011,26.0,33.4,29.5,69.0,0.6,6.5,4.0,90.0,3.0,E ,Sun
08-10-2011,25.0,30.0,27.0,78.0,0.0,0.3,4.0,270.0,3.0,W ,Sun
09-10-2011,25.0,34.0,29.2,72.0,15.6,7.5,3.0,135.0,2.0,SE,Rain
10-10-2011,26.0,32.2,28.7,73.0,0.0,1.5,4.0,315.0,3.0,NW,Sun
11-10-2011,26.0,33.6,29.2,71.0,8888.0,8.5,4.0,315.0,3.0,NW,Rain
12-10-2011,26.0,33.4,29.0,73.0,0.0,4.0,3.0,225.0,2.0,SW,Sun
13-10-2011,26.0,33.6,28.7,74.0,0.0,6.5,2.0,90.0,2.0,NW,Sun
14-10-2011,26.0,34.2,29.6,66.0,0.0,7.5,4.0,90.0,2.0,E ,Sun
15-10-2011,26.0,34.4,29.3,66.0,0.0,8.7,4.0,45.0,3.0,E ,Sun
16-10-2011,27.0,35.2,29.9,66.0,0.0,7.3,6.0,90.0,4.0,E ,Sun
17-10-2011,27.0,34.7,30.1,71.0,0.0,7.7,5.0,90.0,4.0,E ,Sun
18-10-2011,27.0,35.0,30.2,68.0,0.0,6.5,5.0,90.0,3.0,E ,Sun
19-10-2011,27.0,35.2,30.4,66.0,0.0,8.5,6.0,90.0,2.0,N ,Sun
20-10-2011,27.0,32.6,29.4,70.0,0.0,9.0,3.0,270.0,3.0,NW,Sun
21-10-2011,27.0,34.2,29.7,72.0,0.0,6.5,4.0,270.0,3.0,W ,Sun
22-10-2011,27.0,33.4,29.4,73.0,0.0,2.5,4.0,315.0,3.0,W ,Sun
23-10-2011,27.0,33.6,29.1,74.0,0.0,5.0,5.0,270.0,4.0,W ,Sun
24-10-2011,28.0,34.8,30.1,72.0,0.0,6.5,4.0,90.0,3.0,E ,Sun
25-10-2011,25.0,34.0,29.6,78.0,8888.0,7.0,4.0,360.0,3.0,N ,Rain
26-10-2011,26.0,32.9,28.3,75.0,0.3,2.0,4.0,270.0,3.0,SE,Sun
27-10-2011,27.0,34.4,29.7,72.0,0.0,6.7,5.0,270.0,3.0,W ,Sun
28-10-2011,25.0,31.6,28.3,77.0,21.4,2.5,4.0,270.0,3.0,W ,Rain
29-10-2011,26.0,33.6,29.0,75.0,0.0,6.0,4.0,90.0,3.0,E ,Sun
30-10-2011,25.0,34.2,29.1,76.0,10.5,5.8,4.0,90.0,3.0,E ,Rain
31-10-2011,25.0,33.4,28.6,78.0,21.4,5.0,3.0,225.0,3.0,E ,Rain
01-11-2011,25.0,33.6,28.6,77.0,0.0,6.3,4.0,315.0,2.0,W ,Sun
02-11-2011,26.0,33.0,28.6,78.0,0.8,4.0,3.0,135.0,2.0,NW,Sun
03-11-2011,25.0,33.2,29.0,77.0,0.3,3.7,4.0,270.0,2.0,W ,Sun
04-11-2011,25.0,30.0,27.6,69.0,0.0,0.0,6.0,270.0,3.0,SW,Sun
05-11-2011,25.0,33.8,28.7,64.0,0.0,2.2,5.0,270.0,3.0,W ,Sun
06-11-2011,26.0,33.6,29.1,62.0,0.0,1.3,5.0,270.0,3.0,W ,Sun
07-11-2011,26.0,34.6,29.5,62.0,0.0,6.8,4.0,225.0,2.0,W ,Sun
08-11-2011,26.0,33.0,28.6,74.0,3.4,3.2,2.0,315.0,2.0,N ,Drizzle
09-11-2011,26.0,31.4,27.9,76.0,0.2,0.0,3.0,90.0,2.0,E ,Sun
10-11-2011,26.0,31.4,28.2,77.0,0.0,0.0,3.0,90.0,2.0,E ,Sun
11-11-2011,26.0,34.8,29.4,71.0,0.0,8.0,4.0,90.0,3.0,NE,Sun
12-11-2011,27.0,34.2,29.7,72.0,0.0,8.5,4.0,90.0,3.0,NE,Sun
13-11-2011,24.0,33.8,29.4,73.0,4.9,5.2,5.0,90.0,3.0,E ,Drizzle
14-11-2011,25.0,33.4,28.0,74.0,8888.0,7.6,5.0,180.0,2.0,S ,Rain
15-11-2011,26.0,33.4,28.5,74.0,0.2,1.4,2.0,360.0,2.0,N ,Sun
16-11-2011,27.0,33.0,29.2,73.0,0.0,1.3,4.0,270.0,3.0,NW,Sun
17-11-2011,25.0,33.8,29.9,73.0,0.2,7.2,5.0,90.0,4.0,NE,Sun
18-11-2011,25.0,34.6,29.9,72.0,0.0,7.6,4.0,315.0,3.0,E ,Sun
19-11-2011,26.0,35.4,27.4,68.0,1.2,8.0,4.0,90.0,3.0,E ,Drizzle
20-11-2011,26.0,31.0,27.5,77.0,2.0,0.0,3.0,90.0,2.0,E ,Drizzle
21-11-2011,25.0,34.4,29.4,73.0,0.0,6.4,4.0,270.0,3.0,N ,Sun
22-11-2011,27.0,34.0,29.5,74.0,0.0,5.0,5.0,360.0,3.0,NE,Sun
23-11-2011,24.0,32.6,29.4,78.0,12.3,1.0,4.0,90.0,2.0,NE,Rain
24-11-2011,25.0,34.4,28.6,79.0,0.0,8.2,2.0,90.0,2.0,NE,Sun
25-11-2011,26.0,30.2,28.0,80.0,1.6,0.0,4.0,90.0,3.0,E ,Drizzle
26-11-2011,26.0,34.6,29.7,76.0,0.0,10.2,5.0,90.0,4.0,E ,Sun
27-11-2011,27.0,35.2,30.7,73.0,0.0,9.5,5.0,90.0,3.0,E ,Sun
28-11-2011,25.0,34.4,29.9,74.0,3.5,10.0,3.0,225.0,3.0,SW,Drizzle
29-11-2011,26.0,31.4,28.2,79.0,14.0,0.2,3.0,270.0,3.0,W ,Rain
30-11-2011,26.0,33.0,29.3,78.0,0.0,4.2,4.0,90.0,3.0,E ,Sun
01-12-2011,26.0,33.0,29.3,77.0,11.2,2.2,4.0,270.0,3.0,W ,Rain
02-12-2011,25.0,31.2,27.1,86.0,24.6,1.0,3.0,270.0,2.0,W ,Rain
03-12-2011,25.0,30.8,28.0,75.0,0.0,10.0,3.0,315.0,2.0,W ,Sun
04-12-2011,25.0,34.0,29.4,73.0,4.4,7.8,2.0,360.0,2.0,N ,Drizzle
05-12-2011,27.0,34.8,29.6,68.0,0.0,7.4,4.0,225.0,3.0,W ,Sun
06-12-2011,26.0,30.6,28.5,77.0,0.0,0.0,4.0,270.0,3.0,W ,Sun
07-12-2011,26.0,33.8,29.1,73.0,0.0,6.8,5.0,270.0,3.0,W ,Sun
08-12-2011,25.0,33.4,29.3,72.0,0.0,2.2,3.0,45.0,2.0,NE,Sun
09-12-2011,26.0,33.4,28.8,72.0,0.0,1.8,3.0,270.0,3.0,W ,Sun
10-12-2011,25.0,30.2,28.2,80.0,10.2,0.0,4.0,270.0,2.0,NE,Rain
11-12-2011,25.0,32.7,27.8,80.0,0.0,2.8,4.0,270.0,3.0,W ,Sun
12-12-2011,25.0,33.4,27.5,80.0,12.3,3.5,5.0,270.0,3.0,W ,Rain
13-12-2011,25.0,32.8,27.9,80.0,8888.0,3.4,2.0,360.0,2.0,NW,Rain
14-12-2011,26.0,32.0,28.4,75.0,0.0,1.7,4.0,270.0,2.0,SW,Sun
15-12-2011,26.0,32.6,28.2,77.0,0.2,2.2,4.0,270.0,2.0,SW,Sun
16-12-2011,26.0,31.8,28.2,76.0,0.0,0.0,5.0,270.0,3.0,W ,Sun
17-12-2011,25.0,31.6,28.4,76.0,3.5,1.0,4.0,270.0,3.0,W ,Drizzle
18-12-2011,26.0,31.3,28.0,76.0,0.0,1.5,4.0,270.0,3.0,W ,Sun
19-12-2011,26.0,33.1,28.8,75.0,8888.0,3.8,3.0,270.0,3.0,W ,Rain
20-12-2011,26.0,31.6,28.6,72.0,8888.0,0.2,4.0,270.0,3.0,W ,Rain
21-12-2011,26.0,35.0,29.7,68.0,2.4,2.8,4.0,180.0,3.0,W ,Drizzle
22-12-2011,24.0,33.2,29.3,73.0,2.3,6.0,4.0,270.0,2.0,W ,Drizzle
23-12-2011,27.0,33.6,28.1,78.0,0.0,5.0,3.0,270.0,2.0,NW,Sun
24-12-2011,27.0,32.1,29.4,78.0,0.0,4.2,5.0,270.0,3.0,W ,Sun
25-12-2011,27.0,31.8,28.6,78.0,0.0,1.5,3.0,270.0,3.0,W ,Sun
26-12-2011,27.0,30.5,28.4,78.0,9.7,0.3,5.0,270.0,3.0,W ,Rain
27-12-2011,25.0,33.0,29.2,78.0,67.2,3.0,4.0,315.0,3.0,W ,Rain
28-12-2011,26.0,33.0,28.4,82.0,0.0,3.0,3.0,270.0,2.0,W ,Sun
29-12-2011,25.0,31.4,27.7,78.0,19.0,0.5,3.0,270.0,2.0,W ,Rain
30-12-2011,24.0,33.6,28.4,76.0,8.0,8.0,6.0,270.0,2.0,W ,Rain
31-12-2011,25.0,31.0,26.7,82.0,2.0,0.0,4.0,270.0,3.0,W ,Drizzle
01-01-2012,25.0,29.2,26.6,87.0,7.8,0.1,4.0,270.0,3.0,W ,Rain
02-01-2012,25.0,29.2,26.7,85.0,8.3,0.0,3.0,270.0,2.0,W ,Rain
03-01-2012,25.0,30.4,27.2,86.0,8888.0,0.0,3.0,270.0,2.0,W ,Rain
04-01-2012,25.0,33.2,28.3,80.0,0.8,0.3,3.0,270.0,2.0,W ,Sun
05-01-2012,24.0,32.8,27.6,85.0,25.2,6.8,16.0,270.0,3.0,W ,Rain
06-01-2012,25.0,30.0,27.0,84.0,55.7,0.5,3.0,315.0,2.0,W ,Rain
07-01-2012,24.0,29.0,26.6,88.0,4.7,0.0,10.0,270.0,3.0,W ,Drizzle
08-01-2012,25.0,29.6,26.5,88.0,14.1,0.0,4.0,270.0,3.0,W ,Rain
09-01-2012,24.0,31.6,27.6,80.0,22.3,2.8,8.0,270.0,2.0,W ,Rain
10-01-2012,24.0,30.8,26.9,84.0,4.2,2.0,6.0,270.0,3.0,W ,Drizzle
11-01-2012,25.0,30.0,26.1,85.0,10.0,2.5,8.0,270.0,3.0,W ,Rain
12-01-2012,25.0,31.0,26.8,82.0,6.5,3.2,4.0,270.0,3.0,SW,Rain
13-01-2012,23.0,30.2,26.7,84.0,14.3,1.8,4.0,225.0,3.0,W ,Rain
14-01-2012,23.0,28.2,25.4,88.0,15.5,0.0,6.0,270.0,2.0,SW,Rain
15-01-2012,25.0,31.4,27.6,80.0,1.9,0.8,4.0,270.0,3.0,W ,Drizzle
16-01-2012,25.0,33.2,28.3,73.0,0.0,6.0,4.0,315.0,3.0,W ,Sun
17-01-2012,25.0,33.6,28.6,77.0,6.2,6.5,4.0,360.0,3.0,NW,Rain
18-01-2012,25.0,32.0,28.2,78.0,0.9,1.7,4.0,315.0,3.0,NW,Sun
19-01-2012,25.0,35.0,29.3,70.0,0.0,6.0,4.0,225.0,3.0,SW,Sun
20-01-2012,26.0,34.0,29.6,64.0,0.0,4.5,7.0,225.0,3.0,SW,Sun
21-01-2012,26.0,32.6,28.9,78.0,0.0,3.6,5.0,270.0,3.0,W ,Sun
22-01-2012,27.0,33.0,29.1,73.0,0.0,3.0,8.0,270.0,4.0,W ,Sun
23-01-2012,24.0,32.2,28.5,70.0,0.0,3.0,8.0,270.0,4.0,W ,Sun
24-01-2012,25.0,32.6,28.4,73.0,3.9,7.5,4.0,270.0,3.0,W ,Drizzle
25-01-2012,26.0,30.2,28.2,77.0,2.4,1.5,8.0,270.0,3.0,W ,Drizzle
26-01-2012,26.0,31.2,28.7,79.0,6.0,6.0,6.0,270.0,3.0,W ,Rain
27-01-2012,26.0,32.6,29.0,74.0,0.0,6.5,5.0,270.0,3.0,W ,Sun
28-01-2012,25.0,33.4,29.1,68.0,0.3,3.5,14.0,270.0,4.0,W ,Sun
29-01-2012,25.0,30.2,26.8,81.0,3.8,0.0,5.0,225.0,3.0,SW,Drizzle
30-01-2012,24.0,29.8,26.4,89.0,40.0,0.3,10.0,270.0,3.0,W ,Rain
31-01-2012,25.0,30.8,27.1,81.0,4.4,0.0,8.0,225.0,3.0,SW,Drizzle
01-02-2012,25.0,30.8,27.4,83.0,0.7,0.5,5.0,315.0,3.0,W ,Sun
02-02-2012,25.0,32.0,27.7,78.0,0.6,2.6,4.0,270.0,3.0,W ,Sun
03-02-2012,24.0,30.6,26.6,81.0,13.9,3.0,5.0,270.0,3.0,W ,Rain
04-02-2012,25.0,30.6,27.2,79.0,0.0,1.3,3.0,270.0,2.0,W ,Sun
05-02-2012,25.0,31.9,28.5,77.0,0.0,6.8,6.0,315.0,3.0,W ,Sun
06-02-2012,26.0,30.8,28.1,76.0,8888.0,0.5,3.0,270.0,2.0,W ,Rain
07-02-2012,25.0,32.4,28.6,76.0,0.0,6.0,3.0,315.0,2.0,W ,Sun
08-02-2012,26.0,32.4,28.8,76.0,9.2,5.5,4.0,225.0,3.0,SW,Rain
09-02-2012,26.0,32.7,28.9,72.0,0.0,6.2,4.0,225.0,3.0,W ,Sun
10-02-2012,25.0,32.8,27.7,78.0,0.7,6.5,5.0,315.0,3.0,W ,Sun
11-02-2012,25.0,32.4,28.2,78.0,12.4,5.5,4.0,270.0,3.0,NW,Rain
12-02-2012,24.0,33.2,28.5,78.0,0.8,5.6,6.0,270.0,3.0,W ,Sun
13-02-2012,26.0,33.6,28.7,72.0,0.0,9.0,2.0,360.0,1.0,N ,Sun
14-02-2012,26.0,32.4,28.7,79.0,3.0,4.0,3.0,45.0,3.0,NE,Drizzle
15-02-2012,26.0,33.0,28.7,77.0,0.0,8.0,3.0,270.0,2.0,W ,Sun
16-02-2012,27.0,32.6,29.0,76.0,0.0,1.3,2.0,360.0,2.0,N ,Sun
17-02-2012,25.0,32.8,28.7,75.0,0.0,3.0,3.0,270.0,3.0,W ,Sun
18-02-2012,26.0,34.6,29.1,70.0,0.2,8.3,3.0,360.0,2.0,N ,Sun
19-02-2012,25.0,30.4,26.8,82.0,16.0,0.0,3.0,315.0,2.0,N ,Rain
20-02-2012,25.0,32.0,28.1,80.0,8.3,1.2,3.0,270.0,2.0,SW,Rain
21-02-2012,25.0,33.2,28.5,78.0,14.6,6.5,3.0,270.0,2.0,W ,Rain
22-02-2012,26.0,33.0,28.8,79.0,0.0,5.0,3.0,360.0,2.0,N ,Sun
23-02-2012,27.0,32.8,29.6,74.0,0.0,6.5,3.0,360.0,2.0,N ,Sun
24-02-2012,25.0,33.8,29.8,76.0,0.0,7.0,3.0,135.0,2.0,N ,Sun
25-02-2012,27.0,34.2,29.3,75.0,8888.0,5.3,4.0,180.0,3.0,W ,Rain
26-02-2012,25.0,33.4,27.9,79.0,6.1,3.5,6.0,225.0,3.0,SW,Rain
27-02-2012,26.0,30.4,27.5,81.0,0.0,0.0,2.0,360.0,2.0,N ,Sun
28-02-2012,26.0,30.8,29.0,79.0,8.0,2.0,4.0,135.0,3.0,S ,Rain
29-02-2012,24.0,29.4,27.6,85.0,16.0,1.0,5.0,315.0,3.0,NW,Rain
01-03-2012,25.0,30.0,26.1,85.0,9.8,0.0,4.0,270.0,2.0,W ,Rain
02-03-2012,25.0,30.8,27.3,83.0,10.4,0.8,4.0,270.0,3.0,W ,Rain
03-03-2012,25.0,33.0,28.5,68.0,8888.0,2.0,6.0,270.0,4.0,W ,Rain
04-03-2012,24.0,31.2,27.6,79.0,4.4,0.2,4.0,315.0,3.0,NW,Drizzle
05-03-2012,24.0,33.2,28.2,78.0,11.3,8.0,5.0,270.0,3.0,W ,Rain
06-03-2012,25.0,32.4,28.1,80.0,8888.0,4.4,3.0,315.0,2.0,NW,Rain
07-03-2012,24.0,33.4,28.9,78.0,11.1,2.7,6.0,270.0,3.0,SW,Rain
08-03-2012,25.0,29.4,26.5,81.0,0.1,,7.0,270.0,3.0,W ,Sun
09-03-2012,24.0,33.4,28.6,77.0,56.3,,8.0,225.0,4.0,SW,Rain
10-03-2012,25.0,30.0,26.6,88.0,1.0,0.4,4.0,270.0,3.0,W ,Drizzle
11-03-2012,26.0,32.4,28.5,70.0,0.0,0.2,5.0,225.0,3.0,SW,Sun
12-03-2012,25.0,30.8,28.4,79.0,10.1,,4.0,270.0,3.0,W ,Rain
13-03-2012,24.0,30.8,27.7,82.0,16.0,10.5,4.0,270.0,3.0,W ,Rain
14-03-2012,25.0,32.2,27.9,80.0,0.0,6.0,6.0,270.0,3.0,W ,Sun
15-03-2012,25.0,30.6,28.9,74.0,13.0,4.5,5.0,315.0,3.0,NW,Rain
16-03-2012,26.0,31.2,28.6,79.0,0.0,1.3,6.0,270.0,3.0,W ,Sun
17-03-2012,26.0,32.0,28.8,67.0,0.0,0.5,5.0,270.0,3.0,W ,Sun
18-03-2012,23.0,31.6,29.0,74.0,7.0,1.0,5.0,270.0,3.0,W ,Rain
19-03-2012,23.0,31.0,26.3,81.0,8888.0,,10.0,315.0,4.0,SW,Rain
20-03-2012,25.0,31.4,27.9,73.0,8888.0,4.0,9.0,270.0,4.0,SW,Rain
21-03-2012,26.0,33.8,29.5,70.0,0.0,8.0,7.0,225.0,3.0,SW,Sun
22-03-2012,27.0,33.8,29.7,67.0,0.0,7.2,6.0,270.0,5.0,SW,Sun
23-03-2012,24.0,34.6,29.8,64.0,0.0,9.9,8.0,225.0,4.0,SW,Sun
24-03-2012,24.0,34.4,29.7,66.0,0.0,8.8,8.0,270.0,5.0,SW,Sun
25-03-2012,26.0,33.4,29.2,69.0,0.0,6.8,4.0,225.0,3.0,SW,Sun
26-03-2012,26.0,34.4,29.7,73.0,13.0,8.0,3.0,315.0,2.0,NW,Rain
27-03-2012,25.0,33.2,28.5,81.0,9.7,5.6,4.0,180.0,2.0,N ,Rain
28-03-2012,25.0,34.8,29.3,71.0,1.5,6.8,8.0,270.0,3.0,W ,Drizzle
29-03-2012,26.0,32.2,27.8,80.0,2.8,5.5,8.0,315.0,3.0,SW,Drizzle
30-03-2012,26.0,32.4,28.7,76.0,0.0,6.5,4.0,225.0,2.0,S ,Sun
31-03-2012,26.0,33.0,28.4,80.0,0.0,5.7,3.0,180.0,2.0,N ,Sun
01-04-2012,25.0,32.4,27.6,79.0,6.0,4.8,3.0,90.0,2.0,E ,Rain
02-04-2012,25.0,32.4,27.1,83.0,3.0,5.0,5.0,180.0,3.0,N ,Drizzle
03-04-2012,24.0,33.2,27.6,80.0,59.0,6.0,6.0,45.0,4.0,E ,Rain
04-04-2012,25.0,33.5,28.1,77.0,0.0,6.6,3.0,180.0,3.0,NW,Sun
05-04-2012,24.0,31.2,27.4,80.0,8888.0,10.0,6.0,270.0,3.0,E ,Rain
06-04-2012,25.0,32.4,27.9,78.0,14.0,5.6,4.0,360.0,3.0,E ,Rain
07-04-2012,25.0,32.2,28.1,82.0,0.0,3.2,2.0,90.0,2.0,E ,Sun
08-04-2012,25.0,30.6,27.7,80.0,0.0,0.2,4.0,90.0,3.0,E ,Sun
09-04-2012,26.0,32.4,28.4,78.0,0.6,4.3,3.0,90.0,2.0,E ,Sun
10-04-2012,26.0,32.4,28.2,74.0,0.0,2.8,6.0,90.0,3.0,E ,Sun
11-04-2012,26.0,33.2,29.0,74.0,8888.0,4.1,5.0,90.0,3.0,E ,Rain
12-04-2012,26.0,33.6,29.2,73.0,0.0,9.0,4.0,90.0,3.0,E ,Sun
13-04-2012,26.0,34.2,29.6,72.0,0.0,9.5,3.0,90.0,3.0,E ,Sun
14-04-2012,27.0,34.4,29.9,72.0,0.0,8.7,3.0,90.0,2.0,E ,Sun
15-04-2012,27.0,33.0,29.2,74.0,0.0,6.2,8.0,90.0,4.0,E ,Sun
16-04-2012,27.0,34.8,30.0,71.0,0.0,9.0,3.0,90.0,3.0,E ,Sun
17-04-2012,26.0,32.6,28.6,79.0,43.0,4.0,3.0,90.0,3.0,E ,Rain
18-04-2012,26.0,34.2,29.3,75.0,6.0,9.5,3.0,90.0,3.0,N ,Rain
19-04-2012,26.0,33.0,29.2,78.0,0.0,7.5,3.0,90.0,2.0,E ,Sun
20-04-2012,26.0,33.0,29.1,78.0,34.0,3.0,3.0,180.0,2.0,S ,Rain
21-04-2012,26.0,32.6,28.6,80.0,8888.0,4.5,3.0,360.0,3.0,N ,Rain
22-04-2012,26.0,32.0,28.4,80.0,0.0,1.7,2.0,270.0,2.0,W ,Sun
23-04-2012,26.0,32.8,28.9,75.0,0.0,8.0,5.0,90.0,4.0,E ,Sun
24-04-2012,26.0,34.0,29.9,76.0,1.0,8.3,3.0,90.0,2.0,E ,Drizzle
25-04-2012,25.0,34.0,29.5,76.0,0.1,7.8,4.0,90.0,3.0,E ,Sun
26-04-2012,26.0,33.2,29.6,72.0,8888.0,6.8,3.0,360.0,2.0,N ,Rain
27-04-2012,27.0,33.0,29.6,74.0,0.0,6.2,5.0,315.0,3.0,N ,Sun
28-04-2012,27.0,33.1,29.4,73.0,0.4,2.0,3.0,360.0,2.0,N ,Sun
29-04-2012,27.0,30.0,28.1,81.0,0.3,0.5,2.0,90.0,2.0,E ,Sun
30-04-2012,24.0,30.0,27.3,80.0,28.3,0.0,6.0,270.0,4.0,W ,Rain
01-05-2012,25.0,33.6,28.2,80.0,0.0,4.6,3.0,45.0,2.0,NE,Sun
02-05-2012,27.0,34.2,29.9,76.0,0.0,8.0,3.0,90.0,2.0,N ,Sun
03-05-2012,26.0,33.0,28.6,82.0,3.8,4.0,4.0,360.0,3.0,N ,Drizzle
04-05-2012,26.0,33.0,29.0,71.0,0.0,5.7,4.0,325.0,3.0,E ,Sun
05-05-2012,26.0,34.0,29.7,74.0,0.0,6.0,4.0,360.0,3.0,N ,Sun
06-05-2012,25.0,32.6,29.4,76.0,0.5,3.5,3.0,90.0,2.0,N ,Sun
07-05-2012,25.0,27.4,26.0,89.0,42.4,0.0,3.0,45.0,3.0,E ,Rain
08-05-2012,25.0,32.1,27.9,81.0,0.0,4.0,4.0,90.0,3.0,S ,Sun
09-05-2012,26.0,32.0,28.8,77.0,0.0,2.1,4.0,360.0,3.0,N ,Sun
10-05-2012,27.0,32.6,29.1,79.0,0.0,3.5,3.0,90.0,3.0,NE,Sun
11-05-2012,27.0,33.2,29.3,72.0,0.0,6.3,3.0,360.0,2.0,N ,Sun
12-05-2012,27.0,33.0,29.2,72.0,0.0,6.0,3.0,360.0,3.0,N ,Sun
13-05-2012,27.0,33.2,29.3,72.0,0.0,6.0,4.0,360.0,3.0,N ,Sun
14-05-2012,27.0,33.8,29.7,68.0,0.0,4.0,6.0,360.0,3.0,W ,Sun
15-05-2012,26.0,31.4,28.6,77.0,0.0,1.1,4.0,90.0,3.0,E ,Sun
16-05-2012,26.0,32.2,28.2,83.0,9.7,3.2,4.0,360.0,3.0,N ,Rain
17-05-2012,26.0,33.6,29.1,76.0,0.0,6.0,4.0,90.0,3.0,E ,Sun
18-05-2012,26.0,33.8,28.6,78.0,17.0,5.0,4.0,270.0,3.0,NE,Rain
19-05-2012,26.0,34.0,29.1,73.0,0.0,6.0,6.0,45.0,4.0,E ,Sun
20-05-2012,25.0,33.8,29.7,75.0,8888.0,5.9,7.0,90.0,4.0,E ,Rain
21-05-2012,25.0,33.8,29.4,74.0,0.0,6.0,4.0,360.0,3.0,E ,Sun
22-05-2012,26.0,33.4,29.7,67.0,0.0,5.3,3.0,360.0,3.0,N ,Sun
23-05-2012,27.0,34.4,29.4,68.0,0.0,6.0,4.0,90.0,3.0,N ,Sun
24-05-2012,25.0,33.0,29.7,70.0,0.0,3.3,5.0,90.0,3.0,E ,Sun
25-05-2012,25.0,33.8,29.0,72.0,0.0,6.0,6.0,90.0,3.0,E ,Sun
26-05-2012,26.0,33.2,28.7,69.0,0.0,5.6,4.0,90.0,3.0,NE,Sun
27-05-2012,26.0,34.4,29.3,66.0,0.0,6.1,6.0,90.0,4.0,E ,Sun
28-05-2012,27.0,33.6,29.0,72.0,0.1,4.0,4.0,360.0,3.0,NE,Sun
29-05-2012,26.0,34.6,29.8,70.0,0.0,5.3,5.0,90.0,3.0,NE,Sun
30-05-2012,26.0,34.2,29.9,70.0,0.0,4.6,2.0,90.0,2.0,N ,Sun
31-05-2012,24.0,30.8,26.4,81.0,5.4,0.2,5.0,360.0,3.0,W ,Rain
01-06-2012,26.0,32.2,28.3,74.0,0.0,0.4,5.0,235.0,2.0,W ,Sun
02-06-2012,24.0,32.6,29.0,77.0,0.0,4.0,5.0,350.0,3.0,N ,Sun
03-06-2012,26.0,34.0,29.3,72.0,0.0,4.3,3.0,80.0,3.0,E ,Sun
04-06-2012,25.0,32.4,28.9,75.0,17.0,0.5,3.0,80.0,2.0,E ,Rain
05-06-2012,25.0,30.0,27.2,84.0,1.0,0.0,3.0,20.0,2.0,E ,Drizzle
06-06-2012,23.0,32.8,28.8,76.0,42.6,3.0,7.0,90.0,3.0,E ,Rain
07-06-2012,26.0,32.4,27.8,80.0,0.0,3.5,4.0,70.0,3.0,E ,Sun
08-06-2012,24.0,34.6,29.7,74.0,6.3,5.2,5.0,90.0,3.0,SE,Rain
09-06-2012,24.0,31.2,27.2,82.0,0.0,0.0,2.0,70.0,2.0,NE,Sun
10-06-2012,27.0,32.2,28.6,82.0,0.0,1.5,3.0,70.0,2.0,E ,Sun
11-06-2012,25.0,32.5,29.0,76.0,0.0,0.0,5.0,70.0,3.0,E ,Sun
12-06-2012,26.0,32.8,28.4,72.0,0.0,2.3,4.0,50.0,3.0,E ,Sun
13-06-2012,26.0,32.6,29.4,72.0,0.0,3.1,5.0,90.0,3.0,E ,Sun
14-06-2012,25.0,33.4,28.7,77.0,0.0,4.0,3.0,360.0,2.0,N ,Sun
15-06-2012,25.0,32.4,28.4,78.0,0.0,3.8,3.0,50.0,2.0,NE,Sun
16-06-2012,26.0,33.4,30.1,67.0,0.0,5.5,3.0,40.0,2.0,E ,Sun
17-06-2012,26.0,33.6,28.8,68.0,0.0,6.0,5.0,120.0,3.0,S ,Sun
18-06-2012,26.0,33.6,29.2,66.0,0.0,6.4,6.0,150.0,4.0,E ,Sun
19-06-2012,26.0,33.2,28.9,69.0,0.0,6.0,6.0,90.0,3.0,E ,Sun
20-06-2012,26.0,33.6,29.1,67.0,0.0,6.0,4.0,60.0,3.0,E ,Sun
21-06-2012,26.0,33.2,29.1,72.0,0.0,5.3,5.0,120.0,3.0,E ,Sun
22-06-2012,27.0,33.8,29.1,72.0,0.0,6.0,4.0,110.0,3.0,E ,Sun
23-06-2012,26.0,34.0,29.3,72.0,0.0,5.5,6.0,120.0,3.0,E ,Sun
24-06-2012,27.0,34.0,29.0,71.0,0.0,5.0,5.0,90.0,3.0,E ,Sun
25-06-2012,26.0,33.4,28.9,70.0,0.0,6.0,5.0,110.0,3.0,S ,Sun
26-06-2012,25.0,33.0,28.5,70.0,0.0,6.0,4.0,90.0,3.0,E ,Sun
27-06-2012,26.0,33.0,28.7,69.0,0.0,4.5,4.0,60.0,3.0,NE,Sun
28-06-2012,25.0,33.0,28.1,69.0,0.0,5.0,3.0,60.0,2.0,NE,Sun
29-06-2012,25.0,33.0,28.6,67.0,0.0,5.3,4.0,50.0,3.0,NE,Sun
30-06-2012,25.0,33.4,28.6,67.0,0.0,5.7,4.0,60.0,3.0,NE,Sun
01-07-2012,24.0,33.2,28.3,62.0,0.0,6.0,3.0,50.0,3.0,E ,Sun
02-07-2012,25.0,32.9,27.6,68.0,0.0,7.0,5.0,80.0,3.0,E ,Sun
03-07-2012,25.0,34.5,29.2,64.0,0.0,2.6,4.0,80.0,3.0,E ,Sun
04-07-2012,24.0,32.2,28.0,75.0,0.0,2.4,4.0,100.0,3.0,E ,Sun
05-07-2012,25.0,33.6,28.2,72.0,0.0,4.0,4.0,100.0,3.0,E ,Sun
06-07-2012,25.0,30.6,28.1,69.0,0.0,0.0,3.0,90.0,2.0,E ,Sun
07-07-2012,25.0,33.0,28.3,68.0,0.0,5.7,4.0,80.0,3.0,NE,Sun
08-07-2012,26.0,33.0,28.5,70.0,0.0,5.5,3.0,20.0,2.0,NE,Sun
09-07-2012,25.0,32.6,28.7,71.0,0.0,2.5,3.0,40.0,2.0,NE,Sun
10-07-2012,26.0,33.0,28.4,74.0,0.0,5.0,3.0,30.0,3.0,NE,Sun
11-07-2012,26.0,32.4,29.4,72.0,0.0,2.5,3.0,40.0,3.0,NE,Sun
12-07-2012,25.0,33.0,28.6,70.0,21.0,6.0,4.0,70.0,3.0,NE,Rain
13-07-2012,25.0,31.8,27.7,77.0,0.0,4.5,3.0,40.0,2.0,E ,Sun
14-07-2012,25.0,32.6,28.2,72.0,0.0,4.2,6.0,100.0,3.0,E ,Sun
15-07-2012,26.0,32.8,28.4,71.0,0.0,5.7,3.0,100.0,2.0,E ,Sun
16-07-2012,26.0,33.8,28.7,71.0,0.0,6.5,4.0,60.0,3.0,NE,Sun
17-07-2012,25.0,33.2,28.5,69.0,0.0,6.0,4.0,70.0,3.0,NE,Sun
18-07-2012,24.0,32.0,28.5,69.0,0.0,1.6,3.0,30.0,2.0,E ,Sun
19-07-2012,25.0,32.8,28.0,74.0,0.0,6.0,3.0,20.0,2.0,E ,Sun
20-07-2012,25.0,32.2,28.0,76.0,0.0,1.4,3.0,90.0,2.0,E ,Sun
21-07-2012,25.0,32.6,28.2,76.0,0.0,6.2,3.0,60.0,2.0,NE,Sun
22-07-2012,25.0,33.8,28.7,75.0,0.0,7.0,4.0,30.0,3.0,NE,Sun
23-07-2012,25.0,32.6,28.1,68.0,0.0,6.0,4.0,50.0,3.0,NE,Sun
24-07-2012,25.0,32.6,29.4,65.0,0.0,5.4,3.0,50.0,2.0,NE,Sun
25-07-2012,24.0,32.6,28.5,69.0,0.0,6.2,3.0,70.0,2.0,E ,Sun
26-07-2012,24.0,33.8,28.6,70.0,0.0,5.3,3.0,40.0,2.0,NE,Sun
27-07-2012,24.0,32.8,27.9,72.0,0.0,5.0,4.0,20.0,3.0,NE,Sun
28-07-2012,24.0,33.0,28.6,68.0,0.0,7.0,3.0,40.0,2.0,NE,Sun
29-07-2012,24.0,33.6,28.1,66.0,0.0,6.0,3.0,40.0,2.0,NE,Sun
30-07-2012,25.0,33.6,27.9,70.0,0.0,5.6,3.0,50.0,3.0,NE,Sun
31-07-2012,25.0,32.2,28.1,70.0,0.0,5.5,3.0,50.0,2.0,NE,Sun
01-08-2012,25.0,32.2,27.8,73.0,0.0,7.0,4.0,40.0,3.0,NE,Sun
02-08-2012,24.0,32.0,28.6,63.0,0.0,3.5,4.0,60.0,3.0,NE,Sun
03-08-2012,24.0,33.4,28.0,64.0,0.0,8.0,3.0,90.0,3.0,E ,Sun
04-08-2012,24.0,33.8,28.4,65.0,0.0,8.0,4.0,100.0,3.0,E ,Sun
05-08-2012,25.0,33.8,28.5,66.0,0.0,8.0,4.0,100.0,3.0,E ,Sun
06-08-2012,26.0,33.6,29.0,70.0,0.0,6.5,4.0,90.0,3.0,E ,Sun
07-08-2012,25.0,33.4,29.2,73.0,0.0,8.0,4.0,20.0,3.0,NE,Sun
08-08-2012,24.0,34.6,29.3,65.0,0.0,8.0,4.0,120.0,3.0,E ,Sun
09-08-2012,23.0,34.0,28.3,64.0,0.0,8.0,4.0,110.0,3.0,E ,Sun
10-08-2012,24.0,34.6,30.7,66.0,0.0,8.0,5.0,120.0,3.0,E ,Sun
11-08-2012,25.0,33.9,28.5,70.0,0.0,8.0,5.0,80.0,3.0,E ,Sun
12-08-2012,26.0,33.4,29.2,69.0,0.0,6.7,4.0,90.0,3.0,E ,Sun
13-08-2012,25.0,33.6,28.7,72.0,0.0,7.5,3.0,100.0,2.0,E ,Sun
14-08-2012,24.0,33.6,28.6,71.0,0.0,6.0,3.0,360.0,2.0,E ,Sun
15-08-2012,24.0,34.2,28.4,65.0,0.0,8.0,4.0,80.0,3.0,E ,Sun
16-08-2012,24.0,34.0,28.4,67.0,0.0,8.0,4.0,80.0,3.0,E ,Sun
17-08-2012,24.0,34.0,28.3,68.0,0.0,8.0,4.0,100.0,3.0,E ,Sun
18-08-2012,24.0,33.5,28.0,74.0,0.0,8.0,4.0,90.0,3.0,E ,Sun
19-08-2012,25.0,34.4,28.6,71.0,0.0,8.0,5.0,160.0,3.0,SE,Sun
20-08-2012,24.0,33.4,29.0,70.0,0.0,8.0,4.0,60.0,3.0,NE,Sun
21-08-2012,24.0,33.2,28.1,73.0,0.0,8.0,3.0,90.0,2.0,E ,Sun
22-08-2012,25.0,33.2,28.1,70.0,0.0,7.5,5.0,140.0,3.0,NE,Sun
23-08-2012,24.0,33.8,26.9,70.0,0.0,8.0,4.0,170.0,3.0,S ,Sun
24-08-2012,25.0,33.2,28.4,72.0,0.0,6.0,3.0,90.0,2.0,N ,Sun
25-08-2012,25.0,33.6,28.4,64.0,0.0,8.0,5.0,70.0,2.0,E ,Sun
26-08-2012,26.0,34.2,28.8,68.0,0.0,8.0,4.0,90.0,3.0,E ,Sun
27-08-2012,26.0,32.8,28.5,70.0,0.0,0.3,3.0,20.0,2.0,N ,Sun
28-08-2012,27.0,34.6,29.6,66.0,0.0,6.7,8.0,100.0,4.0,E ,Sun
29-08-2012,26.0,34.0,29.6,68.0,0.0,1.0,3.0,30.0,2.0,NE,Sun
30-08-2012,26.0,34.4,29.4,69.0,0.0,8.0,3.0,70.0,2.0,E ,Sun
31-08-2012,25.0,33.2,28.5,71.0,0.0,6.5,4.0,150.0,3.0,E ,Sun
01-09-2012,24.0,33.8,28.6,62.0,0.0,8.0,3.0,80.0,2.0,E ,Sun
02-09-2012,24.0,34.0,27.7,64.0,0.0,8.0,4.0,90.0,2.0,E ,Sun
03-09-2012,25.0,35.0,29.1,62.0,0.0,8.0,4.0,100.0,3.0,E ,Sun
04-09-2012,24.0,35.0,28.6,64.0,0.0,8.0,4.0,100.0,3.0,NE,Sun
05-09-2012,25.0,34.4,28.7,66.0,0.0,8.0,5.0,80.0,3.0,E ,Sun
06-09-2012,25.0,34.6,28.6,68.0,0.0,8.0,4.0,20.0,3.0,NE,Sun
07-09-2012,26.0,33.6,28.7,71.0,0.0,8.0,3.0,40.0,2.0,E ,Sun
08-09-2012,26.0,34.8,28.9,71.0,0.0,8.0,5.0,100.0,3.0,E ,Sun
09-09-2012,25.0,34.0,29.1,70.0,0.0,8.0,4.0,50.0,3.0,NE,Sun
10-09-2012,25.0,34.2,28.5,77.0,0.0,7.3,5.0,100.0,3.0,E ,Sun
11-09-2012,25.0,34.0,29.1,70.0,0.0,8.0,3.0,130.0,2.0,N ,Sun
12-09-2012,25.0,34.8,28.7,61.0,0.0,8.0,4.0,50.0,3.0,NE,Sun
13-09-2012,25.0,34.6,29.2,64.0,0.0,8.0,4.0,260.0,3.0,NE,Sun
14-09-2012,24.0,33.4,28.7,69.0,0.0,8.0,3.0,40.0,2.0,NE,Sun
15-09-2012,25.0,33.4,28.4,72.0,0.0,8.0,3.0,20.0,2.0,NE,Sun
16-09-2012,26.0,34.0,29.3,71.0,0.0,8.0,3.0,20.0,2.0,N ,Sun
17-09-2012,26.0,34.0,29.4,69.0,0.0,5.4,4.0,90.0,3.0,E ,Sun
18-09-2012,27.0,33.4,29.4,71.0,0.0,5.0,3.0,20.0,2.0,N ,Sun
19-09-2012,25.0,33.6,29.5,70.0,0.0,7.0,3.0,50.0,3.0,NE,Sun
20-09-2012,26.0,33.4,29.1,71.0,0.0,2.0,3.0,30.0,2.0,NE,Sun
21-09-2012,25.0,33.6,29.1,72.0,0.0,2.2,3.0,10.0,2.0,E ,Sun
22-09-2012,25.0,34.2,29.1,67.0,19.2,8.0,3.0,20.0,3.0,E ,Rain
23-09-2012,25.0,32.6,28.5,80.0,0.0,2.0,4.0,350.0,3.0,NE,Sun
24-09-2012,25.0,32.8,29.0,73.0,0.3,4.6,3.0,340.0,2.0,NE,Sun
25-09-2012,27.0,32.2,28.4,75.0,0.0,1.5,2.0,80.0,2.0,E ,Sun
26-09-2012,25.0,33.4,29.5,72.0,0.0,2.0,4.0,20.0,3.0,NE,Sun
27-09-2012,24.0,34.0,29.3,69.0,0.0,6.0,4.0,40.0,2.0,NE,Sun
28-09-2012,24.0,33.6,28.4,71.0,0.0,7.2,3.0,90.0,2.0,E ,Sun
29-09-2012,26.0,34.2,29.2,68.0,0.0,6.5,3.0,80.0,2.0,N ,Sun
30-09-2012,27.0,34.4,29.7,72.0,0.0,8.0,3.0,100.0,2.0,E ,Sun
01-10-2012,28.0,36.0,30.3,72.0,0.0,8.0,4.0,90.0,3.0,E ,Sun
02-10-2012,24.0,34.2,29.8,75.0,0.0,0.1,4.0,90.0,3.0,E ,Sun
03-10-2012,25.0,34.8,29.2,68.0,12.5,6.0,4.0,360.0,2.0,N ,Rain
04-10-2012,24.0,33.6,28.7,73.0,5.2,7.8,8.0,90.0,2.0,E ,Rain
05-10-2012,25.0,33.8,28.8,76.0,0.0,6.8,5.0,325.0,3.0,NW,Sun
06-10-2012,25.0,33.8,29.0,72.0,0.0,4.4,3.0,90.0,2.0,E ,Sun
07-10-2012,25.0,33.0,28.8,71.0,0.0,4.1,3.0,45.0,2.0,NE,Sun
08-10-2012,26.0,33.2,29.0,72.0,0.0,2.5,3.0,45.0,2.0,NE,Sun
09-10-2012,25.0,35.0,30.3,70.0,0.0,8.0,4.0,45.0,3.0,NE,Sun
10-10-2012,26.0,34.4,29.4,71.0,0.0,8.0,3.0,45.0,2.0,NE,Sun
11-10-2012,25.0,34.4,29.6,70.0,0.0,7.0,2.0,360.0,2.0,N ,Sun
12-10-2012,26.0,34.2,29.2,71.0,0.0,8.0,5.0,90.0,3.0,E ,Sun
13-10-2012,25.0,35.4,30.4,64.0,0.0,8.0,4.0,90.0,3.0,E ,Sun
14-10-2012,26.0,35.2,30.1,71.0,0.0,7.5,6.0,90.0,3.0,E ,Sun
15-10-2012,26.0,34.4,30.2,72.0,0.0,5.0,3.0,90.0,2.0,E ,Sun
16-10-2012,27.0,36.2,30.7,66.0,0.0,8.0,6.0,90.0,4.0,E ,Sun
17-10-2012,26.0,34.4,30.0,70.0,0.0,3.8,3.0,30.0,2.0,E ,Sun
18-10-2012,27.0,34.8,29.7,70.0,0.0,4.0,4.0,90.0,3.0,E ,Sun
19-10-2012,26.0,33.0,29.1,75.0,1.1,0.5,4.0,80.0,3.0,W ,Drizzle
20-10-2012,25.0,33.2,28.6,78.0,0.0,0.5,3.0,140.0,2.0,E ,Sun
21-10-2012,26.0,33.4,28.8,78.0,0.0,5.6,3.0,90.0,2.0,E ,Sun
22-10-2012,25.0,34.0,29.3,71.0,0.0,4.0,3.0,60.0,2.0,NE,Sun
23-10-2012,27.0,34.6,29.6,61.0,0.0,8.0,3.0,80.0,2.0,NE,Sun
24-10-2012,27.0,34.6,29.8,64.0,0.0,8.0,4.0,40.0,3.0,NE,Sun
25-10-2012,25.0,34.6,30.2,71.0,0.0,0.0,4.0,60.0,3.0,NE,Sun
26-10-2012,26.0,35.0,30.0,68.0,0.0,6.5,4.0,90.0,2.0,E ,Sun
27-10-2012,26.0,31.0,28.2,80.0,0.4,0.0,3.0,90.0,2.0,E ,Sun
28-10-2012,27.0,34.4,29.7,69.0,0.0,0.5,4.0,110.0,3.0,E ,Sun
29-10-2012,27.0,35.4,30.7,70.0,0.2,6.5,4.0,90.0,3.0,E ,Sun
30-10-2012,25.0,32.4,28.2,82.0,0.8,2.0,4.0,40.0,2.0,NE,Sun
31-10-2012,26.0,35.2,29.0,74.0,0.0,7.8,3.0,50.0,2.0,NE,Sun
01-11-2012,24.0,35.2,28.2,71.0,0.0,7.7,3.0,90.0,2.0,E ,Sun
02-11-2012,26.0,34.6,29.6,73.0,1.0,1.4,4.0,70.0,3.0,NE,Drizzle
03-11-2012,26.0,30.2,27.7,86.0,0.9,0.0,2.0,50.0,2.0,NE,Sun
04-11-2012,24.0,33.6,28.4,81.0,2.3,0.3,4.0,330.0,3.0,NE,Drizzle
05-11-2012,25.0,32.4,27.8,83.0,0.4,1.4,5.0,210.0,2.0,NE,Sun
06-11-2012,26.0,34.0,29.3,72.0,0.0,1.5,3.0,190.0,2.0,S ,Sun
07-11-2012,26.0,34.0,29.4,68.0,1.2,1.5,4.0,60.0,3.0,E ,Drizzle
08-11-2012,25.0,34.8,30.1,71.0,7.2,4.5,3.0,120.0,2.0,E ,Rain
09-11-2012,26.0,35.0,29.3,78.0,0.0,4.6,3.0,220.0,2.0,S ,Sun
10-11-2012,25.0,36.0,30.5,72.0,0.0,6.5,5.0,210.0,3.0,NE,Sun
11-11-2012,26.0,34.0,28.9,73.0,0.0,3.0,6.0,150.0,3.0,SE,Sun
12-11-2012,24.0,33.4,29.4,74.0,20.7,1.2,3.0,210.0,3.0,SE,Rain
13-11-2012,24.0,32.6,27.6,84.0,1.2,0.3,4.0,50.0,3.0,W ,Drizzle
14-11-2012,26.0,33.6,27.6,78.0,0.0,1.5,4.0,310.0,3.0,NW,Sun
15-11-2012,26.0,35.4,28.8,74.0,0.0,6.0,3.0,20.0,2.0,E ,Sun
16-11-2012,25.0,35.2,29.7,76.0,0.0,5.0,7.0,120.0,2.0,E ,Sun
17-11-2012,25.0,35.2,29.7,73.0,6.6,6.0,4.0,80.0,3.0,E ,Rain
18-11-2012,24.0,30.2,26.2,90.0,105.2,0.0,6.0,340.0,3.0,W ,Rain
19-11-2012,24.0,32.8,26.6,86.0,58.6,0.0,3.0,290.0,2.0,W ,Rain
20-11-2012,25.0,33.2,28.3,81.0,0.0,6.0,3.0,280.0,3.0,NE,Sun
21-11-2012,24.0,33.2,29.2,76.0,7.4,2.4,3.0,20.0,2.0,NE,Rain
22-11-2012,25.0,32.4,27.5,84.0,13.6,3.0,9.0,280.0,2.0,NE,Rain
23-11-2012,24.0,33.4,27.8,81.0,41.7,4.7,7.0,230.0,3.0,E ,Rain
24-11-2012,25.0,33.2,27.3,84.0,9.4,5.2,7.0,110.0,3.0,S ,Rain
25-11-2012,26.0,30.6,27.5,84.0,0.0,1.2,5.0,100.0,3.0,E ,Sun
26-11-2012,25.0,29.8,27.7,82.0,6.4,0.0,5.0,110.0,3.0,E ,Rain
27-11-2012,26.0,33.8,29.0,78.0,0.0,8.0,3.0,50.0,2.0,NE,Sun
28-11-2012,26.0,34.4,29.5,75.0,0.0,8.0,4.0,310.0,2.0,NW,Sun
29-11-2012,24.0,33.6,28.3,76.0,2.4,3.7,9.0,320.0,3.0,NW,Drizzle
30-11-2012,24.0,34.2,29.0,78.0,28.5,6.2,5.0,310.0,2.0,NW,Rain
01-12-2012,26.0,34.0,29.1,76.0,0.0,8.0,4.0,320.0,2.0,NW,Sun
02-12-2012,26.0,34.0,29.3,78.0,1.5,4.0,6.0,320.0,3.0,NW,Drizzle
03-12-2012,26.0,34.0,29.2,72.0,0.0,6.0,4.0,310.0,3.0,NW,Sun
04-12-2012,25.0,31.6,28.8,72.0,1.8,0.5,4.0,310.0,3.0,NW,Drizzle
05-12-2012,25.0,33.6,27.6,78.0,12.0,1.4,5.0,320.0,3.0,NW,Rain
06-12-2012,25.0,32.0,26.2,88.0,4.3,1.3,3.0,320.0,2.0,NW,Drizzle
07-12-2012,26.0,33.0,27.9,79.0,3.0,4.5,5.0,320.0,3.0,NW,Drizzle
08-12-2012,25.0,33.2,28.7,77.0,0.0,3.3,5.0,90.0,3.0,E ,Sun
09-12-2012,25.0,33.4,28.8,77.0,0.0,8.0,3.0,320.0,2.0,NW,Sun
10-12-2012,26.0,33.8,28.5,76.0,8888.0,6.0,6.0,320.0,3.0,NW,Rain
11-12-2012,25.0,31.0,27.8,78.0,3.2,0.0,4.0,325.0,2.0,NW,Drizzle
12-12-2012,25.0,31.4,28.0,83.0,0.0,0.0,3.0,320.0,2.0,NW,Sun
13-12-2012,24.0,31.8,28.3,76.0,2.5,1.0,5.0,320.0,3.0,E ,Drizzle
14-12-2012,25.0,32.2,27.2,87.0,15.6,2.0,3.0,320.0,3.0,NW,Rain
15-12-2012,26.0,34.4,29.2,75.0,0.0,6.6,5.0,310.0,4.0,NW,Sun
16-12-2012,25.0,32.2,28.3,81.0,0.0,3.0,5.0,320.0,3.0,NW,Sun
17-12-2012,25.0,32.8,28.0,79.0,3.7,3.0,4.0,300.0,3.0,NW,Drizzle
18-12-2012,24.0,34.2,27.6,78.0,12.0,3.8,6.0,310.0,3.0,NW,Rain
19-12-2012,26.0,35.4,29.6,72.0,0.0,8.0,6.0,320.0,4.0,NW,Sun
20-12-2012,26.0,33.4,28.5,78.0,8888.0,5.2,4.0,320.0,2.0,NW,Rain
21-12-2012,24.0,32.6,27.3,80.0,45.7,3.0,8.0,310.0,3.0,NW,Rain
22-12-2012,24.0,33.0,27.2,82.0,42.2,0.4,4.0,300.0,3.0,NW,Rain
23-12-2012,24.0,33.6,27.1,84.0,0.7,3.8,5.0,320.0,3.0,NW,Sun
24-12-2012,25.0,31.4,28.0,77.0,0.0,1.2,6.0,320.0,3.0,NW,Sun
25-12-2012,25.0,32.6,27.7,84.0,54.2,4.0,11.0,320.0,3.0,NW,Rain
26-12-2012,25.0,32.0,28.2,76.0,0.0,1.0,5.0,320.0,3.0,NW,Sun
27-12-2012,26.0,33.6,29.4,73.0,0.0,4.3,7.0,320.0,3.0,NW,Sun
28-12-2012,25.0,30.8,27.7,82.0,17.6,0.0,4.0,320.0,3.0,NW,Rain
29-12-2012,26.0,32.2,27.3,82.0,3.0,2.6,6.0,320.0,3.0,NW,Drizzle
30-12-2012,25.0,33.6,28.2,80.0,1.1,3.5,8.0,320.0,4.0,NW,Drizzle
31-12-2012,25.0,31.2,28.3,76.0,0.0,1.0,6.0,360.0,3.0,N ,Sun
01-01-2013,24.0,31.8,26.2,91.0,1.7,3.5,6.0,310.0,3.0,NW,Drizzle
02-01-2013,25.0,31.4,27.9,79.0,0.0,1.2,4.0,300.0,3.0,NW,Sun
03-01-2013,26.0,32.6,28.6,79.0,1.3,3.5,5.0,320.0,4.0,NW,Drizzle
04-01-2013,25.0,30.2,26.3,86.0,34.4,0.4,9.0,270.0,5.0,W ,Rain
05-01-2013,24.0,30.8,26.6,82.0,6.4,4.8,7.0,270.0,4.0,W ,Rain
06-01-2013,23.0,29.8,26.5,84.0,0.0,0.4,8.0,290.0,5.0,W ,Sun
07-01-2013,23.0,32.6,27.6,79.0,3.5,2.8,5.0,240.0,3.0,W ,Drizzle
08-01-2013,24.0,29.0,26.4,86.0,7.4,0.5,8.0,250.0,5.0,W ,Rain
09-01-2013,24.0,27.0,24.7,93.0,22.3,1.0,10.0,280.0,4.0,W ,Rain
10-01-2013,23.0,32.6,26.6,81.0,20.0,0.0,10.0,260.0,5.0,W ,Rain
11-01-2013,24.0,31.4,27.5,77.0,0.0,0.0,11.0,280.0,4.0,W ,Sun
12-01-2013,25.0,31.6,26.6,82.0,98.1,1.7,7.0,340.0,3.0,W ,Rain
13-01-2013,23.0,30.6,26.8,86.0,3.0,2.2,4.0,290.0,3.0,W ,Drizzle
14-01-2013,25.0,30.2,27.3,85.0,55.7,2.0,8.0,310.0,4.0,W ,Rain
15-01-2013,24.0,30.0,25.7,92.0,37.9,0.0,4.0,280.0,3.0,W ,Rain
16-01-2013,23.0,28.8,26.3,90.0,81.0,0.0,2.0,320.0,2.0,NW,Rain
17-01-2013,23.0,27.6,25.2,96.0,193.4,0.0,3.0,280.0,3.0,W ,Rain
18-01-2013,23.0,28.4,26.2,90.0,1.4,0.0,2.0,320.0,2.0,NW,Drizzle
19-01-2013,24.0,32.2,27.8,81.0,16.6,5.6,7.0,290.0,5.0,NW,Rain
20-01-2013,24.0,30.4,27.5,82.0,3.4,0.5,4.0,310.0,2.0,NW,Drizzle
21-01-2013,25.0,32.0,28.6,78.0,0.0,2.2,4.0,260.0,3.0,W ,Sun
22-01-2013,26.0,31.2,26.8,86.0,0.0,0.0,3.0,270.0,2.0,W ,Sun
23-01-2013,24.0,31.2,26.5,85.0,10.2,5.4,7.0,270.0,3.0,W ,Rain
24-01-2013,25.0,30.2,27.3,84.0,2.3,0.0,6.0,340.0,3.0,NW,Drizzle
25-01-2013,25.0,27.8,26.0,90.0,11.6,0.0,3.0,310.0,2.0,NW,Rain
26-01-2013,24.0,31.0,27.2,84.0,0.0,4.5,4.0,350.0,3.0,NW,Sun
27-01-2013,25.0,31.4,27.7,80.0,0.0,2.5,7.0,340.0,4.0,W ,Sun
28-01-2013,25.0,30.0,27.2,82.0,0.8,0.2,4.0,250.0,3.0,W ,Sun
29-01-2013,26.0,31.2,28.0,80.0,9.5,3.8,6.0,340.0,3.0,NW,Rain
30-01-2013,24.0,30.4,27.1,84.0,0.0,3.0,3.0,40.0,2.0,NE,Sun
31-01-2013,25.0,32.4,28.2,79.0,8888.0,5.0,4.0,270.0,3.0,NW,Rain
01-02-2013,25.0,33.6,28.7,75.0,0.1,5.7,4.0,350.0,2.0,N ,Sun
02-02-2013,25.0,30.2,26.9,88.0,3.3,0.8,5.0,330.0,2.0,N ,Drizzle
03-02-2013,25.0,33.0,27.0,76.0,0.0,8.0,5.0,20.0,3.0,N ,Sun
04-02-2013,23.0,32.2,29.1,76.0,23.0,3.0,10.0,20.0,2.0,NE,Rain
05-02-2013,23.0,33.4,27.9,80.0,8888.0,7.5,9.0,320.0,3.0,W ,Rain
06-02-2013,24.0,33.0,28.6,74.0,35.6,0.8,9.0,270.0,3.0,W ,Rain
07-02-2013,24.0,32.8,27.9,82.0,0.0,4.4,3.0,250.0,2.0,N ,Sun
08-02-2013,25.0,34.0,28.2,78.0,0.0,8.0,2.0,20.0,2.0,N ,Sun
09-02-2013,26.0,34.0,28.8,78.0,0.1,6.2,7.0,300.0,3.0,W ,Sun
10-02-2013,25.0,32.6,28.0,80.0,0.5,6.0,4.0,350.0,3.0,N ,Sun
11-02-2013,26.0,31.8,28.3,79.0,0.0,0.8,4.0,30.0,3.0,NE,Sun
12-02-2013,24.0,32.0,28.5,78.0,5.8,3.6,3.0,30.0,2.0,N ,Rain
13-02-2013,25.0,32.8,27.5,82.0,1.8,7.7,4.0,350.0,3.0,N ,Drizzle
14-02-2013,25.0,28.8,26.3,88.0,4.9,0.0,5.0,260.0,3.0,W ,Drizzle
15-02-2013,25.0,32.8,27.9,77.0,0.0,7.0,4.0,340.0,3.0,W ,Sun
16-02-2013,24.0,31.4,28.4,76.0,28.1,2.0,5.0,310.0,3.0,NW,Rain
17-02-2013,24.0,30.4,25.9,87.0,1.6,0.0,5.0,280.0,3.0,NW,Drizzle
18-02-2013,23.0,30.4,26.5,86.0,6.0,0.3,6.0,300.0,3.0,W ,Rain
19-02-2013,24.0,30.4,26.6,80.0,8888.0,0.4,6.0,300.0,3.0,W ,Rain
20-02-2013,23.0,30.6,27.9,82.0,16.9,1.5,6.0,340.0,3.0,W ,Rain
21-02-2013,24.0,31.8,27.6,80.0,3.4,5.5,4.0,320.0,2.0,N ,Drizzle
22-02-2013,24.0,31.2,27.8,80.0,6.3,1.6,6.0,350.0,3.0,N ,Rain
23-02-2013,25.0,30.0,27.0,84.0,6.0,1.3,6.0,360.0,3.0,W ,Rain
24-02-2013,25.0,32.2,28.3,79.0,0.0,1.5,4.0,280.0,3.0,W ,Sun
25-02-2013,26.0,33.6,29.1,76.0,0.0,7.0,7.0,290.0,3.0,W ,Sun
26-02-2013,27.0,31.0,28.2,82.0,3.0,0.3,5.0,290.0,3.0,W ,Drizzle
27-02-2013,25.0,32.6,29.1,75.0,0.2,1.0,7.0,290.0,3.0,W ,Sun
28-02-2013,25.0,33.8,29.4,70.0,0.0,6.0,6.0,270.0,3.0,W ,Sun
01-03-2013,27.0,32.8,29.4,72.0,8888.0,4.0,5.0,310.0,3.0,W ,Rain
02-03-2013,27.0,33.0,29.6,74.0,0.0,3.5,5.0,30.0,2.0,W ,Sun
03-03-2013,24.0,34.0,29.5,74.0,38.0,3.5,4.0,310.0,3.0,NW,Rain
04-03-2013,24.0,31.0,27.2,82.0,34.0,1.0,8.0,350.0,4.0,NW,Rain
05-03-2013,24.0,30.6,26.9,82.0,8888.0,1.8,3.0,260.0,3.0,W ,Rain
06-03-2013,25.0,32.6,28.5,76.0,0.0,5.7,4.0,30.0,2.0,NW,Sun
07-03-2013,25.0,33.0,28.7,76.0,0.0,8.0,5.0,330.0,4.0,NW,Sun
08-03-2013,25.0,32.0,28.2,78.0,5.0,2.7,4.0,300.0,3.0,NW,Drizzle
09-03-2013,24.0,32.8,28.7,77.0,0.6,2.0,7.0,30.0,3.0,NW,Sun
10-03-2013,26.0,31.0,27.5,77.0,33.8,1.2,5.0,10.0,5.0,W ,Rain
11-03-2013,26.0,34.4,29.6,70.0,0.0,6.5,4.0,30.0,3.0,N ,Sun
12-03-2013,26.0,33.2,28.8,76.0,0.0,4.0,5.0,280.0,3.0,W ,Sun
13-03-2013,26.0,35.2,29.9,68.0,0.0,7.8,3.0,270.0,4.0,W ,Sun
14-03-2013,25.0,35.0,27.7,82.0,7.5,3.0,4.0,20.0,5.0,W ,Rain
15-03-2013,25.0,33.4,28.2,79.0,1.2,6.4,4.0,250.0,3.0,N ,Drizzle
16-03-2013,25.0,32.4,28.3,80.0,6.1,6.3,6.0,270.0,4.0,W ,Rain
17-03-2013,26.0,33.2,28.7,80.0,0.0,5.6,3.0,180.0,3.0,NW,Sun
18-03-2013,26.0,33.5,29.5,71.0,0.0,7.5,5.0,250.0,3.0,NW,Sun
19-03-2013,26.0,32.4,28.9,78.0,0.0,3.2,3.0,180.0,3.0,S ,Sun
20-03-2013,25.0,33.6,28.1,77.0,25.0,5.3,4.0,110.0,2.0,E ,Rain
21-03-2013,25.0,34.6,29.4,73.0,0.0,6.5,4.0,340.0,3.0,N ,Sun
22-03-2013,26.0,32.2,28.7,78.0,6.0,2.5,5.0,350.0,4.0,N ,Rain
23-03-2013,25.0,34.0,29.1,76.0,0.5,7.5,4.0,190.0,2.0,N ,Sun
24-03-2013,26.0,33.4,29.1,75.0,0.0,3.0,3.0,340.0,2.0,NW,Sun
25-03-2013,27.0,34.6,29.9,72.0,0.0,8.0,3.0,350.0,2.0,N ,Sun
26-03-2013,27.0,34.0,30.0,74.0,0.0,7.6,3.0,350.0,3.0,N ,Sun
27-03-2013,26.0,33.2,29.1,76.0,1.0,3.2,4.0,320.0,2.0,N ,Drizzle
28-03-2013,26.0,33.8,29.4,74.0,10.8,7.6,3.0,270.0,3.0,W ,Rain
29-03-2013,26.0,34.0,28.6,79.0,0.0,7.6,5.0,280.0,3.0,W ,Sun
30-03-2013,27.0,33.2,29.3,76.0,14.9,2.0,6.0,270.0,3.0,W ,Rain
31-03-2013,26.0,34.6,28.8,76.0,0.0,6.0,10.0,180.0,5.0,W ,Sun
01-04-2013,27.0,33.6,29.6,76.0,0.0,4.6,4.0,260.0,3.0,W ,Sun
02-04-2013,26.0,33.4,29.6,85.0,0.5,3.0,3.0,60.0,2.0,SW,Sun
03-04-2013,27.0,33.0,29.3,77.0,0.0,2.8,3.0,30.0,3.0,NE,Sun
04-04-2013,26.0,33.0,28.4,85.0,11.5,4.0,4.0,300.0,2.0,W ,Rain
05-04-2013,26.0,34.2,29.3,75.0,0.0,6.0,6.0,300.0,3.0,W ,Sun
06-04-2013,25.0,31.6,27.9,82.0,34.2,,5.0,300.0,3.0,SW,Rain
07-04-2013,25.0,30.8,27.7,82.0,2.2,,2.0,10.0,2.0,N ,Drizzle
08-04-2013,26.0,33.0,28.4,80.0,8888.0,3.0,3.0,270.0,2.0,W ,Rain
09-04-2013,27.0,33.0,29.3,75.0,0.0,6.0,3.0,120.0,2.0,N ,Sun
10-04-2013,26.0,32.2,29.3,74.0,0.2,3.0,4.0,280.0,3.0,W ,Sun
11-04-2013,26.0,32.8,28.3,83.0,2.6,2.6,3.0,350.0,3.0,N ,Drizzle
12-04-2013,25.0,33.0,29.4,71.0,0.0,4.0,5.0,290.0,3.0,W ,Sun
13-04-2013,26.0,33.2,28.9,72.0,0.0,4.0,8.0,270.0,4.0,W ,Sun
14-04-2013,24.0,34.0,29.4,76.0,48.2,6.0,8.0,300.0,3.0,N ,Rain
15-04-2013,25.0,34.6,30.1,71.0,13.8,4.0,5.0,340.0,3.0,W ,Rain
16-04-2013,26.0,34.0,29.0,79.0,2.0,6.6,4.0,350.0,3.0,W ,Drizzle
17-04-2013,25.0,34.2,29.4,78.0,4.0,8.0,5.0,200.0,3.0,E ,Drizzle
18-04-2013,24.0,31.5,25.6,92.0,39.0,0.3,4.0,290.0,3.0,W ,Rain
19-04-2013,24.0,32.4,27.4,82.0,0.0,4.0,4.0,200.0,3.0,N ,Sun
20-04-2013,25.0,33.2,28.3,78.0,0.0,7.0,4.0,90.0,3.0,E ,Sun
21-04-2013,27.0,34.2,29.8,80.0,8888.0,5.0,5.0,90.0,3.0,E ,Rain
22-04-2013,24.0,28.4,26.8,87.0,13.0,0.0,2.0,110.0,2.0,E ,Rain
23-04-2013,25.0,32.0,28.2,83.0,0.0,3.0,2.0,90.0,2.0,N ,Sun
24-04-2013,26.0,31.8,27.6,86.0,6.7,4.0,3.0,350.0,2.0,N ,Rain
25-04-2013,24.0,33.6,28.6,80.0,16.9,5.5,4.0,230.0,3.0,SW,Rain
26-04-2013,26.0,33.0,28.4,82.0,0.0,2.1,5.0,90.0,3.0,E ,Sun
27-04-2013,26.0,32.0,28.4,82.0,2.0,6.0,3.0,20.0,2.0,E ,Drizzle
28-04-2013,26.0,32.6,28.6,79.0,0.0,4.5,5.0,80.0,3.0,E ,Sun
29-04-2013,27.0,34.4,29.7,70.0,0.0,8.0,5.0,90.0,3.0,E ,Sun
30-04-2013,26.0,34.2,30.0,67.0,7.5,6.9,5.0,90.0,3.0,E ,Rain
01-05-2013,26.0,26.0,28.5,77.0,0.0,4.0,4.0,300.0,2.0,W ,Sun
02-05-2013,26.0,25.0,28.9,75.0,0.0,3.7,4.0,250.0,2.0,W ,Sun
03-05-2013,27.0,30.0,28.2,71.0,8888.0,0.0,5.0,10.0,3.0,W ,Rain
04-05-2013,26.0,33.6,29.3,76.0,4.0,3.2,4.0,310.0,1.0,W ,Drizzle
05-05-2013,26.0,33.2,29.1,75.0,0.0,1.7,4.0,250.0,2.0,W ,Sun
06-05-2013,26.0,31.6,28.7,73.0,0.0,0.0,5.0,240.0,2.0,NW,Sun
07-05-2013,26.0,32.6,28.5,74.0,0.0,0.0,3.0,360.0,2.0,NW,Sun
08-05-2013,26.0,35.0,28.9,79.0,16.0,4.8,5.0,20.0,1.0,W ,Rain
09-05-2013,25.0,33.6,28.6,81.0,2.8,4.0,5.0,300.0,2.0,S ,Drizzle
10-05-2013,26.0,33.2,28.6,76.0,0.2,5.0,3.0,10.0,1.0,NW,Sun
11-05-2013,26.0,31.4,28.1,75.0,8888.0,0.3,10.0,270.0,3.0,W ,Rain
12-05-2013,26.0,30.4,27.8,82.0,8888.0,0.0,3.0,250.0,2.0,W ,Rain
13-05-2013,24.0,31.0,26.8,86.0,18.8,0.0,3.0,170.0,1.0,S ,Rain
14-05-2013,25.0,32.8,28.2,80.0,0.0,1.3,3.0,70.0,2.0,NE,Sun
15-05-2013,26.0,33.0,29.0,73.0,0.0,1.5,3.0,350.0,1.0,N ,Sun
16-05-2013,26.0,32.4,29.1,68.0,10.9,0.0,2.0,350.0,1.0,N ,Rain
17-05-2013,23.0,27.6,26.2,78.0,38.9,0.0,3.0,350.0,2.0,SE,Rain
18-05-2013,25.0,32.0,28.0,82.0,0.0,4.2,3.0,290.0,1.0,W ,Sun
19-05-2013,26.0,33.4,29.0,80.0,0.0,1.0,4.0,350.0,2.0,W ,Sun
20-05-2013,26.0,33.2,28.9,82.0,0.0,3.5,4.0,350.0,2.0,NE,Sun
21-05-2013,25.0,33.0,29.4,78.0,0.0,2.0,3.0,350.0,2.0,N ,Sun
22-05-2013,27.0,33.2,29.3,78.0,0.0,4.7,3.0,360.0,1.0,N ,Sun
23-05-2013,26.0,33.0,29.1,81.0,0.0,4.0,3.0,20.0,1.0,NE,Sun
24-05-2013,26.0,33.6,29.5,78.0,0.0,3.7,4.0,30.0,2.0,N ,Sun
25-05-2013,27.0,33.8,29.5,88.0,0.0,4.7,4.0,20.0,2.0,NE,Sun
26-05-2013,25.0,33.8,28.9,81.0,6.7,4.1,4.0,60.0,2.0,N ,Rain
27-05-2013,25.0,33.4,29.1,80.0,0.0,4.3,6.0,270.0,3.0,W ,Sun
28-05-2013,25.0,32.2,28.0,83.0,0.0,4.5,4.0,360.0,2.0,N ,Sun
29-05-2013,26.0,33.6,29.6,74.0,0.0,5.0,4.0,80.0,2.0,N ,Sun
30-05-2013,25.0,34.2,29.5,81.0,2.7,5.0,3.0,90.0,2.0,E ,Drizzle
31-05-2013,25.0,25.6,28.5,77.0,0.0,4.0,5.0,100.0,2.0,E ,Sun
01-06-2013,24.0,24.6,27.5,80.0,10.3,0.2,5.0,140.0,2.0,W ,Rain
02-06-2013,25.0,29.4,26.2,88.0,0.8,0.2,4.0,20.0,2.0,N ,Sun
03-06-2013,24.0,27.0,25.3,91.0,21.3,0.0,3.0,90.0,1.0,E ,Rain
04-06-2013,24.0,26.8,24.6,94.0,8.6,0.0,2.0,60.0,1.0,NE,Rain
05-06-2013,25.0,30.8,27.4,84.0,0.0,5.2,4.0,90.0,0.0,E ,Sun
06-06-2013,24.0,32.6,28.1,70.0,0.0,5.2,6.0,90.0,2.0,E ,Sun
07-06-2013,25.0,32.4,28.4,79.0,0.0,5.4,4.0,80.0,2.0,N ,Sun
08-06-2013,24.0,32.6,27.1,81.0,42.3,2.6,5.0,350.0,1.0,N ,Rain
09-06-2013,24.0,30.4,26.4,76.0,0.0,,3.0,10.0,2.0,N ,Sun
10-06-2013,23.0,32.2,26.6,75.0,40.2,0.0,5.0,120.0,1.0,SE,Rain
11-06-2013,24.0,32.8,27.3,82.0,8.4,5.0,5.0,60.0,2.0,NE,Rain
12-06-2013,23.0,29.6,26.2,86.0,24.8,0.0,7.0,250.0,2.0,W ,Rain
13-06-2013,25.0,31.0,26.6,80.0,8888.0,0.0,4.0,270.0,2.0,W ,Rain
14-06-2013,25.0,31.2,27.9,73.0,0.0,0.2,3.0,350.0,1.0,S ,Sun
15-06-2013,25.0,33.0,28.4,68.0,0.0,4.6,4.0,80.0,2.0,E ,Sun
16-06-2013,25.0,32.2,27.9,78.0,5.3,3.6,3.0,350.0,2.0,N ,Rain
17-06-2013,24.0,29.2,26.9,82.0,13.7,0.0,3.0,240.0,1.0,SW,Rain
18-06-2013,25.0,32.6,28.1,80.0,0.0,5.2,3.0,90.0,1.0,E ,Sun
19-06-2013,25.0,30.6,27.7,82.0,0.8,0.0,2.0,260.0,2.0,W ,Sun
20-06-2013,24.0,31.2,27.1,78.0,37.8,2.2,3.0,240.0,1.0,SW,Rain
21-06-2013,24.0,27.8,25.6,78.0,10.3,0.0,3.0,160.0,2.0,E ,Rain
22-06-2013,24.0,32.2,27.8,81.0,0.2,4.3,4.0,110.0,1.0,E ,Sun
23-06-2013,25.0,31.4,27.7,78.0,8888.0,3.0,4.0,70.0,2.0,E ,Rain
24-06-2013,24.0,32.0,28.4,88.0,13.2,3.0,5.0,80.0,2.0,E ,Rain
25-06-2013,25.0,33.5,28.4,81.0,0.0,2.4,3.0,100.0,2.0,E ,Sun
26-06-2013,0.0,32.8,28.0,80.0,0.0,3.2,3.0,40.0,2.0,NE,Sun
27-06-2013,25.0,30.1,27.0,83.0,16.0,1.7,3.0,20.0,2.0,N ,Rain
28-06-2013,25.0,31.8,28.5,74.0,0.0,2.5,3.0,10.0,1.0,NE,Sun
29-06-2013,25.0,32.2,28.1,81.0,2.7,4.0,2.0,30.0,1.0,NE,Drizzle
30-06-2013,25.0,32.2,27.9,78.0,0.0,4.2,2.0,20.0,1.0,NW,Sun
01-07-2013,25.0,33.5,28.5,77.0,0.0,4.0,5.0,100.0,2.0,E ,Sun
02-07-2013,24.0,32.5,27.5,80.0,10.3,0.2,5.0,140.0,2.0,W ,Rain
03-07-2013,25.0,29.4,26.2,88.0,0.8,0.2,4.0,20.0,2.0,N ,Sun
04-07-2013,24.0,27.0,25.3,91.0,21.3,0.0,3.0,90.0,1.0,E ,Rain
05-07-2013,24.0,26.8,24.6,94.0,8.6,0.0,2.0,60.0,1.0,NE,Rain
06-07-2013,25.0,30.8,27.4,84.0,0.0,5.2,4.0,90.0,0.0,E ,Sun
07-07-2013,24.0,32.6,28.1,70.0,0.0,5.2,6.0,90.0,2.0,E ,Sun
08-07-2013,25.0,32.4,28.4,79.0,0.0,5.4,4.0,80.0,2.0,N ,Sun
09-07-2013,24.0,32.6,27.1,81.0,42.3,2.6,5.0,350.0,1.0,N ,Rain
10-07-2013,24.0,30.4,26.4,76.0,0.0,,3.0,10.0,2.0,N ,Sun
11-07-2013,23.0,32.2,26.6,75.0,40.2,0.0,5.0,120.0,1.0,SE,Rain
12-07-2013,24.0,32.8,27.3,82.0,8.4,5.0,5.0,60.0,2.0,NE,Rain
13-07-2013,23.0,29.6,26.2,86.0,24.8,0.0,7.0,250.0,2.0,W ,Rain
14-07-2013,25.0,31.0,26.6,80.0,8888.0,0.0,4.0,270.0,2.0,W ,Rain
15-07-2013,25.0,31.2,27.9,73.0,0.0,0.2,3.0,350.0,1.0,S ,Sun
16-07-2013,25.0,33.0,28.4,68.0,0.0,4.6,4.0,80.0,2.0,E ,Sun
17-07-2013,25.0,32.2,27.9,78.0,5.3,3.6,3.0,350.0,2.0,N ,Rain
18-07-2013,24.0,29.2,26.9,82.0,13.7,0.0,3.0,240.0,1.0,SW,Rain
19-07-2013,25.0,32.6,28.1,76.0,0.0,5.2,3.0,90.0,1.0,E ,Sun
20-07-2013,25.0,30.6,27.7,82.0,0.8,0.0,2.0,260.0,2.0,W ,Sun
21-07-2013,24.0,31.2,27.1,78.0,37.8,2.2,3.0,240.0,1.0,SW,Rain
22-07-2013,24.0,27.8,25.6,78.0,10.3,0.0,3.0,160.0,2.0,E ,Rain
23-07-2013,24.0,32.2,27.8,81.0,0.2,4.3,4.0,110.0,1.0,E ,Sun
24-07-2013,25.0,31.4,27.7,78.0,8888.0,3.0,4.0,70.0,2.0,E ,Rain
25-07-2013,24.0,32.0,28.4,88.0,13.2,3.0,5.0,80.0,2.0,E ,Rain
26-07-2013,25.0,33.5,28.4,81.0,0.0,2.4,3.0,100.0,2.0,E ,Sun
27-07-2013,0.0,32.8,28.0,80.0,0.0,3.2,3.0,40.0,2.0,NE,Sun
28-07-2013,25.0,30.1,27.0,83.0,16.0,1.7,3.0,20.0,2.0,N ,Rain
29-07-2013,25.0,31.8,28.5,74.0,0.0,2.5,3.0,10.0,1.0,NE,Sun
30-07-2013,25.0,32.2,28.1,81.0,2.7,4.0,2.0,30.0,1.0,NE,Drizzle
31-07-2013,25.0,32.2,27.9,78.0,0.0,4.2,2.0,20.0,1.0,NW,Sun
01-08-2013,25.0,33.2,28.3,70.0,2.0,6.0,4.0,90.0,1.0,E ,Drizzle
02-08-2013,25.0,32.0,28.0,75.0,0.0,3.3,4.0,340.0,2.0,N ,Sun
03-08-2013,25.0,32.6,29.0,69.0,0.0,5.6,4.0,90.0,2.0,E ,Sun
04-08-2013,26.0,33.2,28.6,74.0,0.0,7.0,4.0,360.0,2.0,E ,Sun
05-08-2013,26.0,32.4,28.5,74.0,0.0,1.8,3.0,20.0,0.0,N ,Sun
06-08-2013,24.0,33.4,29.5,74.0,10.6,4.3,4.0,30.0,1.0,NE,Rain
07-08-2013,24.0,32.2,27.9,80.0,4.2,2.6,5.0,230.0,1.0,SW,Drizzle
08-08-2013,24.0,32.2,27.0,81.0,26.6,4.0,4.0,20.0,1.0,N ,Rain
09-08-2013,24.0,31.4,27.3,80.0,0.0,4.4,5.0,90.0,2.0,E ,Sun
10-08-2013,26.0,32.8,28.6,74.0,0.0,5.0,4.0,20.0,2.0,N ,Sun
11-08-2013,25.0,32.6,30.1,73.0,0.0,5.8,3.0,40.0,1.0,N ,Sun
12-08-2013,24.0,32.6,28.5,75.0,0.0,5.0,4.0,20.0,1.0,N ,Sun
13-08-2013,22.0,32.0,27.5,66.0,0.0,7.3,3.0,90.0,1.0,N ,Sun
14-08-2013,24.0,32.8,27.7,68.0,0.0,7.4,3.0,80.0,1.0,E ,Sun
15-08-2013,25.0,33.4,28.2,71.0,3.0,6.2,5.0,90.0,2.0,E ,Drizzle
16-08-2013,26.0,34.4,29.0,72.0,0.0,8.0,5.0,70.0,2.0,E ,Sun
17-08-2013,25.0,33.8,29.1,73.0,0.7,8.0,4.0,50.0,2.0,W ,Sun
18-08-2013,24.0,31.7,27.1,85.0,13.4,5.0,3.0,20.0,1.0,N ,Rain
19-08-2013,25.0,33.6,28.4,70.0,0.0,8.0,3.0,20.0,2.0,N ,Sun
20-08-2013,26.0,32.0,28.3,69.0,0.0,4.8,3.0,80.0,2.0,E ,Sun
21-08-2013,26.0,33.8,28.7,72.0,0.0,8.0,3.0,70.0,2.0,E ,Sun
22-08-2013,26.0,35.0,29.7,68.0,0.0,8.0,4.0,250.0,2.0,NE,Sun
23-08-2013,26.0,34.4,29.2,70.0,0.0,8.0,3.0,90.0,1.0,E ,Sun
24-08-2013,25.0,34.0,29.3,63.0,0.0,8.0,5.0,90.0,2.0,E ,Sun
25-08-2013,25.0,34.0,28.7,66.0,0.0,8.0,4.0,70.0,2.0,E ,Sun
26-08-2013,25.0,34.2,28.7,67.0,0.0,8.0,5.0,60.0,3.0,E ,Sun
27-08-2013,25.0,33.4,29.6,64.0,0.0,8.0,6.0,70.0,3.0,E ,Sun
28-08-2013,25.0,33.4,28.9,74.0,0.0,8.0,4.0,20.0,2.0,E ,Sun
29-08-2013,26.0,34.0,29.2,72.0,0.0,8.0,4.0,80.0,2.0,E ,Sun
30-08-2013,25.0,33.6,28.9,77.0,0.9,7.0,4.0,20.0,3.0,N ,Sun
31-08-2013,26.0,33.4,29.1,73.0,0.0,7.0,4.0,60.0,3.0,E ,Sun
01-09-2013,26.0,34.6,29.7,73.0,0.0,8.0,4.0,70.0,2.0,E ,Sun
02-09-2013,25.0,34.8,29.9,70.0,0.0,8.0,5.0,90.0,2.0,E ,Sun
03-09-2013,27.0,32.4,28.9,76.0,0.0,7.2,4.0,40.0,2.0,E ,Sun
04-09-2013,26.0,32.0,29.0,76.0,0.0,2.3,4.0,350.0,2.0,NE,Sun
05-09-2013,24.0,33.8,28.7,75.0,15.4,8.0,5.0,330.0,2.0,N ,Rain
06-09-2013,25.0,32.0,28.3,78.0,0.0,5.5,4.0,340.0,2.0,N ,Sun
07-09-2013,25.0,31.6,28.0,78.0,25.4,3.5,4.0,350.0,2.0,N ,Rain
08-09-2013,28.0,32.0,27.8,82.0,0.0,7.8,3.0,10.0,1.0,N ,Sun
09-09-2013,25.0,32.0,28.5,76.0,0.0,8.0,4.0,350.0,2.0,N ,Sun
10-09-2013,25.0,32.2,28.8,73.0,0.0,5.3,5.0,300.0,2.0,N ,Sun
11-09-2013,25.0,33.4,28.6,67.0,0.0,8.0,4.0,190.0,2.0,N ,Sun
12-09-2013,25.0,34.2,29.2,68.0,0.0,8.0,7.0,90.0,2.0,E ,Sun
13-09-2013,25.0,33.4,28.9,73.0,0.0,8.0,5.0,350.0,2.0,N ,Sun
14-09-2013,25.0,33.4,29.1,73.0,3.0,4.0,5.0,350.0,2.0,N ,Drizzle
15-09-2013,26.0,32.0,28.1,77.0,2.5,4.3,5.0,360.0,2.0,N ,Drizzle
16-09-2013,26.0,33.0,28.8,71.0,0.0,2.5,5.0,80.0,2.0,E ,Sun
17-09-2013,25.0,33.0,28.7,72.0,0.0,6.5,5.0,20.0,2.0,N ,Sun
18-09-2013,26.0,33.0,28.9,73.0,0.0,6.0,3.0,340.0,1.0,N ,Sun
19-09-2013,26.0,34.0,29.5,72.0,0.0,6.2,4.0,50.0,2.0,N ,Sun
20-09-2013,25.0,34.0,29.7,71.0,0.0,7.8,3.0,10.0,2.0,N ,Sun
21-09-2013,25.0,33.8,29.1,71.0,3.2,3.3,4.0,20.0,2.0,N ,Drizzle
22-09-2013,25.0,34.0,29.0,73.0,0.0,5.0,3.0,350.0,2.0,N ,Sun
23-09-2013,26.0,34.0,29.1,70.0,0.0,8.0,3.0,10.0,2.0,S ,Sun
24-09-2013,26.0,35.2,29.8,63.0,0.0,8.0,5.0,80.0,2.0,E ,Sun
25-09-2013,27.0,35.4,29.8,69.0,0.0,7.6,3.0,20.0,2.0,N ,Sun
26-09-2013,26.0,33.4,29.4,72.0,0.0,7.7,3.0,250.0,2.0,N ,Sun
27-09-2013,26.0,33.4,28.9,70.0,0.0,7.4,4.0,350.0,2.0,N ,Sun
28-09-2013,27.0,32.8,29.7,74.0,0.0,3.0,5.0,30.0,2.0,N ,Sun
29-09-2013,27.0,33.0,29.4,70.0,0.0,6.7,3.0,360.0,3.0,N ,Sun
30-09-2013,26.0,31.8,28.3,78.0,0.0,2.0,4.0,20.0,2.0,N ,Sun
01-10-2013,26.0,35.2,29.4,71.0,0.0,4.0,4.0,70.0,1.0,E ,Sun
02-10-2013,27.0,34.2,29.8,72.0,0.0,2.0,3.0,40.0,0.0,NE,Sun
03-10-2013,26.0,34.2,29.9,69.0,0.0,7.0,3.0,90.0,1.0,N ,Sun
04-10-2013,26.0,34.0,29.6,65.0,0.0,8.0,3.0,20.0,2.0,N ,Sun
05-10-2013,25.0,34.2,29.8,71.0,27.5,7.4,4.0,20.0,2.0,N ,Rain
06-10-2013,26.0,33.3,28.8,74.0,0.0,8.0,3.0,20.0,1.0,N ,Sun
07-10-2013,25.0,31.8,28.8,70.0,0.4,1.2,3.0,360.0,1.0,N ,Sun
08-10-2013,26.0,33.8,29.2,73.0,0.0,8.0,4.0,340.0,2.0,N ,Sun
09-10-2013,26.0,33.6,29.4,68.0,0.0,7.0,3.0,90.0,1.0,N ,Sun
10-10-2013,26.0,34.2,29.7,66.0,0.0,8.0,5.0,350.0,2.0,N ,Sun
11-10-2013,25.0,34.0,29.6,69.0,0.0,8.0,4.0,330.0,2.0,W ,Sun
12-10-2013,26.0,33.8,29.7,69.0,0.5,7.0,4.0,260.0,2.0,N ,Sun
13-10-2013,26.0,33.4,29.2,70.0,0.0,2.3,3.0,260.0,1.0,W ,Sun
14-10-2013,26.0,34.0,29.9,67.0,0.0,7.0,3.0,40.0,1.0,N ,Sun
15-10-2013,27.0,34.4,30.0,67.0,0.0,8.0,5.0,350.0,2.0,N ,Sun
16-10-2013,27.0,35.8,30.5,67.0,0.0,6.3,4.0,340.0,2.0,E ,Sun
17-10-2013,26.0,35.8,31.3,68.0,0.0,8.0,5.0,80.0,2.0,E ,Sun
18-10-2013,26.0,33.0,29.5,76.0,0.6,0.5,5.0,70.0,2.0,E ,Sun
19-10-2013,25.0,33.8,29.1,75.0,6.7,5.6,5.0,20.0,2.0,N ,Rain
20-10-2013,26.0,34.6,29.0,74.0,0.0,7.4,3.0,10.0,2.0,N ,Sun
21-10-2013,25.0,33.8,29.8,67.0,0.0,7.5,5.0,360.0,2.0,N ,Sun
22-10-2013,25.0,34.0,29.1,72.0,8888.0,5.5,9.0,240.0,2.0,N ,Rain
23-10-2013,25.0,34.4,31.6,72.0,4.5,7.0,3.0,350.0,2.0,N ,Drizzle
24-10-2013,26.0,32.8,29.5,72.0,0.0,2.7,3.0,340.0,2.0,N ,Sun
25-10-2013,26.0,33.4,29.3,74.0,0.0,6.0,4.0,10.0,2.0,N ,Sun
26-10-2013,27.0,34.0,29.5,74.0,0.0,5.8,4.0,350.0,2.0,N ,Sun
27-10-2013,25.0,34.0,29.8,74.0,0.0,4.0,3.0,30.0,1.0,NE,Sun
28-10-2013,25.0,33.4,28.6,75.0,4.8,5.0,3.0,350.0,2.0,N ,Drizzle
29-10-2013,22.0,33.8,26.6,87.0,65.1,3.0,5.0,20.0,2.0,N ,Rain
30-10-2013,25.0,32.0,27.5,80.0,0.0,3.0,5.0,10.0,2.0,N ,Sun
31-10-2013,0.0,33.8,28.5,78.0,0.0,1.0,5.0,10.0,2.0,N ,Sun
01-11-2013,24.0,32.4,27.5,79.0,19.0,5.0,3.0,160.0,0.0,N ,Rain
02-11-2013,25.0,32.6,28.2,77.0,0.0,6.8,3.0,60.0,0.0,N ,Sun
03-11-2013,27.0,33.4,29.2,76.0,8888.0,4.2,3.0,360.0,1.0,N ,Rain
04-11-2013,26.0,32.0,28.7,79.0,8888.0,4.5,4.0,320.0,1.0,N ,Rain
05-11-2013,26.0,33.4,29.3,76.0,0.0,3.0,5.0,360.0,2.0,N ,Sun
06-11-2013,25.0,33.2,29.8,73.0,0.0,3.0,4.0,280.0,2.0,W ,Sun
07-11-2013,27.0,33.4,29.4,75.0,0.0,3.4,4.0,60.0,2.0,N ,Sun
08-11-2013,25.0,32.4,28.3,80.0,13.4,1.0,3.0,350.0,1.0,N ,Rain
09-11-2013,27.0,32.6,29.7,72.0,0.0,1.3,4.0,60.0,2.0,NE,Sun
10-11-2013,26.0,34.0,29.1,76.0,0.5,4.4,4.0,20.0,1.0,W ,Sun
11-11-2013,25.0,33.0,28.8,74.0,0.0,2.0,3.0,270.0,2.0,W ,Sun
12-11-2013,25.0,34.0,27.6,80.0,3.3,2.2,8.0,70.0,2.0,E ,Drizzle
13-11-2013,23.0,32.0,27.3,84.0,41.6,0.4,5.0,200.0,1.0,S ,Rain
14-11-2013,24.0,32.8,27.5,85.0,33.9,3.0,4.0,10.0,2.0,N ,Rain
15-11-2013,24.0,31.6,26.9,84.0,5.7,3.3,4.0,230.0,2.0,W ,Rain
16-11-2013,24.0,30.2,26.4,89.0,11.5,0.0,3.0,260.0,0.0,W ,Rain
17-11-2013,25.0,29.0,26.3,88.0,4.4,1.0,3.0,280.0,2.0,W ,Drizzle
18-11-2013,24.0,32.4,28.2,80.0,0.0,3.2,10.0,280.0,3.0,W ,Sun
19-11-2013,25.0,35.0,28.8,70.0,0.0,8.0,10.0,330.0,4.0,W ,Sun
20-11-2013,25.0,32.6,28.2,71.0,0.0,2.5,10.0,280.0,4.0,W ,Sun
21-11-2013,25.0,34.8,29.1,67.0,0.0,7.2,6.0,240.0,3.0,SW,Sun
22-11-2013,26.0,34.6,29.8,67.0,0.0,8.0,5.0,200.0,2.0,S ,Sun
23-11-2013,26.0,33.6,29.1,68.0,0.0,8.0,4.0,260.0,2.0,W ,Sun
24-11-2013,26.0,33.6,29.2,72.0,0.0,6.0,3.0,350.0,2.0,N ,Sun
25-11-2013,27.0,34.7,29.9,66.0,0.0,4.3,6.0,260.0,2.0,W ,Sun
26-11-2013,24.0,30.2,26.6,78.0,30.4,0.0,6.0,350.0,2.0,W ,Rain
27-11-2013,25.0,33.0,29.4,75.0,0.0,5.3,3.0,170.0,2.0,S ,Sun
28-11-2013,26.0,33.4,29.2,71.0,0.0,7.0,3.0,160.0,2.0,W ,Sun
29-11-2013,25.0,33.1,28.9,74.0,0.3,1.0,3.0,210.0,2.0,SW,Sun
30-11-2013,24.0,34.0,29.0,68.0,32.6,8.0,4.0,160.0,2.0,W ,Rain
01-12-2013,25.0,25.0,28.5,81.0,0.0,2.3,5.0,300.0,1.0,W ,Sun
02-12-2013,24.0,24.6,28.2,80.0,43.4,3.0,4.0,250.0,1.0,W ,Rain
03-12-2013,26.0,30.8,27.3,85.0,0.7,1.0,3.0,10.0,1.0,W ,Sun
04-12-2013,24.0,33.0,27.9,78.0,21.4,6.0,4.0,310.0,1.0,W ,Rain
05-12-2013,26.0,34.0,28.8,74.0,0.0,7.5,4.0,250.0,1.0,W ,Sun
06-12-2013,25.0,33.6,28.4,77.0,11.5,6.0,4.0,240.0,2.0,NW,Rain
07-12-2013,25.0,35.0,29.6,71.0,0.0,4.0,5.0,360.0,2.0,NW,Sun
08-12-2013,25.0,31.4,28.2,79.0,0.2,0.0,4.0,20.0,2.0,W ,Sun
09-12-2013,24.0,32.6,27.8,81.0,6.9,4.5,6.0,300.0,2.0,S ,Rain
10-12-2013,25.0,33.2,28.6,76.0,0.0,6.0,5.0,10.0,2.0,NW,Sun
11-12-2013,26.0,32.4,28.7,75.0,0.0,1.5,10.0,270.0,2.0,W ,Sun
12-12-2013,26.0,32.4,28.6,82.0,0.4,2.2,4.0,250.0,2.0,W ,Sun
13-12-2013,24.0,32.2,27.6,86.0,32.5,2.0,4.0,170.0,2.0,S ,Rain
14-12-2013,25.0,31.6,26.7,80.0,3.8,2.0,5.0,70.0,2.0,NE,Drizzle
15-12-2013,24.0,32.0,27.7,73.0,31.9,1.8,3.0,350.0,1.0,N ,Rain
16-12-2013,24.0,33.0,27.9,68.0,61.0,4.6,3.0,350.0,2.0,N ,Rain
17-12-2013,24.0,30.2,26.7,78.0,0.4,0.0,2.0,360.0,0.0,NW,Sun
18-12-2013,26.0,30.2,28.1,82.0,6.4,1.0,5.0,310.0,2.0,W ,Rain
19-12-2013,25.0,33.4,28.4,80.0,5.2,2.2,4.0,200.0,2.0,NW,Rain
20-12-2013,24.0,30.8,27.4,82.0,0.2,0.5,9.0,250.0,3.0,W ,Sun
21-12-2013,24.0,32.0,27.8,78.0,1.0,3.5,7.0,240.0,4.0,W ,Drizzle
22-12-2013,24.0,27.0,25.1,78.0,7.9,0.0,5.0,270.0,3.0,W ,Rain
23-12-2013,25.0,30.4,27.1,81.0,0.4,2.4,6.0,280.0,3.0,W ,Sun
24-12-2013,25.0,31.4,27.9,78.0,0.0,0.3,4.0,260.0,3.0,W ,Sun
25-12-2013,26.0,32.0,28.1,88.0,5.2,2.0,5.0,290.0,2.0,W ,Rain
26-12-2013,25.0,32.2,28.2,81.0,3.4,5.0,4.0,330.0,2.0,NW,Drizzle
27-12-2013,25.0,32.0,27.3,80.0,0.0,2.2,4.0,320.0,2.0,NW,Sun
28-12-2013,25.0,31.2,27.9,83.0,0.0,5.0,5.0,300.0,3.0,NW,Sun
29-12-2013,25.0,31.2,28.0,74.0,3.2,3.0,4.0,350.0,3.0,NW,Drizzle
30-12-2013,25.0,29.2,26.2,81.0,70.6,0.0,11.0,350.0,4.0,W ,Rain
31-12-2013,23.0,29.0,25.4,89.0,21.3,0.0,4.0,300.0,3.0,W ,Rain
01-01-2014,24.0,29.8,26.1,90.0,0.5,0.0,5.0,270.0,2.0,W ,Sun
02-01-2014,26.0,32.6,28.5,78.0,0.0,8.0,4.0,340.0,2.0,W ,Sun
03-01-2014,26.0,33.0,29.0,81.0,8888.0,5.0,4.0,350.0,1.0,N ,Rain
04-01-2014,26.0,33.0,28.9,76.0,0.0,5.3,6.0,270.0,2.0,W ,Sun
05-01-2014,25.0,32.6,27.9,74.0,25.0,2.5,8.0,240.0,4.0,W ,Rain
06-01-2014,25.0,31.4,27.0,81.0,4.7,5.5,7.0,260.0,2.0,W ,Drizzle
07-01-2014,25.0,32.2,27.7,81.0,13.7,7.8,3.0,290.0,0.0,W ,Rain
08-01-2014,24.0,27.0,24.9,96.0,12.1,0.0,2.0,250.0,0.0,W ,Rain
09-01-2014,24.0,34.4,28.4,72.0,0.0,6.5,6.0,280.0,3.0,W ,Sun
10-01-2014,25.0,34.0,28.4,72.0,11.5,5.0,7.0,280.0,2.0,NW,Rain
11-01-2014,24.0,32.8,28.0,82.0,31.5,6.3,5.0,350.0,2.0,N ,Rain
12-01-2014,23.0,28.8,25.2,94.0,78.7,0.0,5.0,330.0,2.0,N ,Rain
13-01-2014,24.0,28.6,25.8,91.0,17.0,0.0,4.0,270.0,2.0,W ,Rain
14-01-2014,24.0,31.8,27.6,81.0,27.6,7.2,5.0,280.0,3.0,NW,Rain
15-01-2014,23.0,28.4,25.0,88.0,5.5,0.0,7.0,310.0,2.0,W ,Rain
16-01-2014,24.0,28.6,26.8,80.0,117.8,0.0,5.0,310.0,2.0,NW,Rain
17-01-2014,23.0,28.0,25.3,92.0,147.9,0.0,6.0,360.0,3.0,NW,Rain
18-01-2014,23.0,27.2,26.0,86.0,94.6,0.0,5.0,300.0,2.0,NW,Rain
19-01-2014,23.0,28.2,26.9,82.0,12.8,0.0,7.0,320.0,3.0,NW,Rain
20-01-2014,23.0,27.8,26.1,85.0,82.1,0.0,4.0,270.0,3.0,W ,Rain
21-01-2014,23.0,25.6,24.1,96.0,25.0,0.0,4.0,260.0,2.0,W ,Rain
22-01-2014,25.0,28.8,25.9,85.0,84.7,0.0,5.0,350.0,2.0,N ,Rain
23-01-2014,24.0,27.2,25.4,90.0,13.0,0.0,7.0,250.0,3.0,W ,Rain
24-01-2014,23.0,28.8,26.1,84.0,25.5,8.0,4.0,320.0,2.0,NW,Rain
25-01-2014,23.0,30.0,26.2,86.0,11.4,8.0,5.0,340.0,2.0,NW,Rain
26-01-2014,24.0,30.2,26.7,85.0,0.5,5.3,5.0,320.0,3.0,NW,Sun
27-01-2014,25.0,27.8,25.5,88.0,16.2,0.0,4.0,320.0,2.0,NW,Rain
28-01-2014,24.0,28.8,26.4,85.0,50.0,0.0,5.0,330.0,3.0,N ,Rain
29-01-2014,24.0,29.4,25.8,86.0,0.0,0.4,5.0,320.0,3.0,W ,Sun
30-01-2014,26.0,30.2,27.5,82.0,6.7,3.8,4.0,330.0,2.0,W ,Rain
31-01-2014,25.0,28.4,27.0,79.0,9.6,0.7,6.0,330.0,2.0,W ,Rain
01-02-2014,24.0,30.0,26.9,84.0,12.5,4.0,5.0,330.0,3.0,NW,Rain
02-02-2014,23.0,28.0,26.3,83.0,41.4,0.6,4.0,320.0,2.0,NW,Rain
03-02-2014,24.0,28.0,25.4,89.0,95.7,0.0,3.0,330.0,1.0,NW,Rain
04-02-2014,24.0,29.0,26.2,86.0,60.4,0.2,4.0,290.0,1.0,NW,Rain
05-02-2014,24.0,28.2,25.6,94.0,108.2,0.0,3.0,260.0,0.0,NW,Rain
06-02-2014,25.0,30.0,26.7,88.0,2.5,1.0,4.0,350.0,2.0,N ,Drizzle
07-02-2014,25.0,29.4,27.0,83.0,0.0,,3.0,310.0,1.0,NW,Sun
08-02-2014,24.0,29.0,26.5,88.0,17.1,0.0,5.0,300.0,2.0,NW,Rain
09-02-2014,24.0,31.0,26.9,88.0,39.7,1.2,5.0,270.0,2.0,W ,Rain
10-02-2014,24.0,31.0,27.2,84.0,10.1,1.5,3.0,280.0,1.0,W ,Rain
11-02-2014,25.0,32.0,27.6,84.0,0.0,2.0,2.0,350.0,0.0,N ,Sun
12-02-2014,26.0,31.6,28.4,79.0,0.0,,4.0,350.0,1.0,N ,Sun
13-02-2014,23.0,31.3,28.8,78.0,19.8,7.4,3.0,300.0,1.0,N ,Rain
14-02-2014,24.0,31.6,26.9,82.0,6.8,4.0,6.0,280.0,2.0,NW,Rain
15-02-2014,24.0,27.6,25.2,85.0,13.1,0.0,3.0,310.0,0.0,W ,Rain
16-02-2014,25.0,30.8,27.2,83.0,0.0,1.2,3.0,280.0,1.0,W ,Sun
17-02-2014,24.0,32.4,27.7,82.0,24.5,5.6,3.0,330.0,1.0,NW,Rain
18-02-2014,24.0,29.8,26.1,88.0,8888.0,1.3,5.0,310.0,1.0,NW,Rain
19-02-2014,26.0,30.8,27.6,84.0,0.0,1.8,3.0,350.0,1.0,N ,Sun
20-02-2014,24.0,32.8,28.7,80.0,49.0,8.0,3.0,260.0,1.0,W ,Rain
21-02-2014,24.0,29.4,26.0,88.0,21.7,0.3,2.0,350.0,1.0,NW,Rain
22-02-2014,23.0,27.4,24.1,95.0,48.1,0.0,3.0,340.0,1.0,NW,Rain
23-02-2014,24.0,30.4,26.7,84.0,11.6,6.5,3.0,360.0,1.0,N ,Rain
24-02-2014,24.0,30.0,26.4,83.0,51.2,0.6,3.0,360.0,2.0,N ,Rain
25-02-2014,24.0,30.0,26.7,86.0,35.3,2.4,3.0,20.0,1.0,N ,Rain
26-02-2014,23.0,27.0,24.6,96.0,65.9,0.0,3.0,60.0,1.0,NE,Rain
27-02-2014,23.0,28.4,25.2,92.0,9.0,0.0,2.0,90.0,0.0,E ,Rain
28-02-2014,25.0,30.4,26.4,86.0,0.0,,4.0,340.0,2.0,E ,Sun
01-03-2014,24.0,31.0,27.8,82.0,25.8,4.5,4.0,320.0,2.0,NW,Rain
02-03-2014,24.0,31.6,27.6,82.0,0.0,7.7,3.0,300.0,1.0,N ,Sun
03-03-2014,26.0,32.6,28.4,77.0,0.0,8.5,3.0,360.0,1.0,NE,Sun
04-03-2014,26.0,33.0,28.9,76.0,0.6,8.7,4.0,340.0,2.0,N ,Sun
05-03-2014,25.0,31.6,27.7,81.0,8888.0,0.3,4.0,300.0,1.0,NW,Rain
06-03-2014,25.0,32.8,28.4,78.0,3.4,5.5,3.0,340.0,0.0,N ,Drizzle
07-03-2014,25.0,31.8,27.5,80.0,0.0,3.3,3.0,340.0,1.0,NW,Sun
08-03-2014,26.0,30.6,28.2,81.0,8888.0,0.7,3.0,340.0,1.0,NW,Rain
09-03-2014,25.0,31.0,28.1,81.0,7.0,1.2,4.0,320.0,2.0,W ,Rain
10-03-2014,24.0,28.4,26.6,89.0,12.8,0.0,2.0,340.0,0.0,N ,Rain
11-03-2014,24.0,28.4,26.4,89.0,19.7,0.0,4.0,330.0,0.0,NW,Rain
12-03-2014,24.0,29.6,26.0,90.0,9.1,0.0,4.0,270.0,2.0,W ,Rain
13-03-2014,24.0,31.8,27.5,85.0,26.2,0.2,3.0,360.0,0.0,N ,Rain
14-03-2014,24.0,31.0,27.0,86.0,8888.0,4.5,3.0,350.0,1.0,W ,Rain
15-03-2014,26.0,32.0,27.7,83.0,0.0,3.6,5.0,10.0,2.0,N ,Sun
16-03-2014,26.0,32.2,28.6,80.0,0.0,4.5,3.0,270.0,0.0,W ,Sun
17-03-2014,25.0,32.4,28.0,83.0,1.4,2.5,4.0,80.0,1.0,E ,Drizzle
18-03-2014,25.0,32.2,28.0,83.0,0.4,4.0,5.0,180.0,2.0,NW,Sun
19-03-2014,26.0,32.2,28.4,78.0,0.0,5.5,4.0,290.0,2.0,W ,Sun
20-03-2014,25.0,32.7,29.1,78.0,1.9,3.5,3.0,350.0,1.0,N ,Drizzle
21-03-2014,25.0,32.0,27.9,79.0,0.0,2.8,5.0,300.0,3.0,W ,Sun
22-03-2014,25.0,32.2,28.2,80.0,6.7,4.5,3.0,280.0,1.0,W ,Rain
23-03-2014,25.0,29.4,27.3,84.0,15.0,0.7,2.0,270.0,1.0,W ,Rain
24-03-2014,26.0,32.2,28.3,79.0,0.3,5.0,5.0,10.0,2.0,N ,Sun
25-03-2014,24.0,30.2,28.0,82.0,24.3,0.0,4.0,330.0,1.0,NW,Rain
26-03-2014,25.0,29.8,26.8,85.0,8888.0,0.0,2.0,330.0,1.0,NW,Rain
27-03-2014,26.0,30.4,28.4,82.0,0.0,8.0,3.0,340.0,2.0,N ,Sun
28-03-2014,25.0,33.4,28.9,76.0,8.4,7.6,3.0,340.0,2.0,N ,Rain
29-03-2014,25.0,34.2,28.7,77.0,16.8,8.0,4.0,50.0,2.0,N ,Rain
30-03-2014,26.0,33.4,29.2,75.0,0.0,5.4,3.0,90.0,2.0,E ,Sun
31-03-2014,26.0,34.4,29.8,75.0,0.0,,5.0,60.0,2.0,E ,Sun
01-04-2014,26.0,34.2,29.4,78.0,0.0,7.0,3.0,90.0,1.0,W ,Sun
02-04-2014,25.0,34.0,29.6,78.0,8888.0,7.0,3.0,40.0,0.0,N ,Rain
03-04-2014,26.0,34.2,29.6,75.0,0.0,6.7,3.0,40.0,0.0,NE,Sun
04-04-2014,25.0,32.6,27.5,84.0,22.4,3.2,3.0,330.0,1.0,E ,Rain
05-04-2014,24.0,33.6,29.3,75.0,0.0,,3.0,20.0,2.0,N ,Sun
06-04-2014,25.0,32.4,27.9,81.0,0.0,7.0,4.0,340.0,2.0,N ,Sun
07-04-2014,26.0,34.6,28.5,76.0,1.4,3.8,4.0,310.0,2.0,SW,Drizzle
08-04-2014,27.0,35.2,30.0,72.0,0.0,,6.0,270.0,2.0,W ,Sun
09-04-2014,26.0,33.4,28.8,76.0,23.2,4.2,5.0,330.0,2.0,SW,Rain
10-04-2014,26.0,32.1,28.0,75.0,0.0,0.4,4.0,290.0,2.0,W ,Sun
11-04-2014,26.0,32.6,28.6,74.0,0.0,4.7,3.0,360.0,1.0,N ,Sun
12-04-2014,25.0,32.4,28.4,76.0,8888.0,0.4,5.0,280.0,2.0,W ,Rain
13-04-2014,26.0,33.0,28.4,74.0,8888.0,4.0,3.0,220.0,2.0,SW,Rain
14-04-2014,25.0,32.1,27.8,80.0,4.4,3.0,3.0,220.0,2.0,W ,Drizzle
15-04-2014,26.0,32.6,28.7,78.0,0.5,2.0,6.0,270.0,2.0,W ,Sun
16-04-2014,26.0,33.2,28.6,76.0,0.9,2.4,3.0,180.0,2.0,S ,Sun
17-04-2014,26.0,34.0,28.5,76.0,2.0,5.7,4.0,330.0,2.0,N ,Drizzle
18-04-2014,25.0,33.7,28.2,80.0,6.9,7.0,3.0,350.0,1.0,N ,Rain
19-04-2014,23.0,33.4,28.0,80.0,53.5,5.5,9.0,200.0,2.0,W ,Rain
20-04-2014,25.0,32.8,27.8,82.0,1.8,3.4,3.0,360.0,2.0,SW,Drizzle
21-04-2014,26.0,33.4,29.0,73.0,0.0,5.2,6.0,260.0,3.0,W ,Sun
22-04-2014,25.0,34.8,28.4,76.0,45.5,7.2,5.0,130.0,2.0,W ,Rain
23-04-2014,25.0,33.6,28.8,78.0,0.0,7.0,4.0,150.0,2.0,W ,Sun
24-04-2014,25.0,35.0,29.9,69.0,0.0,8.0,4.0,280.0,3.0,W ,Sun
25-04-2014,27.0,35.0,30.4,64.0,0.0,6.5,4.0,260.0,2.0,W ,Sun
26-04-2014,26.0,32.8,29.0,78.0,0.0,4.0,4.0,250.0,3.0,SW,Sun
27-04-2014,25.0,32.8,28.5,77.0,0.0,3.0,5.0,230.0,2.0,NW,Sun
28-04-2014,26.0,33.6,28.8,78.0,3.0,6.3,4.0,360.0,2.0,N ,Drizzle
29-04-2014,26.0,33.8,29.4,76.0,0.0,5.0,4.0,350.0,2.0,N ,Sun
30-04-2014,26.0,33.6,29.6,73.0,0.0,4.6,3.0,330.0,1.0,NW,Sun
01-05-2014,26.0,33.4,29.0,75.0,0.0,2.4,3.0,200.0,0.0,N ,Sun
02-05-2014,26.0,34.0,29.4,74.0,0.0,4.0,3.0,220.0,1.0,S ,Sun
03-05-2014,27.0,33.6,30.0,75.0,0.0,3.2,4.0,90.0,2.0,E ,Sun
04-05-2014,27.0,33.6,29.3,74.0,0.0,5.0,4.0,80.0,1.0,E ,Sun
05-05-2014,0.0,35.2,30.1,75.0,0.0,4.9,5.0,90.0,2.0,NE,Sun
06-05-2014,27.0,34.6,30.2,75.0,2.5,4.7,5.0,90.0,2.0,E ,Drizzle
07-05-2014,26.0,35.0,29.9,79.0,4.4,4.6,4.0,10.0,2.0,N ,Drizzle
08-05-2014,26.0,33.2,29.1,80.0,0.0,3.0,4.0,60.0,0.0,NE,Sun
09-05-2014,27.0,34.4,29.9,74.0,0.0,3.8,4.0,300.0,1.0,NW,Sun
10-05-2014,28.0,32.9,30.0,74.0,0.0,0.1,2.0,340.0,0.0,N ,Sun
11-05-2014,26.0,32.6,29.1,79.0,0.5,0.0,3.0,90.0,1.0,E ,Sun
12-05-2014,26.0,33.4,29.5,78.0,0.0,3.5,4.0,90.0,1.0,E ,Sun
13-05-2014,25.0,33.7,29.9,76.0,12.1,4.2,4.0,10.0,1.0,NE,Rain
14-05-2014,26.0,34.0,29.5,74.0,0.0,4.1,4.0,20.0,2.0,N ,Sun
15-05-2014,25.0,33.0,28.9,77.0,5.6,3.5,3.0,350.0,2.0,N ,Rain
16-05-2014,25.0,34.3,28.9,74.0,4.8,4.5,5.0,60.0,1.0,E ,Drizzle
17-05-2014,25.0,33.2,28.6,77.0,0.0,2.7,4.0,100.0,2.0,NE,Sun
18-05-2014,26.0,33.8,29.0,76.0,0.0,4.3,3.0,50.0,1.0,NE,Sun
19-05-2014,25.0,33.8,29.1,76.0,1.8,4.3,4.0,170.0,2.0,S ,Drizzle
20-05-2014,26.0,33.4,28.9,76.0,0.0,3.5,3.0,100.0,2.0,E ,Sun
21-05-2014,26.0,34.2,29.5,75.0,0.0,4.2,4.0,330.0,2.0,S ,Sun
22-05-2014,26.0,34.6,29.9,72.0,1.4,4.1,4.0,90.0,2.0,E ,Drizzle
23-05-2014,26.0,34.6,28.7,74.0,0.0,4.3,3.0,90.0,2.0,E ,Sun
24-05-2014,26.0,31.8,28.2,79.0,0.0,1.3,3.0,80.0,1.0,E ,Sun
25-05-2014,26.0,34.0,29.2,75.0,0.0,3.5,4.0,170.0,2.0,E ,Sun
26-05-2014,26.0,34.6,29.6,78.0,0.0,3.0,6.0,60.0,2.0,E ,Sun
27-05-2014,26.0,34.0,29.9,75.0,8.5,0.0,5.0,90.0,2.0,E ,Rain
28-05-2014,26.0,32.0,28.8,81.0,0.0,0.2,3.0,90.0,1.0,E ,Sun
29-05-2014,27.0,34.2,29.5,73.0,0.0,4.0,4.0,90.0,2.0,E ,Sun
30-05-2014,26.0,34.6,29.2,74.0,3.7,3.7,5.0,340.0,2.0,N ,Drizzle
31-05-2014,26.0,33.2,29.0,76.0,6.7,1.7,3.0,360.0,2.0,N ,Rain
01-06-2014,25.0,33.6,29.3,74.0,0.0,3.9,3.0,90.0,2.0,E ,Sun
02-06-2014,26.0,34.0,29.5,70.0,0.0,4.0,4.0,80.0,2.0,NE,Sun
03-06-2014,27.0,33.8,29.4,73.0,0.0,4.4,4.0,80.0,1.0,NE,Sun
04-06-2014,27.0,34.2,29.8,72.0,0.0,2.8,3.0,80.0,1.0,E ,Sun
05-06-2014,26.0,30.8,28.1,81.0,5.4,0.0,3.0,300.0,1.0,E ,Rain
06-06-2014,26.0,32.6,29.2,72.0,0.0,1.0,3.0,60.0,0.0,S ,Sun
07-06-2014,26.0,34.2,29.4,75.0,0.0,4.0,4.0,70.0,2.0,E ,Sun
08-06-2014,27.0,34.2,30.0,72.0,0.0,4.0,4.0,90.0,2.0,E ,Sun
09-06-2014,27.0,33.2,29.6,76.0,0.0,,4.0,80.0,2.0,E ,Sun
10-06-2014,26.0,34.4,29.9,77.0,29.5,3.5,3.0,320.0,1.0,S ,Rain
11-06-2014,26.0,32.9,28.7,79.0,4.5,2.9,3.0,40.0,0.0,NE,Drizzle
12-06-2014,25.0,33.6,29.2,81.0,62.0,4.0,4.0,150.0,2.0,N ,Rain
13-06-2014,25.0,31.2,27.1,86.0,4.2,1.0,3.0,340.0,0.0,S ,Drizzle
14-06-2014,26.0,33.2,28.4,80.0,3.2,2.2,5.0,100.0,2.0,E ,Drizzle
15-06-2014,25.0,28.0,25.9,92.0,25.4,0.0,3.0,350.0,1.0,S ,Rain
16-06-2014,25.0,32.6,28.1,80.0,3.4,2.1,2.0,60.0,1.0,E ,Drizzle
17-06-2014,25.0,31.6,27.8,84.0,0.0,1.5,3.0,350.0,2.0,N ,Sun
18-06-2014,26.0,33.8,29.6,76.0,0.0,3.3,5.0,350.0,2.0,E ,Sun
19-06-2014,26.0,31.0,28.0,74.0,0.0,,3.0,90.0,1.0,E ,Sun
20-06-2014,26.0,34.0,28.9,77.0,0.0,3.7,4.0,70.0,2.0,E ,Sun
21-06-2014,25.0,33.4,28.7,78.0,10.8,3.0,3.0,350.0,1.0,N ,Rain
22-06-2014,26.0,34.0,28.9,76.0,0.0,3.3,2.0,340.0,0.0,N ,Sun
23-06-2014,27.0,33.0,29.2,74.0,0.0,1.0,4.0,340.0,2.0,E ,Sun
24-06-2014,27.0,32.3,29.1,74.0,0.0,0.2,3.0,70.0,1.0,E ,Sun
25-06-2014,25.0,34.1,28.4,80.0,17.9,3.8,3.0,60.0,2.0,E ,Rain
26-06-2014,24.0,28.0,26.4,85.0,0.5,0.0,2.0,40.0,1.0,NE,Sun
27-06-2014,25.0,30.6,27.8,82.0,0.0,0.5,3.0,220.0,1.0,SW,Sun
28-06-2014,25.0,31.0,27.8,78.0,0.0,,4.0,270.0,2.0,W ,Sun
29-06-2014,26.0,32.3,28.3,78.0,0.0,2.5,3.0,90.0,2.0,N ,Sun
30-06-2014,25.0,33.2,28.9,76.0,0.0,3.5,3.0,20.0,2.0,N ,Sun
01-07-2014,26.0,32.6,28.8,70.0,0.0,4.2,3.0,100.0,2.0,E ,Sun
02-07-2014,25.0,33.5,28.9,72.0,0.0,2.6,3.0,100.0,0.0,S ,Sun
03-07-2014,25.0,33.4,28.8,71.0,0.0,3.0,4.0,320.0,1.0,N ,Sun
04-07-2014,26.0,33.2,28.9,74.0,0.0,2.8,4.0,90.0,2.0,E ,Sun
05-07-2014,26.0,32.8,29.6,74.0,8888.0,1.0,4.0,100.0,2.0,E ,Rain
06-07-2014,24.0,29.4,27.3,85.0,38.4,0.0,3.0,210.0,1.0,E ,Rain
07-07-2014,25.0,32.0,26.5,86.0,10.0,1.2,3.0,330.0,1.0,N ,Rain
08-07-2014,25.0,32.2,28.3,78.0,0.0,2.0,3.0,320.0,1.0,NW,Sun
09-07-2014,25.0,33.2,28.2,74.0,0.0,4.1,4.0,60.0,2.0,E ,Sun
10-07-2014,25.0,33.8,29.0,73.0,0.0,3.0,5.0,90.0,3.0,E ,Sun
11-07-2014,26.0,32.0,28.8,75.0,0.0,2.3,3.0,20.0,2.0,E ,Sun
12-07-2014,25.0,32.2,26.8,85.0,46.0,1.8,3.0,110.0,1.0,E ,Rain
13-07-2014,23.0,27.0,25.8,86.0,1.6,0.0,5.0,250.0,3.0,W ,Drizzle
14-07-2014,24.0,34.2,28.2,65.0,0.0,4.2,4.0,290.0,2.0,W ,Sun
15-07-2014,24.0,33.0,28.6,71.0,26.2,4.0,7.0,250.0,2.0,N ,Rain
16-07-2014,25.0,31.8,26.9,86.0,17.1,2.3,3.0,300.0,0.0,NW,Rain
17-07-2014,24.0,32.0,26.8,84.0,15.3,4.0,8.0,280.0,1.0,N ,Rain
18-07-2014,25.0,32.0,27.6,79.0,0.0,3.0,3.0,360.0,2.0,N ,Sun
19-07-2014,26.0,32.2,28.6,74.0,0.0,2.3,3.0,100.0,1.0,E ,Sun
20-07-2014,24.0,32.6,29.1,74.0,31.8,4.1,4.0,70.0,2.0,E ,Rain
21-07-2014,25.0,31.6,27.6,82.0,0.5,0.2,3.0,210.0,1.0,N ,Sun
22-07-2014,25.0,33.0,28.8,76.0,4.2,3.5,4.0,360.0,2.0,S ,Drizzle
23-07-2014,25.0,32.2,27.7,79.0,8888.0,1.4,3.0,140.0,1.0,N ,Rain
24-07-2014,25.0,32.2,27.9,74.0,0.0,3.2,4.0,350.0,1.0,N ,Sun
25-07-2014,25.0,31.0,27.2,81.0,8.6,0.6,3.0,70.0,1.0,N ,Rain
26-07-2014,24.0,32.0,27.7,82.0,14.4,2.3,5.0,80.0,2.0,E ,Rain
27-07-2014,25.0,31.6,27.9,82.0,0.0,1.7,2.0,100.0,0.0,E ,Sun
28-07-2014,25.0,31.8,28.4,74.0,8888.0,1.8,3.0,180.0,2.0,S ,Rain
29-07-2014,25.0,32.8,28.1,74.0,0.0,1.0,5.0,30.0,2.0,E ,Sun
30-07-2014,25.0,33.6,28.8,70.0,0.0,4.4,4.0,80.0,3.0,S ,Sun
31-07-2014,26.0,32.6,26.9,73.0,0.0,0.2,3.0,70.0,2.0,E ,Sun
01-08-2014,26.0,33.2,28.9,70.0,0.0,4.8,3.0,360.0,1.0,N ,Sun
02-08-2014,26.0,33.1,28.5,68.0,0.0,4.7,3.0,40.0,0.0,N ,Sun
03-08-2014,26.0,32.6,28.8,74.0,8888.0,3.8,5.0,50.0,2.0,E ,Rain
04-08-2014,25.0,33.2,28.5,74.0,0.0,4.4,5.0,90.0,2.0,E ,Sun
05-08-2014,26.0,33.4,28.8,69.0,0.0,3.2,6.0,70.0,2.0,E ,Sun
06-08-2014,25.0,33.2,29.1,68.0,0.0,5.8,9.0,80.0,3.0,E ,Sun
07-08-2014,26.0,33.8,28.9,67.0,0.0,5.8,5.0,20.0,2.0,E ,Sun
08-08-2014,25.0,33.2,28.7,73.0,0.0,4.5,4.0,90.0,1.0,E ,Sun
09-08-2014,26.0,33.8,28.7,72.0,0.0,5.6,4.0,90.0,2.0,E ,Sun
10-08-2014,26.0,34.0,28.8,70.0,0.0,5.0,4.0,80.0,2.0,E ,Sun
11-08-2014,24.0,31.6,27.5,79.0,36.9,1.5,3.0,60.0,2.0,E ,Rain
12-08-2014,25.0,33.6,27.7,77.0,0.0,5.5,4.0,340.0,1.0,E ,Sun
13-08-2014,25.0,33.4,28.7,70.0,0.0,5.5,5.0,70.0,2.0,E ,Sun
14-08-2014,25.0,33.4,29.1,70.0,0.0,6.4,4.0,80.0,2.0,E ,Sun
15-08-2014,25.0,33.6,28.7,70.0,1.0,5.6,3.0,90.0,2.0,E ,Drizzle
16-08-2014,25.0,33.2,28.3,70.0,0.0,1.0,3.0,360.0,2.0,E ,Sun
17-08-2014,25.0,32.6,28.0,68.0,0.0,6.3,3.0,360.0,2.0,N ,Sun
18-08-2014,25.0,33.4,29.0,65.0,0.0,6.5,4.0,90.0,2.0,E ,Sun
19-08-2014,25.0,33.8,28.4,70.0,0.0,8.0,4.0,70.0,2.0,E ,Sun
20-08-2014,26.0,32.6,28.6,71.0,0.0,7.4,4.0,350.0,2.0,N ,Sun
21-08-2014,26.0,33.8,29.1,70.0,0.0,8.0,4.0,160.0,2.0,E ,Sun
22-08-2014,25.0,33.6,28.8,74.0,0.0,8.0,5.0,90.0,2.0,E ,Sun
23-08-2014,25.0,34.6,29.0,70.0,0.0,6.5,3.0,90.0,2.0,E ,Sun
24-08-2014,26.0,33.4,29.5,53.0,0.0,,4.0,180.0,2.0,E ,Sun
25-08-2014,25.0,33.8,29.6,70.0,0.0,8.0,4.0,80.0,2.0,E ,Sun
26-08-2014,26.0,33.2,28.7,70.0,0.0,7.6,4.0,350.0,2.0,N ,Sun
27-08-2014,26.0,34.0,29.2,68.0,0.0,,4.0,70.0,2.0,E ,Sun
28-08-2014,25.0,34.0,28.5,73.0,0.0,,3.0,20.0,2.0,NE,Sun
29-08-2014,26.0,33.0,28.7,76.0,0.2,3.6,3.0,350.0,1.0,N ,Sun
30-08-2014,26.0,34.0,28.9,71.0,0.0,,4.0,290.0,2.0,NE,Sun
31-08-2014,26.0,33.6,29.2,73.0,0.0,,6.0,90.0,3.0,E ,Sun
01-09-2014,26.0,34.0,29.3,70.0,0.0,8.0,4.0,80.0,2.0,E ,Sun
02-09-2014,26.0,34.6,29.1,72.0,0.0,8.0,4.0,40.0,1.0,E ,Sun
03-09-2014,27.0,33.9,29.4,72.0,0.0,8.0,3.0,80.0,0.0,SE,Sun
04-09-2014,26.0,33.4,29.2,75.0,0.0,6.0,3.0,360.0,1.0,N ,Sun
05-09-2014,25.0,33.0,29.0,74.0,0.0,7.2,3.0,350.0,2.0,N ,Sun
06-09-2014,24.0,32.4,27.7,70.0,0.0,1.4,3.0,270.0,0.0,W ,Sun
07-09-2014,26.0,33.2,28.6,75.0,0.0,5.1,4.0,30.0,2.0,E ,Sun
08-09-2014,26.0,33.0,28.8,66.0,0.0,5.5,4.0,40.0,2.0,N ,Sun
09-09-2014,25.0,35.0,29.7,63.0,0.0,8.0,4.0,350.0,2.0,N ,Sun
10-09-2014,26.0,33.6,28.5,70.0,0.0,7.9,3.0,90.0,2.0,E ,Sun
11-09-2014,25.0,35.2,29.1,62.0,0.0,8.0,5.0,110.0,2.0,E ,Sun
12-09-2014,26.0,35.1,29.6,59.0,0.0,8.0,5.0,90.0,2.0,E ,Sun
13-09-2014,26.0,35.6,29.7,59.0,0.0,8.0,3.0,100.0,1.0,E ,Sun
14-09-2014,25.0,35.2,29.8,59.0,0.0,8.0,3.0,70.0,2.0,E ,Sun
15-09-2014,24.0,33.8,29.0,61.0,0.0,5.0,5.0,350.0,2.0,N ,Sun
16-09-2014,25.0,35.0,29.0,60.0,0.0,8.0,4.0,80.0,2.0,E ,Sun
17-09-2014,25.0,35.4,29.2,58.0,0.0,8.0,4.0,90.0,3.0,E ,Sun
18-09-2014,26.0,35.4,30.3,61.0,0.0,8.0,5.0,90.0,2.0,E ,Sun
19-09-2014,27.0,35.0,29.9,67.0,0.0,8.0,4.0,90.0,3.0,E ,Sun
20-09-2014,24.0,35.3,29.3,68.0,0.1,7.5,6.0,120.0,2.0,E ,Sun
21-09-2014,25.0,33.8,28.3,75.0,0.0,5.3,3.0,90.0,2.0,N ,Sun
22-09-2014,25.0,35.4,29.1,63.0,0.0,8.4,5.0,30.0,3.0,E ,Sun
23-09-2014,26.0,35.8,29.7,55.0,0.0,8.0,6.0,70.0,2.0,S ,Sun
24-09-2014,25.0,37.0,30.4,52.0,0.0,8.0,7.0,70.0,2.0,E ,Sun
25-09-2014,25.0,34.4,28.9,64.0,0.0,8.0,3.0,30.0,1.0,N ,Sun
26-09-2014,24.0,33.6,29.5,68.0,0.0,8.0,3.0,360.0,2.0,N ,Sun
27-09-2014,25.0,34.0,29.2,66.0,0.0,8.0,4.0,350.0,1.0,N ,Sun
28-09-2014,26.0,34.6,29.0,64.0,0.0,7.5,3.0,60.0,2.0,N ,Sun
29-09-2014,26.0,35.2,29.8,64.0,0.0,7.6,3.0,70.0,2.0,E ,Sun
30-09-2014,26.0,34.4,29.2,69.0,0.0,8.0,4.0,100.0,2.0,N ,Sun
01-10-2014,27.0,34.8,29.8,70.0,0.0,7.4,4.0,40.0,2.0,NE,Sun
02-10-2014,27.0,34.6,30.1,69.0,0.0,8.0,3.0,90.0,1.0,E ,Sun
03-10-2014,26.0,32.8,29.7,62.0,0.0,8.0,3.0,30.0,1.0,E ,Sun
04-10-2014,26.0,35.6,30.1,59.0,0.0,8.0,3.0,50.0,1.0,NE,Sun
05-10-2014,26.0,36.0,29.6,68.0,0.0,8.0,3.0,270.0,1.0,N ,Sun
06-10-2014,26.0,34.0,29.4,65.0,0.0,3.3,3.0,70.0,1.0,N ,Sun
07-10-2014,25.0,34.4,29.5,69.0,0.0,4.0,4.0,90.0,2.0,E ,Sun
08-10-2014,26.0,35.2,30.0,65.0,0.0,5.0,3.0,320.0,1.0,N ,Sun
09-10-2014,27.0,36.4,30.5,56.0,0.0,8.0,5.0,360.0,2.0,E ,Sun
10-10-2014,25.0,36.8,30.3,56.0,0.0,8.0,4.0,70.0,2.0,E ,Sun
11-10-2014,26.0,36.0,29.9,64.0,0.0,6.2,3.0,350.0,1.0,N ,Sun
12-10-2014,27.0,34.8,28.8,72.0,0.0,6.2,4.0,340.0,2.0,N ,Sun
13-10-2014,25.0,34.2,29.9,70.0,10.7,7.2,3.0,100.0,1.0,N ,Rain
14-10-2014,26.0,34.4,29.0,75.0,0.0,4.5,3.0,70.0,2.0,E ,Sun
15-10-2014,27.0,34.2,29.6,71.0,0.0,6.5,5.0,340.0,2.0,N ,Sun
16-10-2014,27.0,34.4,30.0,74.0,0.0,7.2,3.0,350.0,1.0,N ,Sun
17-10-2014,26.0,34.4,29.8,76.0,0.0,7.4,3.0,70.0,1.0,E ,Sun
18-10-2014,27.0,35.8,30.2,64.0,0.0,5.5,4.0,20.0,2.0,E ,Sun
19-10-2014,27.0,36.6,30.8,58.0,0.0,8.0,5.0,70.0,2.0,E ,Sun
20-10-2014,27.0,36.6,30.4,66.0,0.0,8.0,3.0,340.0,2.0,N ,Sun
21-10-2014,26.0,36.0,30.8,62.0,0.0,7.0,4.0,70.0,2.0,E ,Sun
22-10-2014,27.0,35.3,30.1,69.0,0.0,7.7,4.0,350.0,2.0,N ,Sun
23-10-2014,25.0,34.4,29.6,69.0,37.5,3.0,4.0,360.0,2.0,N ,Rain
24-10-2014,26.0,35.0,29.1,72.0,0.0,6.7,4.0,360.0,2.0,N ,Sun
25-10-2014,26.0,36.6,30.3,64.0,0.0,8.0,4.0,360.0,2.0,N ,Sun
26-10-2014,26.0,35.2,30.2,71.0,0.0,8.0,3.0,350.0,2.0,N ,Sun
27-10-2014,27.0,34.4,29.6,74.0,0.0,7.3,4.0,360.0,2.0,N ,Sun
28-10-2014,27.0,34.2,30.0,70.0,0.0,5.0,4.0,360.0,2.0,N ,Sun
29-10-2014,27.0,34.3,29.4,72.0,2.1,3.0,3.0,340.0,1.0,N ,Drizzle
30-10-2014,27.0,31.6,29.0,72.0,0.5,0.2,4.0,20.0,2.0,N ,Sun
31-10-2014,27.0,35.2,30.2,71.0,0.0,1.0,4.0,360.0,2.0,N ,Sun
01-11-2014,27.0,35.0,30.0,68.0,0.0,8.0,3.0,360.0,2.0,N ,Sun
02-11-2014,26.0,34.8,30.4,72.0,0.0,8.0,4.0,360.0,1.0,N ,Sun
03-11-2014,27.0,36.0,30.6,67.0,0.0,8.0,4.0,350.0,0.0,N ,Sun
04-11-2014,27.0,35.4,30.8,65.0,0.0,8.0,5.0,360.0,1.0,N ,Sun
05-11-2014,27.0,35.2,30.2,69.0,0.0,6.8,3.0,90.0,2.0,E ,Sun
06-11-2014,26.0,35.0,29.9,72.0,6.5,3.5,5.0,10.0,0.0,N ,Rain
07-11-2014,26.0,34.0,28.9,76.0,0.0,1.0,5.0,210.0,2.0,N ,Sun
08-11-2014,26.0,35.0,28.5,74.0,8.2,5.4,4.0,250.0,2.0,N ,Rain
09-11-2014,26.0,34.6,29.9,73.0,0.0,7.3,3.0,10.0,2.0,N ,Sun
10-11-2014,25.0,32.4,28.4,74.0,4.8,1.8,4.0,150.0,2.0,N ,Drizzle
11-11-2014,25.0,31.2,27.1,82.0,0.0,1.0,5.0,270.0,2.0,N ,Sun
12-11-2014,26.0,35.4,34.3,72.0,0.0,7.0,4.0,100.0,2.0,N ,Sun
13-11-2014,25.0,32.5,28.6,74.0,0.8,1.0,4.0,350.0,1.0,N ,Sun
14-11-2014,26.0,33.0,28.7,72.0,0.0,2.3,3.0,40.0,2.0,N ,Sun
15-11-2014,26.0,34.0,29.4,72.0,0.7,6.5,4.0,360.0,2.0,N ,Sun
16-11-2014,26.0,34.0,29.2,74.0,0.0,6.0,4.0,360.0,2.0,N ,Sun
17-11-2014,26.0,34.2,29.5,72.0,0.0,2.6,4.0,360.0,3.0,N ,Sun
18-11-2014,27.0,31.8,28.7,74.0,0.7,1.5,3.0,340.0,2.0,N ,Sun
19-11-2014,26.0,33.4,29.1,72.0,8888.0,4.5,4.0,340.0,3.0,NW,Rain
20-11-2014,27.0,33.8,29.5,72.0,0.0,6.0,4.0,330.0,2.0,SE,Sun
21-11-2014,27.0,33.0,29.8,73.0,0.0,5.3,4.0,10.0,2.0,N ,Sun
22-11-2014,27.0,33.8,30.1,70.0,0.0,5.3,3.0,80.0,3.0,E ,Sun
23-11-2014,0.0,34.0,30.4,71.0,0.0,5.5,4.0,360.0,2.0,N ,Sun
24-11-2014,24.0,32.6,28.2,78.0,41.0,1.4,3.0,320.0,2.0,N ,Rain
25-11-2014,25.0,31.6,27.6,80.0,0.0,3.0,3.0,340.0,1.0,N ,Sun
26-11-2014,26.0,32.4,28.8,74.0,0.0,4.3,2.0,330.0,2.0,NW,Sun
27-11-2014,26.0,32.6,28.8,74.0,0.3,5.4,3.0,320.0,1.0,NW,Sun
28-11-2014,26.0,33.2,28.8,75.0,1.5,4.0,3.0,90.0,2.0,NW,Drizzle
29-11-2014,26.0,32.6,28.5,73.0,0.6,4.2,4.0,320.0,2.0,W ,Sun
30-11-2014,26.0,32.4,28.6,73.0,0.0,0.8,3.0,270.0,2.0,W ,Sun
01-12-2014,26.0,34.2,30.5,59.0,0.0,1.7,3.0,250.0,2.0,W ,Sun
02-12-2014,27.0,33.0,28.8,66.0,0.0,,3.0,250.0,2.0,W ,Sun
03-12-2014,26.0,31.8,27.9,70.0,0.0,2.0,4.0,230.0,2.0,S ,Sun
04-12-2014,26.0,32.2,28.4,73.0,0.2,1.7,4.0,250.0,2.0,W ,Sun
05-12-2014,25.0,32.0,27.7,77.0,32.5,0.2,3.0,10.0,1.0,N ,Rain
06-12-2014,25.0,32.6,27.0,84.0,6.5,2.4,3.0,300.0,2.0,W ,Rain
07-12-2014,25.0,29.0,26.3,86.0,15.3,0.3,3.0,260.0,2.0,W ,Rain
08-12-2014,25.0,32.6,27.9,78.0,5.0,4.0,4.0,250.0,2.0,W ,Drizzle
09-12-2014,25.0,31.8,27.6,77.0,0.0,2.7,3.0,280.0,2.0,W ,Sun
10-12-2014,25.0,32.0,28.4,72.0,0.0,7.0,3.0,300.0,2.0,W ,Sun
11-12-2014,27.0,31.0,28.7,76.0,0.0,5.0,3.0,290.0,2.0,W ,Sun
12-12-2014,26.0,32.4,28.5,78.0,11.1,1.0,4.0,320.0,2.0,NW,Rain
13-12-2014,25.0,29.8,27.4,81.0,8888.0,0.0,4.0,310.0,1.0,N ,Rain
14-12-2014,27.0,31.2,28.1,78.0,0.0,4.3,3.0,300.0,2.0,W ,Sun
15-12-2014,26.0,31.0,28.8,76.0,0.0,5.8,3.0,330.0,2.0,N ,Sun
16-12-2014,26.0,31.0,28.6,77.0,4.1,3.5,4.0,320.0,2.0,NW,Drizzle
17-12-2014,27.0,34.8,29.8,69.0,0.0,6.3,4.0,340.0,2.0,W ,Sun
18-12-2014,27.0,31.0,28.9,76.0,0.0,3.2,4.0,350.0,1.0,W ,Sun
19-12-2014,25.0,31.8,28.2,83.0,49.0,2.5,3.0,310.0,2.0,NW,Rain
20-12-2014,26.0,32.0,28.0,81.0,3.0,4.0,4.0,320.0,2.0,W ,Drizzle
21-12-2014,25.0,31.8,28.2,81.0,18.2,6.3,3.0,10.0,1.0,NW,Rain
22-12-2014,26.0,30.8,27.8,82.0,0.0,4.2,3.0,340.0,2.0,NW,Sun
23-12-2014,26.0,33.2,29.2,74.0,8888.0,4.0,4.0,300.0,2.0,W ,Rain
24-12-2014,26.0,32.4,28.5,78.0,0.0,6.3,3.0,320.0,1.0,W ,Sun
25-12-2014,26.0,32.6,28.8,74.0,0.0,6.8,4.0,320.0,2.0,NW,Sun
26-12-2014,25.0,32.0,28.1,79.0,21.1,1.2,3.0,190.0,1.0,S ,Rain
27-12-2014,24.0,27.2,26.3,90.0,44.5,0.0,3.0,270.0,2.0,W ,Rain
28-12-2014,25.0,30.0,27.8,73.0,8888.0,0.0,4.0,270.0,2.0,W ,Rain
29-12-2014,26.0,33.6,29.1,69.0,0.0,4.4,4.0,250.0,2.0,W ,Sun
30-12-2014,25.0,32.6,29.3,65.0,0.0,1.3,5.0,270.0,3.0,W ,Sun
31-12-2014,24.0,29.4,24.3,83.0,25.1,0.0,4.0,270.0,3.0,W ,Rain
01-01-2015,24.0,29.4,26.1,83.0,25.1,0.0,3.0,270.0,2.0,W ,Rain
02-01-2015,25.0,29.8,26.4,85.0,6.9,0.0,4.0,290.0,2.0,W ,Rain
03-01-2015,24.0,29.8,26.0,87.0,31.6,0.3,5.0,330.0,2.0,W ,Rain
04-01-2015,24.0,,25.4,87.0,15.7,2.8,4.0,260.0,2.0,W ,Rain
05-01-2015,,31.8,27.8,75.0,2.8,1.0,4.0,280.0,3.0,W ,Drizzle
06-01-2015,25.0,32.0,28.0,76.0,0.0,4.3,4.0,280.0,2.0,W ,Sun
07-01-2015,,31.2,28.4,74.0,0.0,3.7,4.0,360.0,2.0,N ,Sun
08-01-2015,25.0,32.0,28.4,74.0,0.0,4.1,5.0,270.0,3.0,W ,Sun
09-01-2015,26.0,33.4,29.1,73.0,0.0,3.5,5.0,160.0,3.0,W ,Sun
10-01-2015,26.0,33.2,29.0,69.0,0.0,7.0,4.0,310.0,2.0,W ,Sun
11-01-2015,,31.6,28.5,75.0,0.0,3.6,4.0,280.0,2.0,W ,Sun
12-01-2015,26.0,29.4,26.4,84.0,0.7,7.7,3.0,260.0,1.0,N ,Sun
13-01-2015,24.0,,25.6,89.0,51.3,0.0,4.0,240.0,2.0,W ,Rain
14-01-2015,25.0,30.0,27.0,83.0,11.4,0.7,5.0,290.0,1.0,N ,Rain
15-01-2015,25.0,31.8,27.5,79.0,3.8,2.8,3.0,260.0,1.0,N ,Drizzle
16-01-2015,25.0,30.2,27.8,79.0,8888.0,5.0,4.0,310.0,2.0,N ,Rain
17-01-2015,25.0,29.4,27.4,82.0,18.3,5.8,4.0,320.0,2.0,W ,Rain
18-01-2015,25.0,30.0,27.6,80.0,4.6,1.3,4.0,320.0,1.0,N ,Drizzle
19-01-2015,26.0,28.0,25.5,88.0,2.9,1.6,2.0,280.0,1.0,N ,Drizzle
20-01-2015,24.0,30.2,25.0,91.0,25.6,0.0,4.0,160.0,1.0,N ,Rain
21-01-2015,23.0,29.4,26.5,82.0,35.7,3.5,7.0,350.0,2.0,N ,Rain
22-01-2015,,27.7,25.8,93.0,17.3,3.2,3.0,300.0,1.0,N ,Rain
23-01-2015,23.0,27.4,24.8,94.0,134.3,0.0,2.0,340.0,0.0,N ,Rain
24-01-2015,,29.8,27.0,81.0,8.8,1.0,3.0,340.0,1.0,N ,Rain
25-01-2015,,30.2,26.5,87.0,3.0,4.0,4.0,320.0,1.0,N ,Drizzle
26-01-2015,25.0,28.6,26.5,86.0,40.8,5.0,3.0,320.0,0.0,N ,Rain
27-01-2015,24.0,29.4,26.4,87.0,32.0,0.0,3.0,320.0,1.0,N ,Rain
28-01-2015,,,,,8888.0,2.8,2.0,260.0,1.0,N ,Rain
29-01-2015,25.0,30.6,,,8888.0,7.2,3.0,330.0,1.0,N ,Rain
30-01-2015,26.0,31.6,28.0,77.0,0.0,3.3,4.0,320.0,2.0,N ,Sun
31-01-2015,,30.4,27.9,81.0,0.0,5.4,3.0,300.0,1.0,N ,Sun
01-02-2015,24.0,26.4,24.4,95.0,19.4,3.0,4.0,270.0,1.0,N ,Rain
02-02-2015,23.0,29.4,26.7,84.0,95.8,,3.0,320.0,1.0,N ,Rain
03-02-2015,24.0,29.2,27.4,81.0,1.6,2.3,3.0,310.0,1.0,N ,Drizzle
04-02-2015,25.0,29.4,26.9,83.0,1.0,0.5,3.0,320.0,1.0,N ,Drizzle
05-02-2015,26.0,30.2,27.0,83.0,0.6,1.8,4.0,310.0,2.0,NW,Sun
06-02-2015,25.0,29.4,27.1,79.0,1.8,4.0,4.0,320.0,1.0,N ,Drizzle
07-02-2015,25.0,29.6,27.3,79.0,0.8,5.0,4.0,300.0,1.0,N ,Sun
08-02-2015,24.0,28.4,26.2,85.0,11.6,5.0,4.0,290.0,2.0,N ,Rain
09-02-2015,23.0,24.8,24.2,96.0,177.0,1.8,4.0,320.0,1.0,N ,Rain
10-02-2015,24.0,28.4,25.4,89.0,277.5,0.0,3.0,300.0,1.0,N ,Rain
11-02-2015,23.0,27.6,25.1,90.0,31.4,,3.0,250.0,1.0,N ,Rain
12-02-2015,23.0,28.4,26.0,88.0,14.7,0.4,5.0,310.0,2.0,N ,Rain
13-02-2015,24.0,27.8,25.3,91.0,12.0,,4.0,300.0,1.0,N ,Rain
14-02-2015,25.0,29.2,26.6,86.0,30.8,1.2,4.0,310.0,1.0,N ,Rain
15-02-2015,25.0,28.4,26.2,91.0,8888.0,6.5,2.0,360.0,0.0,N ,Rain
16-02-2015,,30.2,27.6,85.0,58.8,2.0,3.0,320.0,1.0,N ,Rain
17-02-2015,26.0,28.2,26.5,88.0,0.5,,3.0,240.0,1.0,N ,Sun
18-02-2015,25.0,29.8,27.1,84.0,55.6,0.4,4.0,310.0,2.0,NW,Rain
19-02-2015,,28.0,25.1,94.0,85.6,3.5,0.0,0.0,0.0,N ,Rain
20-02-2015,24.0,29.6,26.6,83.0,10.5,0.0,4.0,240.0,1.0,N ,Rain
21-02-2015,25.0,,27.5,83.0,0.0,1.2,4.0,320.0,2.0,N ,Sun
22-02-2015,25.0,31.8,27.7,71.0,0.0,6.0,5.0,300.0,1.0,N ,Sun
23-02-2015,25.0,30.4,27.1,80.0,0.0,9.0,4.0,310.0,1.0,N ,Sun
24-02-2015,25.0,31.2,28.1,76.0,1.9,3.2,4.0,320.0,1.0,N ,Drizzle
25-02-2015,26.0,31.0,28.7,77.0,0.0,5.8,4.0,300.0,2.0,N ,Sun
26-02-2015,26.0,32.0,29.0,76.0,0.0,4.4,4.0,320.0,1.0,N ,Sun
27-02-2015,26.0,30.8,27.5,83.0,44.1,3.0,4.0,300.0,1.0,N ,Rain
28-02-2015,26.0,30.4,27.9,80.0,6.5,4.6,5.0,310.0,1.0,N ,Rain
01-03-2015,26.0,29.8,27.2,84.0,0.0,4.0,4.0,300.0,1.0,N ,Sun
02-03-2015,26.0,30.0,27.4,78.0,0.6,0.3,3.0,240.0,1.0,N ,Sun
03-03-2015,,31.2,27.3,82.0,16.6,1.2,3.0,300.0,1.0,N ,Rain
04-03-2015,,31.2,27.3,78.0,,1.9,4.0,250.0,2.0,W ,Sun
05-03-2015,25.0,30.8,28.0,75.0,8888.0,3.4,4.0,300.0,1.0,N ,Rain
06-03-2015,25.0,30.5,27.6,76.0,0.0,5.0,4.0,320.0,2.0,N ,Sun
07-03-2015,25.0,32.0,27.6,76.0,,2.6,4.0,260.0,1.0,N ,Sun
08-03-2015,26.0,28.8,26.9,81.0,11.0,2.0,3.0,260.0,1.0,N ,Rain
09-03-2015,25.0,31.4,28.0,77.0,3.0,0.4,4.0,290.0,2.0,N ,Drizzle
10-03-2015,26.0,31.0,27.0,82.0,11.9,6.2,4.0,320.0,1.0,N ,Rain
11-03-2015,25.0,29.6,26.4,85.0,2.5,4.3,4.0,350.0,1.0,N ,Drizzle
12-03-2015,25.0,30.0,27.0,83.0,3.9,3.0,4.0,310.0,1.0,N ,Drizzle
13-03-2015,25.0,30.0,,,1.1,3.7,4.0,290.0,1.0,N ,Drizzle
14-03-2015,26.0,29.2,27.2,85.0,8888.0,1.3,4.0,330.0,1.0,N ,Rain
15-03-2015,25.0,30.0,27.0,85.0,0.0,0.0,4.0,360.0,1.0,N ,Sun
16-03-2015,,30.6,,,55.3,3.4,4.0,280.0,1.0,N ,Rain
17-03-2015,26.0,32.8,,,0.8,6.3,4.0,250.0,2.0,N ,Sun
18-03-2015,26.0,32.6,28.6,76.0,3.5,5.0,3.0,340.0,1.0,N ,Drizzle
19-03-2015,26.0,31.6,29.0,78.0,0.0,9.0,4.0,300.0,1.0,N ,Sun
20-03-2015,25.0,32.0,28.0,78.0,35.8,2.0,5.0,310.0,1.0,N ,Rain
21-03-2015,,31.0,27.5,84.0,25.1,6.5,3.0,320.0,1.0,N ,Rain
22-03-2015,25.0,31.8,28.6,77.0,0.0,2.6,5.0,100.0,1.0,N ,Sun
23-03-2015,25.0,31.6,27.9,77.0,6.0,7.2,3.0,310.0,1.0,N ,Rain
24-03-2015,25.0,32.2,28.6,78.0,0.0,8.0,3.0,160.0,1.0,N ,Sun
25-03-2015,26.0,30.4,26.5,84.0,0.0,5.1,4.0,300.0,1.0,N ,Sun
26-03-2015,25.0,30.0,26.9,83.0,14.0,2.2,4.0,320.0,0.0,N ,Rain
27-03-2015,25.0,31.6,,,13.2,3.2,4.0,310.0,1.0,N ,Rain
28-03-2015,26.0,32.2,28.6,78.0,0.0,8.0,3.0,10.0,1.0,N ,Sun
29-03-2015,26.0,,29.2,72.0,0.0,6.5,4.0,330.0,1.0,N ,Sun
30-03-2015,,32.2,29.2,75.0,2.8,5.4,2.0,330.0,1.0,N ,Drizzle
31-03-2015,27.0,32.6,29.3,76.0,8888.0,7.8,3.0,310.0,1.0,N ,Rain
01-04-2015,27.0,32.0,29.5,76.0,0.0,8.0,4.0,350.0,1.0,N ,Sun
02-04-2015,,31.2,27.7,82.0,0.1,5.0,3.0,300.0,1.0,N ,Sun
03-04-2015,25.0,29.2,27.5,84.0,3.8,1.0,2.0,250.0,0.0,N ,Drizzle
04-04-2015,,31.6,27.5,84.0,0.0,0.4,4.0,310.0,1.0,N ,Sun
05-04-2015,26.0,32.6,28.9,78.0,3.4,2.0,3.0,90.0,1.0,N ,Drizzle
06-04-2015,26.0,33.2,29.3,78.0,0.3,7.2,3.0,320.0,1.0,N ,Sun
07-04-2015,27.0,31.0,28.7,80.0,4.5,,4.0,330.0,1.0,N ,Drizzle
08-04-2015,25.0,31.6,28.0,82.0,7.5,1.4,4.0,30.0,1.0,N ,Rain
09-04-2015,26.0,31.0,28.2,82.0,7.4,5.0,4.0,320.0,1.0,N ,Rain
10-04-2015,26.0,32.2,28.6,76.0,2.2,4.8,3.0,300.0,1.0,NW,Drizzle
11-04-2015,25.0,32.6,29.0,80.0,5.0,,3.0,240.0,1.0,N ,Drizzle
12-04-2015,25.0,33.2,28.9,76.0,1.0,5.5,5.0,160.0,1.0,N ,Drizzle
13-04-2015,24.0,30.4,27.6,84.0,4.9,,3.0,320.0,1.0,N ,Drizzle
14-04-2015,26.0,32.0,28.0,82.0,0.2,0.8,3.0,340.0,1.0,N ,Sun
15-04-2015,26.0,31.0,28.6,77.0,8888.0,4.0,3.0,310.0,1.0,N ,Rain
16-04-2015,26.0,33.6,29.1,77.0,0.0,2.6,4.0,80.0,1.0,N ,Sun
17-04-2015,27.0,30.0,27.9,84.0,0.0,4.5,4.0,320.0,0.0,N ,Sun
18-04-2015,27.0,33.0,28.8,81.0,1.4,0.3,5.0,250.0,1.0,N ,Drizzle
19-04-2015,25.0,31.6,27.8,82.0,33.3,,4.0,250.0,1.0,N ,Rain
20-04-2015,26.0,32.8,28.6,75.0,8888.0,6.0,4.0,340.0,1.0,N ,Rain
21-04-2015,26.0,32.6,29.0,77.0,0.3,7.3,3.0,300.0,1.0,N ,Sun
22-04-2015,27.0,32.6,28.9,74.0,1.0,3.5,4.0,320.0,1.0,N ,Drizzle
23-04-2015,26.0,33.2,29.2,71.0,0.0,2.1,4.0,300.0,2.0,N ,Sun
24-04-2015,25.0,30.8,27.2,79.0,0.0,3.2,5.0,260.0,2.0,W ,Sun
25-04-2015,25.0,31.6,27.1,81.0,2.6,,4.0,300.0,1.0,N ,Drizzle
26-04-2015,,32.8,27.6,80.0,4.0,1.1,3.0,290.0,1.0,W ,Drizzle
27-04-2015,25.0,31.2,27.9,75.0,8888.0,4.5,4.0,270.0,2.0,W ,Rain
28-04-2015,25.0,33.2,29.3,73.0,0.0,2.5,3.0,310.0,2.0,W ,Sun
29-04-2015,27.0,,29.6,71.0,0.0,5.2,4.0,290.0,2.0,N ,Sun
30-04-2015,27.0,34.4,29.8,70.0,0.0,5.0,4.0,280.0,2.0,W ,Sun
01-05-2015,27.0,31.8,28.6,76.0,0.0,6.0,3.0,320.0,1.0,N ,Sun
02-05-2015,,32.6,28.8,75.0,0.0,1.6,3.0,310.0,1.0,N ,Sun
03-05-2015,26.0,31.4,27.1,83.0,0.0,2.1,4.0,270.0,1.0,N ,Sun
04-05-2015,25.0,32.8,27.5,81.0,16.6,2.0,5.0,180.0,1.0,N ,Rain
05-05-2015,,,,,,,,,,,Sun
06-05-2015,25.0,34.0,29.3,74.0,0.0,5.8,4.0,180.0,1.0,N ,Sun
07-05-2015,26.0,33.4,29.3,72.0,0.0,6.5,4.0,180.0,1.0,N ,Sun
08-05-2015,27.0,33.8,29.8,68.0,0.0,,3.0,40.0,1.0,N ,Sun
09-05-2015,27.0,33.0,29.2,69.0,0.0,6.6,3.0,40.0,1.0,N ,Sun
10-05-2015,,32.8,30.6,69.0,,,3.0,90.0,1.0,N ,Sun
11-05-2015,25.0,32.4,28.9,73.0,0.0,6.7,3.0,180.0,1.0,N ,Sun
12-05-2015,26.0,34.2,29.4,72.0,0.0,4.2,4.0,90.0,2.0,N ,Sun
13-05-2015,27.0,34.2,29.6,74.0,0.0,6.2,3.0,60.0,1.0,N ,Sun
14-05-2015,27.0,33.6,29.4,79.0,0.0,5.6,4.0,30.0,1.0,N ,Sun
15-05-2015,26.0,31.8,28.8,77.0,0.0,5.1,3.0,100.0,1.0,N ,Sun
16-05-2015,26.0,33.2,28.9,77.0,0.0,2.3,3.0,50.0,1.0,N ,Sun
17-05-2015,27.0,34.0,29.8,73.0,0.0,5.3,3.0,90.0,2.0,E ,Sun
18-05-2015,27.0,32.7,29.3,77.0,0.0,6.5,3.0,160.0,1.0,N ,Sun
19-05-2015,27.0,33.6,29.1,76.0,0.0,5.7,3.0,20.0,1.0,N ,Sun
20-05-2015,27.0,33.8,29.5,65.0,0.0,6.3,3.0,120.0,1.0,SE,Sun
21-05-2015,26.0,33.4,29.3,70.0,0.0,6.0,3.0,160.0,1.0,N ,Sun
22-05-2015,26.0,34.0,29.0,71.0,0.0,6.7,3.0,70.0,1.0,N ,Sun
23-05-2015,25.0,,28.8,68.0,0.0,6.5,4.0,60.0,1.0,N ,Sun
24-05-2015,26.0,33.0,29.2,73.0,0.0,6.6,3.0,90.0,1.0,N ,Sun
25-05-2015,27.0,34.0,29.5,74.0,0.0,5.4,2.0,160.0,1.0,N ,Sun
26-05-2015,27.0,33.8,29.7,73.0,0.0,7.0,3.0,80.0,1.0,N ,Sun
27-05-2015,27.0,33.6,29.7,74.0,0.0,5.6,3.0,30.0,1.0,N ,Sun
28-05-2015,27.0,34.0,29.6,73.0,0.0,6.5,3.0,120.0,1.0,N ,Sun
29-05-2015,27.0,33.6,29.4,77.0,0.0,6.7,3.0,110.0,1.0,N ,Sun
30-05-2015,27.0,34.6,29.9,70.0,0.0,6.5,3.0,70.0,0.0,N ,Sun
31-05-2015,27.0,33.6,29.6,75.0,0.0,6.5,3.0,20.0,1.0,N ,Sun
01-06-2015,27.0,33.6,28.8,76.0,0.0,6.7,2.0,80.0,1.0,N ,Sun
02-06-2015,27.0,33.6,29.4,75.0,0.0,,4.0,70.0,1.0,N ,Sun
03-06-2015,26.0,33.6,29.2,78.0,1.0,3.3,3.0,310.0,1.0,N ,Drizzle
04-06-2015,27.0,33.0,29.4,74.0,0.0,6.5,6.0,90.0,1.0,N ,Sun
05-06-2015,27.0,32.8,29.4,69.0,0.0,3.2,4.0,100.0,2.0,E ,Sun
06-06-2015,27.0,35.2,30.3,69.0,0.0,,3.0,70.0,1.0,N ,Sun
07-06-2015,28.0,33.4,29.5,74.0,0.0,6.5,3.0,160.0,1.0,N ,Sun
08-06-2015,,32.6,29.2,76.0,1.8,1.5,3.0,80.0,1.0,N ,Drizzle
09-06-2015,26.0,29.4,27.7,80.0,0.0,1.4,3.0,40.0,0.0,N ,Sun
10-06-2015,25.0,31.4,28.1,79.0,6.9,0.0,4.0,20.0,1.0,N ,Rain
11-06-2015,26.0,32.0,28.6,79.0,0.0,3.4,4.0,340.0,1.0,N ,Sun
12-06-2015,27.0,32.6,29.1,75.0,0.0,4.0,4.0,350.0,1.0,N ,Sun
13-06-2015,26.0,32.7,28.5,72.0,0.0,,5.0,320.0,1.0,N ,Sun
14-06-2015,26.0,32.2,28.5,74.0,0.0,6.8,3.0,310.0,1.0,N ,Sun
15-06-2015,25.0,31.6,28.4,74.0,0.0,3.8,3.0,70.0,1.0,N ,Sun
16-06-2015,26.0,31.4,28.0,73.0,0.0,2.3,3.0,340.0,1.0,N ,Sun
17-06-2015,26.0,33.0,28.7,67.0,0.0,4.0,3.0,60.0,1.0,N ,Sun
18-06-2015,,33.8,28.7,66.0,0.0,,3.0,100.0,1.0,N ,Sun
19-06-2015,26.0,32.2,29.0,71.0,0.0,7.0,4.0,20.0,1.0,N ,Sun
20-06-2015,25.0,33.0,28.8,70.0,0.0,6.8,3.0,90.0,1.0,N ,Sun
21-06-2015,26.0,34.0,,,0.0,6.0,5.0,360.0,1.0,N ,Sun
22-06-2015,26.0,32.4,29.0,72.0,0.4,6.0,3.0,40.0,1.0,N ,Sun
23-06-2015,26.0,32.6,28.7,71.0,0.0,4.6,5.0,10.0,1.0,N ,Sun
24-06-2015,25.0,32.6,28.2,69.0,0.0,6.0,3.0,250.0,1.0,N ,Sun
25-06-2015,25.0,33.0,28.4,68.0,0.0,6.5,4.0,160.0,1.0,N ,Sun
26-06-2015,24.0,33.6,28.2,70.0,0.0,6.5,3.0,20.0,2.0,N ,Sun
27-06-2015,25.0,33.8,28.8,70.0,0.0,6.8,3.0,340.0,1.0,N ,Sun
28-06-2015,26.0,32.4,29.0,75.0,0.0,,3.0,170.0,1.0,N ,Sun
29-06-2015,26.0,32.4,28.8,72.0,0.0,4.3,5.0,320.0,1.0,N ,Sun
30-06-2015,25.0,33.0,28.9,73.0,0.0,2.6,4.0,70.0,1.0,N ,Sun
01-07-2015,26.0,31.4,28.3,71.0,0.0,6.4,3.0,350.0,1.0,N ,Sun
02-07-2015,25.0,32.4,27.9,67.0,0.0,2.5,4.0,280.0,1.0,N ,Sun
03-07-2015,25.0,32.8,28.0,64.0,0.0,6.5,4.0,300.0,1.0,N ,Sun
04-07-2015,24.0,31.8,27.8,64.0,0.0,5.7,4.0,320.0,1.0,N ,Sun
05-07-2015,25.0,32.6,27.6,69.0,0.0,6.5,4.0,350.0,1.0,N ,Sun
06-07-2015,25.0,32.0,28.5,65.0,0.0,6.7,4.0,350.0,1.0,N ,Sun
07-07-2015,26.0,31.0,28.2,68.0,0.0,5.5,3.0,340.0,1.0,N ,Sun
08-07-2015,25.0,32.8,28.2,71.0,0.0,0.7,4.0,360.0,1.0,N ,Sun
09-07-2015,25.0,33.2,27.9,68.0,8888.0,5.7,5.0,310.0,2.0,N ,Rain
10-07-2015,26.0,32.4,28.5,67.0,0.0,6.5,4.0,310.0,1.0,N ,Sun
11-07-2015,26.0,32.4,28.7,70.0,0.0,3.0,3.0,90.0,1.0,N ,Sun
12-07-2015,25.0,32.6,28.4,74.0,0.0,2.6,6.0,40.0,2.0,E ,Sun
13-07-2015,26.0,33.0,28.8,71.0,0.0,3.2,6.0,160.0,2.0,E ,Sun
14-07-2015,26.0,33.6,29.2,69.0,0.0,5.5,5.0,110.0,2.0,E ,Sun
15-07-2015,27.0,33.0,28.9,69.0,0.0,6.2,5.0,60.0,2.0,E ,Sun
16-07-2015,25.0,33.0,29.0,72.0,0.0,6.2,4.0,140.0,2.0,SE,Sun
17-07-2015,26.0,33.6,28.9,71.0,0.0,6.7,5.0,130.0,2.0,N ,Sun
18-07-2015,25.0,34.2,28.6,71.0,0.0,7.0,4.0,80.0,2.0,E ,Sun
19-07-2015,26.0,33.4,28.6,70.0,0.0,6.8,4.0,340.0,2.0,N ,Sun
20-07-2015,25.0,33.6,28.3,74.0,0.0,6.8,4.0,100.0,1.0,N ,Sun
21-07-2015,25.0,33.4,28.6,74.0,0.0,6.7,4.0,70.0,2.0,N ,Sun
22-07-2015,26.0,33.4,28.9,73.0,0.0,6.8,5.0,60.0,2.0,N ,Sun
23-07-2015,26.0,33.4,29.1,73.0,0.0,6.7,4.0,330.0,2.0,N ,Sun
24-07-2015,25.0,33.4,28.6,75.0,0.0,6.0,4.0,100.0,1.0,N ,Sun
25-07-2015,26.0,33.5,28.7,74.0,0.0,6.7,4.0,290.0,1.0,N ,Sun
26-07-2015,26.0,32.4,28.6,75.0,0.0,6.5,5.0,110.0,1.0,N ,Sun
27-07-2015,26.0,33.8,28.9,70.0,0.0,6.7,3.0,100.0,2.0,E ,Sun
28-07-2015,25.0,33.6,29.0,70.0,0.0,6.7,4.0,50.0,2.0,E ,Sun
29-07-2015,26.0,33.6,29.1,68.0,0.0,6.0,6.0,70.0,2.0,E ,Sun
30-07-2015,25.0,33.8,28.6,72.0,0.0,6.7,3.0,70.0,1.0,N ,Sun
31-07-2015,26.0,32.4,28.4,74.0,0.0,6.0,4.0,50.0,2.0,N ,Sun
01-08-2015,26.0,32.4,28.4,75.0,0.0,5.6,4.0,70.0,1.0,N ,Sun
02-08-2015,25.0,32.6,28.3,73.0,0.0,7.1,4.0,20.0,2.0,N ,Sun
03-08-2015,,33.0,27.9,58.0,0.0,5.0,3.0,60.0,1.0,N ,Sun
04-08-2015,24.0,32.0,27.4,64.0,0.0,6.6,3.0,310.0,1.0,N ,Sun
05-08-2015,24.0,32.6,27.6,71.0,0.0,6.1,3.0,110.0,1.0,N ,Sun
06-08-2015,25.0,32.2,27.9,73.0,0.0,0.0,3.0,340.0,1.0,N ,Sun
07-08-2015,24.0,32.0,27.9,74.0,0.0,5.0,3.0,340.0,1.0,N ,Sun
08-08-2015,25.0,32.0,27.6,74.0,5.2,6.0,4.0,310.0,1.0,N ,Rain
09-08-2015,25.0,32.6,28.6,72.0,0.0,4.3,4.0,340.0,2.0,N ,Sun
10-08-2015,26.0,33.0,29.1,69.0,,4.3,4.0,60.0,2.0,E ,Sun
11-08-2015,26.0,33.2,29.3,72.0,0.0,6.0,5.0,80.0,2.0,N ,Sun
12-08-2015,27.0,32.0,28.8,76.0,0.0,6.1,4.0,330.0,1.0,N ,Sun
13-08-2015,27.0,33.5,29.1,75.0,0.0,5.5,4.0,60.0,1.0,N ,Sun
14-08-2015,27.0,32.0,28.9,74.0,0.0,6.5,4.0,320.0,2.0,N ,Sun
15-08-2015,26.0,33.0,28.9,72.0,0.0,4.7,5.0,90.0,1.0,N ,Sun
16-08-2015,27.0,33.0,28.9,72.0,0.0,5.2,3.0,40.0,2.0,N ,Sun
17-08-2015,26.0,32.2,28.9,72.0,0.0,7.4,4.0,320.0,1.0,N ,Sun
18-08-2015,27.0,31.2,28.5,72.0,0.0,6.5,5.0,320.0,2.0,N ,Sun
19-08-2015,26.0,32.2,28.5,74.0,0.0,5.0,4.0,90.0,1.0,N ,Sun
20-08-2015,27.0,31.0,28.2,76.0,0.0,,3.0,10.0,1.0,N ,Sun
21-08-2015,26.0,31.2,27.9,69.0,0.0,3.0,4.0,330.0,1.0,N ,Sun
22-08-2015,25.0,30.8,27.6,71.0,0.0,5.2,3.0,320.0,1.0,N ,Sun
23-08-2015,25.0,32.8,28.4,69.0,0.0,5.5,5.0,20.0,2.0,N ,Sun
24-08-2015,25.0,,28.1,68.0,0.0,6.7,3.0,360.0,1.0,N ,Sun
25-08-2015,25.0,32.2,28.1,74.0,0.0,7.3,4.0,310.0,1.0,N ,Sun
26-08-2015,26.0,32.2,28.5,74.0,0.0,7.2,4.0,160.0,2.0,N ,Sun
27-08-2015,26.0,,28.4,74.0,0.0,6.5,5.0,320.0,2.0,S ,Sun
28-08-2015,26.0,33.8,29.5,69.0,0.0,7.5,4.0,290.0,2.0,E ,Sun
29-08-2015,26.0,32.8,28.7,74.0,,7.0,4.0,110.0,2.0,N ,Sun
30-08-2015,26.0,32.6,28.9,66.0,,7.5,5.0,310.0,2.0,N ,Sun
31-08-2015,26.0,32.8,28.7,69.0,,7.5,5.0,340.0,2.0,N ,Sun
01-09-2015,26.0,34.0,29.3,61.0,0.0,7.7,4.0,130.0,2.0,N ,Sun
02-09-2015,26.0,33.8,28.8,62.0,0.0,7.8,4.0,50.0,2.0,N ,Sun
03-09-2015,25.0,33.4,29.3,62.0,0.0,7.8,5.0,120.0,1.0,N ,Sun
04-09-2015,25.0,33.0,28.4,70.0,0.0,7.8,6.0,320.0,2.0,N ,Sun
05-09-2015,26.0,33.0,28.8,68.0,0.0,7.5,4.0,30.0,1.0,N ,Sun
06-09-2015,26.0,33.4,28.8,63.0,0.0,6.4,4.0,10.0,0.0,N ,Sun
07-09-2015,26.0,33.9,28.8,63.0,0.0,7.3,3.0,330.0,1.0,N ,Sun
08-09-2015,25.0,32.8,27.8,73.0,0.0,5.3,3.0,330.0,1.0,N ,Sun
09-09-2015,26.0,32.6,29.0,68.0,0.0,8.5,3.0,30.0,1.0,N ,Sun
10-09-2015,26.0,32.5,28.5,70.0,0.0,8.2,4.0,310.0,1.0,N ,Sun
11-09-2015,27.0,33.6,29.0,66.0,0.0,5.3,3.0,130.0,2.0,E ,Sun
12-09-2015,26.0,33.6,29.2,67.0,0.0,5.0,4.0,90.0,2.0,N ,Sun
13-09-2015,26.0,33.2,28.3,70.0,0.0,8.2,5.0,330.0,1.0,N ,Sun
14-09-2015,26.0,32.4,28.4,69.0,0.0,8.5,5.0,20.0,2.0,N ,Sun
15-09-2015,25.0,31.2,27.6,75.0,0.0,6.0,4.0,10.0,1.0,N ,Sun
16-09-2015,26.0,32.2,28.2,71.0,0.0,4.5,3.0,80.0,2.0,E ,Sun
17-09-2015,,33.4,29.0,69.0,0.0,8.0,3.0,260.0,1.0,N ,Sun
18-09-2015,25.0,34.6,30.0,63.0,0.0,4.0,4.0,90.0,2.0,N ,Sun
19-09-2015,26.0,32.4,28.4,73.0,0.0,,4.0,320.0,1.0,N ,Sun
20-09-2015,26.0,31.4,27.9,76.0,0.0,8.0,5.0,320.0,2.0,N ,Sun
21-09-2015,26.0,31.2,28.8,75.0,0.0,7.5,4.0,320.0,1.0,N ,Sun
22-09-2015,26.0,34.0,29.2,67.0,0.0,6.5,4.0,320.0,2.0,N ,Sun
23-09-2015,26.0,32.3,28.6,66.0,0.0,7.5,5.0,20.0,1.0,N ,Sun
24-09-2015,25.0,32.8,28.8,64.0,0.0,9.9,4.0,140.0,1.0,N ,Sun
25-09-2015,26.0,31.2,28.4,72.0,0.0,8.7,4.0,300.0,1.0,N ,Sun
26-09-2015,26.0,34.0,29.1,66.0,0.0,6.3,4.0,80.0,2.0,N ,Sun
27-09-2015,26.0,33.4,29.4,65.0,0.0,8.5,5.0,130.0,2.0,N ,Sun
28-09-2015,26.0,32.6,29.3,69.0,0.0,8.0,4.0,300.0,2.0,N ,Sun
29-09-2015,26.0,33.6,29.3,68.0,0.0,3.5,4.0,350.0,2.0,E ,Sun
30-09-2015,26.0,,28.7,70.0,0.0,8.2,4.0,80.0,2.0,E ,Sun
01-10-2015,26.0,34.3,29.6,63.0,0.0,9.0,6.0,30.0,1.0,N ,Sun
02-10-2015,25.0,35.0,30.0,61.0,0.0,8.8,4.0,30.0,2.0,N ,Sun
03-10-2015,27.0,34.8,29.8,62.0,0.0,7.5,5.0,70.0,2.0,E ,Sun
04-10-2015,27.0,,,,0.0,7.0,2.0,100.0,0.0,N ,Sun
05-10-2015,27.0,33.6,29.4,69.0,0.0,8.5,6.0,50.0,3.0,N ,Sun
06-10-2015,25.0,32.4,28.9,71.0,0.0,8.5,5.0,40.0,2.0,N ,Sun
07-10-2015,27.0,34.3,29.7,66.0,0.0,5.5,6.0,30.0,2.0,N ,Sun
08-10-2015,26.0,31.0,28.3,73.0,0.0,,3.0,290.0,1.0,N ,Sun
09-10-2015,26.0,33.8,29.7,71.0,0.0,2.4,4.0,320.0,2.0,N ,Sun
10-10-2015,27.0,33.6,29.5,66.0,0.0,6.5,4.0,50.0,2.0,N ,Sun
11-10-2015,26.0,33.6,29.4,65.0,0.0,7.3,3.0,70.0,1.0,E ,Sun
12-10-2015,25.0,32.8,28.8,75.0,0.0,9.0,3.0,340.0,1.0,N ,Sun
13-10-2015,26.0,33.4,29.2,71.0,0.0,8.3,4.0,30.0,2.0,N ,Sun
14-10-2015,27.0,33.4,29.2,73.0,0.0,8.0,4.0,320.0,2.0,N ,Sun
15-10-2015,26.0,33.2,28.9,70.0,0.0,7.9,5.0,30.0,1.0,N ,Sun
16-10-2015,27.0,33.4,29.6,64.0,0.0,8.4,3.0,330.0,1.0,N ,Sun
17-10-2015,27.0,,,,0.0,4.0,4.0,110.0,1.0,N ,Sun
18-10-2015,26.0,32.6,29.2,65.0,0.0,9.0,4.0,340.0,1.0,N ,Sun
19-10-2015,26.0,33.4,29.7,66.0,0.0,7.8,3.0,10.0,1.0,N ,Sun
20-10-2015,27.0,,29.2,65.0,0.0,7.0,4.0,330.0,2.0,N ,Sun
21-10-2015,27.0,34.2,30.2,62.0,0.0,8.0,5.0,360.0,1.0,N ,Sun
22-10-2015,26.0,35.2,30.2,61.0,0.0,7.0,5.0,70.0,2.0,N ,Sun
23-10-2015,26.0,33.4,29.1,65.0,0.0,9.4,3.0,80.0,1.0,N ,Sun
24-10-2015,26.0,34.0,29.6,67.0,0.0,1.0,6.0,360.0,1.0,N ,Sun
25-10-2015,27.0,34.4,30.0,68.0,0.0,6.5,4.0,90.0,1.0,N ,Sun
26-10-2015,26.0,33.2,29.6,69.0,0.0,7.7,4.0,130.0,2.0,N ,Sun
27-10-2015,27.0,33.2,29.4,71.0,0.0,6.0,4.0,290.0,2.0,N ,Sun
28-10-2015,27.0,33.0,29.7,75.0,0.0,7.5,4.0,310.0,1.0,N ,Sun
29-10-2015,26.0,32.6,29.1,76.0,0.0,8.5,4.0,120.0,1.0,N ,Sun
30-10-2015,27.0,33.2,29.5,75.0,0.0,5.3,3.0,320.0,1.0,N ,Sun
31-10-2015,27.0,32.6,29.0,74.0,0.0,8.0,4.0,310.0,1.0,N ,Sun
01-11-2015,28.0,31.6,29.6,75.0,0.0,6.0,5.0,310.0,1.0,N ,Sun
02-11-2015,,31.8,29.0,75.0,0.0,4.0,5.0,270.0,2.0,N ,Sun
03-11-2015,27.0,32.6,28.9,74.0,1.4,6.3,3.0,330.0,1.0,N ,Drizzle
04-11-2015,26.0,32.6,29.9,68.0,0.0,5.5,4.0,330.0,2.0,N ,Sun
05-11-2015,27.0,32.4,29.7,73.0,0.0,5.0,5.0,300.0,1.0,N ,Sun
06-11-2015,28.0,32.2,29.6,73.0,0.0,6.3,3.0,340.0,1.0,N ,Sun
07-11-2015,27.0,32.0,28.4,77.0,0.0,5.5,5.0,320.0,1.0,N ,Sun
08-11-2015,26.0,31.6,28.6,78.0,8888.0,0.4,4.0,310.0,2.0,N ,Rain
09-11-2015,26.0,32.2,29.1,72.0,1.0,4.6,4.0,300.0,1.0,N ,Drizzle
10-11-2015,27.0,32.4,29.7,71.0,0.0,8.0,4.0,310.0,1.0,N ,Sun
11-11-2015,27.0,32.4,29.1,75.0,0.0,5.5,4.0,50.0,2.0,N ,Sun
12-11-2015,27.0,32.8,29.6,72.0,0.0,4.0,5.0,320.0,1.0,N ,Sun
13-11-2015,26.0,33.8,28.5,78.0,0.0,6.0,3.0,330.0,1.0,N ,Sun
14-11-2015,25.0,33.0,28.9,77.0,54.1,3.5,4.0,160.0,1.0,N ,Rain
15-11-2015,26.0,33.4,30.0,74.0,0.0,9.0,5.0,350.0,1.0,N ,Sun
16-11-2015,27.0,32.2,28.9,75.0,0.0,8.0,4.0,10.0,2.0,N ,Sun
17-11-2015,25.0,31.4,28.4,79.0,13.2,2.5,4.0,10.0,1.0,N ,Rain
18-11-2015,26.0,33.6,30.0,73.0,0.0,,3.0,360.0,1.0,N ,Sun
19-11-2015,27.0,32.6,28.7,78.0,2.0,8.0,5.0,360.0,1.0,N ,Drizzle
20-11-2015,26.0,31.8,28.9,77.0,0.6,1.3,3.0,320.0,1.0,N ,Sun
21-11-2015,,32.0,29.4,74.0,0.0,7.5,7.0,310.0,2.0,N ,Sun
22-11-2015,26.0,32.4,29.2,73.0,0.0,4.5,3.0,260.0,0.0,N ,Sun
23-11-2015,27.0,34.4,30.1,71.0,0.0,3.5,6.0,60.0,1.0,N ,Sun
24-11-2015,27.0,33.4,29.6,75.0,0.0,7.2,3.0,40.0,1.0,N ,Sun
25-11-2015,27.0,33.0,29.3,73.0,0.0,3.8,5.0,310.0,2.0,N ,Sun
26-11-2015,27.0,32.6,29.4,71.0,0.0,5.6,4.0,320.0,1.0,N ,Sun
27-11-2015,27.0,31.8,28.9,76.0,0.0,5.0,3.0,290.0,1.0,N ,Sun
28-11-2015,27.0,33.2,29.8,74.0,3.4,0.0,3.0,330.0,1.0,N ,Drizzle
29-11-2015,27.0,29.2,27.9,81.0,0.0,5.4,2.0,140.0,0.0,N ,Sun
30-11-2015,25.0,32.6,27.7,83.0,3.8,0.0,5.0,140.0,1.0,N ,Drizzle
01-12-2015,26.0,32.6,29.1,76.0,9.0,4.3,6.0,330.0,2.0,N ,Rain
02-12-2015,27.0,33.6,29.8,73.0,8888.0,7.8,4.0,270.0,2.0,N ,Rain
03-12-2015,27.0,32.6,29.1,75.0,0.0,,4.0,340.0,1.0,N ,Sun
04-12-2015,26.0,32.6,29.0,77.0,2.7,1.7,4.0,330.0,2.0,N ,Drizzle
05-12-2015,27.0,32.4,28.4,78.0,0.0,4.6,5.0,310.0,1.0,N ,Sun
06-12-2015,27.0,32.4,28.0,81.0,0.6,3.0,7.0,160.0,2.0,N ,Sun
07-12-2015,25.0,32.0,28.3,82.0,42.5,3.5,7.0,310.0,2.0,N ,Rain
08-12-2015,25.0,30.6,27.5,85.0,0.0,5.5,3.0,340.0,0.0,N ,Sun
09-12-2015,26.0,33.8,29.1,78.0,1.2,0.0,5.0,320.0,1.0,N ,Drizzle
10-12-2015,26.0,33.4,29.6,74.0,0.0,8.4,4.0,340.0,2.0,N ,Sun
11-12-2015,27.0,32.2,29.3,77.0,0.0,3.2,5.0,300.0,2.0,N ,Sun
12-12-2015,25.0,30.2,28.2,77.0,1.1,3.2,4.0,250.0,0.0,N ,Drizzle
13-12-2015,26.0,32.8,28.3,79.0,0.0,0.8,5.0,20.0,2.0,W ,Sun
14-12-2015,26.0,30.8,27.9,79.0,9.2,0.4,4.0,300.0,2.0,W ,Rain
15-12-2015,26.0,30.2,27.7,78.0,0.1,0.0,4.0,280.0,2.0,N ,Sun
16-12-2015,,28.6,26.5,83.0,0.0,0.0,4.0,330.0,2.0,W ,Sun
17-12-2015,24.0,27.6,25.5,84.0,5.6,0.0,3.0,280.0,1.0,W ,Rain
18-12-2015,24.0,31.4,27.5,76.0,1.6,0.0,6.0,320.0,2.0,N ,Drizzle
19-12-2015,24.0,30.8,27.2,82.0,6.2,1.0,4.0,320.0,1.0,N ,Rain
20-12-2015,25.0,30.5,26.6,87.0,5.4,3.8,4.0,320.0,1.0,N ,Rain
21-12-2015,25.0,31.4,27.0,76.0,11.0,4.3,6.0,300.0,2.0,W ,Rain
22-12-2015,25.0,33.2,28.8,73.0,0.0,4.6,4.0,270.0,2.0,N ,Sun
23-12-2015,24.0,34.0,29.4,69.0,0.0,3.5,4.0,230.0,2.0,SW,Sun
24-12-2015,26.0,33.6,29.3,66.0,0.0,7.8,5.0,250.0,2.0,W ,Sun
25-12-2015,26.0,32.4,28.0,73.0,0.0,3.3,4.0,290.0,2.0,N ,Sun
26-12-2015,26.0,31.8,29.0,78.0,0.0,4.8,5.0,320.0,2.0,N ,Sun
27-12-2015,26.0,31.0,28.4,82.0,5.0,2.2,4.0,10.0,2.0,N ,Drizzle
28-12-2015,27.0,31.2,28.7,82.0,0.2,3.4,4.0,310.0,1.0,N ,Sun
29-12-2015,26.0,32.6,29.1,77.0,0.0,3.8,5.0,320.0,2.0,N ,Sun
30-12-2015,24.0,30.2,27.5,85.0,93.2,4.5,6.0,320.0,2.0,N ,Rain
31-12-2015,25.0,30.2,27.7,86.0,78.6,4.5,4.0,310.0,1.0,N ,Rain
01-01-2016,25.0,31.4,28.2,83.0,26.6,4.0,5.0,290.0,2.0,N ,Rain
02-01-2016,26.0,31.0,27.1,85.0,0.0,,6.0,300.0,1.0,N ,Sun
03-01-2016,25.0,32.6,28.4,79.0,15.6,2.0,4.0,280.0,2.0,W ,Rain
04-01-2016,,31.6,29.0,80.0,0.0,3.6,5.0,300.0,2.0,N ,Sun
05-01-2016,27.0,31.8,28.6,83.0,0.0,3.0,5.0,350.0,1.0,N ,Sun
06-01-2016,26.0,32.4,28.8,77.0,11.6,4.0,3.0,40.0,1.0,N ,Rain
07-01-2016,26.0,34.0,29.7,76.0,0.3,6.2,4.0,70.0,2.0,N ,Sun
08-01-2016,27.0,32.7,29.6,78.0,0.0,8.6,4.0,350.0,2.0,N ,Sun
09-01-2016,26.0,31.8,29.0,81.0,0.0,9.5,7.0,320.0,2.0,N ,Sun
10-01-2016,27.0,32.4,29.1,76.0,0.0,8.2,5.0,330.0,2.0,N ,Sun
11-01-2016,27.0,32.4,29.8,74.0,0.0,5.8,4.0,310.0,1.0,N ,Sun
12-01-2016,28.0,31.2,28.5,82.0,0.0,7.0,4.0,320.0,1.0,N ,Sun
13-01-2016,25.0,32.4,28.2,82.0,5.5,0.8,3.0,350.0,1.0,N ,Rain
14-01-2016,26.0,33.4,29.0,78.0,1.2,3.4,5.0,130.0,1.0,N ,Drizzle
15-01-2016,26.0,31.4,29.4,79.0,0.0,6.0,4.0,340.0,1.0,N ,Sun
16-01-2016,27.0,31.8,29.2,77.0,0.2,3.0,3.0,360.0,1.0,N ,Sun
17-01-2016,26.0,32.8,29.2,76.0,0.0,0.0,4.0,310.0,1.0,N ,Sun
18-01-2016,27.0,32.4,29.4,76.0,0.0,5.3,5.0,310.0,2.0,N ,Sun
19-01-2016,,32.8,28.7,77.0,0.0,3.0,4.0,310.0,1.0,N ,Sun
20-01-2016,,31.4,28.0,80.0,30.5,7.0,4.0,290.0,1.0,N ,Rain
21-01-2016,,29.6,28.1,82.0,0.2,1.0,3.0,330.0,1.0,N ,Sun
22-01-2016,27.0,31.4,29.0,83.0,1.8,0.4,4.0,300.0,1.0,N ,Drizzle
23-01-2016,25.0,29.2,26.7,87.0,11.4,0.5,4.0,330.0,1.0,N ,Rain
24-01-2016,25.0,30.6,27.7,86.0,14.7,0.5,6.0,280.0,1.0,N ,Rain
25-01-2016,,27.8,25.9,92.0,30.8,3.0,3.0,20.0,0.0,N ,Rain
26-01-2016,25.0,30.8,27.8,84.0,6.7,0.0,4.0,320.0,1.0,N ,Rain
27-01-2016,26.0,32.2,29.0,81.0,0.1,3.6,5.0,310.0,2.0,N ,Sun
28-01-2016,26.0,31.8,28.9,81.0,6.6,5.0,6.0,300.0,2.0,N ,Rain
29-01-2016,27.0,32.2,29.0,79.0,0.0,2.6,4.0,320.0,2.0,N ,Sun
30-01-2016,27.0,31.6,28.5,81.0,8888.0,8.0,7.0,340.0,2.0,N ,Rain
31-01-2016,,30.8,28.5,79.0,8888.0,0.5,4.0,300.0,2.0,N ,Rain
01-02-2016,25.0,30.2,27.7,85.0,7.0,1.6,7.0,310.0,1.0,N ,Rain
02-02-2016,25.0,30.6,27.9,85.0,62.2,0.3,5.0,310.0,2.0,N ,Rain
03-02-2016,26.0,31.8,28.5,72.0,1.8,2.7,5.0,320.0,2.0,N ,Drizzle
04-02-2016,26.0,30.8,27.4,86.0,8888.0,2.5,3.0,250.0,1.0,N ,Rain
05-02-2016,27.0,31.4,28.6,79.0,5.9,0.0,4.0,310.0,1.0,N ,Rain
06-02-2016,27.0,32.2,28.1,85.0,2.5,0.0,5.0,180.0,1.0,N ,Drizzle
07-02-2016,27.0,31.6,28.0,85.0,6.9,3.5,7.0,310.0,2.0,N ,Rain
08-02-2016,26.0,30.9,27.4,86.0,3.6,5.2,5.0,280.0,2.0,W ,Drizzle
09-02-2016,25.0,31.4,26.6,89.0,11.8,2.7,4.0,310.0,2.0,N ,Rain
10-02-2016,25.0,29.8,27.2,84.0,52.0,,4.0,290.0,1.0,N ,Rain
11-02-2016,26.0,30.6,27.8,83.0,0.0,0.0,3.0,270.0,1.0,N ,Sun
12-02-2016,25.0,30.2,26.6,87.0,12.6,0.1,5.0,330.0,1.0,N ,Rain
13-02-2016,25.0,31.6,27.9,80.0,14.4,1.7,4.0,290.0,1.0,N ,Rain
14-02-2016,25.0,32.0,27.5,82.0,0.1,2.5,5.0,290.0,2.0,N ,Sun
15-02-2016,25.0,32.0,27.9,85.0,4.8,5.7,4.0,320.0,1.0,N ,Drizzle
16-02-2016,26.0,29.8,27.9,81.0,0.0,5.5,5.0,10.0,1.0,N ,Sun
17-02-2016,24.0,30.0,27.0,85.0,54.1,0.0,4.0,290.0,1.0,N ,Rain
18-02-2016,25.0,31.2,28.3,79.0,0.6,1.8,3.0,320.0,1.0,N ,Sun
19-02-2016,26.0,30.2,28.4,81.0,0.0,6.6,6.0,320.0,1.0,N ,Sun
20-02-2016,26.0,30.4,28.6,81.0,0.0,1.0,3.0,340.0,1.0,N ,Sun
21-02-2016,26.0,31.4,28.4,79.0,0.0,0.0,4.0,300.0,2.0,N ,Sun
22-02-2016,27.0,31.0,28.6,79.0,1.1,4.6,5.0,330.0,2.0,NW,Drizzle
23-02-2016,26.0,31.4,28.9,79.0,0.1,3.8,6.0,310.0,2.0,N ,Sun
24-02-2016,27.0,30.4,28.2,81.0,0.0,6.0,4.0,290.0,2.0,N ,Sun
25-02-2016,24.0,30.2,26.6,88.0,98.5,1.0,4.0,320.0,2.0,N ,Rain
26-02-2016,24.0,29.8,26.5,87.0,115.0,1.2,3.0,320.0,1.0,N ,Rain
27-02-2016,25.0,30.8,27.9,80.0,3.0,0.8,3.0,220.0,1.0,N ,Drizzle
28-02-2016,25.0,28.8,26.5,92.0,52.4,4.0,2.0,270.0,0.0,N ,Rain
29-02-2016,25.0,30.4,26.9,87.0,6.1,0.0,5.0,310.0,2.0,N ,Rain
01-03-2016,24.0,29.6,26.9,86.0,22.3,0.0,5.0,300.0,2.0,NW,Rain
02-03-2016,24.0,30.4,27.6,86.0,27.0,0.0,3.0,320.0,1.0,N ,Rain
03-03-2016,25.0,31.4,28.4,81.0,8.8,1.0,6.0,310.0,2.0,N ,Rain
04-03-2016,26.0,30.6,28.4,84.0,11.0,7.3,5.0,290.0,2.0,N ,Rain
05-03-2016,,30.4,27.9,85.0,33.5,4.7,4.0,360.0,1.0,N ,Rain
06-03-2016,25.0,31.8,28.9,82.0,0.0,4.6,5.0,320.0,2.0,N ,Sun
07-03-2016,25.0,32.0,28.7,81.0,12.4,5.0,4.0,320.0,1.0,N ,Rain
08-03-2016,26.0,32.4,29.1,83.0,5.0,9.5,4.0,320.0,2.0,N ,Drizzle
09-03-2016,27.0,33.0,29.1,78.0,0.0,4.6,4.0,360.0,1.0,N ,Sun
10-03-2016,26.0,32.6,28.6,81.0,0.6,8.0,6.0,300.0,1.0,N ,Sun
11-03-2016,26.0,32.2,28.9,78.0,1.5,5.0,4.0,300.0,1.0,N ,Drizzle
12-03-2016,25.0,32.0,28.9,74.0,0.0,5.5,3.0,230.0,1.0,N ,Sun
13-03-2016,27.0,32.4,28.8,79.0,8888.0,5.0,3.0,340.0,1.0,N ,Rain
14-03-2016,27.0,31.8,29.4,79.0,0.0,8.4,4.0,300.0,2.0,N ,Sun
15-03-2016,26.0,32.6,27.8,84.0,2.5,1.8,3.0,340.0,1.0,N ,Drizzle
16-03-2016,26.0,32.2,28.5,84.0,40.9,5.7,4.0,330.0,1.0,N ,Rain
17-03-2016,26.0,32.8,29.6,78.0,5.2,6.4,4.0,330.0,2.0,N ,Rain
18-03-2016,26.0,30.4,28.1,83.0,10.5,5.7,3.0,300.0,1.0,N ,Rain
19-03-2016,27.0,32.4,29.3,80.0,0.0,0.3,5.0,30.0,2.0,N ,Sun
20-03-2016,26.0,31.6,28.3,89.0,90.8,2.0,5.0,330.0,2.0,N ,Rain
21-03-2016,27.0,31.4,29.1,83.0,0.0,2.0,3.0,330.0,1.0,N ,Sun
22-03-2016,27.0,32.6,28.1,83.0,8888.0,2.0,5.0,320.0,2.0,N ,Rain
23-03-2016,26.0,32.0,28.6,77.0,5.5,2.6,3.0,260.0,2.0,N ,Rain
24-03-2016,26.0,32.4,29.0,74.0,0.0,1.5,4.0,360.0,1.0,N ,Sun
25-03-2016,27.0,32.0,28.8,81.0,8888.0,7.2,4.0,300.0,2.0,N ,Rain
26-03-2016,25.0,30.2,27.6,85.0,8.8,3.7,4.0,330.0,1.0,N ,Rain
27-03-2016,26.0,31.2,28.5,79.0,0.2,3.5,5.0,320.0,2.0,N ,Sun
28-03-2016,27.0,32.2,29.2,76.0,0.0,9.3,5.0,310.0,2.0,NW,Sun
29-03-2016,25.0,30.8,27.8,83.0,57.0,7.0,4.0,330.0,1.0,N ,Rain
30-03-2016,26.0,29.8,28.0,82.0,0.4,6.5,3.0,330.0,1.0,N ,Sun
31-03-2016,27.0,,27.7,86.0,6.2,0.0,3.0,330.0,1.0,N ,Rain
01-04-2016,25.0,31.8,28.2,80.0,8888.0,0.0,4.0,310.0,1.0,N ,Rain
02-04-2016,26.0,31.8,28.7,79.0,0.0,7.0,4.0,340.0,1.0,N ,Sun
03-04-2016,26.0,33.6,29.4,76.0,0.0,7.5,5.0,330.0,2.0,NW,Sun
04-04-2016,26.0,34.6,30.1,72.0,0.0,9.0,3.0,110.0,1.0,N ,Sun
05-04-2016,27.0,33.8,30.1,74.0,8888.0,8.0,4.0,180.0,1.0,N ,Rain
06-04-2016,26.0,34.2,29.8,75.0,,4.4,5.0,10.0,2.0,N ,Sun
07-04-2016,27.0,33.6,30.1,75.0,0.0,8.0,4.0,320.0,2.0,S ,Sun
08-04-2016,26.0,33.0,30.1,75.0,0.0,7.2,3.0,300.0,2.0,NW,Sun
09-04-2016,28.0,33.8,29.8,74.0,0.0,5.0,5.0,280.0,2.0,N ,Sun
10-04-2016,26.0,32.6,29.3,78.0,3.3,4.2,4.0,330.0,2.0,NW,Drizzle
11-04-2016,27.0,33.2,29.7,77.0,0.0,3.0,3.0,340.0,1.0,N ,Sun
12-04-2016,27.0,31.4,29.1,76.0,0.0,6.5,5.0,310.0,2.0,N ,Sun
13-04-2016,28.0,,30.2,73.0,8888.0,0.6,4.0,270.0,1.0,W ,Rain
14-04-2016,27.0,33.6,29.5,76.0,0.0,4.5,4.0,270.0,1.0,N ,Sun
15-04-2016,26.0,32.0,28.9,81.0,5.4,6.0,3.0,80.0,1.0,N ,Rain
16-04-2016,27.0,34.6,30.0,78.0,,1.2,4.0,270.0,2.0,N ,Sun
17-04-2016,27.0,34.0,28.9,82.0,0.0,5.8,5.0,110.0,2.0,N ,Sun
18-04-2016,25.0,33.8,29.0,81.0,45.4,5.0,3.0,60.0,1.0,N ,Rain
19-04-2016,26.0,33.0,29.4,80.0,13.7,5.0,5.0,30.0,2.0,N ,Rain
20-04-2016,26.0,31.4,28.8,79.0,8.0,5.8,4.0,300.0,1.0,N ,Rain
21-04-2016,25.0,32.0,27.7,86.0,124.5,5.2,3.0,20.0,1.0,N ,Rain
22-04-2016,25.0,33.4,29.4,77.0,2.0,4.0,5.0,50.0,2.0,E ,Drizzle
23-04-2016,27.0,33.2,30.0,75.0,0.0,7.0,3.0,40.0,2.0,E ,Sun
24-04-2016,27.0,33.4,29.7,74.0,0.0,4.0,4.0,90.0,1.0,N ,Sun
25-04-2016,27.0,33.6,29.9,76.0,8888.0,5.0,5.0,70.0,2.0,N ,Rain
26-04-2016,27.0,30.0,27.7,86.0,0.7,5.2,3.0,360.0,1.0,N ,Sun
27-04-2016,27.0,33.2,29.1,77.0,1.0,0.0,3.0,90.0,1.0,N ,Drizzle
28-04-2016,26.0,33.8,29.6,75.0,8888.0,3.5,4.0,70.0,2.0,N ,Rain
29-04-2016,27.0,34.0,29.4,75.0,0.0,5.7,4.0,140.0,1.0,N ,Sun
30-04-2016,27.0,33.2,29.7,76.0,0.0,3.5,4.0,210.0,1.0,N ,Sun
01-05-2016,26.0,32.4,29.1,80.0,1.4,3.0,4.0,80.0,2.0,N ,Drizzle
02-05-2016,27.0,34.4,29.9,74.0,0.0,7.6,4.0,90.0,1.0,N ,Sun
03-05-2016,27.0,33.6,29.9,77.0,2.6,3.7,3.0,50.0,1.0,N ,Drizzle
04-05-2016,28.0,33.7,30.3,74.0,0.0,6.3,4.0,90.0,2.0,E ,Sun
05-05-2016,28.0,29.4,28.2,84.0,0.0,6.3,4.0,320.0,0.0,N ,Sun
06-05-2016,26.0,32.4,28.8,80.0,5.8,0.0,3.0,320.0,0.0,N ,Rain
07-05-2016,27.0,32.6,29.4,77.0,0.0,4.5,4.0,200.0,1.0,N ,Sun
08-05-2016,,32.6,28.6,81.0,0.5,5.6,5.0,340.0,1.0,N ,Sun
09-05-2016,26.0,32.4,28.9,80.0,34.2,,4.0,310.0,1.0,N ,Rain
10-05-2016,27.0,34.0,29.6,76.0,1.0,4.0,3.0,160.0,1.0,N ,Drizzle
11-05-2016,27.0,34.4,30.0,77.0,0.0,6.6,4.0,170.0,1.0,S ,Sun
12-05-2016,26.0,34.0,30.0,75.0,0.0,4.2,4.0,10.0,1.0,N ,Sun
13-05-2016,27.0,35.2,30.6,73.0,1.0,3.0,3.0,120.0,1.0,SE,Drizzle
14-05-2016,,33.4,28.9,82.0,14.5,6.4,4.0,120.0,1.0,N ,Rain
15-05-2016,27.0,34.2,30.0,80.0,0.0,1.0,3.0,160.0,1.0,N ,Sun
16-05-2016,28.0,32.6,29.2,80.0,0.0,5.0,3.0,90.0,1.0,N ,Sun
17-05-2016,27.0,32.2,29.1,80.0,4.0,1.2,3.0,320.0,0.0,N ,Drizzle
18-05-2016,27.0,33.6,29.4,78.0,0.6,1.5,3.0,340.0,2.0,N ,Sun
19-05-2016,27.0,33.2,30.5,75.0,0.0,5.0,4.0,290.0,1.0,N ,Sun
20-05-2016,26.0,33.4,30.1,75.0,0.0,4.9,3.0,340.0,0.0,N ,Sun
21-05-2016,26.0,31.8,27.8,86.0,53.0,4.2,4.0,290.0,1.0,N ,Rain
22-05-2016,26.0,31.6,28.6,82.0,5.6,4.0,4.0,280.0,1.0,N ,Rain
23-05-2016,,32.4,28.4,85.0,5.7,,4.0,20.0,1.0,N ,Rain
24-05-2016,26.0,32.8,29.0,83.0,19.5,4.2,4.0,60.0,1.0,N ,Rain
25-05-2016,26.0,34.0,29.4,77.0,4.4,6.5,3.0,90.0,1.0,N ,Drizzle
26-05-2016,26.0,32.6,29.3,77.0,0.0,5.0,4.0,10.0,1.0,N ,Sun
27-05-2016,28.0,30.8,28.6,84.0,0.0,0.4,3.0,110.0,1.0,N ,Sun
28-05-2016,27.0,34.2,29.9,74.0,8888.0,0.2,3.0,290.0,2.0,W ,Rain
29-05-2016,,30.4,27.1,86.0,0.0,3.0,2.0,360.0,0.0,N ,Sun
30-05-2016,26.0,31.4,27.5,85.0,2.5,0.0,3.0,360.0,0.0,N ,Drizzle
31-05-2016,25.0,32.6,28.6,78.0,,,10.0,0.0,2.0,W ,Sun
01-06-2016,26.0,33.2,29.9,77.0,8888.0,1.0,3.0,60.0,1.0,N ,Rain
02-06-2016,28.0,34.0,30.0,76.0,0.0,6.4,4.0,90.0,1.0,E ,Sun
03-06-2016,26.0,33.8,29.3,73.0,0.0,5.5,3.0,270.0,1.0,N ,Sun
04-06-2016,27.0,33.8,29.5,77.0,8888.0,2.6,3.0,90.0,1.0,N ,Rain
05-06-2016,27.0,31.8,28.4,81.0,0.0,6.4,4.0,290.0,1.0,N ,Sun
06-06-2016,26.0,32.4,28.3,79.0,0.0,1.0,3.0,310.0,0.0,N ,Sun
07-06-2016,26.0,34.2,28.9,77.0,1.6,4.0,3.0,100.0,1.0,N ,Drizzle
08-06-2016,26.0,33.6,29.2,70.0,8888.0,6.8,4.0,270.0,2.0,N ,Rain
09-06-2016,26.0,32.4,29.0,77.0,0.0,6.5,3.0,150.0,1.0,N ,Sun
10-06-2016,26.0,33.2,29.0,80.0,31.0,2.0,3.0,80.0,1.0,N ,Rain
11-06-2016,26.0,34.6,29.3,76.0,0.0,6.2,4.0,10.0,2.0,N ,Sun
12-06-2016,26.0,33.2,29.1,74.0,0.0,6.9,3.0,350.0,1.0,N ,Sun
13-06-2016,27.0,33.0,29.6,75.0,0.0,6.0,2.0,100.0,0.0,N ,Sun
14-06-2016,27.0,31.2,28.4,76.0,0.0,2.8,3.0,320.0,1.0,N ,Sun
15-06-2016,27.0,32.0,27.7,80.0,0.0,0.0,4.0,150.0,2.0,N ,Sun
16-06-2016,25.0,33.8,29.3,73.0,0.0,2.2,5.0,160.0,2.0,N ,Sun
17-06-2016,27.0,33.2,29.5,77.0,0.2,5.6,4.0,80.0,2.0,N ,Sun
18-06-2016,24.0,30.0,25.0,85.0,57.2,3.0,3.0,250.0,0.0,N ,Rain
19-06-2016,23.0,32.0,28.0,78.0,4.2,0.0,4.0,340.0,1.0,N ,Drizzle
20-06-2016,25.0,,28.4,78.0,0.0,4.0,3.0,300.0,1.0,N ,Sun
21-06-2016,26.0,35.0,29.5,73.0,0.0,1.0,5.0,320.0,1.0,N ,Sun
22-06-2016,25.0,32.6,28.1,80.0,5.5,4.0,4.0,20.0,1.0,N ,Rain
23-06-2016,25.0,33.4,28.3,78.0,0.2,3.7,3.0,320.0,1.0,N ,Sun
24-06-2016,26.0,32.2,29.2,77.0,6.4,5.5,6.0,250.0,1.0,N ,Rain
25-06-2016,24.0,33.4,27.5,81.0,59.0,4.0,3.0,320.0,1.0,N ,Rain
26-06-2016,24.0,32.8,27.9,80.0,0.0,5.0,7.0,320.0,2.0,N ,Sun
27-06-2016,25.0,31.6,28.3,77.0,21.0,4.6,6.0,260.0,1.0,N ,Rain
28-06-2016,26.0,32.2,28.7,74.0,0.0,2.0,5.0,310.0,1.0,N ,Sun
29-06-2016,26.0,32.2,28.8,76.0,0.0,2.4,4.0,320.0,1.0,N ,Sun
30-06-2016,25.0,33.0,28.8,79.0,15.8,0.2,3.0,40.0,1.0,N ,Rain
01-07-2016,25.0,31.4,28.1,85.0,3.0,4.4,4.0,160.0,1.0,N ,Drizzle
02-07-2016,26.0,33.2,29.6,74.0,,1.0,3.0,200.0,1.0,N ,Sun
03-07-2016,26.0,33.0,29.1,76.0,0.0,4.3,6.0,270.0,1.0,N ,Sun
04-07-2016,24.0,33.4,28.4,82.0,59.0,4.3,4.0,80.0,1.0,N ,Rain
05-07-2016,24.0,33.8,29.2,79.0,0.0,5.4,5.0,160.0,2.0,N ,Sun
06-07-2016,26.0,34.2,29.1,78.0,0.5,4.5,4.0,60.0,1.0,N ,Sun
07-07-2016,25.0,34.2,29.7,76.0,0.0,7.2,5.0,40.0,2.0,N ,Sun
08-07-2016,25.0,33.6,28.8,77.0,0.8,6.7,4.0,170.0,1.0,N ,Sun
09-07-2016,26.0,35.0,29.9,71.0,0.0,6.5,4.0,90.0,1.0,N ,Sun
10-07-2016,27.0,31.2,28.4,78.0,0.0,6.3,4.0,130.0,1.0,N ,Sun
11-07-2016,27.0,34.0,29.4,76.0,0.0,1.0,4.0,170.0,1.0,N ,Sun
12-07-2016,25.0,33.0,28.7,77.0,4.5,6.5,3.0,320.0,1.0,N ,Drizzle
13-07-2016,26.0,32.4,28.4,76.0,0.0,5.3,3.0,30.0,1.0,N ,Sun
14-07-2016,27.0,33.2,29.2,75.0,0.0,4.0,4.0,60.0,1.0,N ,Sun
15-07-2016,27.0,33.6,29.6,74.0,0.0,4.0,3.0,90.0,1.0,N ,Sun
16-07-2016,27.0,32.6,26.3,92.0,0.0,5.0,3.0,130.0,2.0,N ,Sun
17-07-2016,26.0,32.6,28.0,85.0,76.0,3.6,4.0,280.0,2.0,N ,Rain
18-07-2016,24.0,32.2,27.6,82.0,32.0,4.0,4.0,310.0,1.0,N ,Rain
19-07-2016,25.0,32.0,27.9,83.0,0.0,6.4,3.0,310.0,1.0,N ,Sun
20-07-2016,25.0,32.0,26.4,87.0,15.8,3.0,4.0,290.0,2.0,N ,Rain
21-07-2016,24.0,31.6,27.8,78.0,44.7,2.2,3.0,160.0,1.0,N ,Rain
22-07-2016,25.0,31.0,26.3,86.0,0.0,6.2,3.0,40.0,1.0,N ,Sun
23-07-2016,25.0,33.6,28.3,76.0,14.8,2.0,4.0,130.0,1.0,N ,Rain
24-07-2016,25.0,32.0,27.3,83.0,0.0,6.5,5.0,230.0,1.0,N ,Sun
25-07-2016,25.0,31.2,27.7,78.0,8.0,5.0,4.0,270.0,1.0,N ,Rain
26-07-2016,24.0,32.4,28.0,76.0,0.0,0.4,4.0,320.0,2.0,N ,Sun
27-07-2016,26.0,33.8,29.1,71.0,0.0,6.2,3.0,140.0,1.0,N ,Sun
28-07-2016,24.0,33.4,28.8,72.0,0.0,6.0,4.0,70.0,1.0,N ,Sun
29-07-2016,25.0,34.4,29.8,71.0,0.0,6.0,4.0,120.0,1.0,N ,Sun
30-07-2016,25.0,32.6,28.5,77.0,0.2,5.7,4.0,320.0,2.0,E ,Sun
31-07-2016,26.0,33.4,29.3,70.0,0.0,4.5,4.0,50.0,2.0,N ,Sun
01-08-2016,27.0,32.6,29.3,73.0,0.0,6.7,4.0,180.0,1.0,N ,Sun
02-08-2016,25.0,32.6,28.2,79.0,24.5,5.2,3.0,320.0,1.0,N ,Rain
03-08-2016,25.0,32.4,28.4,63.0,2.8,6.0,4.0,340.0,1.0,N ,Drizzle
04-08-2016,26.0,33.0,28.5,72.0,0.0,6.8,4.0,170.0,1.0,N ,Sun
05-08-2016,25.0,32.4,28.7,71.0,0.0,5.5,3.0,90.0,1.0,N ,Sun
06-08-2016,26.0,33.6,28.9,71.0,0.0,6.0,5.0,310.0,2.0,N ,Sun
07-08-2016,26.0,32.8,28.4,74.0,0.0,7.0,4.0,250.0,1.0,N ,Sun
08-08-2016,26.0,30.6,28.3,82.0,6.5,4.0,3.0,70.0,1.0,N ,Rain
09-08-2016,26.0,32.0,28.5,79.0,18.2,1.6,3.0,60.0,1.0,N ,Rain
10-08-2016,25.0,34.0,29.0,77.0,2.6,4.0,3.0,140.0,1.0,N ,Drizzle
11-08-2016,26.0,32.0,28.8,79.0,4.0,6.5,4.0,30.0,1.0,N ,Drizzle
12-08-2016,26.0,32.2,28.4,77.0,8888.0,4.5,3.0,320.0,1.0,N ,Rain
13-08-2016,26.0,,29.5,72.0,0.0,3.4,4.0,90.0,1.0,N ,Sun
14-08-2016,25.0,30.0,26.5,87.0,28.8,1.0,3.0,320.0,1.0,N ,Rain
15-08-2016,25.0,32.0,28.0,79.0,5.6,0.9,3.0,340.0,1.0,N ,Rain
16-08-2016,26.0,31.4,28.4,77.0,0.0,1.3,3.0,40.0,1.0,N ,Sun
17-08-2016,25.0,34.0,29.0,73.0,0.0,2.0,4.0,60.0,2.0,N ,Sun
18-08-2016,26.0,31.8,28.8,75.0,0.0,7.0,3.0,120.0,1.0,N ,Sun
19-08-2016,27.0,32.0,29.2,76.0,0.0,1.5,3.0,320.0,1.0,N ,Sun
20-08-2016,24.0,31.6,27.7,76.0,50.0,3.5,4.0,320.0,1.0,N ,Rain
21-08-2016,25.0,32.0,28.5,75.0,0.0,7.0,3.0,320.0,1.0,N ,Sun
22-08-2016,26.0,32.0,28.3,75.0,8888.0,7.0,3.0,70.0,1.0,N ,Rain
23-08-2016,25.0,31.0,28.1,78.0,4.0,5.0,5.0,300.0,2.0,N ,Drizzle
24-08-2016,25.0,30.8,27.6,80.0,13.8,5.1,4.0,80.0,2.0,N ,Rain
25-08-2016,25.0,32.0,28.1,76.0,0.0,4.0,4.0,330.0,1.0,N ,Sun
26-08-2016,26.0,32.0,28.6,79.0,0.0,2.3,3.0,310.0,1.0,N ,Sun
27-08-2016,26.0,33.0,28.1,78.0,0.0,,4.0,100.0,2.0,E ,Sun
28-08-2016,25.0,32.0,28.6,77.0,3.6,3.5,4.0,120.0,1.0,N ,Drizzle
29-08-2016,26.0,31.2,27.9,83.0,0.0,3.2,3.0,160.0,0.0,N ,Sun
30-08-2016,26.0,30.8,25.9,92.0,20.0,2.0,3.0,330.0,1.0,N ,Rain
31-08-2016,24.0,33.2,28.8,77.0,42.8,3.0,4.0,180.0,1.0,N ,Rain
01-09-2016,25.0,33.0,28.8,79.0,0.0,4.7,6.0,320.0,2.0,C ,Sun
02-09-2016,26.0,32.0,29.3,76.0,8888.0,7.2,3.0,330.0,1.0,N ,Rain
03-09-2016,26.0,31.6,28.7,77.0,8.6,6.4,3.0,30.0,1.0,N ,Rain
04-09-2016,26.0,33.0,29.0,77.0,0.0,6.0,4.0,120.0,2.0,W ,Sun
05-09-2016,25.0,32.8,28.5,79.0,55.0,7.0,4.0,360.0,1.0,N ,Rain
06-09-2016,26.0,32.8,29.1,76.0,0.0,6.6,4.0,320.0,2.0,N ,Sun
07-09-2016,25.0,33.0,27.4,80.0,8.0,7.0,4.0,90.0,2.0,E ,Rain
08-09-2016,25.0,31.0,27.9,79.0,27.5,7.8,3.0,210.0,1.0,N ,Rain
09-09-2016,25.0,33.0,29.3,74.0,0.0,4.8,4.0,90.0,1.0,N ,Sun
10-09-2016,27.0,32.6,29.4,70.0,0.0,6.0,4.0,90.0,2.0,N ,Sun
11-09-2016,25.0,34.2,28.8,73.0,0.0,4.8,2.0,10.0,0.0,N ,Sun
12-09-2016,26.0,32.2,28.5,70.0,0.0,8.0,5.0,360.0,1.0,N ,Sun
13-09-2016,26.0,32.6,28.9,69.0,0.0,8.0,4.0,100.0,2.0,N ,Sun
14-09-2016,26.0,32.2,29.1,74.0,0.0,7.7,3.0,30.0,1.0,N ,Sun
15-09-2016,25.0,32.8,27.7,80.0,6.0,5.6,2.0,270.0,0.0,N ,Rain
16-09-2016,26.0,32.6,28.6,78.0,0.0,7.0,4.0,90.0,2.0,E ,Sun
17-09-2016,26.0,32.0,28.8,76.0,0.0,4.4,3.0,220.0,1.0,N ,Sun
18-09-2016,25.0,33.0,28.5,82.0,20.5,2.3,2.0,350.0,0.0,N ,Rain
19-09-2016,27.0,31.6,27.2,89.0,0.0,4.2,4.0,100.0,2.0,N ,Sun
20-09-2016,26.0,33.6,29.1,80.0,13.0,3.0,4.0,260.0,2.0,W ,Rain
21-09-2016,26.0,32.6,27.8,80.0,0.0,7.5,4.0,270.0,1.0,N ,Sun
22-09-2016,26.0,30.4,28.0,81.0,6.5,2.0,4.0,310.0,1.0,N ,Rain
23-09-2016,25.0,32.0,27.7,84.0,0.0,0.3,4.0,320.0,1.0,N ,Sun
24-09-2016,25.0,32.2,27.3,83.0,59.8,3.5,4.0,260.0,1.0,N ,Rain
25-09-2016,26.0,33.0,29.1,78.0,0.6,2.4,5.0,90.0,2.0,W ,Sun
26-09-2016,25.0,32.2,28.3,77.0,22.8,6.2,4.0,270.0,2.0,W ,Rain
27-09-2016,25.0,32.2,29.0,76.0,0.0,4.5,4.0,310.0,1.0,N ,Sun
28-09-2016,26.0,32.8,28.6,74.0,8888.0,2.2,4.0,100.0,2.0,N ,Rain
29-09-2016,24.0,32.2,27.9,80.0,8.7,5.5,3.0,20.0,1.0,N ,Rain
30-09-2016,25.0,29.8,27.7,82.0,0.4,,2.0,180.0,1.0,N ,Sun
01-10-2016,26.0,33.0,29.1,75.0,2.2,,5.0,250.0,2.0,W ,Drizzle
02-10-2016,26.0,32.8,28.5,75.0,0.0,,4.0,260.0,2.0,W ,Sun
03-10-2016,26.0,32.6,28.7,71.0,,,4.0,90.0,2.0,N ,Sun
04-10-2016,26.0,31.8,27.8,80.0,0.7,,4.0,320.0,1.0,N ,Sun
05-10-2016,25.0,32.6,28.6,76.0,5.8,,3.0,360.0,1.0,N ,Rain
06-10-2016,26.0,31.8,28.3,76.0,1.0,,4.0,320.0,2.0,N ,Drizzle
07-10-2016,25.0,32.6,28.5,77.0,3.2,,4.0,320.0,2.0,W ,Drizzle
08-10-2016,26.0,30.8,28.1,79.0,0.0,,4.0,270.0,1.0,N ,Sun
09-10-2016,25.0,,27.7,76.0,4.1,,3.0,290.0,1.0,N ,Drizzle
10-10-2016,26.0,30.6,27.2,84.0,4.5,,3.0,30.0,1.0,N ,Drizzle
11-10-2016,25.0,32.8,27.5,82.0,8.5,,3.0,120.0,1.0,N ,Rain
12-10-2016,25.0,29.2,27.5,85.0,15.0,,2.0,90.0,0.0,N ,Rain
13-10-2016,26.0,31.8,27.8,83.0,0.6,,4.0,10.0,1.0,N ,Sun
14-10-2016,26.0,30.2,27.6,79.0,2.2,2.2,3.0,250.0,2.0,W ,Drizzle
15-10-2016,26.0,32.0,27.7,82.0,0.0,0.0,4.0,280.0,1.0,N ,Sun
16-10-2016,25.0,33.6,29.2,76.0,14.7,,4.0,140.0,1.0,N ,Rain
17-10-2016,26.0,32.8,29.2,72.0,0.0,,3.0,170.0,2.0,NW,Sun
18-10-2016,27.0,33.4,29.6,68.0,0.0,,4.0,360.0,1.0,N ,Sun
19-10-2016,27.0,33.8,29.9,73.0,0.0,,5.0,340.0,2.0,N ,Sun
20-10-2016,27.0,32.8,29.8,72.0,0.0,,3.0,320.0,1.0,N ,Sun
21-10-2016,27.0,32.4,27.9,83.0,0.0,,3.0,110.0,0.0,N ,Sun
22-10-2016,26.0,32.0,28.6,82.0,21.0,1.1,3.0,60.0,1.0,N ,Rain
23-10-2016,25.0,29.6,25.5,93.0,7.3,1.6,3.0,250.0,1.0,N ,Rain
24-10-2016,25.0,31.8,28.2,78.0,20.8,0.0,3.0,310.0,0.0,N ,Rain
25-10-2016,24.0,31.4,27.8,81.0,7.0,2.0,6.0,310.0,2.0,N ,Rain
26-10-2016,25.0,31.8,28.8,77.0,1.4,7.5,3.0,330.0,1.0,N ,Drizzle
27-10-2016,26.0,31.4,28.0,79.0,2.2,,3.0,320.0,1.0,N ,Drizzle
28-10-2016,27.0,31.6,27.9,79.0,0.0,2.2,3.0,300.0,1.0,N ,Sun
29-10-2016,25.0,33.4,28.0,81.0,13.0,0.0,5.0,160.0,2.0,N ,Rain
30-10-2016,26.0,32.2,28.5,76.0,1.6,,5.0,270.0,1.0,N ,Drizzle
31-10-2016,26.0,32.8,28.8,74.0,0.0,,5.0,340.0,2.0,W ,Sun
01-11-2016,26.0,34.0,28.7,76.0,0.0,2.4,5.0,280.0,2.0,W ,Sun
02-11-2016,25.0,33.2,28.9,73.0,19.7,2.3,4.0,250.0,2.0,N ,Rain
03-11-2016,27.0,32.0,28.9,73.0,0.0,2.1,4.0,300.0,1.0,N ,Sun
04-11-2016,27.0,31.6,28.9,75.0,2.6,0.0,4.0,330.0,1.0,N ,Drizzle
05-11-2016,25.0,31.6,28.6,74.0,0.0,,4.0,360.0,1.0,N ,Sun
06-11-2016,27.0,32.4,29.2,74.0,0.0,0.0,6.0,320.0,2.0,N ,Sun
07-11-2016,27.0,33.6,29.6,76.0,0.0,3.2,5.0,320.0,2.0,N ,Sun
08-11-2016,26.0,31.6,28.1,82.0,0.0,3.5,3.0,320.0,1.0,N ,Sun
09-11-2016,25.0,32.2,27.9,80.0,51.0,0.0,5.0,340.0,2.0,N ,Rain
10-11-2016,26.0,32.0,27.4,80.0,0.0,6.4,5.0,300.0,2.0,W ,Sun
11-11-2016,25.0,31.0,27.3,83.0,1.7,4.0,5.0,260.0,1.0,N ,Drizzle
12-11-2016,25.0,32.0,27.9,83.0,16.0,3.0,3.0,140.0,1.0,N ,Rain
13-11-2016,26.0,31.0,27.3,85.0,11.8,3.2,4.0,290.0,2.0,W ,Rain
14-11-2016,25.0,31.6,27.4,81.0,41.0,1.9,4.0,310.0,2.0,N ,Rain
15-11-2016,26.0,32.4,28.1,75.0,0.0,2.0,3.0,140.0,1.0,N ,Sun
16-11-2016,25.0,32.2,28.7,76.0,4.0,1.6,4.0,290.0,2.0,N ,Drizzle
17-11-2016,25.0,32.4,28.7,77.0,1.0,,4.0,300.0,1.0,N ,Drizzle
18-11-2016,27.0,31.4,28.2,79.0,0.0,6.4,3.0,10.0,1.0,N ,Sun
19-11-2016,26.0,34.2,29.9,71.0,0.2,2.0,5.0,180.0,2.0,N ,Sun
20-11-2016,26.0,33.0,28.6,80.0,0.0,9.0,3.0,40.0,1.0,N ,Sun
21-11-2016,26.0,30.8,27.7,83.0,7.0,4.0,3.0,230.0,1.0,N ,Rain
22-11-2016,25.0,32.4,27.9,78.0,28.2,0.0,4.0,290.0,2.0,N ,Rain
23-11-2016,26.0,32.0,28.4,79.0,0.7,2.6,4.0,280.0,1.0,N ,Sun
24-11-2016,26.0,32.0,29.3,74.0,0.0,3.5,3.0,310.0,2.0,W ,Sun
25-11-2016,27.0,32.0,28.7,76.0,0.0,3.0,4.0,260.0,1.0,N ,Sun
26-11-2016,26.0,31.4,28.7,79.0,0.0,1.0,3.0,320.0,1.0,N ,Sun
27-11-2016,26.0,32.2,29.0,78.0,4.0,6.0,3.0,360.0,1.0,N ,Drizzle
28-11-2016,26.0,31.4,28.1,83.0,9.4,4.0,4.0,270.0,1.0,N ,Rain
29-11-2016,25.0,30.0,27.1,82.0,1.6,4.3,3.0,280.0,1.0,N ,Drizzle
30-11-2016,25.0,31.0,28.5,76.0,0.0,0.0,4.0,240.0,1.0,N ,Sun
01-12-2016,26.0,31.2,28.5,73.0,0.0,0.0,5.0,260.0,2.0,W ,Sun
02-12-2016,26.0,30.2,26.8,84.0,8888.0,1.6,5.0,290.0,2.0,W ,Rain
03-12-2016,25.0,32.8,28.5,76.0,6.4,0.3,5.0,280.0,3.0,W ,Rain
04-12-2016,25.0,30.0,25.0,89.0,0.4,2.2,6.0,190.0,2.0,N ,Sun
05-12-2016,24.0,28.4,25.8,86.0,14.8,0.2,5.0,240.0,3.0,W ,Rain
06-12-2016,24.0,30.8,27.7,77.0,1.7,0.3,5.0,260.0,2.0,W ,Drizzle
07-12-2016,26.0,32.0,28.8,75.0,0.0,3.5,5.0,320.0,2.0,N ,Sun
08-12-2016,25.0,32.2,28.3,79.0,8888.0,1.9,5.0,10.0,2.0,N ,Rain
09-12-2016,25.0,33.0,29.3,71.0,14.4,7.3,4.0,260.0,2.0,W ,Rain
10-12-2016,27.0,34.4,29.9,71.0,0.0,5.0,5.0,250.0,2.0,W ,Sun
11-12-2016,26.0,31.0,27.7,80.0,0.0,7.0,5.0,340.0,1.0,N ,Sun
12-12-2016,25.0,30.6,27.2,79.0,3.1,2.3,5.0,250.0,2.0,W ,Drizzle
13-12-2016,26.0,34.0,29.4,70.0,0.0,3.0,4.0,280.0,2.0,W ,Sun
14-12-2016,27.0,30.6,28.0,77.0,0.0,4.0,4.0,320.0,2.0,W ,Sun
15-12-2016,25.0,33.0,28.6,72.0,0.8,1.8,4.0,250.0,2.0,W ,Sun
16-12-2016,27.0,32.2,29.2,72.0,0.0,4.5,4.0,300.0,2.0,N ,Sun
17-12-2016,27.0,30.2,27.5,84.0,0.0,3.0,3.0,260.0,1.0,N ,Sun
18-12-2016,26.0,32.4,28.8,75.0,7.3,0.3,5.0,250.0,3.0,W ,Rain
19-12-2016,26.0,31.4,28.0,78.0,0.0,5.0,5.0,270.0,2.0,W ,Sun
20-12-2016,26.0,34.0,29.6,71.0,1.3,0.3,7.0,250.0,4.0,W ,Drizzle
21-12-2016,27.0,32.4,29.0,75.0,0.0,8.7,5.0,260.0,2.0,W ,Sun
22-12-2016,26.0,32.0,28.4,76.0,0.4,3.5,5.0,250.0,3.0,W ,Sun
23-12-2016,26.0,33.2,29.2,73.0,0.5,4.3,6.0,280.0,3.0,W ,Sun
24-12-2016,27.0,32.2,28.8,74.0,0.0,7.0,5.0,250.0,3.0,W ,Sun
25-12-2016,26.0,32.4,28.2,75.0,0.0,2.5,3.0,290.0,1.0,N ,Sun
26-12-2016,26.0,31.4,28.6,79.0,8888.0,1.2,5.0,300.0,2.0,W ,Rain
27-12-2016,26.0,31.6,28.1,75.0,7.0,2.0,5.0,260.0,2.0,N ,Rain
28-12-2016,25.0,33.0,29.8,67.0,0.0,1.0,5.0,260.0,2.0,W ,Sun
29-12-2016,27.0,31.0,28.6,75.0,0.0,5.0,6.0,300.0,3.0,W ,Sun
30-12-2016,27.0,31.6,28.7,75.0,0.0,2.6,5.0,320.0,2.0,N ,Sun
31-12-2016,25.0,33.0,28.6,76.0,0.0,2.0,5.0,320.0,2.0,NW,Sun
01-01-2017,26.0,34.4,29.9,70.0,0.2,5.0,4.0,300.0,2.0,W ,Sun
02-01-2017,27.0,34.2,30.2,68.0,0.0,7.5,4.0,290.0,2.0,N ,Sun
03-01-2017,26.0,33.8,29.9,71.0,0.0,8.2,6.0,310.0,2.0,N ,Sun
04-01-2017,25.0,30.4,27.4,79.0,38.7,5.0,3.0,250.0,2.0,NW,Rain
05-01-2017,25.0,31.4,28.0,81.0,9.0,,4.0,270.0,1.0,N ,Rain
06-01-2017,25.0,31.0,27.7,85.0,45.0,,3.0,320.0,1.0,N ,Rain
07-01-2017,26.0,31.8,28.7,76.0,3.0,5.3,4.0,290.0,2.0,W ,Drizzle
08-01-2017,26.0,31.8,29.1,72.0,0.0,4.0,4.0,300.0,2.0,NW,Sun
09-01-2017,25.0,31.4,27.9,77.0,0.3,6.8,4.0,290.0,1.0,N ,Sun
10-01-2017,25.0,31.2,27.8,83.0,12.5,1.0,5.0,300.0,1.0,N ,Rain
11-01-2017,25.0,,27.4,87.0,5.6,5.2,4.0,260.0,1.0,N ,Rain
12-01-2017,25.0,33.0,28.1,78.0,17.2,1.1,5.0,250.0,2.0,W ,Rain
13-01-2017,25.0,31.6,28.3,75.0,0.0,4.3,8.0,220.0,3.0,W ,Sun
14-01-2017,26.0,28.2,26.7,78.0,0.0,1.7,6.0,210.0,2.0,N ,Sun
15-01-2017,25.0,31.0,28.0,77.0,3.0,0.6,4.0,260.0,3.0,SW,Drizzle
16-01-2017,26.0,30.0,26.4,87.0,1.8,0.0,4.0,260.0,2.0,W ,Drizzle
17-01-2017,24.0,31.8,27.3,77.0,30.2,0.2,6.0,330.0,2.0,SW,Rain
18-01-2017,25.0,31.8,28.6,73.0,8888.0,3.0,5.0,20.0,2.0,N ,Rain
19-01-2017,25.0,33.0,28.2,76.0,0.0,5.6,6.0,270.0,4.0,W ,Sun
20-01-2017,26.0,34.4,29.7,66.0,0.0,9.3,8.0,220.0,2.0,W ,Sun
21-01-2017,25.0,31.8,28.8,74.0,0.0,9.5,6.0,330.0,2.0,N ,Sun
22-01-2017,26.0,30.8,28.4,78.0,0.0,6.0,6.0,300.0,3.0,W ,Sun
23-01-2017,26.0,34.0,29.0,71.0,0.0,3.2,7.0,250.0,3.0,W ,Sun
24-01-2017,27.0,32.6,28.6,77.0,0.0,6.6,4.0,290.0,2.0,W ,Sun
25-01-2017,26.0,32.0,28.9,74.0,0.0,5.0,7.0,320.0,2.0,NW,Sun
26-01-2017,24.0,30.2,27.3,83.0,17.2,3.7,5.0,300.0,2.0,N ,Rain
27-01-2017,25.0,31.0,28.0,78.0,8888.0,0.0,4.0,260.0,2.0,NW,Rain
28-01-2017,26.0,29.2,27.4,83.0,6.6,0.0,5.0,250.0,2.0,W ,Rain
29-01-2017,25.0,29.2,27.0,82.0,17.2,0.0,5.0,330.0,2.0,N ,Rain
30-01-2017,25.0,30.8,27.3,82.0,3.7,0.2,4.0,290.0,1.0,N ,Drizzle
31-01-2017,25.0,29.0,26.6,85.0,3.0,1.0,4.0,300.0,1.0,N ,Drizzle
01-02-2017,24.0,29.6,26.2,85.0,16.7,0.0,4.0,320.0,1.0,N ,Rain
02-02-2017,25.0,30.4,26.7,84.0,5.0,0.5,3.0,310.0,1.0,N ,Drizzle
03-02-2017,25.0,29.2,25.9,84.0,11.4,0.8,4.0,250.0,2.0,W ,Rain
04-02-2017,24.0,32.0,27.6,78.0,29.8,1.3,8.0,260.0,4.0,W ,Rain
05-02-2017,25.0,32.4,28.6,75.0,8888.0,6.0,7.0,320.0,3.0,W ,Rain
06-02-2017,26.0,31.6,28.3,73.0,3.6,6.5,4.0,280.0,2.0,W ,Drizzle
07-02-2017,26.0,31.6,28.6,74.0,3.2,5.2,6.0,330.0,2.0,N ,Drizzle
08-02-2017,25.0,31.8,28.0,75.0,0.0,3.0,6.0,330.0,3.0,NW,Sun
09-02-2017,26.0,29.4,27.4,79.0,0.0,2.5,4.0,280.0,2.0,N ,Sun
10-02-2017,25.0,29.0,26.4,87.0,8.3,0.4,4.0,320.0,1.0,W ,Rain
11-02-2017,24.0,28.8,26.0,87.0,25.9,0.0,6.0,310.0,2.0,N ,Rain
12-02-2017,25.0,29.6,27.2,84.0,26.9,0.0,5.0,330.0,2.0,N ,Rain
13-02-2017,24.0,30.6,27.4,81.0,21.5,2.5,6.0,290.0,2.0,N ,Rain
14-02-2017,24.0,30.4,26.5,85.0,42.0,,5.0,310.0,2.0,N ,Rain
15-02-2017,24.0,30.6,26.7,83.0,29.8,2.2,7.0,320.0,2.0,N ,Rain
16-02-2017,24.0,30.6,27.2,83.0,13.4,7.5,5.0,310.0,2.0,NW,Rain
17-02-2017,24.0,30.6,27.1,84.0,30.7,5.1,5.0,320.0,1.0,N ,Rain
18-02-2017,25.0,29.8,27.9,80.0,0.0,5.6,5.0,310.0,2.0,N ,Sun
19-02-2017,26.0,29.0,26.7,90.0,16.3,2.0,4.0,290.0,1.0,NW,Rain
20-02-2017,25.0,27.6,26.1,94.0,9.2,0.0,2.0,320.0,0.0,N ,Rain
21-02-2017,23.0,29.4,25.8,88.0,179.7,,3.0,250.0,1.0,N ,Rain
22-02-2017,24.0,31.8,27.5,82.0,10.8,,6.0,310.0,2.0,N ,Rain
23-02-2017,24.0,32.0,27.4,81.0,14.5,8.7,6.0,310.0,2.0,N ,Rain
24-02-2017,25.0,30.4,27.5,84.0,0.6,5.0,6.0,320.0,2.0,N ,Sun
25-02-2017,26.0,32.4,28.5,75.0,0.0,4.2,6.0,290.0,2.0,W ,Sun
26-02-2017,25.0,30.8,27.5,83.0,10.0,2.0,6.0,310.0,2.0,N ,Rain
27-02-2017,25.0,31.6,28.1,80.0,1.0,8.0,5.0,320.0,2.0,NW,Drizzle
28-02-2017,25.0,30.8,28.2,80.0,10.5,6.5,4.0,320.0,1.0,N ,Rain
01-03-2017,26.0,32.2,28.1,78.0,0.7,3.4,6.0,340.0,1.0,N ,Sun
02-03-2017,26.0,31.6,28.2,78.0,0.0,5.0,5.0,290.0,2.0,N ,Sun
03-03-2017,26.0,30.8,27.8,84.0,7.0,,4.0,300.0,1.0,N ,Rain
04-03-2017,25.0,31.5,27.6,80.0,3.6,4.0,4.0,310.0,1.0,N ,Drizzle
05-03-2017,25.0,31.4,28.4,77.0,0.0,,4.0,310.0,2.0,NW,Sun
06-03-2017,26.0,31.6,28.7,75.0,0.0,9.0,5.0,300.0,1.0,N ,Sun
07-03-2017,25.0,30.2,27.7,79.0,0.0,3.5,5.0,250.0,1.0,N ,Sun
08-03-2017,24.0,31.5,28.0,79.0,18.4,1.2,4.0,330.0,2.0,N ,Rain
09-03-2017,25.0,30.8,28.1,78.0,0.0,5.0,4.0,300.0,1.0,N ,Sun
10-03-2017,26.0,31.2,28.3,78.0,0.0,8.3,5.0,270.0,1.0,N ,Sun
11-03-2017,25.0,31.6,27.8,79.0,0.0,5.6,5.0,300.0,2.0,N ,Sun
12-03-2017,26.0,33.0,28.6,75.0,0.0,7.5,4.0,350.0,1.0,N ,Sun
13-03-2017,26.0,34.4,28.8,73.0,2.1,5.0,5.0,320.0,1.0,N ,Drizzle
14-03-2017,26.0,33.4,29.4,72.0,0.0,,6.0,260.0,2.0,NW,Sun
15-03-2017,27.0,34.0,29.8,67.0,2.4,2.6,5.0,240.0,2.0,W ,Drizzle
16-03-2017,26.0,32.6,28.5,75.0,0.0,4.0,4.0,340.0,2.0,N ,Sun
17-03-2017,26.0,32.0,28.6,80.0,0.0,,3.0,340.0,1.0,N ,Sun
18-03-2017,26.0,32.4,27.0,82.0,6.0,3.2,4.0,260.0,1.0,N ,Rain
19-03-2017,26.0,31.6,27.9,79.0,7.4,0.3,5.0,300.0,2.0,N ,Rain
20-03-2017,26.0,31.0,27.6,80.0,0.5,6.0,3.0,270.0,1.0,N ,Sun
21-03-2017,26.0,31.0,28.1,81.0,13.0,1.0,5.0,300.0,1.0,N ,Rain
22-03-2017,25.0,31.0,27.4,84.0,13.5,4.0,5.0,320.0,2.0,NW,Rain
23-03-2017,24.0,29.0,25.9,86.0,16.0,1.2,3.0,320.0,1.0,N ,Rain
24-03-2017,24.0,32.2,28.1,79.0,6.4,1.4,5.0,310.0,1.0,N ,Rain
25-03-2017,27.0,,28.6,79.0,0.0,9.0,4.0,320.0,1.0,N ,Sun
26-03-2017,26.0,32.0,28.6,80.0,0.0,0.8,5.0,320.0,1.0,N ,Sun
27-03-2017,,31.8,27.4,80.0,18.4,1.8,4.0,280.0,1.0,N ,Rain
28-03-2017,25.0,32.2,27.4,82.0,0.0,7.3,5.0,310.0,1.0,N ,Sun
29-03-2017,25.0,33.6,28.8,76.0,23.3,8.0,3.0,130.0,1.0,N ,Rain
30-03-2017,26.0,32.6,28.6,73.0,0.0,6.0,4.0,270.0,2.0,W ,Sun
31-03-2017,26.0,30.0,26.9,83.0,0.0,6.0,3.0,270.0,1.0,N ,Sun
01-04-2017,26.0,33.0,27.9,79.0,10.2,0.4,7.0,130.0,1.0,N ,Rain
02-04-2017,25.0,32.8,27.3,84.0,49.6,5.0,4.0,320.0,1.0,N ,Rain
03-04-2017,25.0,31.8,27.8,78.0,13.3,4.0,3.0,330.0,1.0,N ,Rain
04-04-2017,25.0,33.2,27.8,80.0,8888.0,3.0,4.0,290.0,1.0,N ,Rain
05-04-2017,26.0,33.2,28.7,73.0,0.0,6.3,4.0,250.0,3.0,W ,Sun
06-04-2017,26.0,33.0,28.6,73.0,0.0,6.5,5.0,270.0,2.0,W ,Sun
07-04-2017,26.0,33.2,28.5,74.0,0.0,5.0,5.0,260.0,3.0,W ,Sun
08-04-2017,25.0,30.4,27.4,78.0,7.1,1.0,5.0,280.0,2.0,W ,Rain
09-04-2017,25.0,34.2,28.8,75.0,0.0,2.1,5.0,310.0,2.0,N ,Sun
10-04-2017,26.0,33.8,29.4,75.0,2.6,6.0,3.0,300.0,1.0,N ,Drizzle
11-04-2017,26.0,32.0,28.3,82.0,18.0,7.7,4.0,320.0,2.0,N ,Rain
12-04-2017,25.0,31.8,27.9,79.0,19.5,3.2,4.0,310.0,2.0,N ,Rain
13-04-2017,26.0,31.2,28.4,81.0,2.4,3.0,4.0,350.0,1.0,N ,Drizzle
14-04-2017,27.0,31.8,28.6,78.0,0.0,2.4,3.0,330.0,1.0,N ,Sun
15-04-2017,26.0,32.0,28.9,79.0,0.0,4.1,3.0,330.0,1.0,N ,Sun
16-04-2017,27.0,31.2,28.7,78.0,0.4,6.0,4.0,20.0,1.0,N ,Sun
17-04-2017,27.0,32.8,29.0,79.0,0.0,0.0,3.0,60.0,1.0,N ,Sun
18-04-2017,26.0,32.2,28.7,80.0,0.0,4.5,4.0,320.0,1.0,N ,Sun
19-04-2017,26.0,32.0,27.9,80.0,0.0,3.5,4.0,340.0,1.0,N ,Sun
20-04-2017,25.0,34.2,29.2,74.0,7.5,6.5,4.0,70.0,1.0,N ,Rain
21-04-2017,26.0,32.8,29.0,79.0,0.0,6.7,3.0,170.0,1.0,N ,Sun
22-04-2017,27.0,31.4,28.5,81.0,0.6,3.0,3.0,320.0,1.0,N ,Sun
23-04-2017,26.0,32.8,28.8,74.0,6.3,4.5,3.0,310.0,1.0,N ,Rain
24-04-2017,26.0,33.4,29.5,75.0,0.0,2.0,4.0,340.0,1.0,N ,Sun
25-04-2017,27.0,34.0,29.8,73.0,0.4,6.0,4.0,50.0,1.0,N ,Sun
26-04-2017,27.0,32.0,27.9,81.0,0.0,6.5,3.0,300.0,1.0,N ,Sun
27-04-2017,25.0,32.4,28.3,78.0,0.0,1.0,5.0,30.0,1.0,N ,Sun
28-04-2017,25.0,33.2,28.3,76.0,18.6,3.7,4.0,230.0,2.0,N ,Rain
29-04-2017,26.0,34.0,29.7,79.0,0.0,6.0,3.0,270.0,1.0,N ,Sun
30-04-2017,26.0,33.0,29.0,73.0,8888.0,3.0,5.0,330.0,1.0,N ,Rain
01-05-2017,27.0,33.2,28.5,78.0,0.0,5.6,5.0,350.0,2.0,N ,Sun
02-05-2017,26.0,33.4,28.0,81.0,32.0,6.5,4.0,320.0,1.0,N ,Rain
03-05-2017,26.0,32.2,29.0,80.0,4.0,5.6,4.0,310.0,1.0,N ,Drizzle
04-05-2017,26.0,33.8,29.0,78.0,46.5,3.0,4.0,80.0,1.0,N ,Rain
05-05-2017,26.0,33.4,28.9,78.0,0.0,5.4,4.0,170.0,2.0,S ,Sun
06-05-2017,25.0,30.8,27.8,83.0,3.7,5.0,3.0,60.0,1.0,N ,Drizzle
07-05-2017,25.0,31.6,27.8,82.0,5.6,4.0,5.0,40.0,1.0,N ,Rain
08-05-2017,26.0,32.6,28.4,79.0,8888.0,2.0,4.0,110.0,1.0,N ,Rain
09-05-2017,26.0,33.2,29.1,77.0,0.0,4.2,3.0,70.0,1.0,N ,Sun
10-05-2017,27.0,30.5,28.9,75.0,0.0,3.0,4.0,110.0,1.0,N ,Sun
11-05-2017,26.0,31.6,28.2,76.0,0.0,0.1,4.0,320.0,1.0,N ,Sun
12-05-2017,26.0,33.4,28.8,76.0,0.0,0.0,3.0,130.0,1.0,N ,Sun
13-05-2017,26.0,33.4,29.4,74.0,0.0,6.4,3.0,90.0,1.0,N ,Sun
14-05-2017,27.0,32.6,29.1,73.0,2.0,5.0,4.0,320.0,1.0,N ,Drizzle
15-05-2017,27.0,35.0,30.3,67.0,0.0,4.8,3.0,130.0,1.0,N ,Sun
16-05-2017,28.0,33.0,29.8,74.0,0.0,6.5,3.0,310.0,1.0,N ,Sun
17-05-2017,28.0,33.0,29.8,77.0,0.0,5.3,3.0,300.0,1.0,N ,Sun
18-05-2017,28.0,33.4,30.1,72.0,0.0,4.7,3.0,170.0,1.0,N ,Sun
19-05-2017,27.0,33.6,30.1,73.0,0.0,5.5,4.0,310.0,1.0,N ,Sun
20-05-2017,28.0,23.8,29.6,72.0,0.0,6.2,3.0,100.0,1.0,N ,Sun
21-05-2017,28.0,33.0,29.9,70.0,0.0,6.6,5.0,280.0,2.0,N ,Sun
22-05-2017,26.0,33.4,29.3,75.0,31.0,0.0,3.0,150.0,1.0,N ,Rain
23-05-2017,27.0,33.4,29.5,73.0,0.0,6.0,3.0,90.0,1.0,N ,Sun
24-05-2017,27.0,34.0,29.2,74.0,0.0,6.0,4.0,320.0,1.0,N ,Sun
25-05-2017,27.0,33.4,29.4,69.0,0.0,4.0,3.0,20.0,1.0,N ,Sun
26-05-2017,26.0,32.8,28.9,74.0,0.0,5.2,4.0,320.0,1.0,N ,Sun
27-05-2017,26.0,33.2,29.7,75.0,0.0,6.5,3.0,40.0,1.0,N ,Sun
28-05-2017,28.0,32.0,29.0,76.0,0.0,2.2,4.0,70.0,1.0,N ,Sun
29-05-2017,26.0,28.8,27.0,86.0,4.2,1.2,3.0,120.0,1.0,N ,Drizzle
30-05-2017,25.0,31.6,28.0,82.0,6.0,0.0,4.0,150.0,1.0,N ,Rain
31-05-2017,26.0,34.4,29.9,74.0,0.0,2.0,5.0,250.0,1.0,N ,Sun
01-06-2017,26.0,30.8,28.2,73.0,0.0,5.5,3.0,210.0,1.0,N ,Sun
02-06-2017,26.0,31.6,28.6,76.0,8888.0,2.0,3.0,80.0,0.0,N ,Rain
03-06-2017,27.0,32.4,29.0,80.0,0.0,0.0,4.0,320.0,1.0,N ,Sun
04-06-2017,27.0,32.8,29.0,75.0,0.0,3.5,4.0,300.0,1.0,N ,Sun
05-06-2017,27.0,32.4,29.1,76.0,0.0,6.0,4.0,350.0,2.0,N ,Sun
06-06-2017,25.0,32.6,28.5,78.0,23.0,4.0,4.0,160.0,1.0,N ,Rain
07-06-2017,26.0,33.4,29.3,75.0,0.0,4.0,3.0,80.0,2.0,SE,Sun
08-06-2017,26.0,34.2,29.3,73.0,0.0,6.0,5.0,180.0,2.0,SE,Sun
09-06-2017,27.0,35.2,29.7,74.0,0.0,6.5,3.0,90.0,1.0,E ,Sun
10-06-2017,26.0,34.0,29.4,77.0,0.0,6.5,5.0,10.0,1.0,N ,Sun
11-06-2017,27.0,31.8,28.6,81.0,19.2,6.0,3.0,300.0,1.0,N ,Rain
12-06-2017,27.0,33.8,29.7,75.0,0.0,5.5,4.0,80.0,2.0,E ,Sun
13-06-2017,26.0,33.4,30.0,75.0,0.0,5.5,3.0,70.0,2.0,E ,Sun
14-06-2017,24.0,31.0,27.7,80.0,32.6,3.0,3.0,340.0,1.0,N ,Rain
15-06-2017,25.0,32.4,28.9,79.0,0.0,1.7,3.0,90.0,1.0,N ,Sun
16-06-2017,26.0,33.8,29.3,78.0,3.5,3.0,3.0,120.0,2.0,SE,Drizzle
17-06-2017,27.0,34.2,29.6,74.0,0.0,6.5,4.0,130.0,1.0,N ,Sun
18-06-2017,25.0,33.4,28.7,75.0,0.0,6.5,5.0,300.0,1.0,N ,Sun
19-06-2017,24.0,33.6,29.0,66.0,8888.0,5.0,5.0,300.0,2.0,N ,Rain
20-06-2017,24.0,33.6,28.9,72.0,0.0,6.3,4.0,120.0,1.0,N ,Sun
21-06-2017,,34.4,29.1,73.0,,,4.0,150.0,1.0,N ,Sun
22-06-2017,26.0,30.2,28.2,79.0,0.0,4.8,3.0,50.0,1.0,N ,Sun
23-06-2017,25.0,31.2,28.4,78.0,8888.0,0.0,3.0,70.0,1.0,N ,Rain
24-06-2017,26.0,,27.4,84.0,0.0,1.0,3.0,110.0,1.0,N ,Sun
25-06-2017,24.0,33.4,28.1,78.0,0.1,0.0,4.0,100.0,2.0,N ,Sun
26-06-2017,25.0,31.8,28.0,81.0,2.6,4.8,4.0,80.0,2.0,E ,Drizzle
27-06-2017,24.0,32.6,27.6,77.0,12.0,4.0,4.0,100.0,1.0,N ,Rain
28-06-2017,25.0,33.2,28.6,80.0,0.0,6.4,5.0,300.0,2.0,N ,Sun
29-06-2017,26.0,33.2,28.1,78.0,0.0,6.4,6.0,320.0,2.0,N ,Sun
30-06-2017,25.0,30.8,26.9,86.0,45.5,6.3,3.0,150.0,1.0,N ,Rain
01-07-2017,24.0,33.8,28.2,78.0,10.6,2.1,4.0,70.0,1.0,N ,Rain
02-07-2017,25.0,33.2,29.1,74.0,0.0,6.5,4.0,100.0,2.0,SE,Sun
03-07-2017,27.0,33.4,29.2,77.0,0.0,6.3,4.0,100.0,1.0,N ,Sun
04-07-2017,27.0,34.4,29.8,74.0,0.0,6.5,3.0,130.0,1.0,N ,Sun
05-07-2017,27.0,34.2,29.9,73.0,0.0,6.5,4.0,320.0,1.0,N ,Sun
06-07-2017,26.0,32.6,28.2,72.0,0.0,6.2,4.0,330.0,1.0,N ,Sun
07-07-2017,26.0,32.4,28.8,73.0,0.0,2.8,5.0,330.0,1.0,N ,Sun
08-07-2017,26.0,33.0,29.2,72.0,0.0,5.7,3.0,70.0,1.0,N ,Sun
09-07-2017,27.0,32.2,29.1,70.0,0.0,5.3,4.0,320.0,1.0,N ,Sun
10-07-2017,26.0,31.0,28.2,76.0,0.0,6.0,5.0,350.0,1.0,N ,Sun
11-07-2017,25.0,31.6,28.1,79.0,16.7,4.8,4.0,360.0,1.0,N ,Rain
12-07-2017,26.0,31.6,28.0,78.0,0.0,2.2,3.0,250.0,1.0,N ,Sun
13-07-2017,26.0,31.8,27.9,78.0,11.0,3.2,4.0,300.0,1.0,N ,Rain
14-07-2017,25.0,31.8,28.4,75.0,0.0,3.0,3.0,10.0,1.0,N ,Sun
15-07-2017,26.0,31.6,28.7,71.0,0.0,1.1,3.0,170.0,0.0,N ,Sun
16-07-2017,26.0,31.2,27.8,72.0,0.0,0.0,3.0,310.0,1.0,N ,Sun
17-07-2017,25.0,32.4,28.0,62.0,0.0,2.0,4.0,40.0,1.0,N ,Sun
18-07-2017,26.0,31.0,27.9,71.0,0.0,5.7,3.0,240.0,1.0,N ,Sun
19-07-2017,25.0,32.6,28.0,78.0,0.0,0.0,4.0,320.0,1.0,N ,Sun
20-07-2017,26.0,31.8,28.3,79.0,0.2,6.2,3.0,330.0,1.0,N ,Sun
21-07-2017,25.0,31.0,27.7,80.0,81.4,5.0,4.0,60.0,1.0,N ,Rain
22-07-2017,25.0,34.0,29.2,74.0,0.0,4.2,3.0,160.0,2.0,S ,Sun
23-07-2017,26.0,32.2,28.6,81.0,0.0,5.2,3.0,30.0,0.0,N ,Sun
24-07-2017,27.0,31.6,28.3,76.0,0.0,3.3,4.0,330.0,1.0,N ,Sun
25-07-2017,25.0,33.0,28.8,67.0,8888.0,4.0,5.0,360.0,2.0,N ,Rain
26-07-2017,26.0,34.6,29.0,62.0,0.0,6.5,4.0,200.0,1.0,N ,Sun
27-07-2017,25.0,,28.5,71.0,0.0,5.6,3.0,360.0,1.0,N ,Sun
28-07-2017,26.0,,28.8,73.0,0.0,5.0,3.0,130.0,2.0,N ,Sun
29-07-2017,27.0,34.4,29.6,74.0,8888.0,6.0,4.0,120.0,1.0,N ,Rain
30-07-2017,26.0,34.2,29.2,74.0,0.0,6.4,4.0,200.0,2.0,S ,Sun
31-07-2017,26.0,33.6,29.0,78.0,0.0,6.1,4.0,320.0,1.0,N ,Sun
01-08-2017,26.0,32.6,28.3,63.0,0.0,5.8,4.0,350.0,1.0,N ,Sun
02-08-2017,25.0,34.4,28.3,64.0,0.0,5.2,4.0,160.0,2.0,N ,Sun
03-08-2017,24.0,33.4,28.2,67.0,0.0,6.3,4.0,320.0,1.0,N ,Sun
04-08-2017,26.0,33.0,28.3,66.0,0.0,6.5,5.0,320.0,1.0,N ,Sun
05-08-2017,26.0,32.6,28.7,70.0,0.0,6.4,4.0,190.0,2.0,S ,Sun
06-08-2017,25.0,32.2,29.0,71.0,0.0,5.6,3.0,300.0,1.0,N ,Sun
07-08-2017,27.0,33.0,28.9,72.0,0.0,6.0,4.0,90.0,2.0,N ,Sun
08-08-2017,26.0,33.6,28.9,72.0,0.0,6.4,4.0,200.0,2.0,N ,Sun
09-08-2017,25.0,32.0,28.6,73.0,0.0,6.6,3.0,310.0,2.0,N ,Sun
10-08-2017,25.0,32.6,27.9,76.0,0.0,2.0,5.0,310.0,1.0,N ,Sun
11-08-2017,26.0,32.6,28.9,75.0,0.0,7.0,4.0,160.0,1.0,N ,Sun
12-08-2017,26.0,32.6,28.9,77.0,0.0,4.2,3.0,50.0,2.0,SE,Sun
13-08-2017,27.0,32.0,28.7,77.0,0.0,6.0,6.0,330.0,1.0,N ,Sun
14-08-2017,27.0,32.0,28.8,76.0,0.0,3.4,4.0,180.0,2.0,S ,Sun
15-08-2017,25.0,32.0,28.0,77.0,0.0,,4.0,360.0,1.0,N ,Sun
16-08-2017,26.0,32.4,27.9,62.0,0.0,2.2,6.0,20.0,1.0,N ,Sun
17-08-2017,26.0,32.0,28.5,68.0,0.0,6.7,4.0,290.0,2.0,N ,Sun
18-08-2017,25.0,33.4,29.3,67.0,0.0,5.5,3.0,170.0,2.0,SE,Sun
19-08-2017,27.0,34.2,29.7,66.0,0.0,5.2,4.0,80.0,2.0,N ,Sun
20-08-2017,27.0,32.6,29.0,70.0,0.0,6.6,4.0,200.0,1.0,N ,Sun
21-08-2017,25.0,34.0,29.0,67.0,0.0,3.5,4.0,60.0,2.0,N ,Sun
22-08-2017,27.0,32.4,28.6,68.0,0.0,6.5,6.0,330.0,1.0,N ,Sun
23-08-2017,26.0,33.2,29.1,66.0,0.0,3.6,4.0,190.0,2.0,N ,Sun
24-08-2017,25.0,34.0,29.4,63.0,0.0,4.6,5.0,20.0,2.0,SE,Sun
25-08-2017,26.0,32.8,29.2,63.0,0.0,7.0,7.0,180.0,2.0,N ,Sun
26-08-2017,27.0,33.8,29.3,59.0,0.0,4.0,5.0,140.0,2.0,SE,Sun
27-08-2017,25.0,33.4,28.5,64.0,0.0,4.2,6.0,90.0,3.0,E ,Sun
28-08-2017,25.0,33.4,29.2,64.0,0.0,7.0,6.0,110.0,2.0,E ,Sun
29-08-2017,26.0,31.6,27.9,74.0,0.0,6.0,6.0,310.0,2.0,N ,Sun
30-08-2017,25.0,31.4,28.0,76.0,0.8,2.5,4.0,20.0,1.0,N ,Sun
31-08-2017,26.0,32.2,28.4,78.0,0.0,7.2,4.0,170.0,1.0,N ,Sun
01-09-2017,26.0,31.4,28.6,69.0,0.0,5.8,3.0,140.0,1.0,N ,Sun
02-09-2017,26.0,32.4,28.9,68.0,0.0,5.2,4.0,360.0,1.0,N ,Sun
03-09-2017,26.0,33.8,29.2,66.0,0.0,6.3,3.0,130.0,1.0,N ,Sun
04-09-2017,26.0,32.6,28.9,69.0,0.0,7.5,6.0,310.0,2.0,N ,Sun
05-09-2017,27.0,32.6,29.2,72.0,0.0,5.9,4.0,320.0,1.0,N ,Sun
06-09-2017,26.0,34.0,29.4,68.0,0.0,3.0,4.0,50.0,1.0,N ,Sun
07-09-2017,27.0,33.6,29.5,66.0,0.0,7.5,3.0,100.0,1.0,N ,Sun
08-09-2017,26.0,33.6,29.5,67.0,0.0,7.5,3.0,60.0,1.0,N ,Sun
09-09-2017,27.0,33.2,29.1,74.0,0.0,9.0,4.0,320.0,2.0,NW,Sun
10-09-2017,27.0,32.8,28.9,73.0,0.0,9.0,4.0,310.0,1.0,N ,Sun
11-09-2017,25.0,31.6,28.6,78.0,12.5,8.0,4.0,330.0,1.0,N ,Rain
12-09-2017,26.0,31.2,28.6,77.0,0.0,6.0,4.0,300.0,2.0,N ,Sun
13-09-2017,25.0,32.0,27.8,72.0,0.0,5.5,6.0,310.0,2.0,N ,Sun
14-09-2017,26.0,33.8,29.1,70.0,0.0,7.0,4.0,60.0,1.0,N ,Sun
15-09-2017,27.0,32.4,29.1,70.0,0.0,9.4,3.0,330.0,1.0,N ,Sun
16-09-2017,27.0,34.8,30.5,64.0,0.0,9.0,4.0,300.0,1.0,N ,Sun
17-09-2017,26.0,35.0,29.9,69.0,0.0,9.4,3.0,160.0,1.0,N ,Sun
18-09-2017,27.0,34.2,29.4,66.0,0.0,8.5,5.0,50.0,2.0,N ,Sun
19-09-2017,27.0,32.4,29.5,70.0,0.0,8.0,3.0,350.0,2.0,N ,Sun
20-09-2017,26.0,32.2,28.2,75.0,18.0,7.0,5.0,200.0,2.0,N ,Rain
21-09-2017,24.0,30.8,27.2,79.0,27.0,6.6,4.0,330.0,1.0,N ,Rain
22-09-2017,25.0,32.8,28.6,69.0,0.0,8.0,4.0,10.0,1.0,N ,Sun
23-09-2017,26.0,32.8,29.0,68.0,0.0,9.3,3.0,330.0,1.0,N ,Sun
24-09-2017,27.0,30.4,28.0,78.0,0.0,8.0,3.0,280.0,1.0,N ,Sun
25-09-2017,25.0,32.4,28.6,74.0,1.5,0.4,3.0,140.0,1.0,N ,Drizzle
26-09-2017,26.0,32.8,29.6,73.0,0.0,,4.0,220.0,2.0,E ,Sun
27-09-2017,25.0,28.8,25.6,89.0,71.0,6.0,3.0,220.0,1.0,N ,Rain
28-09-2017,24.0,31.8,28.0,81.0,26.8,0.0,4.0,190.0,1.0,N ,Rain
29-09-2017,26.0,33.0,29.4,77.0,9.0,4.5,3.0,20.0,2.0,N ,Rain
30-09-2017,27.0,32.2,29.1,75.0,0.0,7.0,3.0,300.0,1.0,N ,Sun
01-10-2017,27.0,33.4,28.0,78.0,0.0,7.5,5.0,320.0,2.0,N ,Sun
02-10-2017,24.0,32.6,28.7,79.0,30.6,3.7,5.0,310.0,1.0,N ,Rain
03-10-2017,26.0,32.0,28.8,78.0,1.0,6.0,4.0,180.0,1.0,N ,Drizzle
04-10-2017,24.0,32.2,28.0,79.0,0.3,5.0,3.0,330.0,1.0,N ,Sun
05-10-2017,26.0,34.0,29.8,74.0,0.0,7.8,4.0,90.0,2.0,N ,Sun
06-10-2017,27.0,32.6,29.6,76.0,0.0,8.0,3.0,310.0,1.0,N ,Sun
07-10-2017,27.0,33.6,29.9,70.0,0.0,8.0,4.0,170.0,2.0,S ,Sun
08-10-2017,26.0,31.8,29.1,72.0,0.0,7.0,4.0,10.0,1.0,N ,Sun
09-10-2017,27.0,32.0,29.0,77.0,0.0,8.0,3.0,360.0,1.0,N ,Sun
10-10-2017,26.0,31.8,28.5,78.0,3.1,3.0,3.0,220.0,1.0,N ,Drizzle
11-10-2017,27.0,32.8,29.4,76.0,0.0,0.7,6.0,320.0,1.0,N ,Sun
12-10-2017,27.0,32.0,28.7,76.0,0.0,6.8,4.0,330.0,1.0,N ,Sun
13-10-2017,25.0,31.8,28.8,70.0,8888.0,1.3,3.0,320.0,2.0,N ,Rain
14-10-2017,26.0,33.8,29.4,73.0,0.0,7.0,5.0,150.0,2.0,N ,Sun
15-10-2017,27.0,33.4,29.7,66.0,8888.0,6.0,3.0,320.0,1.0,N ,Rain
16-10-2017,27.0,33.2,28.4,77.0,0.0,6.3,4.0,310.0,2.0,N ,Sun
17-10-2017,27.0,32.0,28.5,74.0,5.2,2.0,3.0,310.0,2.0,N ,Rain
18-10-2017,27.0,32.8,28.9,75.0,0.0,3.0,4.0,160.0,1.0,N ,Sun
19-10-2017,26.0,31.0,27.5,83.0,4.2,4.0,3.0,30.0,1.0,N ,Drizzle
20-10-2017,26.0,32.4,28.7,75.0,6.0,3.0,4.0,320.0,1.0,N ,Rain
21-10-2017,27.0,33.2,30.0,73.0,0.0,8.0,4.0,320.0,1.0,N ,Sun
22-10-2017,28.0,32.8,30.1,72.0,0.0,7.8,4.0,60.0,1.0,N ,Sun
23-10-2017,27.0,32.2,27.7,73.0,0.0,8.3,6.0,140.0,1.0,N ,Sun
24-10-2017,23.0,34.0,29.3,73.0,50.0,5.7,4.0,300.0,2.0,W ,Rain
25-10-2017,25.0,32.7,28.8,74.0,0.0,8.3,4.0,300.0,1.0,N ,Sun
26-10-2017,27.0,34.2,29.6,70.0,0.0,7.0,3.0,270.0,1.0,N ,Sun
27-10-2017,27.0,32.4,29.3,69.0,0.0,4.8,5.0,310.0,1.0,N ,Sun
28-10-2017,27.0,32.6,28.6,79.0,8888.0,6.2,3.0,250.0,2.0,W ,Rain
29-10-2017,25.0,32.0,28.5,81.0,12.0,0.3,3.0,300.0,1.0,N ,Rain
30-10-2017,26.0,32.4,28.9,75.0,0.0,3.0,3.0,340.0,1.0,N ,Sun
31-10-2017,26.0,32.8,29.7,68.0,0.0,8.0,5.0,320.0,2.0,N ,Sun
01-11-2017,27.0,32.4,29.1,69.0,0.0,7.8,4.0,200.0,2.0,N ,Sun
02-11-2017,26.0,33.0,29.2,70.0,0.0,5.0,4.0,320.0,2.0,N ,Sun
03-11-2017,27.0,33.0,29.5,73.0,0.0,7.0,4.0,330.0,1.0,N ,Sun
04-11-2017,27.0,33.2,29.0,76.0,0.0,5.0,3.0,300.0,1.0,N ,Sun
05-11-2017,27.0,33.6,29.4,75.0,16.5,2.6,4.0,280.0,2.0,N ,Rain
06-11-2017,26.0,33.2,29.1,79.0,4.0,8.0,4.0,100.0,2.0,N ,Drizzle
07-11-2017,27.0,29.4,27.5,83.0,7.0,7.2,3.0,100.0,1.0,N ,Rain
08-11-2017,25.0,30.4,27.8,79.0,8888.0,0.0,5.0,10.0,1.0,N ,Rain
09-11-2017,26.0,31.6,28.2,80.0,0.0,3.0,6.0,290.0,2.0,W ,Sun
10-11-2017,25.0,32.0,28.2,76.0,10.0,1.0,5.0,300.0,1.0,N ,Rain
11-11-2017,26.0,32.8,28.5,74.0,0.0,7.3,5.0,310.0,2.0,W ,Sun
12-11-2017,27.0,34.0,28.3,80.0,0.0,5.0,3.0,330.0,1.0,N ,Sun
13-11-2017,26.0,32.6,27.8,81.0,1.0,3.0,5.0,290.0,2.0,W ,Drizzle
14-11-2017,25.0,31.4,28.0,86.0,60.7,2.3,5.0,310.0,2.0,N ,Rain
15-11-2017,25.0,30.4,27.8,83.0,4.5,2.2,4.0,30.0,1.0,N ,Drizzle
16-11-2017,26.0,31.8,27.6,80.0,0.0,0.5,4.0,340.0,1.0,N ,Sun
17-11-2017,25.0,32.6,27.7,82.0,4.8,2.5,4.0,270.0,1.0,W ,Drizzle
18-11-2017,25.0,31.6,28.1,82.0,5.5,5.0,3.0,340.0,1.0,N ,Rain
19-11-2017,26.0,30.2,27.2,85.0,0.0,3.3,3.0,50.0,1.0,N ,Sun
20-11-2017,25.0,34.6,29.7,70.0,24.0,0.0,6.0,250.0,2.0,N ,Rain
21-11-2017,26.0,32.2,28.1,72.0,0.0,5.2,4.0,310.0,1.0,N ,Sun
22-11-2017,27.0,31.8,28.5,78.0,8888.0,0.6,4.0,350.0,1.0,N ,Rain
23-11-2017,26.0,34.2,29.5,75.0,12.3,3.7,5.0,250.0,2.0,N ,Rain
24-11-2017,27.0,34.4,29.8,69.0,0.0,6.4,4.0,270.0,2.0,W ,Sun
25-11-2017,27.0,33.4,29.9,70.0,0.0,7.0,4.0,280.0,1.0,N ,Sun
26-11-2017,27.0,30.2,27.1,85.0,0.0,4.0,4.0,330.0,1.0,N ,Sun
27-11-2017,24.0,28.8,26.5,85.0,22.0,1.0,4.0,230.0,3.0,W ,Rain
28-11-2017,25.0,30.2,27.0,82.0,6.0,0.2,7.0,260.0,3.0,W ,Rain
29-11-2017,25.0,31.8,27.9,79.0,8888.0,1.6,4.0,220.0,1.0,N ,Rain
30-11-2017,25.0,30.0,26.2,87.0,17.1,1.0,4.0,300.0,1.0,N ,Rain
01-12-2017,24.0,30.4,27.4,77.0,28.4,0.0,5.0,260.0,2.0,W ,Rain
02-12-2017,25.0,32.0,28.7,72.0,0.0,0.8,5.0,210.0,2.0,N ,Sun
03-12-2017,26.0,33.6,29.2,72.0,0.0,4.0,5.0,270.0,3.0,W ,Sun
04-12-2017,26.0,33.8,29.5,70.0,0.0,8.0,7.0,260.0,2.0,N ,Sun
05-12-2017,26.0,33.6,29.7,68.0,0.0,8.0,5.0,280.0,2.0,W ,Sun
06-12-2017,25.0,34.0,29.2,71.0,0.0,4.2,5.0,330.0,1.0,N ,Sun
07-12-2017,26.0,33.0,29.3,73.0,0.0,6.8,6.0,320.0,2.0,W ,Sun
08-12-2017,27.0,32.0,28.9,74.0,0.0,8.4,4.0,300.0,2.0,W ,Sun
09-12-2017,26.0,33.2,29.2,75.0,17.4,8.0,5.0,260.0,2.0,W ,Rain
10-12-2017,25.0,32.2,28.5,79.0,1.5,5.0,3.0,210.0,2.0,N ,Drizzle
11-12-2017,27.0,32.0,27.6,81.0,8888.0,3.0,5.0,170.0,1.0,N ,Rain
12-12-2017,25.0,31.0,27.0,86.0,90.7,0.0,4.0,310.0,1.0,N ,Rain
13-12-2017,25.0,29.8,27.1,80.0,78.4,0.0,5.0,250.0,2.0,W ,Rain
14-12-2017,24.0,30.0,27.5,78.0,0.0,0.0,3.0,290.0,1.0,W ,Sun
15-12-2017,25.0,31.8,28.1,75.0,0.0,0.0,4.0,320.0,2.0,N ,Sun
16-12-2017,26.0,30.0,26.8,84.0,0.0,4.2,4.0,310.0,1.0,N ,Sun
17-12-2017,25.0,29.6,26.9,82.0,5.0,0.0,5.0,280.0,2.0,W ,Drizzle
18-12-2017,25.0,30.4,27.5,80.0,8888.0,0.0,6.0,270.0,2.0,N ,Rain
19-12-2017,25.0,30.0,27.3,82.0,15.3,0.0,4.0,270.0,2.0,N ,Rain
20-12-2017,26.0,29.0,26.8,86.0,4.6,1.5,5.0,290.0,2.0,N ,Drizzle
21-12-2017,24.0,28.8,26.5,86.0,6.8,1.0,3.0,270.0,1.0,N ,Rain
22-12-2017,26.0,31.4,28.1,78.0,6.0,0.0,5.0,350.0,2.0,N ,Rain
23-12-2017,25.0,32.6,28.4,71.0,0.0,4.4,4.0,250.0,2.0,N ,Sun
24-12-2017,26.0,33.6,29.6,66.0,0.0,3.5,3.0,270.0,2.0,W ,Sun
25-12-2017,26.0,34.8,29.4,65.0,0.0,6.8,5.0,190.0,2.0,W ,Sun
26-12-2017,26.0,32.4,28.7,75.0,0.0,8.4,6.0,320.0,1.0,N ,Sun
27-12-2017,27.0,31.4,28.7,78.0,0.0,6.2,5.0,330.0,1.0,N ,Sun
28-12-2017,26.0,31.8,28.5,71.0,0.0,0.8,5.0,170.0,2.0,N ,Sun
29-12-2017,26.0,30.8,28.6,74.0,0.0,2.5,3.0,270.0,1.0,N ,Sun
30-12-2017,26.0,30.6,28.5,80.0,0.0,2.1,4.0,360.0,0.0,N ,Sun
31-12-2017,25.0,32.4,27.6,83.0,0.0,0.0,4.0,320.0,1.0,N ,Sun
01-01-2018,25.0,33.2,28.6,78.0,46.4,5.8,4.0,190.0,1.0,N ,Rain
02-01-2018,26.0,33.6,29.8,69.0,0.0,8.5,5.0,320.0,1.0,N ,Sun
03-01-2018,27.0,31.2,28.4,77.0,0.0,6.0,4.0,290.0,1.0,N ,Sun
04-01-2018,26.0,33.8,29.3,75.0,1.0,5.9,4.0,260.0,1.0,N ,Drizzle
05-01-2018,27.0,30.8,28.9,68.0,0.5,5.5,6.0,160.0,3.0,S ,Sun
06-01-2018,26.0,32.8,28.9,69.0,0.0,2.0,5.0,240.0,3.0,W ,Sun
07-01-2018,26.0,30.4,28.8,75.0,8888.0,2.2,2.0,330.0,1.0,N ,Rain
08-01-2018,27.0,32.2,28.6,74.0,0.0,0.0,6.0,310.0,2.0,N ,Sun
09-01-2018,27.0,30.6,28.4,76.0,0.0,2.0,4.0,310.0,2.0,NW,Sun
10-01-2018,25.0,31.6,28.3,73.0,8888.0,3.0,5.0,350.0,2.0,N ,Rain
11-01-2018,25.0,32.4,28.4,72.0,0.0,7.0,6.0,230.0,2.0,N ,Sun
12-01-2018,26.0,30.6,28.1,73.0,8888.0,1.3,5.0,310.0,3.0,W ,Rain
13-01-2018,27.0,31.0,29.1,65.0,0.0,2.6,5.0,310.0,2.0,W ,Sun
14-01-2018,24.0,29.8,26.2,83.0,14.3,3.8,6.0,330.0,2.0,N ,Rain
15-01-2018,23.0,30.0,25.8,85.0,14.5,1.3,4.0,300.0,1.0,N ,Rain
16-01-2018,24.0,30.8,27.4,72.0,21.8,2.0,4.0,300.0,2.0,N ,Rain
17-01-2018,25.0,30.2,27.7,76.0,8888.0,3.7,7.0,310.0,2.0,N ,Rain
18-01-2018,25.0,27.6,25.5,91.0,8888.0,1.0,4.0,250.0,1.0,W ,Rain
19-01-2018,24.0,29.2,26.3,82.0,44.7,0.0,4.0,270.0,3.0,W ,Rain
20-01-2018,24.0,31.2,26.8,81.0,3.2,0.2,4.0,210.0,2.0,SW,Drizzle
21-01-2018,25.0,32.0,28.1,76.0,8.2,2.0,7.0,240.0,3.0,W ,Rain
22-01-2018,25.0,29.0,26.8,81.0,1.0,3.0,7.0,250.0,2.0,W ,Drizzle
23-01-2018,25.0,31.0,27.7,79.0,5.9,0.2,5.0,310.0,2.0,W ,Rain
24-01-2018,26.0,30.2,27.3,82.0,6.3,6.8,4.0,240.0,2.0,N ,Rain
25-01-2018,24.0,30.6,27.0,74.0,22.2,3.0,6.0,300.0,3.0,S ,Rain
26-01-2018,25.0,31.4,28.6,70.0,0.0,1.0,5.0,280.0,2.0,N ,Sun
27-01-2018,24.0,30.4,27.8,75.0,4.5,2.7,4.0,300.0,2.0,W ,Drizzle
28-01-2018,25.0,29.4,26.5,81.0,2.4,2.0,5.0,250.0,2.0,N ,Drizzle
29-01-2018,24.0,31.0,26.8,80.0,4.0,1.0,4.0,250.0,2.0,N ,Drizzle
30-01-2018,25.0,30.8,27.4,80.0,11.0,6.0,6.0,240.0,2.0,W ,Rain
31-01-2018,25.0,31.6,27.7,79.0,3.5,3.0,5.0,260.0,2.0,W ,Drizzle
01-02-2018,25.0,31.0,27.4,82.0,2.5,4.5,6.0,300.0,1.0,N ,Drizzle
02-02-2018,26.0,32.4,28.6,76.0,2.5,3.5,4.0,120.0,1.0,N ,Drizzle
03-02-2018,24.0,30.0,27.4,78.0,50.7,5.0,4.0,300.0,1.0,N ,Rain
04-02-2018,24.0,29.8,27.3,86.0,33.0,2.5,4.0,290.0,2.0,W ,Rain
05-02-2018,24.0,28.8,25.9,85.0,66.0,4.2,4.0,260.0,1.0,N ,Rain
06-02-2018,23.0,28.6,26.0,87.0,44.0,0.0,4.0,210.0,2.0,N ,Rain
07-02-2018,24.0,29.0,26.0,85.0,12.1,2.5,4.0,320.0,1.0,N ,Rain
08-02-2018,25.0,29.8,26.9,84.0,5.0,0.3,5.0,280.0,2.0,W ,Drizzle
09-02-2018,25.0,29.2,26.6,86.0,8.3,2.8,5.0,320.0,2.0,N ,Rain
10-02-2018,25.0,30.0,27.3,77.0,5.4,4.6,5.0,320.0,2.0,N ,Rain
11-02-2018,25.0,30.0,27.2,83.0,0.0,8.0,5.0,300.0,2.0,N ,Sun
12-02-2018,24.0,29.4,27.2,81.0,18.6,3.0,7.0,310.0,3.0,NW,Rain
13-02-2018,25.0,30.0,27.9,76.0,7.0,5.7,5.0,320.0,2.0,NW,Rain
14-02-2018,26.0,29.8,27.2,82.0,8888.0,2.0,4.0,120.0,1.0,N ,Rain
15-02-2018,26.0,26.6,25.6,89.0,3.2,1.3,3.0,290.0,1.0,N ,Drizzle
16-02-2018,24.0,31.0,27.2,83.0,104.6,0.0,5.0,270.0,2.0,N ,Rain
17-02-2018,25.0,29.8,27.1,81.0,0.0,6.2,3.0,340.0,2.0,NW,Sun
18-02-2018,25.0,31.4,27.3,79.0,2.8,1.0,4.0,160.0,2.0,N ,Drizzle
19-02-2018,25.0,31.0,27.1,90.0,1.0,7.3,4.0,270.0,1.0,N ,Drizzle
20-02-2018,25.0,31.0,27.6,83.0,2.0,2.3,4.0,310.0,1.0,N ,Drizzle
21-02-2018,25.0,31.4,27.5,82.0,1.2,4.4,5.0,280.0,1.0,N ,Drizzle
22-02-2018,26.0,29.0,27.3,84.0,1.2,5.7,4.0,210.0,1.0,N ,Drizzle
23-02-2018,26.0,30.0,27.7,80.0,0.0,0.6,4.0,270.0,2.0,N ,Sun
24-02-2018,25.0,30.8,27.6,79.0,0.0,3.3,4.0,320.0,2.0,NW,Sun
25-02-2018,25.0,30.4,27.5,83.0,5.0,8.0,7.0,310.0,2.0,N ,Drizzle
26-02-2018,25.0,29.6,27.0,84.0,19.1,8.0,4.0,160.0,2.0,N ,Rain
27-02-2018,25.0,31.2,27.7,83.0,32.2,2.3,5.0,280.0,2.0,W ,Rain
28-02-2018,,30.4,27.0,84.0,3.8,4.7,3.0,330.0,1.0,N ,Drizzle
01-03-2018,26.0,30.6,27.6,86.0,2.4,1.2,4.0,310.0,1.0,N ,Drizzle
02-03-2018,25.0,31.6,27.8,81.0,0.2,3.4,4.0,170.0,1.0,N ,Sun
03-03-2018,25.0,31.0,28.7,84.0,0.0,8.0,4.0,270.0,2.0,N ,Sun
04-03-2018,25.0,31.4,28.3,80.0,4.5,2.0,4.0,300.0,1.0,N ,Drizzle
05-03-2018,25.0,30.8,27.4,80.0,3.0,4.0,5.0,290.0,2.0,N ,Drizzle
06-03-2018,25.0,30.0,27.8,83.0,0.0,1.4,5.0,290.0,1.0,N ,Sun
07-03-2018,26.0,32.8,27.9,80.0,5.5,0.0,5.0,280.0,2.0,N ,Rain
08-03-2018,25.0,31.0,27.7,82.0,8.0,3.8,4.0,320.0,1.0,N ,Rain
09-03-2018,26.0,30.8,28.1,80.0,0.4,0.0,5.0,300.0,2.0,N ,Sun
10-03-2018,25.0,30.4,27.9,82.0,26.2,4.7,5.0,290.0,1.0,N ,Rain
11-03-2018,26.0,31.8,28.0,84.0,1.6,4.6,5.0,290.0,2.0,W ,Drizzle
12-03-2018,26.0,30.0,27.9,81.0,16.4,6.2,5.0,310.0,2.0,W ,Rain
13-03-2018,26.0,29.6,27.5,79.0,8888.0,2.0,4.0,310.0,2.0,N ,Rain
14-03-2018,27.0,30.8,28.4,76.0,0.0,0.5,4.0,310.0,1.0,N ,Sun
15-03-2018,26.0,32.8,28.8,79.0,1.0,6.6,4.0,290.0,1.0,N ,Drizzle
16-03-2018,25.0,31.6,28.6,77.0,0.0,8.0,4.0,310.0,1.0,N ,Sun
17-03-2018,26.0,29.4,26.3,88.0,8888.0,6.0,4.0,220.0,1.0,N ,Rain
18-03-2018,24.0,31.6,27.3,81.0,36.6,0.0,3.0,110.0,1.0,N ,Rain
19-03-2018,24.0,31.6,27.8,81.0,51.0,7.5,5.0,300.0,2.0,N ,Rain
20-03-2018,25.0,32.4,27.3,83.0,2.0,6.5,4.0,300.0,1.0,N ,Drizzle
21-03-2018,26.0,29.6,27.6,75.0,1.2,7.0,4.0,280.0,2.0,N ,Drizzle
22-03-2018,26.0,30.4,27.3,80.0,0.0,1.0,6.0,330.0,1.0,N ,Sun
23-03-2018,25.0,30.6,27.6,80.0,8.4,3.8,3.0,290.0,1.0,N ,Rain
24-03-2018,26.0,30.0,27.4,79.0,0.0,6.5,5.0,210.0,2.0,W ,Sun
25-03-2018,24.0,33.6,28.2,74.0,8888.0,0.9,4.0,250.0,1.0,N ,Rain
26-03-2018,25.0,32.4,28.1,80.0,8.6,1.8,4.0,120.0,2.0,W ,Rain
27-03-2018,26.0,32.2,27.1,82.0,0.0,4.5,4.0,290.0,1.0,N ,Sun
28-03-2018,24.0,31.6,27.9,75.0,13.4,3.0,6.0,290.0,2.0,N ,Rain
29-03-2018,25.0,33.4,28.0,76.0,8888.0,6.3,6.0,300.0,2.0,N ,Rain
30-03-2018,25.0,33.0,28.8,73.0,11.6,9.0,5.0,300.0,2.0,N ,Rain
31-03-2018,26.0,34.2,29.9,71.0,0.0,9.0,4.0,260.0,2.0,N ,Sun
01-04-2018,27.0,32.6,29.6,74.0,0.0,8.5,5.0,280.0,1.0,N ,Sun
02-04-2018,26.0,32.0,28.6,76.0,0.0,6.2,4.0,320.0,1.0,N ,Sun
03-04-2018,25.0,32.0,28.0,81.0,4.0,5.0,6.0,300.0,1.0,N ,Drizzle
04-04-2018,24.0,33.0,27.5,79.0,52.3,6.0,5.0,290.0,1.0,N ,Rain
05-04-2018,24.0,32.2,28.9,77.0,0.0,8.7,5.0,20.0,2.0,N ,Sun
06-04-2018,25.0,33.2,28.4,81.0,1.0,5.8,5.0,270.0,1.0,N ,Drizzle
07-04-2018,26.0,33.6,29.6,74.0,0.0,6.0,4.0,200.0,2.0,N ,Sun
08-04-2018,26.0,32.2,28.0,78.0,7.5,7.5,6.0,90.0,2.0,N ,Rain
09-04-2018,24.0,31.2,27.5,82.0,3.6,5.7,3.0,310.0,1.0,N ,Drizzle
10-04-2018,25.0,33.6,29.3,73.0,0.0,4.2,3.0,80.0,1.0,E ,Sun
11-04-2018,27.0,33.6,29.7,73.0,0.0,6.5,5.0,350.0,1.0,N ,Sun
12-04-2018,27.0,33.4,29.7,74.0,0.0,7.5,5.0,60.0,2.0,SE,Sun
13-04-2018,27.0,34.4,30.1,76.0,0.0,6.0,4.0,40.0,2.0,N ,Sun
14-04-2018,27.0,32.8,29.6,79.0,8888.0,7.0,3.0,280.0,1.0,N ,Rain
15-04-2018,27.0,32.2,29.6,76.0,8888.0,6.3,4.0,120.0,1.0,N ,Rain
16-04-2018,27.0,32.4,29.3,74.0,0.0,3.2,4.0,20.0,1.0,N ,Sun
17-04-2018,27.0,30.8,28.6,79.0,0.0,5.0,4.0,290.0,1.0,N ,Sun
18-04-2018,27.0,31.8,28.6,79.0,9.0,3.0,3.0,310.0,1.0,N ,Rain
19-04-2018,27.0,31.4,29.1,77.0,0.0,3.5,3.0,220.0,1.0,N ,Sun
20-04-2018,27.0,32.4,28.8,79.0,4.1,1.5,5.0,300.0,1.0,N ,Drizzle
21-04-2018,27.0,32.0,29.1,77.0,0.0,4.6,3.0,300.0,1.0,N ,Sun
22-04-2018,27.0,32.6,29.4,74.0,0.0,5.0,5.0,320.0,1.0,N ,Sun
23-04-2018,26.0,28.4,26.6,91.0,10.2,6.0,3.0,150.0,0.0,N ,Rain
24-04-2018,25.0,30.0,27.2,87.0,18.3,0.0,3.0,290.0,1.0,N ,Rain
25-04-2018,26.0,28.0,26.1,91.0,1.5,0.0,4.0,310.0,1.0,N ,Drizzle
26-04-2018,25.0,29.4,26.5,89.0,15.8,0.0,3.0,100.0,1.0,N ,Rain
27-04-2018,25.0,32.4,28.7,77.0,1.9,1.6,4.0,150.0,1.0,N ,Drizzle
28-04-2018,26.0,34.4,29.3,75.0,1.4,6.8,4.0,280.0,1.0,N ,Drizzle
29-04-2018,26.0,32.4,28.8,81.0,28.5,6.5,4.0,140.0,1.0,N ,Rain
30-04-2018,26.0,34.2,28.7,74.0,0.0,6.4,4.0,350.0,2.0,N ,Sun
01-05-2018,26.0,32.6,29.1,72.0,0.0,6.5,4.0,80.0,2.0,N ,Sun
02-05-2018,26.0,33.0,28.9,72.0,0.0,7.0,4.0,280.0,1.0,N ,Sun
03-05-2018,25.0,32.2,28.5,76.0,0.0,6.5,5.0,330.0,1.0,N ,Sun
04-05-2018,26.0,33.4,29.4,73.0,7.8,4.0,3.0,340.0,1.0,N ,Rain
05-05-2018,27.0,34.0,29.8,72.0,0.0,4.6,4.0,150.0,1.0,N ,Sun
06-05-2018,27.0,34.2,30.1,70.0,0.0,6.0,3.0,80.0,1.0,E ,Sun
07-05-2018,25.0,34.4,30.0,67.0,0.0,5.7,5.0,80.0,2.0,E ,Sun
08-05-2018,27.0,34.2,29.7,71.0,0.0,6.6,4.0,20.0,2.0,N ,Sun
09-05-2018,27.0,34.4,30.2,69.0,0.0,6.5,3.0,120.0,1.0,N ,Sun
10-05-2018,27.0,34.2,30.1,66.0,0.0,6.8,4.0,50.0,2.0,N ,Sun
11-05-2018,26.0,34.0,29.6,69.0,0.0,6.3,6.0,350.0,2.0,N ,Sun
12-05-2018,26.0,33.8,29.1,70.0,0.0,6.3,4.0,320.0,1.0,N ,Sun
13-05-2018,27.0,34.4,30.2,70.0,0.0,6.5,3.0,160.0,1.0,N ,Sun
14-05-2018,28.0,34.4,30.5,67.0,0.0,6.0,4.0,290.0,1.0,N ,Sun
15-05-2018,26.0,34.2,29.3,74.0,0.0,6.4,5.0,80.0,1.0,N ,Sun
16-05-2018,27.0,34.0,30.1,73.0,0.0,4.2,4.0,60.0,1.0,N ,Sun
17-05-2018,28.0,32.0,29.2,76.0,0.0,2.0,3.0,330.0,0.0,N ,Sun
18-05-2018,27.0,33.8,29.5,75.0,0.0,1.0,4.0,90.0,1.0,E ,Sun
19-05-2018,26.0,32.0,28.6,78.0,0.0,6.3,5.0,310.0,2.0,N ,Sun
20-05-2018,27.0,32.4,29.1,75.0,0.0,5.8,4.0,20.0,1.0,N ,Sun
21-05-2018,27.0,32.8,29.3,75.0,0.0,3.6,4.0,120.0,1.0,N ,Sun
22-05-2018,27.0,34.6,29.9,73.0,0.0,2.5,4.0,70.0,1.0,E ,Sun
23-05-2018,26.0,31.8,28.2,81.0,1.5,5.6,5.0,350.0,1.0,N ,Drizzle
24-05-2018,26.0,33.4,28.9,77.0,5.5,1.0,4.0,120.0,1.0,N ,Rain
25-05-2018,26.0,31.0,28.1,82.0,0.7,4.7,3.0,110.0,1.0,N ,Sun
26-05-2018,26.0,34.4,29.5,79.0,1.0,0.0,3.0,70.0,1.0,N ,Drizzle
27-05-2018,27.0,33.0,29.3,73.0,0.0,6.4,4.0,330.0,1.0,N ,Sun
28-05-2018,27.0,32.6,29.3,78.0,0.0,4.0,3.0,310.0,1.0,N ,Sun
29-05-2018,27.0,33.4,29.2,76.0,0.0,3.9,4.0,150.0,2.0,N ,Sun
30-05-2018,27.0,33.0,29.3,74.0,0.0,6.2,3.0,280.0,1.0,N ,Sun
31-05-2018,26.0,32.8,29.4,76.0,0.0,5.7,3.0,340.0,1.0,N ,Sun
01-06-2018,27.0,35.0,29.7,66.0,0.5,6.0,3.0,340.0,1.0,N ,Sun
02-06-2018,27.0,33.2,29.5,73.0,0.0,6.4,4.0,150.0,1.0,N ,Sun
03-06-2018,27.0,33.4,29.5,76.0,0.0,5.5,3.0,70.0,1.0,E ,Sun
04-06-2018,26.0,33.0,29.0,78.0,0.0,5.2,5.0,310.0,1.0,N ,Sun
05-06-2018,27.0,32.4,29.1,81.0,0.0,5.5,3.0,130.0,1.0,N ,Sun
06-06-2018,27.0,32.0,29.4,80.0,0.0,3.8,4.0,300.0,1.0,N ,Sun
07-06-2018,28.0,32.4,29.4,79.0,0.0,6.0,4.0,100.0,1.0,N ,Sun
08-06-2018,26.0,32.8,29.2,78.0,0.0,0.0,3.0,60.0,1.0,N ,Sun
09-06-2018,27.0,34.4,29.2,78.0,0.0,4.0,5.0,330.0,1.0,N ,Sun
10-06-2018,27.0,32.4,29.4,76.0,0.0,6.6,3.0,120.0,1.0,N ,Sun
11-06-2018,27.0,34.8,30.5,69.0,0.0,4.7,4.0,90.0,1.0,N ,Sun
12-06-2018,26.0,33.2,28.8,79.0,0.0,5.4,4.0,300.0,1.0,N ,Sun
13-06-2018,26.0,33.6,29.0,74.0,1.0,4.4,4.0,150.0,1.0,N ,Drizzle
14-06-2018,26.0,33.8,29.4,70.0,0.0,6.0,5.0,310.0,1.0,N ,Sun
15-06-2018,27.0,33.8,29.5,69.0,0.0,6.5,4.0,260.0,1.0,N ,Sun
16-06-2018,26.0,34.2,29.3,74.0,0.0,4.2,4.0,130.0,1.0,N ,Sun
17-06-2018,27.0,34.2,29.9,69.0,0.0,6.5,4.0,80.0,2.0,SE,Sun
18-06-2018,27.0,33.4,29.9,68.0,0.0,6.6,4.0,80.0,1.0,N ,Sun
19-06-2018,25.0,33.8,28.6,70.0,0.0,6.5,4.0,180.0,1.0,N ,Sun
20-06-2018,26.0,34.8,29.9,70.0,0.0,6.0,4.0,60.0,2.0,E ,Sun
21-06-2018,27.0,33.4,29.4,70.0,0.0,3.0,6.0,40.0,2.0,N ,Sun
22-06-2018,27.0,32.6,29.0,76.0,0.0,3.0,4.0,110.0,2.0,E ,Sun
23-06-2018,27.0,33.4,29.5,72.0,0.0,5.0,4.0,200.0,1.0,N ,Sun
24-06-2018,26.0,31.8,28.0,77.0,0.0,6.0,3.0,280.0,1.0,W ,Sun
25-06-2018,24.0,29.0,24.9,89.0,3.2,2.2,2.0,220.0,0.0,N ,Drizzle
26-06-2018,24.0,29.8,26.2,80.0,6.7,0.0,4.0,330.0,1.0,N ,Rain
27-06-2018,25.0,32.8,27.8,78.0,1.1,0.8,3.0,280.0,1.0,N ,Drizzle
28-06-2018,25.0,30.6,27.2,82.0,0.0,3.0,4.0,160.0,1.0,N ,Sun
29-06-2018,25.0,31.8,27.6,79.0,0.0,2.3,5.0,320.0,2.0,N ,Sun
30-06-2018,26.0,31.8,28.4,75.0,0.0,6.2,4.0,320.0,1.0,N ,Sun
01-07-2018,25.0,31.6,28.0,76.0,0.0,5.3,5.0,300.0,1.0,N ,Sun
02-07-2018,25.0,32.6,28.1,75.0,0.0,5.0,3.0,290.0,1.0,N ,Sun
03-07-2018,26.0,32.4,28.3,75.0,0.0,6.5,3.0,100.0,1.0,N ,Sun
04-07-2018,26.0,32.0,28.3,71.0,0.0,5.5,3.0,290.0,1.0,N ,Sun
05-07-2018,26.0,32.8,28.4,66.0,0.0,2.2,4.0,310.0,1.0,N ,Sun
06-07-2018,24.0,33.4,28.1,54.0,0.0,6.0,5.0,310.0,1.0,N ,Sun
07-07-2018,24.0,32.0,27.3,64.0,0.0,6.5,3.0,300.0,1.0,N ,Sun
08-07-2018,24.0,34.2,28.4,69.0,0.0,6.5,3.0,340.0,1.0,N ,Sun
09-07-2018,25.0,33.0,28.4,72.0,0.0,6.3,4.0,320.0,1.0,N ,Sun
10-07-2018,26.0,32.2,28.8,72.0,0.0,4.8,3.0,300.0,1.0,N ,Sun
11-07-2018,27.0,31.4,28.6,72.0,0.0,1.5,3.0,310.0,1.0,N ,Sun
12-07-2018,26.0,32.2,28.0,67.0,0.0,4.0,3.0,360.0,0.0,N ,Sun
13-07-2018,25.0,31.4,27.4,69.0,0.0,2.3,4.0,300.0,1.0,N ,Sun
14-07-2018,25.0,31.4,28.1,76.0,0.0,5.4,4.0,310.0,1.0,N ,Sun
15-07-2018,25.0,31.4,27.9,65.0,0.0,4.6,4.0,310.0,1.0,N ,Sun
16-07-2018,25.0,31.8,27.7,65.0,0.0,6.5,4.0,340.0,1.0,N ,Sun
17-07-2018,24.0,32.4,27.7,69.0,0.0,6.0,4.0,260.0,1.0,N ,Sun
18-07-2018,24.0,31.4,27.9,72.0,0.0,3.6,3.0,340.0,1.0,N ,Sun
19-07-2018,25.0,32.0,28.4,75.0,0.0,6.5,4.0,120.0,1.0,N ,Sun
20-07-2018,26.0,33.4,28.7,74.0,0.0,5.2,4.0,20.0,2.0,N ,Sun
21-07-2018,26.0,32.2,29.2,71.0,0.0,6.0,4.0,350.0,1.0,N ,Sun
22-07-2018,27.0,33.8,29.1,72.0,0.0,5.2,4.0,110.0,2.0,E ,Sun
23-07-2018,25.0,32.8,28.8,70.0,0.0,5.1,4.0,160.0,2.0,N ,Sun
24-07-2018,26.0,32.4,28.9,75.0,0.0,3.0,5.0,320.0,1.0,N ,Sun
25-07-2018,27.0,33.2,28.7,76.0,0.0,4.8,4.0,90.0,1.0,N ,Sun
26-07-2018,25.0,32.2,28.4,78.0,14.5,5.0,3.0,310.0,1.0,N ,Rain
27-07-2018,25.0,33.8,28.7,69.0,0.0,6.0,4.0,120.0,1.0,N ,Sun
28-07-2018,25.0,32.8,27.8,66.0,0.0,6.9,4.0,120.0,1.0,N ,Sun
29-07-2018,25.0,30.4,27.4,71.0,0.0,6.0,5.0,310.0,1.0,N ,Sun
30-07-2018,24.0,31.4,27.2,75.0,0.0,6.5,4.0,180.0,2.0,S ,Sun
31-07-2018,24.0,33.2,27.8,75.0,0.0,6.2,5.0,350.0,1.0,N ,Sun
01-08-2018,25.0,31.8,27.9,76.0,0.0,6.4,2.0,350.0,0.0,N ,Sun
02-08-2018,25.0,32.6,27.9,66.0,0.0,3.0,3.0,180.0,1.0,N ,Sun
03-08-2018,24.0,32.6,27.6,66.0,0.0,6.3,6.0,200.0,2.0,S ,Sun
04-08-2018,23.0,31.0,26.9,66.0,0.0,5.8,3.0,160.0,1.0,N ,Sun
05-08-2018,24.0,32.2,27.2,64.0,0.0,5.4,5.0,340.0,2.0,N ,Sun
06-08-2018,24.0,31.8,27.1,62.0,0.0,6.3,5.0,310.0,1.0,N ,Sun
07-08-2018,24.0,31.8,28.4,65.0,0.0,6.0,4.0,140.0,1.0,N ,Sun
08-08-2018,25.0,30.8,27.5,72.0,0.0,0.5,3.0,20.0,1.0,N ,Sun
09-08-2018,25.0,32.0,28.3,71.0,0.0,1.0,4.0,270.0,2.0,N ,Sun
10-08-2018,25.0,32.8,28.2,72.0,0.0,2.2,5.0,300.0,2.0,N ,Sun
11-08-2018,24.0,31.8,27.3,77.0,32.8,5.4,3.0,350.0,1.0,N ,Rain
12-08-2018,25.0,30.8,28.1,76.0,0.0,5.4,4.0,70.0,1.0,N ,Sun
13-08-2018,26.0,32.8,29.7,69.0,0.0,6.0,4.0,150.0,1.0,N ,Sun
14-08-2018,26.0,33.0,28.1,76.0,0.0,6.5,4.0,190.0,1.0,N ,Sun
15-08-2018,25.0,32.6,28.6,73.0,0.0,5.3,4.0,350.0,1.0,N ,Sun
16-08-2018,26.0,31.8,28.0,72.0,0.0,6.5,4.0,350.0,1.0,N ,Sun
17-08-2018,26.0,31.0,27.7,71.0,0.0,4.0,5.0,310.0,1.0,N ,Sun
18-08-2018,25.0,30.0,27.1,65.0,0.0,6.8,3.0,10.0,1.0,N ,Sun
19-08-2018,24.0,33.8,27.8,67.0,0.0,6.5,3.0,100.0,1.0,N ,Sun
20-08-2018,25.0,34.0,29.0,66.0,0.0,6.5,4.0,110.0,1.0,N ,Sun
21-08-2018,25.0,31.8,28.2,73.0,0.0,6.7,4.0,330.0,1.0,N ,Sun
22-08-2018,26.0,31.6,28.4,72.0,0.0,6.5,4.0,340.0,1.0,N ,Sun
23-08-2018,26.0,31.2,28.3,73.0,0.0,6.6,5.0,330.0,1.0,N ,Sun
24-08-2018,26.0,32.2,28.6,73.0,0.0,4.3,3.0,30.0,1.0,N ,Sun
25-08-2018,27.0,33.0,28.9,67.0,0.0,5.2,4.0,90.0,1.0,N ,Sun
26-08-2018,25.0,33.4,28.8,69.0,0.0,6.0,4.0,110.0,2.0,N ,Sun
27-08-2018,26.0,34.2,29.1,68.0,0.0,6.0,4.0,50.0,1.0,N ,Sun
28-08-2018,26.0,32.0,28.6,75.0,0.0,7.0,5.0,310.0,2.0,N ,Sun
29-08-2018,27.0,33.0,28.5,71.0,0.0,6.6,5.0,310.0,1.0,N ,Sun
30-08-2018,27.0,33.4,29.1,70.0,0.0,2.4,4.0,60.0,1.0,N ,Sun
31-08-2018,26.0,33.6,28.8,70.0,0.0,6.5,3.0,70.0,1.0,N ,Sun
01-09-2018,24.0,32.8,27.6,77.0,10.6,6.2,4.0,320.0,2.0,N ,Rain
02-09-2018,25.0,32.2,27.5,80.0,8888.0,4.2,5.0,310.0,1.0,N ,Rain
03-09-2018,24.0,31.8,27.8,79.0,17.6,7.6,8.0,300.0,2.0,N ,Rain
04-09-2018,26.0,31.2,27.9,65.0,0.0,6.0,3.0,300.0,1.0,N ,Sun
05-09-2018,26.0,31.8,28.5,65.0,0.0,6.7,3.0,120.0,1.0,N ,Sun
06-09-2018,26.0,34.2,29.8,67.0,0.0,6.0,3.0,90.0,1.0,N ,Sun
07-09-2018,26.0,34.6,29.3,68.0,0.0,5.6,5.0,350.0,1.0,N ,Sun
08-09-2018,26.0,32.4,28.8,72.0,0.0,6.6,3.0,340.0,1.0,N ,Sun
09-09-2018,26.0,34.6,29.6,62.0,0.0,6.4,5.0,70.0,1.0,N ,Sun
10-09-2018,26.0,35.2,30.0,60.0,0.0,8.8,4.0,170.0,1.0,N ,Sun
11-09-2018,26.0,34.8,29.2,68.0,0.0,8.5,5.0,200.0,2.0,S ,Sun
12-09-2018,25.0,32.8,29.0,68.0,0.0,8.6,4.0,310.0,1.0,N ,Sun
13-09-2018,26.0,32.2,28.1,69.0,0.0,8.5,5.0,310.0,1.0,N ,Sun
14-09-2018,25.0,31.4,28.1,66.0,0.0,5.0,4.0,300.0,1.0,N ,Sun
15-09-2018,26.0,33.2,28.9,65.0,0.0,7.5,4.0,230.0,1.0,N ,Sun
16-09-2018,26.0,34.2,29.0,63.0,0.0,6.5,7.0,80.0,2.0,E ,Sun
17-09-2018,25.0,35.4,29.4,59.0,0.0,7.4,4.0,90.0,2.0,E ,Sun
18-09-2018,25.0,34.8,30.0,60.0,0.0,8.5,5.0,110.0,2.0,N ,Sun
19-09-2018,27.0,31.6,29.0,69.0,0.0,6.6,4.0,130.0,1.0,N ,Sun
20-09-2018,27.0,33.4,29.3,67.0,8888.0,0.0,4.0,150.0,1.0,N ,Rain
21-09-2018,25.0,29.2,27.2,79.0,8888.0,2.8,4.0,130.0,1.0,N ,Rain
22-09-2018,25.0,33.6,28.4,73.0,36.6,0.0,4.0,310.0,1.0,N ,Rain
23-09-2018,26.0,32.4,29.0,70.0,0.0,9.2,5.0,280.0,2.0,N ,Sun
24-09-2018,25.0,32.0,28.5,71.0,0.0,5.0,3.0,300.0,1.0,N ,Sun
25-09-2018,26.0,31.6,28.6,69.0,0.0,9.0,6.0,310.0,2.0,N ,Sun
26-09-2018,26.0,33.2,29.1,65.0,0.0,9.3,4.0,130.0,2.0,N ,Sun
27-09-2018,26.0,32.6,28.6,71.0,0.0,6.8,5.0,310.0,2.0,N ,Sun
28-09-2018,25.0,35.4,28.8,69.0,8888.0,7.0,4.0,350.0,1.0,N ,Rain
29-09-2018,25.0,33.5,28.6,67.0,0.0,8.0,4.0,90.0,1.0,N ,Sun
30-09-2018,26.0,32.0,29.2,68.0,0.0,8.4,4.0,10.0,1.0,N ,Sun
01-10-2018,27.0,33.0,29.3,71.0,0.0,7.6,6.0,300.0,2.0,N ,Sun
02-10-2018,27.0,32.0,29.0,73.0,0.0,6.3,4.0,150.0,1.0,N ,Sun
03-10-2018,26.0,32.4,29.4,72.0,0.0,5.5,5.0,290.0,2.0,N ,Sun
04-10-2018,26.0,33.4,29.5,75.0,0.0,6.6,6.0,350.0,2.0,N ,Sun
05-10-2018,27.0,34.4,30.8,67.0,0.0,6.8,3.0,110.0,2.0,N ,Sun
06-10-2018,27.0,33.4,29.5,71.0,0.0,8.0,4.0,360.0,1.0,N ,Sun
07-10-2018,27.0,35.4,30.1,63.0,0.0,8.3,4.0,70.0,1.0,N ,Sun
08-10-2018,27.0,34.8,29.8,63.0,0.0,7.0,4.0,150.0,1.0,N ,Sun
09-10-2018,26.0,35.2,30.5,58.0,0.0,8.0,5.0,300.0,2.0,N ,Sun
10-10-2018,27.0,33.0,29.6,67.0,0.0,8.2,4.0,320.0,1.0,N ,Sun
11-10-2018,27.0,32.8,30.1,68.0,0.0,8.0,5.0,340.0,1.0,N ,Sun
12-10-2018,28.0,32.8,29.6,73.0,0.0,8.0,5.0,290.0,1.0,N ,Sun
13-10-2018,27.0,33.0,29.9,67.0,0.0,7.2,4.0,120.0,1.0,N ,Sun
14-10-2018,26.0,33.4,29.2,73.0,0.0,2.5,4.0,270.0,1.0,N ,Sun
15-10-2018,27.0,33.6,30.0,71.0,0.0,6.5,4.0,60.0,1.0,N ,Sun
16-10-2018,27.0,32.0,29.4,74.0,0.0,7.0,4.0,330.0,1.0,N ,Sun
17-10-2018,27.0,33.6,29.5,73.0,0.0,7.2,5.0,30.0,1.0,N ,Sun
18-10-2018,27.0,33.4,29.2,69.0,0.0,4.3,4.0,170.0,1.0,N ,Sun
19-10-2018,25.0,33.2,28.8,71.0,14.3,6.0,3.0,350.0,1.0,N ,Rain
20-10-2018,26.0,32.8,29.5,72.0,0.0,5.6,6.0,290.0,1.0,N ,Sun
21-10-2018,27.0,34.6,30.2,68.0,0.0,6.0,4.0,20.0,1.0,N ,Sun
22-10-2018,27.0,33.0,29.9,71.0,0.0,7.5,4.0,100.0,1.0,N ,Sun
23-10-2018,24.0,32.8,27.0,83.0,26.8,5.0,4.0,190.0,1.0,N ,Rain
24-10-2018,25.0,33.6,29.4,73.0,0.5,2.0,4.0,350.0,1.0,N ,Sun
25-10-2018,26.0,33.2,29.6,73.0,0.0,8.5,4.0,30.0,1.0,N ,Sun
26-10-2018,27.0,32.6,29.9,74.0,0.0,8.9,4.0,350.0,1.0,N ,Sun
27-10-2018,26.0,32.6,29.1,74.0,2.5,9.0,3.0,100.0,1.0,N ,Drizzle
28-10-2018,26.0,32.6,29.1,76.0,2.2,3.0,4.0,260.0,2.0,N ,Drizzle
29-10-2018,25.0,32.2,28.6,80.0,94.5,5.4,4.0,30.0,1.0,N ,Rain
30-10-2018,26.0,32.2,28.7,79.0,18.8,6.9,4.0,310.0,1.0,N ,Rain
31-10-2018,27.0,34.0,29.7,71.0,0.0,2.0,4.0,80.0,1.0,N ,Sun
01-11-2018,27.0,32.4,29.4,71.0,0.0,3.7,3.0,150.0,1.0,N ,Sun
02-11-2018,25.0,32.6,28.9,76.0,20.0,4.0,4.0,60.0,1.0,N ,Rain
03-11-2018,26.0,32.8,28.7,75.0,0.0,3.2,5.0,190.0,2.0,N ,Sun
04-11-2018,25.0,31.4,28.8,76.0,0.0,0.3,4.0,340.0,1.0,N ,Sun
05-11-2018,27.0,32.0,29.4,75.0,0.0,4.5,4.0,310.0,1.0,N ,Sun
06-11-2018,27.0,33.2,29.7,69.0,0.0,0.8,3.0,200.0,1.0,N ,Sun
07-11-2018,26.0,32.6,29.0,77.0,0.0,5.0,3.0,290.0,1.0,N ,Sun
08-11-2018,27.0,31.4,28.4,80.0,0.5,1.3,5.0,90.0,1.0,N ,Sun
09-11-2018,26.0,30.8,27.8,84.0,1.2,0.0,4.0,360.0,1.0,N ,Drizzle
10-11-2018,26.0,32.4,28.5,76.0,8.5,2.0,4.0,310.0,1.0,N ,Rain
11-11-2018,26.0,31.0,28.4,79.0,0.0,5.0,4.0,290.0,1.0,N ,Sun
12-11-2018,26.0,32.6,28.9,77.0,8888.0,1.0,5.0,320.0,1.0,N ,Rain
13-11-2018,27.0,33.2,29.1,74.0,0.0,0.3,4.0,250.0,1.0,N ,Sun
14-11-2018,25.0,33.6,29.3,70.0,0.0,3.2,4.0,260.0,2.0,W ,Sun
15-11-2018,27.0,36.6,29.9,65.0,0.0,1.5,5.0,150.0,2.0,N ,Sun
16-11-2018,26.0,34.0,30.5,71.0,9.4,7.0,5.0,20.0,1.0,N ,Rain
17-11-2018,28.0,33.8,30.4,67.0,0.0,8.2,4.0,290.0,1.0,N ,Sun
18-11-2018,27.0,32.6,29.8,69.0,0.0,7.0,4.0,300.0,1.0,N ,Sun
19-11-2018,26.0,32.4,29.6,72.0,0.0,0.4,4.0,290.0,1.0,N ,Sun
20-11-2018,27.0,32.4,29.3,73.0,0.0,5.5,5.0,320.0,1.0,N ,Sun
21-11-2018,27.0,33.0,29.8,70.0,0.0,5.7,4.0,60.0,1.0,N ,Sun
22-11-2018,26.0,35.0,28.7,78.0,0.0,2.0,5.0,320.0,1.0,N ,Sun
23-11-2018,26.0,32.8,27.8,82.0,47.0,5.3,4.0,270.0,1.0,N ,Rain
24-11-2018,25.0,32.0,28.2,80.0,12.0,6.5,4.0,290.0,1.0,N ,Rain
25-11-2018,26.0,31.6,28.6,77.0,0.0,2.9,3.0,320.0,1.0,N ,Sun
26-11-2018,27.0,30.0,27.6,81.0,0.0,1.8,3.0,110.0,1.0,N ,Sun
27-11-2018,24.0,32.0,28.2,79.0,13.2,1.0,4.0,120.0,1.0,N ,Rain
28-11-2018,26.0,32.6,28.9,80.0,22.0,6.0,5.0,190.0,2.0,S ,Rain
29-11-2018,26.0,31.6,27.9,81.0,0.0,4.0,3.0,150.0,1.0,N ,Sun
30-11-2018,25.0,32.0,27.5,82.0,7.1,3.0,3.0,90.0,1.0,N ,Rain
01-12-2018,25.0,31.2,28.6,80.0,8888.0,2.0,4.0,350.0,0.0,C ,Rain
02-12-2018,27.0,31.6,29.1,74.0,0.0,0.0,3.0,340.0,1.0,N ,Sun
03-12-2018,27.0,31.0,27.5,85.0,8888.0,2.2,3.0,310.0,0.0,N ,Rain
04-12-2018,26.0,30.8,27.8,81.0,11.4,0.0,3.0,340.0,1.0,N ,Rain
05-12-2018,25.0,33.2,28.2,82.0,2.0,1.6,3.0,310.0,1.0,C ,Drizzle
06-12-2018,26.0,31.4,28.1,78.0,1.0,5.2,4.0,340.0,1.0,C ,Drizzle
07-12-2018,26.0,32.4,28.9,75.0,4.0,4.0,4.0,300.0,1.0,N ,Drizzle
08-12-2018,26.0,32.6,29.3,77.0,0.0,6.2,4.0,280.0,1.0,C ,Sun
09-12-2018,27.0,31.6,29.0,79.0,8888.0,0.5,3.0,340.0,1.0,C ,Rain
10-12-2018,27.0,31.6,28.5,79.0,0.0,0.0,5.0,320.0,1.0,C ,Sun
11-12-2018,27.0,33.4,29.1,75.0,0.0,1.5,5.0,310.0,1.0,N ,Sun
12-12-2018,27.0,33.6,28.4,78.0,0.0,4.0,3.0,330.0,1.0,N ,Sun
13-12-2018,25.0,34.2,29.4,75.0,0.8,1.2,4.0,280.0,1.0,N ,Sun
14-12-2018,26.0,34.2,29.3,70.0,8888.0,5.3,3.0,150.0,2.0,W ,Rain
15-12-2018,26.0,32.0,28.5,73.0,6.0,6.0,6.0,310.0,2.0,W ,Rain
16-12-2018,27.0,34.6,29.6,67.0,0.0,4.0,5.0,250.0,2.0,W ,Sun
17-12-2018,27.0,35.4,30.2,67.0,0.0,3.5,4.0,10.0,2.0,C ,Sun
18-12-2018,27.0,33.4,29.1,73.0,0.0,8.0,5.0,310.0,1.0,C ,Sun
19-12-2018,26.0,33.6,28.4,78.0,23.4,,5.0,290.0,2.0,C ,Rain
20-12-2018,25.0,34.2,29.7,69.0,0.0,,5.0,250.0,2.0,C ,Sun
21-12-2018,27.0,32.4,29.0,66.0,0.0,7.4,4.0,300.0,2.0,NW,Sun
22-12-2018,27.0,30.0,28.6,77.0,0.0,4.0,3.0,340.0,1.0,C ,Sun
23-12-2018,26.0,30.6,27.3,78.0,0.0,0.0,6.0,240.0,2.0,W ,Sun
24-12-2018,26.0,32.4,29.0,70.0,0.0,0.1,5.0,280.0,2.0,W ,Sun
25-12-2018,24.0,31.6,27.1,81.0,0.0,4.2,6.0,250.0,3.0,SW,Sun
26-12-2018,25.0,30.0,26.7,82.0,2.7,2.7,5.0,280.0,2.0,W ,Drizzle
27-12-2018,25.0,33.0,28.8,71.0,1.0,0.5,6.0,280.0,3.0,W ,Drizzle
28-12-2018,26.0,34.0,29.3,67.0,0.0,6.0,8.0,250.0,3.0,W ,Sun
29-12-2018,26.0,34.0,29.5,72.0,0.0,8.0,6.0,290.0,4.0,W ,Sun
30-12-2018,26.0,34.4,30.2,69.0,0.0,5.4,6.0,250.0,4.0,SW,Sun
31-12-2018,27.0,32.8,28.8,71.0,0.0,8.0,7.0,230.0,3.0,SW,Sun
01-01-2019,24.0,30.6,26.0,84.0,8.5,5.5,4.0,240.0,2.0,SW,Rain
02-01-2019,24.2,33.0,28.3,75.0,2.3,1.2,5.0,290.0,2.0,W ,Drizzle
03-01-2019,24.6,33.4,28.3,74.0,0.4,4.6,5.0,280.0,2.0,W ,Sun
04-01-2019,24.8,34.0,29.3,67.0,0.0,6.0,7.0,250.0,3.0,W ,Sun
05-01-2019,26.4,33.4,28.9,71.0,0.0,8.8,5.0,280.0,1.0,C ,Sun
06-01-2019,26.6,32.6,29.4,72.0,8888.0,4.3,4.0,340.0,1.0,C ,Rain
07-01-2019,27.4,33.4,29.7,77.0,0.0,8.0,5.0,270.0,2.0,C ,Sun
08-01-2019,25.0,32.0,28.2,80.0,9.6,7.9,5.0,300.0,2.0,C ,Rain
09-01-2019,26.0,32.4,28.9,80.0,3.0,5.2,5.0,290.0,2.0,C ,Drizzle
10-01-2019,24.0,32.4,27.7,83.0,70.4,3.6,4.0,310.0,1.0,C ,Rain
11-01-2019,25.0,31.6,29.0,79.0,2.0,5.5,3.0,310.0,1.0,C ,Drizzle
12-01-2019,23.6,32.0,28.6,80.0,17.0,8.0,6.0,260.0,2.0,C ,Rain
13-01-2019,25.0,32.2,28.1,81.0,3.0,5.4,3.0,170.0,1.0,C ,Drizzle
14-01-2019,23.0,29.8,27.4,78.0,5.2,1.0,4.0,320.0,1.0,C ,Rain
15-01-2019,26.0,32.0,28.5,79.0,1.6,0.7,4.0,290.0,2.0,W ,Drizzle
16-01-2019,26.2,29.4,27.9,81.0,0.0,1.5,3.0,300.0,1.0,C ,Sun
17-01-2019,26.0,32.0,28.3,78.0,2.3,0.0,4.0,260.0,2.0,C ,Drizzle
18-01-2019,26.0,31.4,28.0,78.0,0.0,2.3,3.0,290.0,2.0,C ,Sun
19-01-2019,24.6,30.6,27.5,81.0,17.6,2.0,5.0,280.0,1.0,C ,Rain
20-01-2019,25.8,30.8,28.3,78.0,1.5,1.0,4.0,300.0,2.0,C ,Drizzle
21-01-2019,26.0,30.4,27.6,84.0,3.0,3.0,3.0,270.0,1.0,W ,Drizzle
22-01-2019,24.6,29.3,26.1,89.0,5.6,0.1,6.0,280.0,1.0,C ,Rain
23-01-2019,24.0,31.6,27.5,80.0,26.9,0.0,4.0,290.0,1.0,C ,Rain
24-01-2019,24.6,31.0,27.5,82.0,7.0,1.0,7.0,280.0,3.0,NW,Rain
25-01-2019,24.0,29.4,26.3,87.0,45.1,6.7,3.0,310.0,1.0,C ,Rain
26-01-2019,24.6,30.4,27.9,83.0,36.6,0.0,6.0,290.0,2.0,W ,Rain
27-01-2019,24.6,28.8,27.4,86.0,11.0,3.4,5.0,300.0,1.0,C ,Rain
28-01-2019,25.8,30.4,28.1,80.0,14.0,0.0,4.0,220.0,2.0,C ,Rain
29-01-2019,23.8,30.4,27.8,80.0,1.4,1.0,5.0,300.0,1.0,C ,Drizzle
30-01-2019,23.8,31.0,27.3,86.0,86.6,5.0,4.0,310.0,1.0,C ,Rain
31-01-2019,25.0,31.0,26.8,86.0,0.6,5.3,5.0,270.0,2.0,W ,Sun
01-02-2019,25.0,31.0,27.0,83.0,8.1,3.5,3.0,260.0,1.0,C ,Rain
02-02-2019,24.0,30.8,27.9,80.0,2.2,3.2,5.0,300.0,2.0,C ,Drizzle
03-02-2019,25.8,31.4,28.0,83.0,0.0,4.8,4.0,280.0,1.0,C ,Sun
04-02-2019,26.6,31.6,28.5,80.0,14.0,6.5,7.0,290.0,2.0,C ,Rain
05-02-2019,25.2,31.8,28.5,80.0,0.0,2.8,5.0,300.0,1.0,C ,Sun
06-02-2019,26.2,31.0,27.4,84.0,4.5,5.4,4.0,180.0,1.0,C ,Drizzle
07-02-2019,24.0,31.8,29.2,77.0,4.2,4.0,4.0,340.0,1.0,C ,Drizzle
08-02-2019,26.2,31.6,28.4,83.0,0.0,7.6,7.0,330.0,2.0,C ,Sun
09-02-2019,26.4,32.6,28.8,74.0,0.0,7.8,5.0,190.0,1.0,C ,Sun
10-02-2019,25.0,32.6,27.9,82.0,0.0,5.0,5.0,290.0,2.0,C ,Sun
11-02-2019,25.0,31.6,26.8,83.0,20.1,6.0,5.0,290.0,1.0,C ,Rain
12-02-2019,25.6,29.8,27.8,82.0,14.5,4.3,4.0,290.0,2.0,W ,Rain
13-02-2019,25.6,31.6,28.4,78.0,49.0,3.0,4.0,240.0,1.0,C ,Rain
14-02-2019,24.6,31.8,28.7,76.0,0.0,1.0,4.0,40.0,1.0,C ,Sun
15-02-2019,25.6,30.2,28.2,79.0,0.0,9.0,4.0,330.0,1.0,C ,Sun
16-02-2019,25.5,30.6,27.6,84.0,20.5,3.0,4.0,280.0,1.0,C ,Rain
17-02-2019,24.6,30.8,27.5,80.0,45.0,2.5,4.0,260.0,1.0,C ,Rain
18-02-2019,24.8,32.2,29.0,76.0,8888.0,7.0,6.0,310.0,2.0,C ,Rain
19-02-2019,27.0,33.0,29.3,76.0,8888.0,4.2,4.0,340.0,1.0,C ,Rain
20-02-2019,26.6,31.0,28.1,84.0,24.0,6.0,4.0,310.0,1.0,C ,Rain
21-02-2019,26.0,31.4,27.6,86.0,21.7,1.4,4.0,310.0,1.0,C ,Rain
22-02-2019,25.6,31.0,27.8,80.0,10.4,2.0,5.0,260.0,2.0,C ,Rain
23-02-2019,24.0,31.5,27.8,82.0,27.0,3.0,6.0,330.0,2.0,C ,Rain
24-02-2019,25.8,32.0,28.4,77.0,2.4,7.0,5.0,320.0,2.0,C ,Drizzle
25-02-2019,25.0,32.4,29.2,76.0,0.0,5.2,5.0,320.0,2.0,NW,Sun
26-02-2019,26.4,34.0,29.7,76.0,0.0,6.0,4.0,90.0,2.0,C ,Sun
27-02-2019,26.0,33.6,29.1,83.0,0.0,8.9,4.0,290.0,1.0,C ,Sun
28-02-2019,26.6,32.6,29.1,82.0,2.5,8.0,7.0,360.0,1.0,C ,Drizzle
01-03-2019,26.8,31.0,28.3,80.0,1.0,5.0,5.0,310.0,2.0,C ,Drizzle
02-03-2019,23.8,31.8,28.5,78.0,0.9,3.2,5.0,360.0,2.0,C ,Sun
03-03-2019,25.0,30.0,27.1,86.0,3.5,3.0,3.0,300.0,1.0,C ,Drizzle
04-03-2019,24.2,32.0,28.0,82.0,34.5,0.8,4.0,360.0,2.0,C ,Rain
05-03-2019,24.0,31.6,27.5,82.0,75.6,8.0,3.0,360.0,1.0,C ,Rain
06-03-2019,24.6,29.0,25.7,88.0,90.5,4.0,3.0,200.0,1.0,C ,Rain
07-03-2019,24.0,30.4,27.2,78.0,5.4,0.0,5.0,320.0,1.0,C ,Rain
08-03-2019,25.0,32.0,28.6,79.0,0.0,0.0,8.0,320.0,2.0,C ,Sun
09-03-2019,24.4,31.8,27.5,81.0,22.0,7.5,7.0,320.0,2.0,C ,Rain
10-03-2019,25.0,32.0,28.4,77.0,0.0,4.0,5.0,210.0,1.0,C ,Sun
11-03-2019,26.2,31.8,28.1,78.0,0.4,2.2,6.0,240.0,2.0,C ,Sun
12-03-2019,25.0,30.0,27.1,84.0,4.1,3.1,6.0,340.0,2.0,C ,Drizzle
13-03-2019,24.8,32.0,28.0,79.0,6.8,0.6,4.0,300.0,1.0,C ,Rain
14-03-2019,24.0,32.4,27.9,73.0,28.0,2.0,3.0,200.0,1.0,C ,Rain
15-03-2019,24.6,32.8,28.7,78.0,0.0,5.3,7.0,320.0,2.0,C ,Sun
16-03-2019,25.0,32.2,28.6,74.0,0.5,5.0,5.0,220.0,2.0,C ,Sun
17-03-2019,26.2,31.8,27.8,78.0,0.0,3.4,5.0,310.0,2.0,C ,Sun
18-03-2019,25.4,32.8,28.0,76.0,7.8,1.0,5.0,280.0,1.0,C ,Rain
19-03-2019,25.8,30.4,27.7,78.0,2.8,2.6,5.0,280.0,2.0,W ,Drizzle
20-03-2019,25.0,31.6,28.3,77.0,,1.0,8.0,320.0,3.0,SW,Sun
21-03-2019,26.2,32.2,28.4,76.0,0.0,7.0,5.0,300.0,2.0,C ,Sun
22-03-2019,26.8,32.8,29.2,74.0,0.0,3.0,4.0,150.0,2.0,C ,Sun
23-03-2019,27.0,33.8,29.2,76.0,3.2,7.0,7.0,360.0,2.0,C ,Drizzle
24-03-2019,25.0,33.8,29.1,74.0,1.2,6.0,4.0,270.0,2.0,W ,Drizzle
25-03-2019,26.4,32.6,27.7,80.0,0.0,7.0,4.0,260.0,1.0,C ,Sun
26-03-2019,25.6,33.2,28.8,79.0,5.0,3.2,8.0,260.0,2.0,C ,Drizzle
27-03-2019,25.0,33.0,28.2,82.0,10.5,8.3,4.0,270.0,1.0,C ,Rain
28-03-2019,25.0,34.8,29.4,74.0,17.0,6.4,5.0,290.0,2.0,C ,Rain
29-03-2019,25.0,33.2,28.7,77.0,1.0,2.5,9.0,330.0,2.0,C ,Drizzle
30-03-2019,25.8,32.6,28.7,79.0,5.0,7.3,4.0,340.0,1.0,C ,Drizzle
31-03-2019,25.8,32.6,28.5,78.0,0.6,6.5,7.0,310.0,1.0,C ,Sun
01-04-2019,26.6,32.6,28.3,76.0,8888.0,4.5,4.0,200.0,2.0,C ,Rain
02-04-2019,25.0,33.0,27.7,79.0,12.0,5.0,6.0,280.0,2.0,C ,Rain
03-04-2019,25.0,32.8,28.1,82.0,8.8,6.1,6.0,290.0,2.0,C ,Rain
04-04-2019,25.2,32.8,29.4,74.0,5.6,7.8,4.0,300.0,2.0,NW,Rain
05-04-2019,26.8,32.2,28.5,79.0,8888.0,6.0,5.0,320.0,2.0,C ,Rain
06-04-2019,26.6,32.4,28.5,80.0,1.7,3.5,4.0,200.0,1.0,C ,Drizzle
07-04-2019,25.0,33.2,28.0,78.0,2.0,5.5,6.0,280.0,1.0,C ,Drizzle
08-04-2019,24.8,33.2,29.1,82.0,50.6,6.8,6.0,270.0,2.0,C ,Rain
09-04-2019,25.0,32.2,28.6,80.0,3.5,5.2,6.0,310.0,2.0,C ,Drizzle
10-04-2019,25.0,32.8,29.5,74.0,0.0,3.0,4.0,200.0,1.0,C ,Sun
11-04-2019,26.0,35.2,30.4,70.0,0.0,3.0,7.0,300.0,2.0,C ,Sun
12-04-2019,26.0,33.0,29.5,75.0,0.0,6.9,4.0,280.0,2.0,W ,Sun
13-04-2019,27.0,33.2,29.8,75.0,0.0,3.9,8.0,330.0,2.0,C ,Sun
14-04-2019,25.8,34.0,29.6,70.0,1.0,6.3,4.0,260.0,1.0,C ,Drizzle
15-04-2019,26.0,33.0,28.8,78.0,0.0,6.2,6.0,320.0,2.0,C ,Sun
16-04-2019,25.0,33.2,28.3,81.0,6.8,3.6,5.0,320.0,1.0,C ,Rain
17-04-2019,26.0,32.4,28.9,80.0,1.8,4.0,3.0,300.0,1.0,C ,Drizzle
18-04-2019,26.4,34.6,30.7,74.0,0.0,5.3,6.0,120.0,2.0,C ,Sun
19-04-2019,26.0,32.0,27.9,86.0,18.2,6.9,5.0,100.0,1.0,C ,Rain
20-04-2019,25.0,30.8,27.8,83.0,12.9,2.8,4.0,330.0,1.0,C ,Rain
21-04-2019,25.6,33.8,29.4,80.0,5.6,0.5,5.0,290.0,2.0,C ,Rain
22-04-2019,27.2,34.8,30.1,69.0,11.0,5.5,6.0,280.0,2.0,C ,Rain
23-04-2019,25.2,34.4,30.3,72.0,0.0,6.6,7.0,100.0,2.0,C ,Sun
24-04-2019,27.4,30.6,28.0,84.0,0.0,5.0,4.0,340.0,1.0,C ,Sun
25-04-2019,25.4,34.2,29.3,77.0,22.8,0.0,4.0,80.0,1.0,C ,Rain
26-04-2019,26.0,33.2,28.3,84.0,13.2,6.0,5.0,320.0,1.0,C ,Rain
27-04-2019,26.2,30.8,27.9,85.0,1.8,4.3,4.0,320.0,1.0,C ,Drizzle
28-04-2019,27.0,31.0,28.5,82.0,0.0,0.1,3.0,200.0,1.0,C ,Sun
29-04-2019,26.4,31.4,28.9,81.0,5.5,2.3,3.0,270.0,1.0,C ,Rain
30-04-2019,26.4,31.6,28.2,83.0,9.8,0.5,4.0,80.0,1.0,C ,Rain
01-05-2019,26.0,31.4,28.6,76.0,24.5,1.5,5.0,240.0,3.0,W ,Rain
02-05-2019,25.6,34.4,29.6,72.0,0.0,1.0,4.0,260.0,2.0,W ,Sun
03-05-2019,26.4,32.4,29.2,78.0,0.0,6.0,4.0,360.0,1.0,C ,Sun
04-05-2019,27.0,32.6,29.5,79.0,8888.0,6.0,4.0,300.0,2.0,C ,Rain
05-05-2019,26.0,32.6,29.1,80.0,8.0,5.0,6.0,310.0,2.0,C ,Rain
06-05-2019,27.0,32.0,29.0,78.0,8888.0,6.0,3.0,340.0,1.0,C ,Rain
07-05-2019,26.0,33.2,29.4,77.0,0.0,1.5,5.0,310.0,1.0,C ,Sun
08-05-2019,27.0,33.4,29.0,77.0,0.0,6.0,3.0,270.0,1.0,C ,Sun
09-05-2019,26.0,33.2,28.8,78.0,0.0,5.2,6.0,330.0,2.0,C ,Sun
10-05-2019,26.0,31.8,28.4,78.0,8.0,6.4,4.0,290.0,1.0,C ,Rain
11-05-2019,26.0,33.0,29.4,81.0,3.8,2.6,3.0,110.0,1.0,C ,Drizzle
12-05-2019,27.0,34.2,29.9,76.0,0.0,5.0,4.0,260.0,1.0,C ,Sun
13-05-2019,27.0,34.2,30.0,72.0,0.0,,8.0,330.0,1.0,C ,Sun
14-05-2019,28.0,34.8,30.3,72.0,0.0,6.8,4.0,50.0,2.0,E ,Sun
15-05-2019,26.0,34.4,30.4,74.0,0.0,6.4,4.0,90.0,2.0,E ,Sun
16-05-2019,25.0,32.8,29.1,77.0,0.0,4.5,4.0,330.0,1.0,C ,Sun
17-05-2019,26.0,32.4,28.7,80.0,1.2,5.0,4.0,350.0,1.0,C ,Drizzle
18-05-2019,26.0,32.4,29.1,77.0,2.3,5.0,4.0,130.0,1.0,C ,Drizzle
19-05-2019,27.0,33.4,29.6,70.0,0.0,3.0,4.0,80.0,2.0,E ,Sun
20-05-2019,27.0,34.4,30.3,72.0,0.0,6.0,4.0,350.0,2.0,C ,Sun
21-05-2019,28.0,34.2,30.3,71.0,0.0,6.2,4.0,70.0,1.0,C ,Sun
22-05-2019,27.0,33.8,29.8,69.0,0.0,7.0,4.0,290.0,2.0,C ,Sun
23-05-2019,27.0,35.0,30.5,68.0,0.0,6.0,5.0,100.0,2.0,E ,Sun
24-05-2019,27.0,34.6,30.2,66.0,0.0,6.4,3.0,70.0,1.0,C ,Sun
25-05-2019,27.0,34.0,29.6,71.0,0.0,6.5,4.0,40.0,1.0,C ,Sun
26-05-2019,27.0,33.8,29.8,70.0,0.0,6.3,5.0,330.0,1.0,C ,Sun
27-05-2019,27.0,34.8,30.6,69.0,,5.5,5.0,60.0,2.0,E ,Sun
28-05-2019,27.0,34.4,30.3,68.0,0.0,6.5,4.0,60.0,2.0,C ,Sun
29-05-2019,28.0,34.4,30.1,72.0,0.0,6.3,6.0,120.0,2.0,E ,Sun
30-05-2019,27.0,33.8,29.5,73.0,0.0,6.0,3.0,150.0,1.0,C ,Sun
31-05-2019,26.0,34.8,30.6,66.0,0.0,6.5,4.0,330.0,1.0,C ,Sun
01-06-2019,27.0,33.2,29.4,72.0,0.0,6.5,3.0,310.0,1.0,C ,Sun
02-06-2019,27.0,32.6,29.5,74.0,0.0,5.2,6.0,320.0,2.0,C ,Sun
03-06-2019,27.0,32.8,28.6,71.0,0.0,4.3,4.0,130.0,1.0,C ,Sun
04-06-2019,26.0,33.6,29.6,71.0,0.0,1.0,6.0,80.0,2.0,E ,Sun
05-06-2019,26.0,34.2,29.5,74.0,0.0,5.0,4.0,40.0,1.0,C ,Sun
06-06-2019,27.0,34.0,30.0,75.0,0.0,6.5,4.0,50.0,2.0,E ,Sun
07-06-2019,27.0,32.4,29.3,73.0,0.0,5.0,4.0,200.0,1.0,C ,Sun
08-06-2019,24.0,33.2,29.1,79.0,18.1,3.2,6.0,270.0,2.0,C ,Rain
09-06-2019,25.0,32.8,29.1,76.0,0.0,4.7,6.0,320.0,1.0,C ,Sun
10-06-2019,26.0,33.6,29.1,70.0,0.0,5.7,3.0,130.0,1.0,C ,Sun
11-06-2019,26.0,33.8,29.7,74.0,0.0,6.2,3.0,330.0,1.0,C ,Sun
12-06-2019,27.0,33.4,29.7,74.0,0.0,5.0,3.0,330.0,1.0,C ,Sun
13-06-2019,28.0,32.4,29.8,75.0,0.0,5.5,5.0,280.0,1.0,C ,Sun
14-06-2019,26.0,31.6,28.6,78.0,0.0,4.2,4.0,230.0,1.0,C ,Sun
15-06-2019,26.0,32.4,29.2,77.0,5.0,2.0,3.0,80.0,1.0,C ,Drizzle
16-06-2019,27.0,33.6,29.5,74.0,0.0,4.0,5.0,290.0,2.0,C ,Sun
17-06-2019,25.0,33.2,29.3,72.0,0.0,2.5,4.0,100.0,1.0,C ,Sun
18-06-2019,25.0,33.4,28.8,70.0,0.0,4.8,3.0,150.0,1.0,C ,Sun
19-06-2019,25.0,34.4,29.5,72.0,,6.2,4.0,110.0,1.0,C ,Sun
20-06-2019,27.0,34.4,29.6,66.0,0.0,6.5,4.0,290.0,1.0,C ,Sun
21-06-2019,26.0,33.2,28.6,72.0,0.0,5.3,6.0,310.0,1.0,C ,Sun
22-06-2019,26.0,32.2,28.5,71.0,0.0,6.5,3.0,300.0,1.0,C ,Sun
23-06-2019,26.0,32.4,28.9,72.0,0.0,6.5,6.0,70.0,2.0,C ,Sun
24-06-2019,25.0,33.4,29.2,69.0,0.0,4.4,3.0,70.0,1.0,C ,Sun
25-06-2019,25.0,34.2,29.1,67.0,0.0,4.2,5.0,70.0,2.0,C ,Sun
26-06-2019,26.0,33.6,29.1,67.0,0.0,6.5,3.0,300.0,1.0,C ,Sun
27-06-2019,25.0,33.2,28.4,72.0,0.0,5.0,4.0,320.0,1.0,C ,Sun
28-06-2019,26.0,33.4,29.1,69.0,0.0,6.5,5.0,70.0,1.0,C ,Sun
29-06-2019,25.0,33.4,28.7,66.0,0.0,5.5,3.0,100.0,1.0,C ,Sun
30-06-2019,26.0,33.6,28.8,65.0,0.0,6.2,4.0,320.0,1.0,C ,Sun
01-07-2019,26.0,33.4,28.7,70.0,0.0,6.6,4.0,80.0,1.0,C ,Sun
02-07-2019,25.0,33.0,28.7,68.0,0.0,6.5,4.0,160.0,1.0,C ,Sun
03-07-2019,26.0,33.4,28.8,72.0,0.0,6.2,4.0,230.0,1.0,C ,Sun
04-07-2019,26.0,32.4,29.0,75.0,,6.0,5.0,280.0,1.0,C ,Sun
05-07-2019,25.0,33.0,29.5,70.0,0.0,3.0,4.0,70.0,1.0,C ,Sun
06-07-2019,25.0,33.6,29.3,72.0,0.0,2.6,3.0,90.0,1.0,C ,Sun
07-07-2019,27.0,33.2,29.2,72.0,0.0,6.5,4.0,150.0,2.0,E ,Sun
08-07-2019,26.0,33.8,29.0,72.0,0.0,5.2,5.0,80.0,2.0,C ,Sun
09-07-2019,26.0,33.2,28.7,75.0,,6.3,4.0,300.0,1.0,C ,Sun
10-07-2019,25.0,32.4,27.9,76.0,0.0,5.5,5.0,60.0,2.0,C ,Sun
11-07-2019,25.0,32.8,28.4,68.0,0.0,6.1,4.0,210.0,1.0,C ,Sun
12-07-2019,26.0,33.4,29.4,61.0,,6.5,4.0,260.0,1.0,C ,Sun
13-07-2019,26.0,32.4,28.3,70.0,0.0,6.2,6.0,300.0,2.0,C ,Sun
14-07-2019,26.0,31.4,28.2,68.0,0.0,5.8,3.0,20.0,1.0,C ,Sun
15-07-2019,24.0,31.6,27.4,66.0,0.0,3.0,3.0,100.0,1.0,C ,Sun
16-07-2019,25.0,32.2,28.1,64.0,0.0,6.0,5.0,290.0,1.0,C ,Sun
17-07-2019,24.0,32.4,27.4,64.0,0.0,6.4,4.0,330.0,1.0,C ,Sun
18-07-2019,24.0,33.4,28.1,62.0,0.0,6.2,3.0,120.0,1.0,C ,Sun
19-07-2019,25.0,34.0,29.9,62.0,0.0,6.3,4.0,90.0,1.0,C ,Sun
20-07-2019,27.0,32.8,29.8,68.0,0.0,3.6,6.0,300.0,2.0,C ,Sun
21-07-2019,27.0,33.4,29.2,68.0,0.0,4.2,3.0,20.0,1.0,C ,Sun
22-07-2019,27.0,32.2,29.3,72.0,0.0,6.5,5.0,320.0,1.0,C ,Sun
23-07-2019,26.0,33.6,29.0,59.0,0.0,4.5,4.0,110.0,2.0,C ,Sun
24-07-2019,26.0,33.0,29.3,60.0,0.0,6.3,3.0,250.0,1.0,C ,Sun
25-07-2019,25.0,32.4,28.5,68.0,0.0,5.5,4.0,20.0,2.0,E ,Sun
26-07-2019,25.0,32.6,28.2,70.0,0.0,6.5,5.0,330.0,2.0,C ,Sun
27-07-2019,26.0,32.4,28.2,72.0,0.0,6.2,4.0,260.0,1.0,C ,Sun
28-07-2019,25.0,31.8,28.7,71.0,,6.0,4.0,310.0,1.0,C ,Sun
29-07-2019,27.0,31.4,28.6,74.0,0.0,6.2,7.0,310.0,1.0,C ,Sun
30-07-2019,26.0,32.6,28.5,69.0,0.0,5.2,5.0,320.0,1.0,C ,Sun
31-07-2019,25.0,34.0,28.8,65.0,0.0,5.0,5.0,270.0,1.0,C ,Sun
01-08-2019,25.0,33.2,28.1,66.0,0.0,6.2,4.0,260.0,2.0,W ,Sun
02-08-2019,25.0,32.4,28.4,70.0,0.0,6.1,4.0,330.0,2.0,C ,Sun
03-08-2019,25.0,32.2,28.3,70.0,0.0,6.2,4.0,300.0,1.0,C ,Sun
04-08-2019,25.0,33.4,28.1,62.0,0.0,4.2,3.0,120.0,1.0,C ,Sun
05-08-2019,25.0,31.8,28.0,68.0,,5.8,5.0,290.0,2.0,C ,Sun
06-08-2019,24.0,31.2,26.6,60.0,0.0,5.8,4.0,310.0,1.0,C ,Sun
07-08-2019,24.0,33.2,27.8,61.0,0.0,6.2,4.0,60.0,1.0,C ,Sun
08-08-2019,25.0,31.8,27.7,63.0,0.0,6.0,3.0,260.0,1.0,C ,Sun
09-08-2019,24.0,31.8,27.5,72.0,,4.2,5.0,160.0,2.0,C ,Sun
10-08-2019,25.0,32.0,27.9,70.0,0.0,4.8,3.0,280.0,1.0,C ,Sun
11-08-2019,25.0,32.4,27.9,71.0,0.0,6.0,5.0,340.0,2.0,C ,Sun
12-08-2019,26.0,33.4,28.6,66.0,0.0,5.8,4.0,300.0,1.0,C ,Sun
13-08-2019,25.0,33.4,29.0,70.0,0.0,6.0,4.0,80.0,2.0,C ,Sun
14-08-2019,26.0,32.4,28.6,73.0,0.0,7.1,4.0,60.0,2.0,C ,Sun
15-08-2019,26.0,32.0,28.6,74.0,0.0,4.0,4.0,280.0,2.0,C ,Sun
16-08-2019,27.0,32.0,28.6,71.0,0.0,5.3,3.0,230.0,1.0,C ,Sun
17-08-2019,27.0,32.4,28.9,72.0,0.0,1.0,7.0,330.0,2.0,C ,Sun
18-08-2019,25.0,33.4,28.2,66.0,0.0,3.3,4.0,50.0,1.0,C ,Sun
19-08-2019,25.0,31.6,27.5,70.0,0.0,6.5,5.0,330.0,1.0,C ,Sun
20-08-2019,25.0,32.6,28.3,62.0,0.0,6.5,4.0,300.0,1.0,C ,Sun
21-08-2019,26.0,33.6,29.4,63.0,,5.5,6.0,60.0,2.0,C ,Sun
22-08-2019,26.0,32.0,28.8,70.0,0.0,6.6,4.0,330.0,1.0,C ,Sun
23-08-2019,26.0,31.4,28.3,72.0,0.0,3.5,4.0,330.0,2.0,C ,Sun
24-08-2019,25.0,31.8,28.0,69.0,0.0,5.5,3.0,60.0,1.0,C ,Sun
25-08-2019,26.0,31.6,28.0,68.0,0.0,6.6,4.0,310.0,1.0,C ,Sun
26-08-2019,26.0,32.2,28.4,70.0,0.0,6.8,7.0,330.0,2.0,C ,Sun
27-08-2019,26.0,32.0,28.6,74.0,0.0,3.2,4.0,290.0,1.0,C ,Sun
28-08-2019,27.0,32.5,28.7,76.0,0.0,6.3,4.0,170.0,1.0,C ,Sun
29-08-2019,25.0,33.6,28.9,70.0,0.0,3.9,3.0,300.0,1.0,C ,Sun
30-08-2019,25.0,33.4,29.2,69.0,0.0,5.0,5.0,100.0,2.0,C ,Sun
31-08-2019,25.0,32.6,27.7,69.0,0.0,7.0,4.0,140.0,1.0,C ,Sun
01-09-2019,25.0,32.5,28.1,72.0,0.0,7.0,4.0,170.0,1.0,C ,Sun
02-09-2019,25.0,32.6,28.3,73.0,0.0,5.3,5.0,310.0,2.0,C ,Sun
03-09-2019,26.0,33.2,29.0,71.0,0.0,6.4,4.0,220.0,1.0,C ,Sun
04-09-2019,25.0,31.8,28.8,71.0,0.0,5.0,6.0,330.0,2.0,C ,Sun
05-09-2019,25.0,31.8,28.8,72.0,0.0,5.5,5.0,170.0,2.0,C ,Sun
06-09-2019,25.0,32.0,28.0,70.0,0.0,4.4,4.0,290.0,1.0,C ,Sun
07-09-2019,26.0,33.0,28.5,69.0,0.0,5.2,3.0,100.0,1.0,C ,Sun
08-09-2019,26.0,33.0,28.9,65.0,0.0,6.0,3.0,21.0,1.0,C ,Sun
09-09-2019,25.0,32.0,28.5,70.0,0.0,5.0,5.0,320.0,1.0,C ,Sun
10-09-2019,26.0,35.0,29.8,57.0,8888.0,7.2,7.0,120.0,2.0,C ,Rain
11-09-2019,25.0,34.6,28.6,66.0,0.0,8.0,3.0,40.0,1.0,C ,Sun
12-09-2019,25.0,32.8,28.4,62.0,0.0,8.5,3.0,250.0,1.0,C ,Sun
13-09-2019,25.0,32.0,28.2,64.0,0.0,5.0,5.0,280.0,1.0,C ,Sun
14-09-2019,24.0,31.6,27.0,67.0,0.0,6.0,4.0,260.0,1.0,C ,Sun
15-09-2019,24.0,32.6,27.9,70.0,0.0,7.0,4.0,330.0,1.0,C ,Sun
16-09-2019,26.0,32.8,28.9,68.0,0.0,7.5,3.0,230.0,1.0,C ,Sun
17-09-2019,25.0,33.0,29.5,67.0,,6.0,5.0,100.0,2.0,C ,Sun
18-09-2019,25.0,33.4,28.4,78.0,0.0,6.8,6.0,290.0,2.0,C ,Sun
19-09-2019,26.0,33.6,29.6,71.0,0.0,6.7,4.0,80.0,2.0,C ,Sun
20-09-2019,26.0,33.4,28.9,67.0,0.0,7.0,4.0,290.0,1.0,C ,Sun
21-09-2019,26.0,33.0,29.1,64.0,0.0,8.3,3.0,250.0,1.0,C ,Sun
22-09-2019,25.0,32.0,28.5,70.0,,6.8,3.0,260.0,1.0,C ,Sun
23-09-2019,26.0,33.2,29.0,70.0,0.0,8.0,3.0,100.0,2.0,E ,Sun
24-09-2019,26.0,33.8,29.7,66.0,0.0,7.0,3.0,150.0,1.0,C ,Sun
25-09-2019,25.0,32.2,28.8,72.0,0.0,7.0,5.0,340.0,2.0,C ,Sun
26-09-2019,27.0,35.0,29.9,70.0,0.0,7.3,6.0,310.0,1.0,C ,Sun
27-09-2019,27.0,33.6,29.9,68.0,0.0,8.5,4.0,330.0,2.0,C ,Sun
28-09-2019,27.0,32.4,29.4,71.0,0.0,6.5,4.0,120.0,1.0,C ,Sun
29-09-2019,27.0,32.4,29.1,72.0,0.0,5.0,4.0,60.0,1.0,C ,Sun
30-09-2019,27.0,34.0,29.6,67.0,0.0,8.0,5.0,90.0,1.0,C ,Sun
01-10-2019,26.0,32.4,28.6,70.0,0.0,6.3,4.0,330.0,1.0,C ,Sun
02-10-2019,26.0,32.8,29.3,70.0,0.0,7.5,5.0,300.0,1.0,C ,Sun
03-10-2019,27.0,32.2,29.3,71.0,,8.0,6.0,320.0,2.0,C ,Sun
04-10-2019,27.0,34.2,29.8,66.0,,6.5,6.0,100.0,2.0,C ,Sun
05-10-2019,26.0,35.0,29.7,61.0,0.0,8.8,3.0,60.0,1.0,C ,Sun
06-10-2019,27.0,34.0,29.6,61.0,0.0,8.0,3.0,90.0,1.0,C ,Sun
07-10-2019,25.0,34.2,29.9,59.0,0.0,6.8,7.0,40.0,2.0,C ,Sun
08-10-2019,27.0,32.6,29.3,68.0,0.0,6.3,4.0,320.0,2.0,C ,Sun
09-10-2019,26.0,32.8,29.0,73.0,1.0,7.8,5.0,280.0,1.0,C ,Drizzle
10-10-2019,25.0,32.4,28.8,75.0,0.0,8.5,8.0,290.0,2.0,C ,Sun
11-10-2019,27.0,33.6,29.8,66.0,0.0,6.0,4.0,200.0,1.0,C ,Sun
12-10-2019,25.0,32.4,29.4,70.0,0.0,6.0,7.0,330.0,2.0,C ,Sun
13-10-2019,26.0,32.4,29.0,70.0,0.0,6.2,5.0,310.0,2.0,C ,Sun
14-10-2019,27.0,32.8,29.3,72.0,0.0,5.7,3.0,80.0,1.0,C ,Sun
15-10-2019,27.0,31.8,29.5,70.0,0.0,7.0,3.0,100.0,1.0,C ,Sun
16-10-2019,26.0,32.8,29.4,67.0,0.0,7.5,3.0,120.0,1.0,C ,Sun
17-10-2019,26.0,32.2,29.6,71.0,,6.0,7.0,360.0,1.0,C ,Sun
18-10-2019,27.0,32.2,29.4,71.0,0.0,6.2,6.0,310.0,1.0,C ,Sun
19-10-2019,27.0,33.0,30.0,71.0,0.0,5.4,5.0,80.0,1.0,C ,Sun
20-10-2019,27.0,34.0,29.5,70.0,0.0,7.8,4.0,20.0,1.0,C ,Sun
21-10-2019,26.0,34.8,30.7,65.0,0.0,7.0,3.0,150.0,1.0,C ,Sun
22-10-2019,26.0,34.6,30.3,66.0,,7.8,4.0,360.0,1.0,C ,Sun
23-10-2019,27.0,34.0,30.4,64.0,0.0,9.0,5.0,290.0,1.0,C ,Sun
24-10-2019,27.0,33.6,29.9,68.0,0.0,8.2,4.0,280.0,1.0,C ,Sun
25-10-2019,27.0,33.8,30.2,71.0,,8.6,4.0,180.0,2.0,C ,Sun
26-10-2019,27.0,33.8,29.5,72.0,0.0,8.0,8.0,330.0,2.0,C ,Sun
27-10-2019,27.0,32.0,29.3,74.0,0.0,8.0,5.0,290.0,1.0,C ,Sun
28-10-2019,27.0,32.4,29.3,73.0,0.0,2.7,4.0,90.0,1.0,C ,Sun
29-10-2019,26.0,32.6,29.3,73.0,0.0,5.0,4.0,90.0,1.0,C ,Sun
30-10-2019,26.0,33.0,29.2,70.0,,6.0,8.0,330.0,2.0,C ,Sun
31-10-2019,27.0,32.6,29.7,68.0,0.0,8.0,6.0,300.0,2.0,NW,Sun
01-11-2019,27.0,34.4,28.3,75.0,0.0,7.8,5.0,280.0,2.0,C ,Sun
02-11-2019,25.0,33.4,28.9,68.0,1.0,5.5,5.0,200.0,1.0,C ,Drizzle
03-11-2019,25.0,32.8,29.1,70.0,0.2,6.0,4.0,290.0,1.0,C ,Sun
04-11-2019,27.0,33.8,29.6,68.0,0.0,7.0,5.0,310.0,2.0,C ,Sun
05-11-2019,27.0,33.4,29.7,69.0,1.6,4.3,4.0,300.0,1.0,C ,Drizzle
06-11-2019,25.0,33.6,29.2,74.0,33.0,7.0,5.0,270.0,2.0,C ,Rain
07-11-2019,25.0,33.0,28.7,69.0,0.0,6.5,4.0,200.0,1.0,C ,Sun
08-11-2019,26.0,32.8,28.8,68.0,0.0,8.0,5.0,290.0,2.0,C ,Sun
09-11-2019,26.0,34.2,29.8,65.0,0.0,8.7,5.0,280.0,2.0,C ,Sun
10-11-2019,26.0,32.8,29.4,72.0,0.0,8.5,5.0,300.0,1.0,C ,Sun
11-11-2019,27.0,33.6,30.1,63.0,0.0,5.2,4.0,200.0,1.0,C ,Sun
12-11-2019,26.0,33.0,29.9,71.0,0.0,7.0,4.0,340.0,1.0,C ,Sun
13-11-2019,27.0,34.4,30.1,70.0,8888.0,3.0,3.0,60.0,1.0,C ,Rain
14-11-2019,28.0,30.6,28.5,77.0,0.0,1.2,5.0,80.0,1.0,C ,Sun
15-11-2019,26.0,34.6,29.9,70.0,1.0,0.5,5.0,360.0,2.0,C ,Drizzle
16-11-2019,27.0,34.0,30.4,66.0,0.0,8.8,4.0,270.0,1.0,C ,Sun
17-11-2019,27.0,33.8,30.3,62.0,0.0,8.0,3.0,230.0,1.0,C ,Sun
18-11-2019,25.0,34.2,29.7,71.0,,8.0,4.0,40.0,1.0,C ,Sun
19-11-2019,27.0,33.0,29.7,70.0,0.0,5.2,4.0,100.0,1.0,C ,Sun
20-11-2019,25.0,33.4,29.8,70.0,,8.0,5.0,310.0,2.0,C ,Sun
21-11-2019,27.0,32.4,28.8,77.0,0.0,7.8,8.0,320.0,2.0,C ,Sun
22-11-2019,27.0,32.4,29.6,74.0,0.0,5.3,4.0,320.0,1.0,C ,Sun
23-11-2019,27.0,32.6,29.8,73.0,0.0,3.2,5.0,330.0,1.0,C ,Sun
24-11-2019,27.0,33.4,29.9,71.0,0.0,2.5,3.0,350.0,1.0,C ,Sun
25-11-2019,27.0,32.8,29.4,77.0,1.6,7.0,5.0,330.0,1.0,C ,Drizzle
26-11-2019,27.0,32.8,29.9,76.0,8888.0,3.3,6.0,310.0,1.0,C ,Rain
27-11-2019,28.0,32.4,30.1,73.0,0.0,6.4,4.0,310.0,2.0,C ,Sun
28-11-2019,27.0,33.8,30.2,74.0,0.0,3.0,7.0,320.0,2.0,C ,Sun
29-11-2019,27.0,33.0,29.7,73.0,1.8,7.0,4.0,190.0,1.0,C ,Drizzle
30-11-2019,25.0,32.4,29.2,74.0,9.9,3.5,3.0,300.0,1.0,C ,Rain
01-12-2019,26.0,33.8,29.9,76.0,8.5,5.5,4.0,320.0,1.0,C ,Rain
02-12-2019,27.0,33.8,30.1,73.0,8.6,9.0,6.0,340.0,2.0,C ,Rain
03-12-2019,27.0,33.4,30.0,72.0,0.0,5.0,5.0,290.0,2.0,C ,Sun
04-12-2019,26.0,33.0,29.9,76.0,0.0,6.0,8.0,140.0,2.0,C ,Sun
05-12-2019,25.0,32.0,29.1,78.0,16.5,7.2,7.0,280.0,2.0,C ,Rain
06-12-2019,27.0,31.0,28.7,82.0,22.5,5.7,5.0,200.0,1.0,C ,Rain
07-12-2019,25.0,32.4,27.8,81.0,1.5,0.2,7.0,330.0,2.0,C ,Drizzle
08-12-2019,26.0,31.6,28.6,81.0,8888.0,0.0,6.0,280.0,2.0,C ,Rain
09-12-2019,27.0,33.0,29.4,75.0,0.0,8.0,6.0,310.0,2.0,C ,Sun
10-12-2019,27.0,30.6,28.5,77.0,0.0,7.3,5.0,320.0,1.0,C ,Sun
11-12-2019,26.0,33.0,28.1,77.0,0.0,0.0,6.0,260.0,2.0,C ,Sun
12-12-2019,25.0,29.6,27.2,83.0,8888.0,5.0,6.0,110.0,1.0,C ,Rain
13-12-2019,26.0,31.8,28.6,78.0,0.8,1.2,6.0,300.0,2.0,C ,Sun
14-12-2019,26.0,32.0,29.0,73.0,0.0,3.0,6.0,330.0,2.0,C ,Sun
15-12-2019,27.0,32.0,29.4,74.0,0.0,6.3,4.0,290.0,1.0,C ,Sun
16-12-2019,27.0,31.6,28.8,80.0,0.0,4.7,5.0,290.0,1.0,C ,Sun
17-12-2019,25.0,31.8,26.9,87.0,4.2,0.0,6.0,290.0,1.0,C ,Drizzle
18-12-2019,25.0,33.2,28.8,78.0,40.0,2.2,4.0,40.0,1.0,C ,Rain
19-12-2019,26.0,32.6,28.7,80.0,0.0,8.4,4.0,290.0,1.0,C ,Sun
20-12-2019,26.0,33.0,29.2,70.0,0.0,4.7,3.0,250.0,1.0,C ,Sun
21-12-2019,25.0,32.2,29.3,72.0,,5.0,7.0,310.0,2.0,C ,Sun
22-12-2019,25.0,32.4,27.5,86.0,24.5,5.5,5.0,300.0,1.0,C ,Rain
23-12-2019,25.0,32.8,28.2,82.0,4.8,3.8,6.0,250.0,2.0,C ,Drizzle
24-12-2019,25.0,32.6,28.7,74.0,16.0,4.9,3.0,300.0,1.0,C ,Rain
25-12-2019,25.0,29.8,26.3,92.0,38.0,6.5,3.0,320.0,0.0,C ,Rain
26-12-2019,25.0,31.6,27.9,82.0,27.4,0.2,3.0,280.0,1.0,C ,Rain
27-12-2019,26.0,31.6,27.3,85.0,3.0,3.6,4.0,260.0,1.0,C ,Drizzle
28-12-2019,25.0,30.2,26.9,86.0,36.5,2.5,7.0,300.0,2.0,C ,Rain
29-12-2019,25.0,30.2,27.5,84.0,10.2,2.7,4.0,130.0,1.0,C ,Rain
30-12-2019,25.0,32.6,28.9,75.0,0.8,1.0,6.0,260.0,2.0,C ,Sun
31-12-2019,26.0,31.2,27.6,83.0,0.0,9.0,5.0,300.0,2.0,NW,Sun
01-01-2020,25.0,28.8,26.8,90.0,145.3,4.5,3.0,290.0,1.0,C ,Rain
02-01-2020,25.0,30.8,27.6,80.0,58.8,0.0,4.0,250.0,2.0,C ,Rain
03-01-2020,25.4,31.0,28.5,77.0,,3.0,5.0,290.0,2.0,C ,Sun
04-01-2020,25.6,31.2,28.3,82.0,2.5,0.0,6.0,330.0,2.0,C ,Drizzle
05-01-2020,26.8,29.6,27.9,85.0,0.2,0.4,5.0,320.0,1.0,C ,Sun
06-01-2020,25.0,30.0,27.0,87.0,18.2,0.0,5.0,23.0,1.0,C ,Rain
07-01-2020,25.2,30.0,26.9,89.0,15.0,1.2,4.0,320.0,1.0,C ,Rain
08-01-2020,25.0,30.8,28.2,80.0,2.8,2.5,5.0,280.0,1.0,C ,Drizzle
09-01-2020,25.0,31.0,27.7,85.0,28.7,0.0,5.0,310.0,2.0,W ,Rain
10-01-2020,24.4,29.2,25.9,90.0,23.6,0.0,4.0,310.0,1.0,C ,Rain
11-01-2020,24.6,30.0,26.5,87.0,20.4,0.0,5.0,290.0,2.0,W ,Rain
12-01-2020,25.2,31.4,27.9,80.0,4.3,0.5,4.0,230.0,1.0,C ,Drizzle
13-01-2020,25.4,30.6,27.5,82.0,1.5,6.0,3.0,270.0,1.0,C ,Drizzle
14-01-2020,26.0,32.0,28.5,80.0,0.5,1.0,7.0,350.0,3.0,NW,Sun
15-01-2020,25.6,31.0,27.9,82.0,33.8,7.8,4.0,320.0,1.0,C ,Rain
16-01-2020,25.6,31.0,28.2,83.0,0.0,3.2,6.0,310.0,2.0,C ,Sun
17-01-2020,26.4,32.0,28.4,82.0,8888.0,2.2,5.0,270.0,2.0,C ,Rain
18-01-2020,24.0,30.6,27.5,81.0,78.5,6.0,3.0,290.0,1.0,C ,Rain
19-01-2020,25.0,32.0,28.1,78.0,3.8,2.0,4.0,320.0,1.0,C ,Drizzle
20-01-2020,25.8,30.4,28.4,83.0,,8.8,4.0,330.0,2.0,NW,Sun
21-01-2020,26.4,31.2,28.6,82.0,2.4,2.4,5.0,330.0,1.0,C ,Drizzle
22-01-2020,26.8,34.4,29.0,80.0,0.3,4.2,5.0,330.0,1.0,C ,Sun
23-01-2020,25.4,33.8,28.3,83.0,74.0,4.0,5.0,340.0,1.0,C ,Rain
24-01-2020,26.0,27.4,26.8,92.0,7.8,4.7,2.0,118.0,0.0,C ,Rain
25-01-2020,25.8,29.6,27.1,89.0,123.7,0.0,4.0,330.0,1.0,C ,Rain
26-01-2020,25.8,31.6,28.2,84.0,7.4,0.5,5.0,330.0,2.0,C ,Rain
27-01-2020,25.8,31.6,28.3,80.0,12.3,7.0,5.0,300.0,1.0,C ,Rain
28-01-2020,25.8,31.8,29.0,76.0,4.2,,4.0,300.0,2.0,C ,Drizzle
29-01-2020,27.2,32.4,29.5,80.0,0.0,6.6,6.0,340.0,3.0,NW,Sun
30-01-2020,24.4,31.0,27.4,82.0,22.0,6.5,4.0,310.0,1.0,C ,Rain
31-01-2020,25.0,30.0,28.3,84.0,,2.6,6.0,270.0,2.0,C ,Sun
01-02-2020,24.8,27.6,26.1,92.0,48.5,0.0,2.0,100.0,1.0,C ,Rain
02-02-2020,24.6,30.2,26.8,88.0,128.9,0.0,4.0,320.0,1.0,C ,Rain
03-02-2020,24.6,29.0,27.0,87.0,16.6,2.4,4.0,310.0,1.0,C ,Rain
04-02-2020,24.8,,27.0,86.0,20.9,0.8,6.0,270.0,2.0,C ,Rain
05-02-2020,26.0,29.6,27.8,84.0,0.5,1.5,3.0,270.0,0.0,C ,Sun
06-02-2020,25.4,28.8,26.7,89.0,6.6,2.0,3.0,310.0,1.0,C ,Rain
07-02-2020,25.8,29.8,26.6,90.0,0.6,0.0,5.0,320.0,2.0,NW,Sun
08-02-2020,24.0,30.4,26.7,86.0,125.2,0.4,4.0,280.0,1.0,C ,Rain
09-02-2020,24.0,31.0,26.4,85.0,9.0,4.0,4.0,140.0,1.0,C ,Rain
10-02-2020,24.4,34.6,29.1,76.0,18.6,1.0,5.0,330.0,2.0,C ,Rain
11-02-2020,26.0,34.4,29.9,72.0,,8.0,6.0,270.0,2.0,C ,Sun
12-02-2020,27.0,33.6,29.5,74.0,0.0,6.0,5.0,280.0,1.0,C ,Sun
13-02-2020,26.0,31.8,28.6,77.0,,5.6,3.0,200.0,1.0,C ,Sun
14-02-2020,,29.8,27.6,84.0,,2.0,4.0,320.0,1.0,C ,Sun
15-02-2020,26.0,31.8,28.3,83.0,4.7,0.3,8.0,300.0,1.0,C ,Drizzle
16-02-2020,26.0,31.4,27.4,85.0,,5.2,6.0,270.0,2.0,C ,Sun
17-02-2020,25.4,32.0,,,26.5,1.6,3.0,170.0,1.0,C ,Rain
18-02-2020,25.0,30.2,27.6,84.0,7.2,1.0,6.0,270.0,1.0,C ,Rain
19-02-2020,25.2,29.8,27.5,83.0,17.7,4.4,6.0,310.0,2.0,NW,Rain
20-02-2020,24.8,30.8,27.1,87.0,31.0,2.2,8.0,290.0,2.0,W ,Rain
21-02-2020,24.8,31.8,28.0,82.0,57.0,2.5,6.0,300.0,2.0,C ,Rain
22-02-2020,24.6,31.2,28.1,84.0,56.8,5.6,5.0,290.0,2.0,C ,Rain
23-02-2020,25.6,31.0,28.3,84.0,125.7,7.4,5.0,320.0,3.0,NW,Rain
24-02-2020,26.4,31.0,28.6,81.0,6.6,6.2,8.0,270.0,2.0,W ,Rain
25-02-2020,24.6,29.8,27.1,88.0,277.5,2.9,3.0,330.0,1.0,C ,Rain
26-02-2020,25.0,31.4,28.6,80.0,3.0,0.5,4.0,330.0,1.0,C ,Drizzle
27-02-2020,25.4,30.6,,,22.0,6.0,6.0,270.0,2.0,C ,Rain
28-02-2020,25.0,31.0,27.4,88.0,31.5,0.0,6.0,300.0,2.0,C ,Rain
29-02-2020,25.2,28.6,27.3,91.0,0.6,2.5,4.0,260.0,1.0,C ,Sun
01-03-2020,25.6,31.8,27.7,89.0,12.0,0.0,6.0,320.0,2.0,NW,Rain
02-03-2020,25.0,31.8,28.7,81.0,63.6,0.2,9.0,250.0,2.0,C ,Rain
03-03-2020,26.0,31.6,28.8,79.0,8888.0,3.5,8.0,340.0,2.0,C ,Rain
04-03-2020,26.8,31.0,28.5,82.0,8888.0,8.0,5.0,320.0,1.0,C ,Rain
05-03-2020,,31.0,28.0,79.0,19.6,1.0,3.0,270.0,1.0,C ,Rain
06-03-2020,25.0,32.0,28.8,78.0,2.0,0.0,9.0,320.0,2.0,C ,Drizzle
07-03-2020,25.2,33.0,28.8,73.0,,8.5,9.0,330.0,2.0,C ,Sun
08-03-2020,26.4,32.2,28.6,77.0,,4.3,5.0,310.0,2.0,W ,Sun
09-03-2020,26.0,33.2,29.7,71.0,8888.0,4.0,5.0,270.0,3.0,W ,Rain
10-03-2020,27.0,34.6,30.1,71.0,,5.4,5.0,280.0,2.0,C ,Sun
11-03-2020,26.0,33.0,29.6,78.0,,7.0,8.0,330.0,2.0,C ,Sun
12-03-2020,25.6,30.6,27.6,85.0,7.7,5.7,4.0,330.0,1.0,C ,Rain
13-03-2020,,31.6,28.5,76.0,29.2,2.6,5.0,290.0,1.0,C ,Rain
14-03-2020,26.4,33.5,29.4,79.0,0.0,6.5,7.0,290.0,2.0,C ,Sun
15-03-2020,25.0,33.0,29.3,80.0,2.0,7.0,9.0,320.0,2.0,C ,Drizzle
16-03-2020,26.8,33.0,28.9,77.0,3.6,7.2,3.0,200.0,1.0,C ,Drizzle
17-03-2020,25.2,32.6,28.9,78.0,4.8,5.0,5.0,310.0,2.0,C ,Drizzle
18-03-2020,25.8,29.0,27.6,86.0,0.4,8.0,4.0,290.0,1.0,C ,Sun
19-03-2020,25.8,31.4,28.1,83.0,0.2,0.0,5.0,330.0,2.0,C ,Sun
20-03-2020,25.2,31.2,27.4,82.0,16.0,1.6,4.0,250.0,1.0,C ,Rain
21-03-2020,,32.4,28.1,81.0,10.8,2.0,3.0,130.0,1.0,C ,Rain
22-03-2020,25.0,31.2,27.2,84.0,17.6,4.5,3.0,290.0,1.0,C ,Rain
23-03-2020,25.0,31.8,28.2,81.0,22.5,3.0,3.0,310.0,1.0,C ,Rain
24-03-2020,26.4,32.2,28.8,78.0,0.4,3.5,9.0,320.0,2.0,C ,Sun
25-03-2020,25.6,32.4,28.4,81.0,0.3,7.0,4.0,330.0,1.0,C ,Sun
26-03-2020,25.8,31.8,28.8,78.0,,5.0,7.0,320.0,1.0,C ,Sun
27-03-2020,26.4,31.6,28.7,81.0,0.9,1.6,4.0,290.0,1.0,C ,Sun
28-03-2020,26.0,32.0,29.0,81.0,0.0,2.0,3.0,300.0,1.0,C ,Sun
29-03-2020,27.2,33.0,29.4,78.0,0.0,7.0,5.0,330.0,1.0,C ,Sun
30-03-2020,26.6,31.8,27.7,84.0,0.0,5.2,4.0,290.0,1.0,C ,Sun
31-03-2020,26.0,34.4,28.1,84.0,7.1,2.0,8.0,330.0,2.0,C ,Rain
01-04-2020,25.2,31.8,28.1,80.0,21.5,6.4,5.0,310.0,1.0,C ,Rain
02-04-2020,25.6,33.8,29.8,73.0,0.0,5.0,7.0,320.0,2.0,C ,Sun
03-04-2020,27.0,33.6,29.3,77.0,0.1,6.6,4.0,290.0,1.0,C ,Sun
04-04-2020,26.0,32.0,28.9,81.0,5.5,5.9,4.0,330.0,1.0,C ,Rain
05-04-2020,27.0,32.0,28.5,79.0,8888.0,5.5,5.0,320.0,1.0,C ,Rain
06-04-2020,26.8,32.6,27.3,86.0,0.0,3.0,4.0,300.0,1.0,C ,Sun
07-04-2020,25.6,32.6,28.6,77.0,30.6,1.0,6.0,280.0,1.0,C ,Rain
08-04-2020,26.0,32.0,28.8,78.0,,5.2,9.0,320.0,3.0,C ,Sun
09-04-2020,27.0,31.0,28.9,81.0,0.3,6.7,4.0,290.0,1.0,C ,Sun
10-04-2020,26.4,32.2,28.3,83.0,8888.0,1.2,4.0,320.0,1.0,C ,Rain
11-04-2020,26.0,34.2,29.4,78.0,13.8,3.6,7.0,310.0,2.0,C ,Rain
12-04-2020,26.4,32.6,29.6,77.0,,3.2,8.0,350.0,2.0,C ,Sun
13-04-2020,25.8,32.0,27.7,90.0,14.5,6.0,4.0,320.0,1.0,C ,Rain
14-04-2020,25.6,32.0,28.0,85.0,72.0,4.0,8.0,300.0,2.0,C ,Rain
15-04-2020,25.8,31.4,28.1,86.0,5.4,5.4,6.0,320.0,2.0,C ,Rain
16-04-2020,26.0,32.4,29.0,80.0,,1.1,5.0,330.0,1.0,C ,Sun
17-04-2020,26.6,33.0,29.7,76.0,,6.5,4.0,20.0,1.0,C ,Sun
18-04-2020,26.2,32.6,28.7,77.0,0.0,7.0,5.0,330.0,1.0,C ,Sun
19-04-2020,26.4,34.0,29.6,76.0,,6.0,6.0,120.0,2.0,C ,Sun
20-04-2020,27.0,33.6,30.0,78.0,0.0,6.0,7.0,310.0,2.0,C ,Sun
21-04-2020,28.0,32.6,30.0,76.0,,6.9,4.0,220.0,1.0,C ,Sun
22-04-2020,26.0,34.8,30.4,70.0,,1.0,3.0,350.0,1.0,C ,Sun
23-04-2020,27.4,34.8,30.8,73.0,,6.5,7.0,80.0,2.0,C ,Sun
24-04-2020,27.0,33.0,29.3,77.0,,6.8,6.0,20.0,1.0,C ,Sun
25-04-2020,26.4,32.6,29.1,74.0,,4.6,3.0,120.0,1.0,C ,Sun
26-04-2020,26.4,33.4,29.4,77.0,,1.5,5.0,190.0,2.0,C ,Sun
27-04-2020,25.0,32.0,27.7,84.0,13.5,5.0,3.0,240.0,1.0,C ,Rain
28-04-2020,25.8,31.2,27.8,82.0,1.2,2.2,8.0,330.0,1.0,C ,Drizzle
29-04-2020,25.6,32.2,28.3,78.0,4.4,0.3,4.0,120.0,1.0,C ,Drizzle
30-04-2020,,31.8,28.6,82.0,,5.5,3.0,330.0,1.0,C ,Sun
01-05-2020,26.4,31.6,28.8,80.0,,0.5,4.0,250.0,2.0,E ,Sun
02-05-2020,25.6,30.0,27.1,85.0,8888.0,0.0,3.0,330.0,1.0,C ,Rain
03-05-2020,25.4,33.4,29.3,76.0,1.0,0.0,3.0,150.0,1.0,C ,Drizzle
04-05-2020,,30.6,28.7,79.0,,4.0,4.0,60.0,1.0,C ,Sun
05-05-2020,26.6,33.8,29.6,76.0,1.6,0.4,5.0,120.0,2.0,C ,Drizzle
06-05-2020,27.0,33.4,29.6,79.0,,6.4,3.0,80.0,1.0,C ,Sun
07-05-2020,27.2,34.2,30.2,72.0,0.2,5.6,5.0,310.0,1.0,C ,Sun
08-05-2020,27.2,33.8,30.2,73.0,,6.0,3.0,50.0,1.0,C ,Sun
09-05-2020,27.0,,28.4,82.0,,5.0,5.0,330.0,1.0,C ,Sun
10-05-2020,26.0,32.6,28.8,81.0,1.0,0.0,5.0,310.0,2.0,C ,Drizzle
11-05-2020,27.0,32.6,29.3,78.0,0.0,4.7,4.0,160.0,1.0,C ,Sun
12-05-2020,27.2,34.4,30.3,75.0,,3.0,3.0,350.0,1.0,C ,Sun
13-05-2020,27.4,33.6,29.9,79.0,3.8,6.0,5.0,270.0,1.0,C ,Drizzle
14-05-2020,26.6,34.2,29.4,76.0,,3.5,4.0,60.0,2.0,C ,Sun
15-05-2020,27.4,33.0,30.0,70.0,,6.0,3.0,90.0,1.0,C ,Sun
16-05-2020,26.0,34.6,30.2,70.0,,5.0,3.0,70.0,1.0,C ,Sun
17-05-2020,27.2,33.6,29.9,75.0,0.0,6.2,5.0,340.0,2.0,C ,Sun
18-05-2020,27.0,31.4,28.2,84.0,,5.8,5.0,100.0,1.0,C ,Sun
19-05-2020,25.2,33.0,28.7,76.0,12.8,0.2,3.0,120.0,1.0,C ,Rain
20-05-2020,,34.0,29.7,75.0,,3.0,5.0,280.0,2.0,C ,Sun
21-05-2020,24.8,33.4,28.9,80.0,29.0,6.0,4.0,270.0,1.0,C ,Rain
22-05-2020,26.0,33.0,29.7,81.0,0.0,1.0,5.0,100.0,2.0,C ,Sun
23-05-2020,26.6,33.8,29.6,73.0,0.0,5.9,5.0,130.0,1.0,C ,Sun
24-05-2020,26.0,35.6,31.2,65.0,,6.0,4.0,220.0,1.0,C ,Sun
25-05-2020,27.6,35.0,30.4,72.0,,6.5,4.0,270.0,1.0,C ,Sun
26-05-2020,26.2,34.0,29.9,73.0,1.0,5.0,8.0,260.0,2.0,C ,Drizzle
27-05-2020,27.0,33.0,29.5,74.0,0.0,5.0,5.0,60.0,1.0,C ,Sun
28-05-2020,26.2,33.2,29.8,76.0,,3.6,4.0,360.0,1.0,C ,Sun
29-05-2020,27.4,34.0,29.6,78.0,,2.2,4.0,120.0,1.0,C ,Sun
30-05-2020,,34.2,29.6,76.0,,3.4,5.0,140.0,1.0,C ,Sun
31-05-2020,27.0,33.0,29.4,73.0,0.0,6.6,3.0,200.0,1.0,C ,Sun
01-06-2020,26.2,33.4,30.3,73.0,0.6,4.0,4.0,60.0,2.0,C ,Sun
02-06-2020,26.6,34.0,29.6,74.0,,5.8,5.0,100.0,2.0,E ,Sun
03-06-2020,26.0,33.2,28.7,80.0,4.5,5.9,7.0,50.0,2.0,C ,Drizzle
04-06-2020,26.8,33.0,29.5,72.0,0.0,4.7,3.0,200.0,1.0,C ,Sun
05-06-2020,26.2,32.6,29.7,74.0,,6.5,4.0,310.0,1.0,C ,Sun
06-06-2020,26.4,32.2,28.9,76.0,0.2,0.1,4.0,90.0,1.0,C ,Sun
07-06-2020,26.0,33.6,29.9,71.0,,3.2,3.0,120.0,1.0,C ,Sun
08-06-2020,26.4,33.2,29.5,75.0,0.0,6.0,5.0,340.0,1.0,C ,Sun
09-06-2020,27.2,31.4,28.7,80.0,0.0,4.0,3.0,70.0,1.0,C ,Sun
10-06-2020,26.6,34.0,29.4,78.0,8888.0,1.2,4.0,120.0,2.0,C ,Rain
11-06-2020,27.2,33.6,29.8,75.0,0.0,6.6,5.0,140.0,2.0,C ,Sun
12-06-2020,24.6,33.6,,,3.5,5.0,3.0,200.0,2.0,C ,Drizzle
13-06-2020,25.6,33.0,29.4,74.0,,6.0,5.0,350.0,2.0,C ,Sun
14-06-2020,26.6,34.8,30.3,72.0,,4.5,4.0,100.0,1.0,C ,Sun
15-06-2020,27.0,33.0,30.1,76.0,,6.0,4.0,60.0,1.0,C ,Sun
16-06-2020,27.6,,30.0,73.0,0.0,0.0,3.0,150.0,1.0,C ,Sun
17-06-2020,26.4,35.0,30.3,69.0,,5.0,3.0,130.0,1.0,C ,Sun
18-06-2020,27.4,33.8,29.9,74.0,,6.5,4.0,360.0,1.0,C ,Sun
19-06-2020,26.0,32.0,29.3,75.0,,4.0,5.0,320.0,1.0,C ,Sun
20-06-2020,26.2,34.2,29.3,74.0,5.8,0.0,4.0,50.0,1.0,C ,Rain
21-06-2020,26.4,32.6,28.9,77.0,0.0,6.3,4.0,280.0,1.0,C ,Sun
22-06-2020,26.0,31.6,28.8,77.0,,3.2,4.0,120.0,1.0,C ,Sun
23-06-2020,24.4,32.8,28.0,80.0,6.5,1.0,5.0,130.0,1.0,C ,Rain
24-06-2020,25.2,33.0,28.7,73.0,0.0,4.0,3.0,200.0,1.0,C ,Sun
25-06-2020,26.2,33.4,29.6,70.0,,5.5,4.0,120.0,1.0,C ,Sun
26-06-2020,26.4,32.6,28.9,78.0,0.0,6.0,5.0,230.0,1.0,C ,Sun
27-06-2020,26.0,33.6,29.3,75.0,,6.4,6.0,110.0,2.0,C ,Sun
28-06-2020,27.0,33.2,29.5,71.0,0.0,5.8,6.0,20.0,2.0,C ,Sun
29-06-2020,27.0,34.2,29.8,68.0,0.0,8.0,4.0,120.0,2.0,C ,Sun
30-06-2020,26.6,33.6,29.7,72.0,,6.5,5.0,100.0,1.0,C ,Sun
01-07-2020,26.6,34.2,29.8,70.0,0.0,6.5,3.0,150.0,1.0,C ,Sun
02-07-2020,26.4,31.0,27.3,81.0,,6.0,4.0,290.0,1.0,C ,Sun
03-07-2020,,32.0,28.5,74.0,,1.5,3.0,340.0,1.0,C ,Sun
04-07-2020,,32.6,29.1,73.0,,1.0,5.0,310.0,1.0,C ,Sun
05-07-2020,25.0,32.4,28.5,69.0,,0.4,4.0,130.0,1.0,C ,Sun
06-07-2020,25.8,33.0,29.0,66.0,0.0,6.7,3.0,100.0,1.0,C ,Sun
07-07-2020,24.2,33.2,28.3,75.0,,6.0,4.0,90.0,1.0,E ,Sun
08-07-2020,25.4,32.2,29.0,73.0,,5.2,5.0,270.0,2.0,C ,Sun
09-07-2020,25.0,32.0,27.8,77.0,,4.5,5.0,330.0,2.0,C ,Sun
10-07-2020,25.2,,27.7,79.0,9.0,3.6,3.0,150.0,1.0,C ,Rain
11-07-2020,25.4,32.6,28.3,80.0,1.9,1.2,4.0,330.0,1.0,C ,Drizzle
12-07-2020,26.0,31.8,28.8,77.0,,6.0,7.0,200.0,1.0,C ,Sun
13-07-2020,26.0,32.4,29.1,72.0,,3.5,4.0,120.0,2.0,C ,Sun
14-07-2020,27.2,32.6,29.4,74.0,0.0,3.3,5.0,160.0,1.0,C ,Sun
15-07-2020,25.4,30.0,27.3,82.0,,2.0,5.0,110.0,3.0,E ,Sun
16-07-2020,25.6,31.0,28.4,79.0,0.2,3.2,5.0,80.0,2.0,C ,Sun
17-07-2020,25.0,33.0,28.6,77.0,1.0,0.0,6.0,320.0,2.0,C ,Drizzle
18-07-2020,26.0,32.6,28.8,74.0,0.0,6.4,4.0,120.0,1.0,C ,Sun
19-07-2020,26.0,32.6,29.0,73.0,,6.0,4.0,360.0,1.0,C ,Sun
20-07-2020,26.4,32.6,29.2,74.0,0.0,5.4,5.0,80.0,1.0,C ,Sun
21-07-2020,27.0,32.2,28.9,74.0,0.0,6.0,6.0,320.0,2.0,C ,Sun
22-07-2020,27.0,33.0,29.4,72.0,0.0,6.0,7.0,60.0,2.0,C ,Sun
23-07-2020,27.2,33.0,29.4,70.0,0.0,5.6,4.0,30.0,2.0,C ,Sun
24-07-2020,26.2,33.4,29.2,71.0,,6.0,5.0,190.0,1.0,C ,Sun
25-07-2020,25.0,32.4,28.7,72.0,,5.6,4.0,320.0,1.0,C ,Sun
26-07-2020,25.8,32.8,28.4,64.0,0.0,5.0,5.0,170.0,2.0,C ,Sun
27-07-2020,25.0,33.2,28.4,65.0,0.0,6.4,3.0,70.0,1.0,C ,Sun
28-07-2020,25.2,33.2,28.4,68.0,,6.2,5.0,350.0,2.0,C ,Sun
29-07-2020,24.6,33.0,28.3,67.0,,6.2,8.0,320.0,2.0,C ,Sun
30-07-2020,26.0,31.4,28.2,70.0,0.0,6.3,4.0,130.0,1.0,C ,Sun
31-07-2020,25.2,32.2,28.0,60.0,0.0,4.5,3.0,70.0,1.0,C ,Sun
01-08-2020,24.6,32.2,27.7,69.0,,5.2,7.0,350.0,1.0,C ,Sun
02-08-2020,24.0,31.8,28.2,69.0,,6.1,5.0,330.0,2.0,C ,Sun
03-08-2020,26.0,34.0,29.5,69.0,0.0,6.2,5.0,140.0,2.0,C ,Sun
04-08-2020,27.6,32.8,29.5,70.0,0.0,6.4,4.0,90.0,2.0,C ,Sun
05-08-2020,,31.4,28.5,73.0,,0.4,5.0,320.0,1.0,C ,Sun
06-08-2020,25.0,33.0,29.1,73.0,,2.6,3.0,90.0,1.0,C ,Sun
07-08-2020,26.6,32.0,28.8,77.0,0.0,6.2,5.0,300.0,1.0,C ,Sun
08-08-2020,,32.0,29.3,75.0,0.0,5.2,4.0,300.0,1.0,C ,Sun
09-08-2020,25.8,32.2,28.6,80.0,32.0,4.0,7.0,80.0,2.0,C ,Rain
10-08-2020,26.0,33.4,29.0,78.0,0.5,4.5,6.0,150.0,2.0,C ,Sun
11-08-2020,27.0,33.0,29.2,74.0,0.0,6.6,6.0,90.0,1.0,C ,Sun
12-08-2020,27.0,32.8,29.0,74.0,8888.0,3.6,4.0,110.0,2.0,C ,Rain
13-08-2020,27.2,30.4,27.1,83.0,,1.5,5.0,360.0,1.0,C ,Sun
14-08-2020,24.2,31.4,27.5,82.0,68.3,1.6,4.0,90.0,1.0,C ,Rain
15-08-2020,25.4,32.4,28.5,79.0,,2.0,3.0,50.0,1.0,C ,Sun
16-08-2020,26.2,33.4,29.1,75.0,0.0,6.8,4.0,100.0,1.0,C ,Sun
17-08-2020,26.4,33.6,29.4,71.0,,6.5,5.0,290.0,1.0,C ,Sun
18-08-2020,26.0,32.2,28.3,77.0,0.2,7.0,7.0,320.0,1.0,C ,Sun
19-08-2020,25.8,33.8,29.0,75.0,0.0,3.6,3.0,120.0,1.0,C ,Sun
20-08-2020,26.2,32.6,29.3,75.0,0.0,6.8,4.0,90.0,2.0,E ,Sun
21-08-2020,26.0,33.0,29.0,68.0,,6.0,6.0,140.0,2.0,C ,Sun
22-08-2020,25.4,34.0,29.0,64.0,0.0,7.4,4.0,70.0,1.0,C ,Sun
23-08-2020,26.0,34.8,29.5,66.0,0.0,7.6,5.0,20.0,2.0,C ,Sun
24-08-2020,27.0,33.8,29.5,68.0,0.0,7.2,4.0,100.0,2.0,E ,Sun
25-08-2020,25.6,34.0,29.0,64.0,,6.0,5.0,130.0,1.0,C ,Sun
26-08-2020,26.0,33.8,29.1,67.0,0.0,7.4,4.0,340.0,1.0,C ,Sun
27-08-2020,25.8,34.0,29.0,64.0,,6.5,8.0,340.0,2.0,C ,Sun
28-08-2020,26.2,34.4,29.3,64.0,0.0,7.3,4.0,100.0,1.0,C ,Sun
29-08-2020,26.4,34.4,29.9,64.0,0.0,7.4,4.0,80.0,1.0,C ,Sun
30-08-2020,26.4,33.8,29.2,68.0,,5.2,7.0,320.0,2.0,C ,Sun
31-08-2020,26.8,33.0,29.3,68.0,0.0,7.3,4.0,300.0,1.0,C ,Sun
01-09-2020,26.6,35.0,30.5,59.0,0.0,7.5,5.0,170.0,1.0,C ,Sun
02-09-2020,25.0,32.2,29.1,71.0,,7.2,6.0,340.0,2.0,W ,Sun
03-09-2020,26.2,32.6,29.4,72.0,1.4,4.7,4.0,330.0,1.0,C ,Drizzle
04-09-2020,27.2,34.8,30.4,67.0,,4.5,8.0,120.0,2.0,C ,Sun
05-09-2020,26.8,32.4,29.1,73.0,,8.3,4.0,320.0,1.0,C ,Sun
06-09-2020,26.4,32.6,29.4,71.0,0.0,5.6,3.0,330.0,1.0,C ,Sun
07-09-2020,26.8,34.0,29.9,66.0,,5.5,5.0,320.0,2.0,C ,Sun
08-09-2020,27.4,33.6,30.2,61.0,0.0,8.7,3.0,30.0,1.0,C ,Sun
09-09-2020,27.8,34.0,30.6,62.0,0.0,8.0,6.0,80.0,2.0,C ,Sun
10-09-2020,26.0,33.0,29.4,71.0,,7.0,6.0,330.0,2.0,C ,Sun
11-09-2020,27.0,32.4,29.5,69.0,,4.5,7.0,320.0,1.0,C ,Sun
12-09-2020,27.0,33.0,29.5,71.0,0.0,2.2,3.0,290.0,1.0,C ,Sun
13-09-2020,26.8,33.6,29.6,67.0,0.0,6.5,3.0,40.0,2.0,C ,Sun
14-09-2020,27.0,32.0,28.0,78.0,8888.0,6.2,7.0,90.0,2.0,C ,Rain
15-09-2020,24.4,32.0,27.3,79.0,47.8,5.5,3.0,290.0,1.0,C ,Rain
16-09-2020,24.2,32.2,28.8,67.0,11.6,6.5,8.0,320.0,2.0,C ,Rain
17-09-2020,25.0,34.0,29.6,66.0,0.0,8.5,5.0,90.0,1.0,C ,Sun
18-09-2020,25.4,33.8,29.9,68.0,,8.1,4.0,60.0,2.0,C ,Sun
19-09-2020,26.4,34.4,30.3,64.0,,8.0,8.0,50.0,3.0,SE,Sun
20-09-2020,26.8,30.0,26.1,87.0,2.0,8.4,4.0,300.0,1.0,C ,Drizzle
21-09-2020,24.6,32.5,27.7,80.0,30.0,1.0,8.0,290.0,2.0,C ,Rain
22-09-2020,24.0,32.4,27.9,77.0,34.6,6.0,6.0,330.0,2.0,C ,Rain
23-09-2020,24.8,32.6,29.3,71.0,0.0,5.2,4.0,340.0,1.0,C ,Sun
24-09-2020,25.8,33.0,29.7,73.0,0.0,9.6,3.0,300.0,1.0,C ,Sun
25-09-2020,26.8,33.8,30.2,68.0,0.0,8.0,5.0,330.0,2.0,C ,Sun
26-09-2020,26.8,33.2,29.3,73.0,,6.5,6.0,320.0,2.0,C ,Sun
27-09-2020,25.2,31.8,28.0,77.0,22.0,2.3,4.0,260.0,1.0,C ,Rain
28-09-2020,25.6,34.4,29.8,68.0,2.5,4.5,4.0,80.0,2.0,C ,Drizzle
29-09-2020,26.6,32.8,29.7,66.0,0.0,7.6,6.0,330.0,2.0,C ,Sun
30-09-2020,26.6,34.8,30.6,66.0,,7.2,5.0,90.0,2.0,C ,Sun
01-10-2020,26.0,34.6,30.3,70.0,,9.7,7.0,70.0,2.0,C ,Sun
02-10-2020,27.6,33.2,29.4,72.0,0.0,9.0,5.0,300.0,2.0,C ,Sun
03-10-2020,27.0,30.8,27.8,78.0,0.0,6.0,5.0,80.0,1.0,C ,Sun
04-10-2020,25.0,32.4,28.4,74.0,12.5,1.9,8.0,310.0,3.0,NW,Rain
05-10-2020,24.2,33.0,28.8,68.0,17.3,6.2,4.0,340.0,2.0,C ,Rain
06-10-2020,25.8,33.0,28.8,67.0,,8.0,4.0,20.0,1.0,C ,Sun
07-10-2020,25.8,33.6,29.7,68.0,0.0,8.0,5.0,180.0,1.0,C ,Sun
08-10-2020,25.0,32.4,29.3,71.0,,9.8,4.0,340.0,2.0,C ,Sun
09-10-2020,25.0,31.6,28.7,77.0,8.0,4.0,7.0,320.0,2.0,C ,Rain
10-10-2020,26.6,32.2,28.8,75.0,0.0,4.7,4.0,300.0,1.0,C ,Sun
11-10-2020,25.6,32.0,28.5,77.0,6.6,2.2,4.0,290.0,1.0,C ,Rain
12-10-2020,25.6,33.2,29.7,68.0,,3.5,4.0,340.0,1.0,C ,Sun
13-10-2020,26.6,32.6,29.5,70.0,,5.0,7.0,320.0,2.0,C ,Sun
14-10-2020,27.4,33.2,29.8,70.0,0.0,4.6,5.0,300.0,2.0,C ,Sun
15-10-2020,27.2,33.6,30.0,67.0,0.0,8.0,5.0,80.0,1.0,C ,Sun
16-10-2020,27.0,33.6,28.4,75.0,,7.8,5.0,340.0,1.0,C ,Sun
17-10-2020,24.4,32.0,28.7,75.0,48.5,4.0,7.0,330.0,2.0,C ,Rain
18-10-2020,26.6,32.2,28.8,75.0,0.0,6.0,6.0,310.0,1.0,C ,Sun
19-10-2020,26.8,32.6,28.6,79.0,0.0,5.5,7.0,330.0,2.0,C ,Sun
20-10-2020,25.0,32.8,28.6,78.0,10.5,4.4,5.0,360.0,2.0,C ,Rain
21-10-2020,25.4,32.0,27.3,82.0,24.6,7.5,8.0,320.0,2.0,C ,Rain
22-10-2020,24.0,33.0,28.8,76.0,57.6,4.0,4.0,200.0,2.0,W ,Rain
23-10-2020,26.4,33.6,29.8,68.0,0.0,5.0,4.0,260.0,1.0,C ,Sun
24-10-2020,26.4,32.6,29.2,72.0,,3.5,5.0,100.0,2.0,C ,Sun
25-10-2020,25.6,32.0,28.2,78.0,,8.8,6.0,330.0,1.0,C ,Sun
26-10-2020,26.0,32.2,27.4,82.0,0.8,5.0,4.0,340.0,1.0,C ,Sun
27-10-2020,25.2,31.0,27.0,82.0,5.4,3.0,7.0,320.0,2.0,C ,Rain
28-10-2020,24.6,32.2,28.3,80.0,15.0,0.0,7.0,320.0,2.0,C ,Rain
29-10-2020,25.6,33.4,29.4,74.0,1.5,6.8,4.0,20.0,1.0,C ,Drizzle
30-10-2020,27.0,32.4,29.1,76.0,,6.0,4.0,120.0,1.0,C ,Sun
31-10-2020,26.1,32.6,28.1,77.0,0.0,3.4,7.0,330.0,2.0,C ,Sun
01-11-2020,25.0,32.8,27.7,81.0,5.5,5.8,5.0,320.0,2.0,C ,Rain
02-11-2020,25.8,32.4,28.6,75.0,7.0,3.5,5.0,240.0,2.0,C ,Rain
03-11-2020,26.2,32.2,28.8,74.0,0.0,2.2,5.0,300.0,1.0,C ,Sun
04-11-2020,26.4,32.6,28.6,74.0,8888.0,7.5,5.0,330.0,2.0,C ,Rain
05-11-2020,25.0,29.8,27.3,83.0,3.0,3.0,4.0,240.0,1.0,C ,Drizzle
06-11-2020,25.6,31.4,27.7,86.0,5.0,0.0,3.0,280.0,1.0,C ,Drizzle
07-11-2020,25.4,33.4,28.9,80.0,10.0,2.6,4.0,100.0,1.0,C ,Rain
08-11-2020,25.8,31.6,27.8,80.0,,6.5,5.0,320.0,2.0,C ,Sun
09-11-2020,25.0,33.8,29.1,71.0,1.0,5.2,5.0,50.0,1.0,C ,Drizzle
10-11-2020,26.4,32.2,29.5,77.0,0.0,8.7,9.0,340.0,2.0,C ,Sun
11-11-2020,26.8,33.0,29.9,72.0,0.0,5.2,4.0,340.0,1.0,C ,Sun
12-11-2020,27.0,34.4,29.8,74.0,3.6,7.5,5.0,20.0,2.0,C ,Drizzle
13-11-2020,25.6,33.4,30.4,76.0,,5.0,4.0,70.0,1.0,C ,Sun
14-11-2020,27.4,33.4,30.5,71.0,,7.5,8.0,320.0,2.0,C ,Sun
15-11-2020,27.6,34.6,30.7,68.0,0.0,8.5,5.0,130.0,1.0,C ,Sun
16-11-2020,27.6,35.0,29.7,74.0,0.0,7.6,6.0,190.0,2.0,C ,Sun
17-11-2020,26.0,32.2,29.3,78.0,,7.3,6.0,330.0,2.0,C ,Sun
18-11-2020,26.6,32.8,29.3,76.0,,4.5,5.0,340.0,1.0,C ,Sun
19-11-2020,26.8,33.2,30.2,72.0,8888.0,3.0,4.0,300.0,1.0,C ,Rain
20-11-2020,28.0,32.6,29.7,77.0,0.0,7.0,4.0,130.0,1.0,C ,Sun
21-11-2020,26.6,32.4,29.2,76.0,8888.0,3.8,5.0,320.0,1.0,C ,Rain
22-11-2020,26.8,31.8,28.5,77.0,0.0,5.6,4.0,280.0,1.0,C ,Sun
23-11-2020,,30.6,28.0,81.0,0.0,2.7,5.0,290.0,1.0,C ,Sun
24-11-2020,25.6,34.4,28.1,77.0,1.0,0.0,4.0,200.0,1.0,C ,Drizzle
25-11-2020,25.4,33.8,28.3,78.0,15.0,3.0,6.0,320.0,1.0,C ,Rain
26-11-2020,25.6,32.6,28.7,77.0,26.0,6.2,3.0,290.0,1.0,C ,Rain
27-11-2020,26.2,35.2,29.4,70.0,0.0,5.5,6.0,280.0,2.0,C ,Sun
28-11-2020,25.0,32.6,28.5,79.0,9.0,3.7,3.0,30.0,1.0,C ,Rain
29-11-2020,26.0,32.8,28.4,74.0,0.2,2.2,9.0,250.0,4.0,W ,Sun
30-11-2020,25.2,32.0,27.8,76.0,1.0,1.5,6.0,260.0,2.0,C ,Drizzle
01-12-2020,26.2,34.0,29.4,70.0,8888.0,1.0,7.0,250.0,2.0,C ,Rain
02-12-2020,,33.8,29.4,70.0,,5.0,6.0,330.0,2.0,NW,Sun
03-12-2020,24.4,30.4,26.9,79.0,5.0,7.5,4.0,320.0,1.0,C ,Drizzle
04-12-2020,24.4,32.4,27.8,80.0,1.4,0.3,4.0,310.0,1.0,C ,Drizzle
05-12-2020,26.0,30.2,27.5,80.0,14.4,4.0,6.0,270.0,2.0,C ,Rain
06-12-2020,25.0,28.6,26.0,90.0,32.5,0.5,7.0,320.0,3.0,W ,Rain
07-12-2020,24.2,30.2,26.1,88.0,34.8,0.0,3.0,320.0,1.0,C ,Rain
08-12-2020,24.4,32.2,28.4,78.0,7.2,0.2,4.0,340.0,2.0,W ,Rain
09-12-2020,25.6,32.2,28.9,75.0,9.3,6.2,10.0,270.0,2.0,C ,Rain
10-12-2020,25.0,32.0,27.8,80.0,,3.5,7.0,330.0,2.0,NW,Sun
11-12-2020,26.0,30.4,28.1,80.0,0.4,2.0,8.0,320.0,3.0,W ,Sun
12-12-2020,25.4,32.2,27.7,78.0,4.8,3.3,4.0,300.0,2.0,W ,Drizzle
13-12-2020,25.6,30.2,27.0,83.0,8888.0,2.0,4.0,270.0,1.0,C ,Rain
14-12-2020,25.0,32.2,28.0,76.0,8888.0,8.0,5.0,250.0,2.0,W ,Rain
15-12-2020,25.8,32.6,27.7,78.0,,0.4,9.0,270.0,4.0,W ,Sun
16-12-2020,25.4,32.2,28.1,76.0,9.0,1.8,4.0,340.0,2.0,W ,Rain
17-12-2020,24.8,31.8,27.5,79.0,6.0,2.2,5.0,260.0,2.0,W ,Rain
18-12-2020,25.0,31.8,28.3,74.0,,2.4,4.0,260.0,1.0,C ,Sun
19-12-2020,25.4,32.8,28.2,74.0,,2.0,6.0,270.0,3.0,SW,Sun
20-12-2020,25.8,30.8,27.2,81.0,8888.0,4.6,5.0,270.0,2.0,W ,Rain
21-12-2020,24.8,29.6,27.4,76.0,4.2,2.4,5.0,290.0,2.0,C ,Drizzle
22-12-2020,25.6,31.6,28.6,73.0,8888.0,0.8,4.0,280.0,2.0,W ,Rain
23-12-2020,25.6,34.8,29.6,65.0,0.0,2.0,7.0,280.0,2.0,W ,Sun
24-12-2020,26.4,33.4,28.9,68.0,0.0,7.0,5.0,300.0,2.0,C ,Sun
25-12-2020,25.8,34.2,29.3,67.0,8888.0,4.5,6.0,270.0,1.0,C ,Rain
26-12-2020,,34.4,28.9,70.0,0.7,6.5,7.0,270.0,3.0,W ,Sun
27-12-2020,25.6,32.4,29.4,70.0,8888.0,4.8,6.0,330.0,3.0,NW,Rain
28-12-2020,26.4,33.0,29.1,70.0,,7.0,4.0,310.0,3.0,W ,Sun
29-12-2020,26.4,32.0,28.3,73.0,0.0,5.3,9.0,290.0,2.0,C ,Sun
30-12-2020,25.6,32.6,28.0,75.0,,1.5,5.0,270.0,2.0,W ,Sun
31-12-2020,25.6,30.2,26.5,83.0,5.0,0.2,4.0,240.0,1.0,C ,Drizzle
01-01-2021,25.0,30.0,27.0,80.0,13.8,0.0,4.0,310.0,1.0,C ,Rain
02-01-2021,25.0,31.2,27.6,78.0,8888.0,2.5,6.0,290.0,2.0,C ,Rain
03-01-2021,25.0,32.4,27.9,77.0,,3.5,8.0,320.0,2.0,C ,Sun
04-01-2021,25.6,32.6,28.8,75.0,9.4,2.7,7.0,260.0,2.0,C ,Rain
05-01-2021,26.2,29.6,28.4,76.0,0.0,5.2,5.0,310.0,1.0,C ,Sun
06-01-2021,24.0,30.6,27.2,85.0,8.2,2.6,10.0,260.0,1.0,C ,Rain
07-01-2021,24.0,29.8,26.8,84.0,40.5,,3.0,320.0,1.0,C ,Rain
08-01-2021,25.0,30.2,27.1,85.0,2.0,0.0,8.0,320.0,2.0,C ,Drizzle
09-01-2021,25.6,32.0,26.4,87.0,14.4,0.6,5.0,300.0,1.0,C ,Rain
10-01-2021,24.6,31.0,27.1,82.0,34.3,4.0,4.0,280.0,1.0,C ,Rain
11-01-2021,24.6,30.8,27.8,78.0,,0.0,5.0,300.0,2.0,NW,Sun
12-01-2021,25.0,30.0,27.3,82.0,,5.0,5.0,240.0,2.0,W ,Sun
13-01-2021,25.6,29.0,27.2,83.0,13.2,0.3,5.0,290.0,2.0,C ,Rain
14-01-2021,26.0,29.4,27.4,81.0,0.2,1.0,8.0,300.0,2.0,C ,Sun
15-01-2021,25.0,29.8,27.9,79.0,8888.0,0.0,5.0,300.0,2.0,C ,Rain
16-01-2021,25.6,34.2,29.2,70.0,,0.4,10.0,260.0,2.0,W ,Sun
17-01-2021,25.6,30.4,27.9,82.0,0.0,5.5,6.0,310.0,2.0,NW,Sun
18-01-2021,26.2,28.8,26.8,86.0,1.8,2.2,7.0,250.0,2.0,C ,Drizzle
19-01-2021,24.0,29.4,26.7,82.0,15.7,0.0,6.0,300.0,2.0,C ,Rain
20-01-2021,24.8,29.8,27.3,80.0,14.0,1.4,9.0,340.0,3.0,C ,Rain
21-01-2021,24.8,28.4,26.6,87.0,3.2,3.6,4.0,300.0,1.0,C ,Drizzle
22-01-2021,25.6,29.4,27.0,79.0,8.5,0.5,7.0,260.0,1.0,C ,Rain
23-01-2021,25.4,30.8,27.4,82.0,0.0,0.4,6.0,260.0,2.0,C ,Sun
24-01-2021,24.0,27.6,25.1,94.0,16.5,1.4,3.0,290.0,1.0,C ,Rain
25-01-2021,24.0,30.4,27.6,80.0,43.8,0.0,4.0,330.0,1.0,C ,Rain
26-01-2021,,31.8,27.4,83.0,0.0,6.0,5.0,280.0,2.0,C ,Sun
27-01-2021,23.4,30.0,25.9,86.0,7.0,3.1,6.0,260.0,2.0,W ,Rain
28-01-2021,24.0,28.8,25.7,87.0,1.2,0.2,6.0,210.0,2.0,C ,Drizzle
29-01-2021,24.0,29.4,26.2,87.0,38.4,0.3,4.0,290.0,1.0,C ,Rain
30-01-2021,24.2,29.8,26.6,86.0,26.2,2.8,5.0,290.0,2.0,C ,Rain
31-01-2021,24.2,29.2,26.6,87.0,20.5,1.3,4.0,300.0,1.0,C ,Rain
01-02-2021,24.8,30.4,27.1,82.0,0.4,0.2,7.0,340.0,2.0,C ,Sun
02-02-2021,25.4,29.8,27.4,83.0,16.4,4.0,5.0,340.0,2.0,C ,Rain
03-02-2021,24.2,29.4,26.5,89.0,76.2,6.5,7.0,290.0,1.0,C ,Rain
04-02-2021,24.2,29.8,26.5,87.0,18.0,0.3,10.0,320.0,3.0,C ,Rain
05-02-2021,25.0,29.6,27.0,85.0,21.0,6.4,7.0,280.0,3.0,NW,Rain
06-02-2021,24.6,30.0,28.2,80.0,39.4,4.0,5.0,300.0,2.0,NW,Rain
07-02-2021,25.8,30.2,27.8,82.0,67.8,7.6,8.0,350.0,3.0,C ,Rain
08-02-2021,25.0,30.2,28.0,83.0,9.0,4.4,8.0,330.0,2.0,C ,Rain
09-02-2021,24.2,30.2,27.2,87.0,16.5,3.5,4.0,270.0,1.0,C ,Rain
10-02-2021,25.4,30.8,28.1,80.0,1.4,5.8,7.0,200.0,2.0,C ,Drizzle
11-02-2021,25.8,32.0,27.6,81.0,8888.0,2.8,5.0,290.0,2.0,C ,Rain
12-02-2021,25.4,29.6,27.4,82.0,4.2,4.0,5.0,330.0,2.0,NW,Drizzle
13-02-2021,25.2,31.0,27.9,79.0,0.8,3.0,6.0,340.0,2.0,C ,Sun
14-02-2021,26.0,29.2,27.3,88.0,22.3,4.2,3.0,270.0,1.0,C ,Rain
15-02-2021,25.2,30.6,27.4,86.0,11.8,1.2,7.0,340.0,2.0,C ,Rain
16-02-2021,24.2,28.2,25.5,95.0,59.0,4.1,3.0,330.0,1.0,C ,Rain
17-02-2021,23.8,29.0,26.0,85.0,72.8,0.0,5.0,340.0,1.0,C ,Rain
18-02-2021,24.4,30.0,25.8,86.0,0.0,0.0,5.0,310.0,2.0,C ,Sun
19-02-2021,24.5,29.4,26.6,82.0,94.1,2.0,7.0,340.0,2.0,C ,Rain
20-02-2021,,30.0,27.9,78.0,27.0,2.6,7.0,320.0,3.0,NW,Rain
21-02-2021,24.8,30.2,27.2,82.0,16.4,3.5,9.0,330.0,2.0,C ,Rain
22-02-2021,25.4,30.4,27.9,78.0,0.0,8.4,6.0,300.0,2.0,NW,Sun
23-02-2021,26.4,31.0,27.9,80.0,0.0,5.5,10.0,340.0,3.0,C ,Sun
24-02-2021,24.0,32.4,27.3,77.0,0.3,5.4,8.0,300.0,2.0,C ,Sun
25-02-2021,24.6,30.0,27.3,85.0,11.8,3.2,10.0,320.0,3.0,NW,Rain
26-02-2021,24.0,29.6,26.8,86.0,13.9,3.4,3.0,310.0,1.0,C ,Rain
27-02-2021,25.0,31.6,28.1,82.0,3.9,1.2,5.0,320.0,1.0,C ,Drizzle
28-02-2021,26.0,34.0,29.5,70.0,,5.0,6.0,270.0,2.0,W ,Sun
01-03-2021,26.2,33.4,29.3,72.0,0.2,3.5,8.0,330.0,3.0,C ,Sun
02-03-2021,24.8,30.8,27.3,82.0,20.4,5.8,3.0,310.0,1.0,C ,Rain
03-03-2021,24.6,31.4,27.7,82.0,35.2,4.5,7.0,260.0,1.0,C ,Rain
04-03-2021,25.0,31.6,28.3,78.0,1.3,5.9,4.0,310.0,1.0,C ,Drizzle
05-03-2021,25.4,31.6,27.4,82.0,3.0,3.0,10.0,320.0,2.0,C ,Drizzle
06-03-2021,25.8,30.4,26.8,86.0,0.6,4.2,3.0,300.0,1.0,C ,Sun
07-03-2021,24.2,30.6,27.1,85.0,67.2,5.0,8.0,330.0,2.0,C ,Rain
08-03-2021,,31.4,27.0,80.0,2.0,0.2,5.0,250.0,2.0,W ,Drizzle
09-03-2021,24.8,30.4,27.3,80.0,3.4,2.0,5.0,330.0,1.0,C ,Drizzle
10-03-2021,25.0,30.6,27.4,83.0,40.6,3.5,9.0,330.0,2.0,C ,Rain
11-03-2021,23.0,30.2,26.0,82.0,35.1,5.6,5.0,290.0,1.0,C ,Rain
12-03-2021,23.4,29.6,27.4,83.0,1.0,3.3,6.0,340.0,2.0,C ,Drizzle
13-03-2021,25.8,32.8,28.7,74.0,0.1,2.1,6.0,330.0,2.0,C ,Sun
14-03-2021,25.0,30.8,26.9,79.0,2.6,5.0,4.0,250.0,1.0,C ,Drizzle
15-03-2021,25.0,30.2,27.6,84.0,5.2,4.8,4.0,250.0,1.0,C ,Rain
16-03-2021,25.0,32.2,27.8,82.0,,0.0,5.0,310.0,1.0,C ,Sun
17-03-2021,24.8,32.0,28.1,76.0,13.6,4.0,8.0,320.0,2.0,C ,Rain
18-03-2021,26.4,32.0,29.0,74.0,0.0,8.2,4.0,300.0,1.0,C ,Sun
19-03-2021,27.0,31.6,28.9,76.0,0.0,7.0,7.0,290.0,2.0,C ,Sun
20-03-2021,25.0,31.8,27.8,80.0,,4.6,5.0,330.0,3.0,W ,Sun
21-03-2021,26.0,32.8,28.4,79.0,4.0,3.6,6.0,330.0,2.0,NW,Drizzle
22-03-2021,26.2,32.8,29.3,73.0,,8.0,5.0,320.0,2.0,C ,Sun
23-03-2021,26.8,33.8,29.1,75.0,0.0,8.0,8.0,280.0,2.0,C ,Sun
24-03-2021,26.4,33.2,28.9,72.0,,8.0,6.0,270.0,3.0,W ,Sun
25-03-2021,27.0,31.4,28.8,72.0,,5.0,5.0,320.0,1.0,C ,Sun
26-03-2021,26.0,32.6,28.8,76.0,0.0,5.0,7.0,320.0,2.0,C ,Sun
27-03-2021,26.8,32.0,28.3,82.0,0.0,8.4,5.0,290.0,2.0,C ,Sun
28-03-2021,25.0,32.8,28.8,79.0,4.5,2.3,5.0,310.0,1.0,C ,Drizzle
29-03-2021,26.4,32.0,28.3,82.0,,8.5,8.0,330.0,2.0,C ,Sun
30-03-2021,27.0,29.4,27.8,86.0,3.5,1.3,2.0,70.0,1.0,C ,Drizzle
31-03-2021,26.0,33.0,28.5,79.0,0.6,1.0,6.0,290.0,2.0,C ,Sun
01-04-2021,25.0,30.4,27.8,76.0,4.0,7.0,3.0,260.0,1.0,W ,Drizzle
02-04-2021,25.8,32.2,29.0,73.0,,0.2,7.0,320.0,2.0,C ,Sun
03-04-2021,25.0,29.8,26.9,88.0,73.4,8.0,2.0,130.0,1.0,C ,Rain
04-04-2021,25.2,30.2,27.7,84.0,1.6,0.0,4.0,290.0,1.0,C ,Drizzle
05-04-2021,25.0,32.0,28.5,78.0,,0.4,4.0,320.0,2.0,C ,Sun
06-04-2021,26.0,33.4,29.0,71.0,,1.5,10.0,250.0,5.0,W ,Sun
07-04-2021,25.4,30.4,27.8,76.0,0.8,5.6,9.0,260.0,2.0,W ,Sun
08-04-2021,25.6,33.4,29.1,75.0,0.9,0.8,6.0,280.0,1.0,C ,Sun
09-04-2021,25.6,31.8,28.6,78.0,,6.7,6.0,330.0,2.0,C ,Sun
10-04-2021,24.4,31.6,27.6,81.0,6.0,6.5,5.0,320.0,1.0,C ,Rain
11-04-2021,25.2,31.6,28.1,77.0,0.0,3.3,3.0,300.0,1.0,C ,Sun
12-04-2021,26.0,33.6,28.7,74.0,1.2,3.5,7.0,290.0,2.0,C ,Drizzle
13-04-2021,25.0,32.8,28.0,80.0,25.5,5.8,5.0,310.0,1.0,C ,Rain
14-04-2021,25.6,31.8,28.0,81.0,8888.0,6.0,7.0,340.0,1.0,C ,Rain
15-04-2021,25.0,31.8,27.3,82.0,3.4,5.6,3.0,320.0,1.0,C ,Drizzle
16-04-2021,25.4,31.8,28.3,78.0,2.7,5.5,5.0,230.0,1.0,C ,Drizzle
17-04-2021,26.0,31.4,27.6,84.0,,6.8,5.0,320.0,1.0,C ,Sun
18-04-2021,25.8,31.8,28.6,78.0,27.7,2.5,5.0,320.0,1.0,C ,Rain
19-04-2021,26.4,32.0,28.7,76.0,0.0,4.2,3.0,320.0,1.0,C ,Sun
20-04-2021,26.2,32.8,29.1,73.0,0.0,6.3,4.0,300.0,1.0,C ,Sun
21-04-2021,25.6,33.2,29.3,72.0,,4.0,6.0,340.0,1.0,C ,Sun
22-04-2021,26.4,33.0,29.3,68.0,,7.0,6.0,320.0,2.0,C ,Sun
23-04-2021,26.8,32.2,28.2,76.0,0.0,7.0,4.0,280.0,1.0,C ,Sun
24-04-2021,25.4,32.6,28.5,74.0,10.5,7.0,7.0,290.0,2.0,C ,Rain
25-04-2021,25.0,32.8,29.3,73.0,,6.8,3.0,10.0,1.0,C ,Sun
26-04-2021,26.8,34.2,30.2,70.0,,6.8,8.0,340.0,2.0,C ,Sun
27-04-2021,27.2,34.2,29.9,73.0,0.0,6.5,3.0,120.0,1.0,C ,Sun
28-04-2021,26.4,32.2,28.8,78.0,0.0,7.0,5.0,340.0,1.0,C ,Sun
29-04-2021,25.4,33.4,29.0,76.0,56.2,3.0,5.0,270.0,1.0,C ,Rain
30-04-2021,25.2,32.0,28.6,80.0,,6.8,4.0,340.0,1.0,C ,Sun
01-05-2021,26.6,33.4,29.7,76.0,0.0,1.8,3.0,150.0,1.0,C ,Sun
02-05-2021,27.2,33.6,29.8,76.0,0.0,6.0,5.0,330.0,1.0,C ,Sun
03-05-2021,26.0,33.0,29.7,76.0,,5.8,4.0,140.0,2.0,E ,Sun
04-05-2021,26.6,32.8,29.5,72.0,,4.0,5.0,330.0,1.0,C ,Sun
05-05-2021,27.4,32.4,29.5,78.0,0.0,2.7,5.0,330.0,1.0,C ,Sun
06-05-2021,26.0,32.4,27.6,81.0,36.8,4.0,6.0,250.0,2.0,C ,Rain
07-05-2021,25.0,32.8,28.8,80.0,4.0,2.5,6.0,350.0,1.0,C ,Drizzle
08-05-2021,25.8,33.2,29.2,78.0,0.4,6.0,7.0,330.0,2.0,C ,Sun
09-05-2021,24.6,32.4,28.4,80.0,47.0,4.0,4.0,300.0,1.0,C ,Rain
10-05-2021,25.4,33.6,29.7,76.0,3.5,6.6,5.0,280.0,1.0,C ,Drizzle
11-05-2021,25.6,34.8,29.9,73.0,,6.5,4.0,340.0,2.0,C ,Sun
12-05-2021,27.2,33.8,30.1,74.0,,6.5,5.0,150.0,1.0,C ,Sun
13-05-2021,27.2,33.6,29.6,76.0,0.0,6.6,3.0,350.0,2.0,C ,Sun
14-05-2021,26.8,34.4,29.8,71.0,,5.6,5.0,250.0,2.0,C ,Sun
15-05-2021,26.0,33.4,29.8,72.0,,5.5,3.0,70.0,1.0,C ,Sun
16-05-2021,27.6,33.4,30.1,72.0,0.0,6.8,3.0,300.0,1.0,C ,Sun
17-05-2021,28.0,33.0,29.8,75.0,0.0,6.4,7.0,320.0,2.0,C ,Sun
18-05-2021,23.4,31.6,27.3,82.0,92.2,2.4,4.0,290.0,1.0,C ,Rain
19-05-2021,,32.8,29.1,77.0,,2.6,5.0,340.0,1.0,C ,Sun
20-05-2021,26.6,33.2,29.6,74.0,,4.2,5.0,320.0,2.0,NW,Sun
21-05-2021,27.0,33.4,29.1,77.0,0.2,5.0,5.0,320.0,1.0,C ,Sun
22-05-2021,27.0,32.6,28.9,76.0,0.0,6.5,5.0,320.0,1.0,C ,Sun
23-05-2021,25.6,32.8,29.1,76.0,8888.0,2.7,5.0,320.0,1.0,C ,Rain
24-05-2021,26.6,32.6,29.5,77.0,,,5.0,300.0,1.0,C ,Sun
25-05-2021,25.0,33.0,28.5,77.0,10.0,2.0,3.0,320.0,1.0,C ,Rain
26-05-2021,25.6,33.4,29.1,76.0,0.0,5.2,6.0,120.0,2.0,C ,Sun
27-05-2021,26.8,33.6,29.7,73.0,0.0,6.4,5.0,90.0,1.0,C ,Sun
28-05-2021,27.0,34.0,29.8,74.0,0.0,6.7,3.0,50.0,2.0,C ,Sun
29-05-2021,26.8,30.0,27.5,83.0,,6.5,3.0,320.0,1.0,C ,Sun
30-05-2021,25.2,33.0,28.5,80.0,9.5,0.4,4.0,320.0,1.0,C ,Rain
31-05-2021,26.0,32.4,29.3,79.0,,6.0,3.0,350.0,1.0,C ,Sun
01-06-2021,26.8,32.6,28.8,81.0,,,5.0,10.0,1.0,C ,Sun
02-06-2021,26.8,33.0,29.0,80.0,0.2,5.5,5.0,350.0,1.0,C ,Sun
03-06-2021,27.0,32.8,28.9,83.0,0.0,6.7,5.0,290.0,1.0,C ,Sun
04-06-2021,25.8,34.2,30.2,77.0,6.7,1.8,4.0,110.0,1.0,C ,Rain
05-06-2021,26.8,33.0,29.3,78.0,8888.0,5.0,5.0,290.0,1.0,C ,Rain
06-06-2021,27.4,32.8,29.5,78.0,0.0,5.6,5.0,330.0,1.0,C ,Sun
07-06-2021,25.2,32.5,28.1,80.0,31.4,6.5,5.0,320.0,1.0,C ,Rain
08-06-2021,26.0,32.6,29.1,76.0,,5.0,4.0,20.0,2.0,C ,Sun
09-06-2021,26.4,32.4,29.1,77.0,2.2,6.0,5.0,10.0,1.0,C ,Drizzle
10-06-2021,26.8,33.0,29.4,76.0,0.0,4.7,5.0,330.0,2.0,C ,Sun
11-06-2021,26.8,32.0,28.7,79.0,0.0,4.4,5.0,350.0,1.0,C ,Sun
12-06-2021,25.0,33.8,28.9,78.0,16.0,2.5,4.0,40.0,1.0,C ,Rain
13-06-2021,25.4,33.6,29.5,76.0,1.0,6.0,5.0,150.0,2.0,C ,Drizzle
14-06-2021,27.0,31.8,28.7,78.0,8888.0,6.3,3.0,100.0,1.0,C ,Rain
15-06-2021,26.2,32.5,28.1,78.0,0.4,2.5,5.0,290.0,2.0,C ,Sun
16-06-2021,25.0,31.2,28.1,80.0,,2.0,3.0,80.0,1.0,C ,Sun
17-06-2021,25.4,30.8,27.8,83.0,1.4,2.0,4.0,310.0,1.0,C ,Drizzle
18-06-2021,26.0,30.4,27.4,84.0,0.2,0.3,3.0,130.0,1.0,C ,Sun
19-06-2021,25.6,27.6,26.0,92.0,0.9,1.2,5.0,320.0,1.0,C ,Sun
20-06-2021,24.2,30.8,27.0,83.0,16.7,0.0,5.0,340.0,1.0,C ,Rain
21-06-2021,,32.0,26.5,85.0,1.6,3.0,7.0,260.0,2.0,C ,Drizzle
22-06-2021,25.0,31.2,27.6,79.0,8888.0,3.7,3.0,340.0,1.0,C ,Rain
23-06-2021,25.2,30.8,27.8,81.0,0.0,5.5,5.0,320.0,1.0,C ,Sun
24-06-2021,25.0,30.2,27.3,81.0,,0.0,5.0,320.0,1.0,C ,Sun
25-06-2021,25.4,33.0,28.5,78.0,8888.0,1.2,4.0,330.0,1.0,C ,Rain
26-06-2021,25.8,32.6,29.0,78.0,0.0,5.4,4.0,330.0,1.0,C ,Sun
27-06-2021,26.4,33.0,28.9,78.0,0.0,4.5,6.0,320.0,1.0,C ,Sun
28-06-2021,25.0,32.6,28.4,78.0,8888.0,4.0,4.0,330.0,1.0,C ,Rain
29-06-2021,,32.2,28.5,74.0,,1.0,7.0,330.0,2.0,C ,Sun
30-06-2021,26.0,30.2,27.5,82.0,0.4,4.2,4.0,330.0,1.0,C ,Sun
01-07-2021,26.0,31.0,26.3,86.0,1.0,2.0,4.0,330.0,1.0,C ,Drizzle
02-07-2021,24.0,32.4,28.3,75.0,12.0,1.0,4.0,130.0,1.0,C ,Rain
03-07-2021,26.0,33.8,29.0,73.0,0.0,6.8,3.0,120.0,1.0,C ,Sun
04-07-2021,25.6,33.8,29.0,74.0,,6.5,4.0,250.0,1.0,C ,Sun
05-07-2021,26.2,32.4,28.6,76.0,0.0,6.6,4.0,300.0,1.0,C ,Sun
06-07-2021,25.0,32.2,28.6,74.0,,5.5,3.0,300.0,1.0,C ,Sun
07-07-2021,26.0,31.8,28.5,70.0,,6.5,5.0,320.0,1.0,C ,Sun
08-07-2021,25.2,33.2,28.5,69.0,0.0,4.6,3.0,90.0,1.0,C ,Sun
09-07-2021,25.4,34.0,29.3,71.0,0.0,4.0,7.0,320.0,1.0,C ,Sun
10-07-2021,25.0,32.6,29.6,73.0,,5.8,3.0,110.0,2.0,E ,Sun
11-07-2021,26.6,32.0,29.0,77.0,,3.0,6.0,110.0,2.0,C ,Sun
12-07-2021,26.6,33.4,29.3,69.0,0.0,5.2,4.0,130.0,1.0,C ,Sun
13-07-2021,24.0,31.0,27.5,78.0,0.0,6.6,7.0,290.0,2.0,C ,Sun
14-07-2021,25.0,31.6,28.1,75.0,,0.0,5.0,350.0,1.0,C ,Sun
15-07-2021,25.6,32.0,28.3,75.0,8888.0,1.4,7.0,320.0,1.0,C ,Rain
16-07-2021,25.8,33.0,28.7,68.0,0.0,4.6,3.0,140.0,1.0,C ,Sun
17-07-2021,26.0,34.0,29.2,69.0,0.0,5.5,4.0,330.0,1.0,C ,Sun
18-07-2021,24.0,32.6,28.6,72.0,,6.5,5.0,330.0,1.0,C ,Sun
19-07-2021,26.2,31.8,29.0,75.0,,6.5,3.0,110.0,0.0,C ,Sun
20-07-2021,26.4,32.4,28.4,79.0,8888.0,1.2,4.0,340.0,1.0,C ,Rain
21-07-2021,26.4,32.6,28.7,77.0,0.0,5.0,5.0,320.0,2.0,C ,Sun
22-07-2021,,32.0,28.3,78.0,8888.0,4.2,4.0,330.0,1.0,C ,Rain
23-07-2021,25.0,31.0,27.1,82.0,17.8,0.4,7.0,330.0,2.0,C ,Rain
24-07-2021,25.4,31.0,27.8,81.0,2.5,1.8,4.0,350.0,1.0,C ,Drizzle
25-07-2021,24.6,32.6,27.7,79.0,2.5,2.6,5.0,310.0,1.0,C ,Drizzle
26-07-2021,24.0,33.2,28.3,69.0,,6.5,4.0,100.0,1.0,C ,Sun
27-07-2021,24.6,33.6,28.4,66.0,,6.5,5.0,20.0,1.0,C ,Sun
28-07-2021,25.0,33.6,28.5,64.0,0.0,6.9,4.0,90.0,1.0,C ,Sun
29-07-2021,25.4,32.8,28.6,67.0,0.0,6.5,5.0,290.0,2.0,C ,Sun
30-07-2021,25.0,33.0,29.0,72.0,,5.7,5.0,350.0,1.0,C ,Sun
31-07-2021,26.6,31.6,29.0,70.0,,7.0,6.0,330.0,2.0,C ,Sun
01-08-2021,25.6,32.0,28.3,78.0,3.3,3.0,5.0,340.0,2.0,C ,Drizzle
02-08-2021,25.8,32.0,28.6,76.0,0.0,5.8,8.0,340.0,2.0,C ,Sun
03-08-2021,,32.4,28.7,75.0,,4.9,4.0,340.0,2.0,C ,Sun
04-08-2021,25.8,32.4,29.1,70.0,,6.0,8.0,320.0,2.0,SE,Sun
05-08-2021,26.8,31.0,27.4,81.0,0.0,6.3,5.0,300.0,1.0,C ,Sun
06-08-2021,24.6,33.0,28.3,72.0,6.2,2.5,6.0,70.0,2.0,C ,Rain
07-08-2021,25.0,33.4,29.0,74.0,,6.5,4.0,80.0,2.0,E ,Sun
08-08-2021,26.2,33.4,29.3,74.0,,7.2,5.0,70.0,2.0,E ,Sun
09-08-2021,26.8,33.0,29.6,75.0,0.0,5.8,5.0,60.0,2.0,C ,Sun
10-08-2021,24.6,30.8,27.1,84.0,66.5,7.4,4.0,360.0,1.0,C ,Rain
11-08-2021,24.6,33.2,28.7,74.0,8888.0,0.4,4.0,330.0,2.0,C ,Rain
12-08-2021,25.2,33.8,29.1,64.0,,6.5,5.0,30.0,2.0,C ,Sun
13-08-2021,25.6,30.4,28.2,76.0,0.0,7.0,6.0,330.0,1.0,C ,Sun
14-08-2021,26.2,33.6,29.1,72.0,0.0,2.0,5.0,250.0,2.0,C ,Sun
15-08-2021,25.8,34.4,29.6,68.0,,6.3,5.0,80.0,2.0,C ,Sun
16-08-2021,26.4,33.6,29.4,67.0,,6.4,5.0,80.0,2.0,C ,Sun
17-08-2021,27.0,32.6,29.3,71.0,0.0,7.5,6.0,350.0,1.0,C ,Sun
18-08-2021,27.0,32.0,28.8,73.0,0.0,5.2,7.0,300.0,2.0,C ,Sun
19-08-2021,25.0,32.4,28.2,75.0,,4.0,5.0,340.0,2.0,C ,Sun
20-08-2021,25.4,32.4,28.6,72.0,,4.2,7.0,350.0,2.0,C ,Sun
21-08-2021,26.0,30.8,27.6,77.0,3.7,4.5,7.0,320.0,2.0,C ,Drizzle
22-08-2021,25.6,33.4,28.8,74.0,,1.5,4.0,90.0,1.0,C ,Sun
23-08-2021,25.6,31.8,28.8,77.0,,3.4,6.0,340.0,1.0,C ,Sun
24-08-2021,26.8,32.2,29.1,72.0,,6.5,8.0,330.0,2.0,C ,Sun
25-08-2021,26.0,31.8,28.5,68.0,8888.0,2.1,4.0,330.0,1.0,C ,Rain
26-08-2021,26.0,33.0,28.9,66.0,0.0,5.7,8.0,350.0,2.0,C ,Sun
27-08-2021,25.6,33.2,28.6,71.0,,7.5,4.0,340.0,1.0,C ,Sun
28-08-2021,26.2,33.4,29.8,63.0,,7.0,3.0,140.0,1.0,C ,Sun
29-08-2021,27.2,32.0,28.6,72.0,0.0,6.5,4.0,340.0,1.0,C ,Sun
30-08-2021,25.4,31.6,28.7,77.0,,0.5,7.0,320.0,2.0,C ,Sun
31-08-2021,26.8,32.6,29.3,79.0,,2.0,4.0,320.0,1.0,C ,Sun
01-09-2021,26.2,34.0,29.4,70.0,,3.0,6.0,20.0,1.0,C ,Sun
02-09-2021,26.8,32.2,28.9,71.0,0.0,7.0,4.0,320.0,1.0,C ,Sun
03-09-2021,26.8,32.4,29.0,70.0,0.0,6.0,4.0,330.0,1.0,C ,Sun
04-09-2021,25.0,32.0,28.7,70.0,,4.4,4.0,20.0,1.0,C ,Sun
05-09-2021,26.4,33.2,29.6,67.0,,7.0,7.0,340.0,2.0,C ,Sun
06-09-2021,27.2,33.4,29.6,72.0,0.0,5.2,5.0,120.0,2.0,C ,Sun
07-09-2021,27.0,31.4,28.8,74.0,0.0,4.3,4.0,340.0,1.0,C ,Sun
08-09-2021,25.0,32.0,27.9,78.0,6.9,4.0,7.0,320.0,2.0,C ,Rain
09-09-2021,23.6,32.4,27.8,74.0,22.0,7.2,7.0,330.0,1.0,C ,Rain
10-09-2021,24.8,32.8,28.5,64.0,0.0,8.7,3.0,10.0,1.0,C ,Sun
11-09-2021,26.0,32.4,29.1,70.0,0.0,8.0,3.0,320.0,1.0,C ,Sun
12-09-2021,27.2,31.2,28.8,76.0,0.0,5.0,3.0,80.0,1.0,C ,Sun
13-09-2021,26.4,33.2,29.3,73.0,,1.6,5.0,150.0,2.0,C ,Sun
14-09-2021,24.8,27.6,25.8,89.0,36.7,5.5,4.0,260.0,1.0,C ,Rain
15-09-2021,24.0,31.8,28.0,82.0,5.7,0.0,7.0,340.0,2.0,C ,Rain
16-09-2021,25.0,33.6,29.2,77.0,,5.6,5.0,350.0,2.0,C ,Sun
17-09-2021,26.6,34.2,29.7,72.0,0.0,9.7,4.0,140.0,2.0,C ,Sun
18-09-2021,26.8,35.0,30.5,63.0,,8.0,3.0,120.0,1.0,C ,Sun
19-09-2021,27.8,32.4,28.6,76.0,0.0,8.0,5.0,300.0,1.0,C ,Sun
20-09-2021,26.0,31.8,28.8,72.0,17.0,5.6,5.0,330.0,1.0,C ,Rain
21-09-2021,25.0,32.6,28.8,71.0,,,5.0,330.0,1.0,C ,Sun
22-09-2021,26.4,33.8,29.5,69.0,,6.0,4.0,50.0,1.0,C ,Sun
23-09-2021,27.0,33.8,29.7,69.0,0.0,8.0,6.0,100.0,2.0,C ,Sun
24-09-2021,25.6,34.0,29.9,69.0,,6.9,4.0,60.0,2.0,E ,Sun
25-09-2021,27.0,33.6,29.9,73.0,,8.0,5.0,130.0,2.0,E ,Sun
26-09-2021,27.2,33.0,29.7,74.0,0.0,9.8,5.0,110.0,2.0,C ,Sun
27-09-2021,26.2,32.6,29.1,79.0,17.6,8.0,4.0,300.0,1.0,C ,Rain
28-09-2021,25.0,33.2,29.0,80.0,7.5,7.0,5.0,330.0,2.0,C ,Rain
29-09-2021,26.6,32.6,29.4,74.0,,6.5,5.0,320.0,2.0,C ,Sun
30-09-2021,27.4,32.4,29.6,72.0,0.0,8.0,6.0,330.0,1.0,C ,Sun
01-10-2021,26.2,33.6,29.1,75.0,1.5,8.0,5.0,100.0,1.0,C ,Drizzle
02-10-2021,26.0,31.4,28.9,75.0,,3.2,3.0,20.0,1.0,C ,Sun
03-10-2021,25.6,33.2,29.1,69.0,,3.0,7.0,290.0,2.0,C ,Sun
04-10-2021,26.6,32.4,28.4,75.0,0.0,7.7,6.0,330.0,1.0,C ,Sun
05-10-2021,25.4,33.0,29.0,66.0,16.2,4.6,6.0,330.0,1.0,C ,Rain
06-10-2021,,33.2,28.7,77.0,,6.8,4.0,330.0,1.0,C ,Sun
07-10-2021,25.6,32.4,29.3,66.0,,5.5,8.0,330.0,2.0,C ,Sun
08-10-2021,25.8,31.6,28.7,72.0,,6.4,5.0,320.0,1.0,C ,Sun
09-10-2021,26.6,33.8,29.6,70.0,0.0,5.6,7.0,320.0,2.0,C ,Sun
10-10-2021,26.0,33.4,29.8,72.0,,9.8,5.0,330.0,2.0,C ,Sun
11-10-2021,26.8,33.6,29.3,70.0,,7.0,9.0,320.0,2.0,C ,Sun
12-10-2021,26.6,33.0,29.5,68.0,0.0,5.8,5.0,310.0,1.0,C ,Sun
13-10-2021,27.4,33.4,30.1,68.0,0.0,8.0,5.0,330.0,1.0,C ,Sun
14-10-2021,25.8,33.2,29.5,72.0,,7.0,8.0,330.0,2.0,C ,Sun
15-10-2021,27.8,34.2,30.2,71.0,0.0,2.7,5.0,330.0,1.0,C ,Sun
16-10-2021,26.8,33.6,30.1,70.0,,5.0,5.0,340.0,2.0,C ,Sun
17-10-2021,26.0,33.8,30.4,72.0,,5.7,3.0,310.0,1.0,C ,Sun
18-10-2021,25.2,28.4,26.0,90.0,55.3,8.0,2.0,110.0,0.0,C ,Rain
19-10-2021,24.6,33.2,27.7,77.0,20.7,0.0,5.0,330.0,1.0,C ,Rain
20-10-2021,26.0,32.6,29.0,74.0,0.0,2.6,4.0,330.0,1.0,C ,Sun
21-10-2021,26.0,32.0,28.5,83.0,46.5,5.8,5.0,320.0,1.0,C ,Rain
22-10-2021,26.0,32.4,29.1,77.0,4.0,4.0,5.0,320.0,1.0,C ,Drizzle
23-10-2021,26.4,32.8,29.3,72.0,,3.5,5.0,310.0,1.0,C ,Sun
24-10-2021,27.0,33.2,30.0,73.0,0.0,3.6,4.0,330.0,1.0,C ,Sun
25-10-2021,27.6,33.2,29.0,75.0,0.0,8.0,4.0,260.0,1.0,C ,Sun
26-10-2021,26.0,33.8,29.8,72.0,8888.0,3.2,5.0,310.0,1.0,C ,Rain
27-10-2021,26.4,32.8,28.7,80.0,1.2,6.0,7.0,330.0,2.0,C ,Drizzle
28-10-2021,25.4,31.4,27.3,86.0,28.1,3.4,4.0,30.0,1.0,C ,Rain
29-10-2021,25.0,32.8,28.6,74.0,7.8,2.0,5.0,320.0,2.0,C ,Rain
30-10-2021,26.0,33.0,29.3,73.0,,8.0,6.0,340.0,2.0,C ,Sun
31-10-2021,26.6,32.8,28.9,77.0,0.8,7.2,4.0,340.0,1.0,C ,Sun
01-11-2021,26.4,31.4,27.7,84.0,8888.0,4.5,4.0,350.0,1.0,C ,Rain
02-11-2021,25.8,32.6,28.6,76.0,2.0,1.6,5.0,260.0,1.0,C ,Drizzle
03-11-2021,25.0,32.6,28.5,78.0,,6.0,4.0,320.0,1.0,C ,Sun
04-11-2021,26.4,32.6,29.0,77.0,0.6,5.2,5.0,330.0,2.0,C ,Sun
05-11-2021,26.6,29.8,27.9,82.0,8888.0,5.8,2.0,290.0,0.0,C ,Rain
06-11-2021,26.2,32.8,29.4,76.0,2.0,1.4,6.0,330.0,2.0,C ,Drizzle
07-11-2021,26.0,32.4,27.6,84.0,,7.8,7.0,320.0,2.0,C ,Sun
08-11-2021,25.2,32.2,28.3,79.0,19.2,1.8,3.0,320.0,1.0,C ,Rain
09-11-2021,25.6,32.0,29.4,78.0,,4.5,4.0,320.0,1.0,C ,Sun
10-11-2021,26.4,33.4,28.6,76.0,1.9,3.4,6.0,290.0,1.0,C ,Drizzle
11-11-2021,25.0,31.6,28.3,77.0,2.0,1.1,6.0,260.0,2.0,W ,Drizzle
12-11-2021,26.6,33.6,28.5,74.0,0.0,0.0,3.0,320.0,1.0,C ,Sun
13-11-2021,24.8,31.6,27.5,85.0,26.4,1.5,3.0,200.0,1.0,C ,Rain
14-11-2021,25.4,34.6,29.4,76.0,30.3,1.7,5.0,250.0,1.0,C ,Rain
15-11-2021,26.0,29.6,27.7,80.0,1.0,3.0,4.0,270.0,2.0,W ,Drizzle
16-11-2021,26.6,33.6,29.8,67.0,8888.0,0.0,4.0,270.0,1.0,C ,Rain
17-11-2021,26.4,34.0,30.0,71.0,2.4,3.0,4.0,250.0,1.0,C ,Drizzle
18-11-2021,27.0,33.8,29.8,71.0,,6.5,4.0,330.0,1.0,C ,Sun
19-11-2021,25.0,30.6,27.9,74.0,,3.0,5.0,250.0,2.0,W ,Sun
20-11-2021,26.4,31.8,27.9,78.0,8888.0,0.2,7.0,330.0,2.0,C ,Rain
21-11-2021,25.2,32.4,29.4,73.0,7.0,2.4,5.0,240.0,2.0,SW,Rain
22-11-2021,27.2,32.8,29.3,74.0,0.0,6.0,5.0,250.0,2.0,C ,Sun
23-11-2021,25.0,32.4,27.9,76.0,8888.0,3.0,8.0,290.0,4.0,W ,Rain
24-11-2021,25.6,33.8,29.3,62.0,8888.0,2.6,4.0,320.0,2.0,W ,Rain
25-11-2021,26.8,33.8,29.1,73.0,0.0,1.2,6.0,350.0,1.0,C ,Sun
26-11-2021,25.6,34.0,28.2,80.0,8888.0,2.2,5.0,330.0,2.0,C ,Rain
27-11-2021,25.2,32.6,27.6,78.0,34.0,4.0,4.0,270.0,2.0,W ,Rain
28-11-2021,24.0,32.8,28.1,74.0,5.0,4.5,8.0,260.0,4.0,W ,Drizzle
29-11-2021,25.6,32.4,28.4,76.0,0.3,1.2,4.0,270.0,2.0,W ,Sun
30-11-2021,26.6,31.8,28.9,75.0,0.0,5.0,6.0,340.0,1.0,C ,Sun
01-12-2021,25.0,34.6,29.9,63.0,,0.7,7.0,240.0,2.0,W ,Sun
02-12-2021,27.2,35.2,30.7,66.0,0.0,2.4,4.0,280.0,3.0,W ,Sun
03-12-2021,27.0,32.4,29.6,71.0,,6.5,5.0,320.0,2.0,W ,Sun
04-12-2021,27.8,29.0,26.4,85.0,0.0,1.0,4.0,300.0,1.0,C ,Sun
05-12-2021,25.0,28.2,26.2,85.0,2.5,0.0,3.0,270.0,0.0,C ,Drizzle
06-12-2021,24.4,32.0,26.8,84.0,11.9,0.0,5.0,320.0,1.0,C ,Rain
07-12-2021,24.0,29.0,26.8,86.0,65.6,2.5,3.0,290.0,1.0,C ,Rain
08-12-2021,24.4,32.6,28.1,81.0,1.5,0.0,5.0,320.0,1.0,C ,Drizzle
09-12-2021,25.0,31.0,28.0,84.0,30.5,5.0,5.0,330.0,2.0,C ,Rain
10-12-2021,24.8,31.8,28.1,82.0,0.6,2.5,5.0,320.0,2.0,C ,Sun
11-12-2021,25.0,30.6,27.9,82.0,1.6,5.7,3.0,280.0,2.0,C ,Drizzle
12-12-2021,,32.8,29.3,72.0,8888.0,4.2,7.0,250.0,2.0,W ,Rain
13-12-2021,25.0,32.0,29.6,74.0,,4.0,5.0,340.0,2.0,C ,Sun
14-12-2021,26.8,31.6,28.6,82.0,,7.0,8.0,340.0,2.0,C ,Sun
15-12-2021,26.8,31.4,28.5,78.0,7.4,0.3,4.0,250.0,1.0,C ,Rain
16-12-2021,26.8,32.6,28.1,82.0,8888.0,2.0,5.0,330.0,1.0,C ,Rain
17-12-2021,25.4,32.4,28.4,77.0,8888.0,2.4,5.0,350.0,1.0,C ,Rain
18-12-2021,25.8,33.6,28.3,78.0,0.4,5.0,6.0,120.0,2.0,C ,Sun
19-12-2021,26.0,32.6,29.3,78.0,2.4,5.2,3.0,310.0,1.0,C ,Drizzle
20-12-2021,26.6,33.0,27.9,81.0,0.0,6.0,4.0,320.0,1.0,C ,Sun
21-12-2021,,29.8,26.7,88.0,1.5,1.0,5.0,320.0,1.0,C ,Drizzle
22-12-2021,24.6,32.6,28.6,76.0,6.8,0.6,4.0,330.0,1.0,C ,Rain
23-12-2021,25.6,31.6,26.7,85.0,0.0,4.7,3.0,310.0,1.0,C ,Sun
24-12-2021,24.6,32.6,28.1,80.0,19.7,2.0,5.0,320.0,1.0,C ,Rain
25-12-2021,25.0,31.4,27.7,80.0,,3.6,3.0,290.0,1.0,C ,Sun
26-12-2021,24.0,31.4,28.6,75.0,9.4,3.0,3.0,320.0,1.0,C ,Rain
27-12-2021,24.2,30.8,28.3,78.0,,5.0,7.0,330.0,2.0,C ,Sun
28-12-2021,26.2,31.6,27.9,82.0,8888.0,7.2,8.0,340.0,2.0,C ,Rain
29-12-2021,24.6,30.8,28.3,80.0,9.0,3.8,4.0,320.0,1.0,C ,Rain
30-12-2021,26.0,30.2,27.7,84.0,0.0,2.0,5.0,320.0,1.0,C ,Sun
31-12-2021,25.8,33.6,29.2,74.0,0.8,0.0,4.0,260.0,1.0,C ,Sun
01-01-2022,25.0,32.4,28.9,75.0,0.5,4.0,3.0,260.0,1.0,C ,Sun
02-01-2022,26.6,32.4,28.2,82.0,0.0,3.5,6.0,220.0,2.0,W ,Sun
03-01-2022,25.8,32.8,29.2,72.0,0.0,2.9,5.0,320.0,2.0,C ,Sun
04-01-2022,25.8,32.4,28.9,71.0,,6.2,5.0,320.0,1.0,C ,Sun
05-01-2022,26.6,33.0,29.4,75.0,0.0,5.6,5.0,320.0,1.0,C ,Sun
06-01-2022,25.6,31.8,27.9,86.0,34.5,7.5,5.0,320.0,1.0,C ,Rain
07-01-2022,25.6,35.0,29.3,74.0,6.8,2.0,5.0,270.0,1.0,C ,Rain
08-01-2022,26.2,32.4,28.6,77.0,0.3,6.9,4.0,300.0,1.0,C ,Sun
09-01-2022,26.6,32.6,29.1,77.0,0.0,7.0,8.0,340.0,2.0,C ,Sun
10-01-2022,25.2,31.8,28.3,78.0,,1.5,7.0,330.0,2.0,C ,Sun
11-01-2022,24.8,31.4,26.9,86.0,24.0,1.0,7.0,340.0,1.0,C ,Rain
12-01-2022,24.4,31.2,26.7,87.0,27.2,3.4,7.0,320.0,2.0,C ,Rain
13-01-2022,24.6,30.8,27.2,84.0,15.6,5.0,6.0,340.0,1.0,C ,Rain
14-01-2022,24.0,31.4,26.5,88.0,13.0,0.0,4.0,360.0,1.0,C ,Rain
15-01-2022,24.6,29.4,26.7,86.0,4.0,0.6,5.0,340.0,1.0,C ,Drizzle
16-01-2022,25.0,29.0,27.4,87.0,0.0,0.4,6.0,320.0,2.0,C ,Sun
17-01-2022,25.2,30.8,28.1,82.0,12.8,0.0,6.0,330.0,1.0,C ,Rain
18-01-2022,25.2,29.0,26.3,92.0,8.1,4.0,6.0,320.0,2.0,NW,Rain
19-01-2022,24.4,30.2,27.3,84.0,204.0,0.2,8.0,320.0,2.0,C ,Rain
20-01-2022,24.6,29.0,26.2,83.0,6.6,5.8,4.0,260.0,1.0,C ,Rain
21-01-2022,24.8,31.0,27.6,79.0,8888.0,0.0,7.0,340.0,1.0,C ,Rain
22-01-2022,25.0,30.4,27.3,82.0,6.0,5.0,6.0,330.0,2.0,W ,Rain
23-01-2022,24.6,32.8,29.3,75.0,3.2,3.2,9.0,340.0,4.0,W ,Drizzle
24-01-2022,26.2,34.4,29.6,72.0,0.0,6.0,7.0,315.0,2.0,C ,Sun
25-01-2022,26.8,31.4,28.8,80.0,0.0,8.0,5.0,330.0,1.0,C ,Sun
26-01-2022,25.0,30.0,27.2,83.0,5.2,1.5,4.0,320.0,1.0,C ,Rain
27-01-2022,25.6,31.8,28.1,80.0,8888.0,0.0,5.0,340.0,2.0,C ,Rain
28-01-2022,25.6,32.4,28.7,78.0,5.2,6.0,5.0,270.0,1.0,C ,Rain
29-01-2022,25.8,30.8,27.9,80.0,0.0,3.0,6.0,350.0,2.0,C ,Sun
30-01-2022,25.0,31.8,28.0,81.0,,0.6,7.0,340.0,2.0,C ,Sun
31-01-2022,26.0,31.6,28.0,78.0,0.0,3.7,9.0,330.0,2.0,C ,Sun
01-02-2022,26.0,31.2,28.5,81.0,,5.0,3.0,350.0,1.0,C ,Sun
02-02-2022,24.4,31.2,28.0,82.0,4.0,5.5,7.0,340.0,1.0,C ,Drizzle
03-02-2022,26.2,32.0,28.7,78.0,0.0,3.8,4.0,120.0,2.0,C ,Sun
04-02-2022,23.6,31.0,26.9,86.0,88.3,5.8,7.0,320.0,2.0,C ,Rain
05-02-2022,25.0,28.6,26.0,90.0,16.3,3.5,3.0,270.0,1.0,C ,Rain
06-02-2022,25.2,31.4,27.9,81.0,41.5,0.0,8.0,320.0,3.0,C ,Rain
07-02-2022,25.0,30.4,27.6,82.0,10.0,1.7,6.0,330.0,1.0,C ,Rain
08-02-2022,25.4,28.0,26.5,91.0,6.5,5.8,6.0,320.0,0.0,C ,Rain
09-02-2022,24.8,30.8,26.5,83.0,63.8,0.0,8.0,330.0,3.0,W ,Rain
10-02-2022,24.8,31.2,27.4,78.0,1.2,6.0,6.0,290.0,2.0,C ,Drizzle
11-02-2022,24.6,30.8,27.7,79.0,,0.3,7.0,320.0,1.0,C ,Sun
12-02-2022,25.4,29.6,27.8,81.0,0.4,0.5,7.0,320.0,2.0,C ,Sun
13-02-2022,26.2,29.4,27.2,85.0,0.0,0.0,6.0,320.0,1.0,C ,Sun
14-02-2022,25.2,30.6,26.5,86.0,8888.0,0.2,6.0,260.0,1.0,C ,Rain
15-02-2022,24.2,32.6,27.1,88.0,23.5,0.1,5.0,300.0,1.0,C ,Rain
16-02-2022,25.0,32.6,28.4,77.0,2.4,2.2,5.0,340.0,1.0,C ,Drizzle
17-02-2022,24.8,31.0,27.3,85.0,47.5,7.8,4.0,310.0,1.0,C ,Rain
18-02-2022,25.0,30.0,27.4,88.0,0.8,5.0,3.0,0.0,0.0,C ,Sun
19-02-2022,25.0,32.4,28.0,84.0,2.7,0.0,4.0,280.0,1.0,C ,Drizzle
20-02-2022,25.6,30.8,27.9,83.0,2.8,2.2,6.0,310.0,1.0,C ,Drizzle
21-02-2022,26.0,32.4,28.5,74.0,0.8,1.6,5.0,350.0,1.0,C ,Sun
22-02-2022,25.6,34.4,29.3,74.0,3.0,3.0,8.0,340.0,1.0,C ,Drizzle
23-02-2022,24.6,32.2,27.6,79.0,1.0,2.5,5.0,320.0,2.0,NW,Drizzle
24-02-2022,24.4,33.2,28.6,67.0,17.8,0.6,7.0,270.0,2.0,W ,Rain
25-02-2022,26.2,29.8,27.7,73.0,0.0,1.5,4.0,240.0,2.0,W ,Sun
26-02-2022,24.6,32.4,27.9,75.0,2.5,1.2,5.0,260.0,2.0,W ,Drizzle
27-02-2022,25.6,31.2,27.5,79.0,,2.2,7.0,300.0,2.0,C ,Sun
28-02-2022,25.0,31.0,28.1,78.0,1.0,2.0,8.0,230.0,2.0,C ,Drizzle
01-03-2022,24.6,29.2,26.5,86.0,12.6,1.2,5.0,270.0,1.0,C ,Rain
02-03-2022,24.6,32.4,27.0,84.0,5.2,0.0,4.0,270.0,2.0,W ,Rain
03-03-2022,25.2,32.4,28.3,78.0,6.6,2.4,8.0,340.0,2.0,C ,Rain
04-03-2022,25.0,31.6,28.1,78.0,3.7,7.0,6.0,320.0,1.0,C ,Drizzle
05-03-2022,25.4,33.4,27.1,78.0,,2.0,8.0,250.0,2.0,W ,Sun
06-03-2022,25.0,32.8,27.9,77.0,12.1,2.0,7.0,300.0,4.0,W ,Rain
07-03-2022,26.8,33.0,29.1,71.0,0.0,4.6,8.0,250.0,2.0,C ,Sun
08-03-2022,25.0,32.0,27.8,80.0,,1.1,5.0,330.0,1.0,C ,Sun
09-03-2022,26.0,31.8,28.1,80.0,0.5,3.0,7.0,340.0,1.0,C ,Sun
10-03-2022,26.0,32.4,28.5,77.0,,1.4,9.0,320.0,2.0,C ,Sun
11-03-2022,25.4,32.0,27.5,85.0,,5.3,10.0,340.0,3.0,C ,Sun
12-03-2022,25.8,31.8,27.0,89.0,7.5,6.0,3.0,340.0,1.0,C ,Rain
13-03-2022,26.2,31.4,28.0,85.0,34.5,4.0,8.0,310.0,2.0,C ,Rain
14-03-2022,26.4,33.6,28.7,80.0,2.6,4.5,7.0,320.0,1.0,C ,Drizzle
15-03-2022,,30.2,27.5,85.0,2.5,6.0,3.0,100.0,1.0,C ,Drizzle
16-03-2022,25.2,33.4,28.7,77.0,6.2,0.0,5.0,330.0,1.0,C ,Rain
17-03-2022,25.6,32.0,28.7,84.0,0.2,6.2,7.0,330.0,1.0,C ,Sun
18-03-2022,26.4,33.6,29.2,79.0,0.4,4.1,4.0,270.0,1.0,C ,Sun
19-03-2022,26.0,34.4,29.5,73.0,,0.8,9.0,280.0,4.0,W ,Sun
20-03-2022,27.0,35.0,30.0,64.0,0.0,5.6,5.0,300.0,3.0,W ,Sun
21-03-2022,27.4,33.2,29.7,69.0,0.0,8.0,8.0,230.0,4.0,W ,Sun
22-03-2022,26.8,32.6,29.1,74.0,,5.0,6.0,330.0,1.0,C ,Sun
23-03-2022,26.0,32.2,27.7,80.0,1.5,1.5,3.0,260.0,1.0,C ,Drizzle
24-03-2022,25.4,33.0,28.3,78.0,5.3,1.8,8.0,330.0,1.0,C ,Rain
25-03-2022,25.8,33.4,29.2,78.0,0.0,8.0,6.0,300.0,1.0,C ,Sun
26-03-2022,26.6,30.0,26.6,88.0,,4.0,4.0,330.0,1.0,C ,Sun
27-03-2022,24.2,32.6,27.5,85.0,22.5,0.0,9.0,260.0,2.0,C ,Rain
28-03-2022,25.0,32.2,28.0,81.0,14.4,7.4,8.0,340.0,1.0,C ,Rain
29-03-2022,25.4,32.8,29.3,74.0,0.0,7.4,5.0,320.0,2.0,C ,Sun
30-03-2022,26.6,32.6,29.1,76.0,,4.5,4.0,320.0,1.0,C ,Sun
31-03-2022,,32.8,28.9,78.0,,1.8,9.0,320.0,2.0,C ,Sun
01-04-2022,26.4,31.6,28.5,76.0,0.0,5.2,3.0,270.0,0.0,C ,Sun
02-04-2022,26.2,32.8,27.4,82.0,3.8,0.7,6.0,330.0,1.0,C ,Drizzle
03-04-2022,26.4,33.0,26.7,83.0,18.0,4.0,8.0,330.0,2.0,C ,Rain
04-04-2022,25.0,32.8,28.3,78.0,27.3,3.3,6.0,320.0,1.0,C ,Rain
05-04-2022,25.6,32.4,27.6,81.0,0.0,7.6,6.0,340.0,1.0,C ,Sun
06-04-2022,24.8,34.4,28.5,74.0,54.0,7.0,7.0,330.0,1.0,C ,Rain
07-04-2022,25.0,33.6,28.9,76.0,8888.0,8.0,10.0,330.0,2.0,C ,Rain
08-04-2022,25.0,34.2,28.0,76.0,8888.0,5.1,4.0,270.0,0.0,C ,Rain
09-04-2022,25.6,32.0,28.5,73.0,45.7,3.7,4.0,330.0,1.0,C ,Rain
10-04-2022,26.0,33.2,29.3,74.0,0.0,6.5,4.0,320.0,1.0,C ,Sun
11-04-2022,26.4,32.8,28.2,78.0,,7.0,6.0,320.0,1.0,C ,Sun
12-04-2022,25.0,32.6,28.6,80.0,30.0,3.5,7.0,320.0,1.0,C ,Rain
13-04-2022,26.4,31.6,28.8,80.0,1.7,4.1,3.0,340.0,1.0,C ,Drizzle
14-04-2022,25.4,32.4,28.7,79.0,0.4,3.5,7.0,340.0,1.0,C ,Sun
15-04-2022,26.0,34.0,29.9,81.0,,6.0,5.0,320.0,1.0,C ,Sun
16-04-2022,25.0,32.8,29.2,75.0,,7.4,5.0,310.0,1.0,C ,Sun
17-04-2022,26.6,33.2,29.7,77.0,0.6,7.5,3.0,340.0,1.0,C ,Sun
18-04-2022,26.2,33.6,29.4,80.0,16.0,7.5,6.0,330.0,1.0,C ,Rain
19-04-2022,26.4,32.8,28.6,78.0,,6.0,9.0,340.0,2.0,C ,Sun
20-04-2022,25.0,33.0,28.8,76.0,0.4,4.5,4.0,270.0,1.0,C ,Sun
21-04-2022,26.6,29.2,27.4,84.0,4.0,3.8,3.0,270.0,0.0,C ,Drizzle
22-04-2022,26.0,30.8,26.4,88.0,11.0,0.0,5.0,140.0,0.0,C ,Rain
23-04-2022,24.8,33.6,28.5,80.0,5.7,1.5,5.0,320.0,1.0,C ,Rain
24-04-2022,25.0,33.0,28.9,78.0,5.0,5.8,6.0,340.0,1.0,C ,Drizzle
25-04-2022,26.6,34.2,29.5,75.0,0.8,5.2,7.0,330.0,1.0,C ,Sun
26-04-2022,25.6,34.0,29.4,77.0,26.4,7.5,4.0,230.0,1.0,C ,Rain
27-04-2022,26.6,32.8,29.1,78.0,8888.0,6.5,7.0,320.0,1.0,C ,Rain
28-04-2022,24.0,31.6,27.6,83.0,7.5,2.5,5.0,270.0,2.0,W ,Rain
29-04-2022,25.4,34.0,29.3,78.0,8888.0,0.8,5.0,260.0,1.0,W ,Rain
30-04-2022,26.6,32.2,28.4,81.0,0.0,4.0,4.0,330.0,1.0,C ,Sun
01-05-2022,26.6,32.6,29.0,82.0,,1.6,3.0,330.0,1.0,C ,Sun
02-05-2022,26.0,31.6,27.5,85.0,8888.0,2.0,8.0,320.0,2.0,C ,Rain
03-05-2022,25.0,32.6,28.2,83.0,18.6,2.4,3.0,80.0,1.0,C ,Rain
04-05-2022,25.4,33.0,29.0,78.0,,3.4,5.0,340.0,0.0,C ,Sun
05-05-2022,26.4,34.0,29.5,77.0,0.0,5.0,3.0,332.0,1.0,C ,Sun
06-05-2022,26.0,34.8,30.2,74.0,,7.0,6.0,330.0,1.0,C ,Sun
07-05-2022,27.6,33.0,29.9,77.0,0.0,7.3,3.0,350.0,1.0,C ,Sun
08-05-2022,27.4,33.6,30.1,72.0,0.0,7.2,3.0,50.0,1.0,C ,Sun
09-05-2022,27.6,34.0,29.9,74.0,,6.0,5.0,40.0,1.0,C ,Sun
10-05-2022,26.0,33.8,29.9,76.0,8888.0,1.0,8.0,300.0,2.0,C ,Rain
11-05-2022,25.4,33.2,28.9,80.0,18.2,4.4,5.0,330.0,1.0,C ,Rain
12-05-2022,26.2,34.0,29.2,76.0,0.0,5.2,6.0,330.0,2.0,W ,Sun
13-05-2022,26.6,33.6,29.3,78.0,15.8,4.2,6.0,350.0,1.0,C ,Rain
14-05-2022,26.0,32.6,29.2,81.0,13.0,6.8,7.0,320.0,1.0,C ,Rain
15-05-2022,26.8,34.2,29.0,82.0,0.0,1.5,3.0,340.0,1.0,C ,Sun
16-05-2022,26.0,33.8,28.6,78.0,6.5,6.0,6.0,330.0,1.0,C ,Rain
17-05-2022,26.6,33.2,29.5,78.0,8888.0,5.7,6.0,340.0,1.0,C ,Rain
18-05-2022,26.0,33.8,28.7,80.0,,3.0,6.0,320.0,1.0,C ,Sun
19-05-2022,25.8,32.0,28.0,84.0,35.2,5.2,4.0,340.0,1.0,C ,Rain
20-05-2022,25.6,31.6,27.4,84.0,9.4,2.2,5.0,330.0,1.0,C ,Rain
21-05-2022,25.0,31.2,27.9,82.0,20.0,2.0,4.0,90.0,1.0,C ,Rain
22-05-2022,25.2,30.4,27.8,82.0,,1.7,5.0,80.0,1.0,C ,Sun
23-05-2022,26.2,32.6,29.0,79.0,0.0,0.0,4.0,150.0,1.0,C ,Sun
24-05-2022,26.6,32.8,29.7,72.0,0.0,5.0,6.0,90.0,2.0,C ,Sun
25-05-2022,26.8,33.0,28.3,83.0,0.2,5.4,5.0,20.0,1.0,C ,Sun
26-05-2022,25.0,30.6,27.3,84.0,1.0,1.0,4.0,110.0,0.0,C ,Drizzle
27-05-2022,24.8,33.2,28.2,80.0,8888.0,0.0,7.0,320.0,1.0,C ,Rain
28-05-2022,23.4,30.0,25.6,86.0,18.6,6.5,4.0,280.0,1.0,C ,Rain
29-05-2022,23.2,32.8,26.8,83.0,27.3,1.3,5.0,280.0,1.0,C ,Rain
30-05-2022,24.0,31.0,27.3,82.0,0.3,4.5,3.0,270.0,1.0,C ,Sun
31-05-2022,24.8,32.4,27.4,80.0,0.0,1.8,5.0,320.0,2.0,C ,Sun
01-06-2022,25.2,34.6,29.0,72.0,0.0,6.5,5.0,290.0,1.0,C ,Sun
02-06-2022,26.4,34.0,28.4,79.0,,3.4,5.0,340.0,1.0,C ,Sun
03-06-2022,24.6,33.6,28.2,79.0,32.6,5.5,8.0,320.0,1.0,C ,Rain
04-06-2022,25.8,32.2,28.8,76.0,0.0,6.2,4.0,280.0,1.0,C ,Sun
05-06-2022,26.4,32.6,28.6,78.0,0.0,7.0,6.0,340.0,2.0,C ,Sun
06-06-2022,25.0,31.8,27.6,79.0,8888.0,6.3,4.0,320.0,0.0,C ,Rain
07-06-2022,25.4,32.0,28.1,78.0,0.5,0.2,4.0,120.0,0.0,C ,Sun
08-06-2022,25.6,30.8,27.3,87.0,13.6,2.7,3.0,330.0,0.0,C ,Rain
09-06-2022,25.8,31.8,26.7,86.0,0.5,2.5,4.0,60.0,0.0,C ,Sun
10-06-2022,,34.0,28.1,77.0,5.0,,5.0,320.0,1.0,C ,Drizzle
11-06-2022,25.0,32.4,28.2,84.0,2.5,4.3,5.0,70.0,1.0,C ,Drizzle
12-06-2022,25.2,31.4,27.8,81.0,8888.0,4.0,4.0,300.0,1.0,C ,Rain
13-06-2022,25.8,31.2,27.8,76.0,0.0,5.4,4.0,320.0,1.0,C ,Sun
14-06-2022,25.8,31.6,28.7,74.0,,1.5,4.0,340.0,1.0,C ,Sun
15-06-2022,25.0,30.6,27.5,82.0,,1.3,0.0,0.0,0.0,C ,Sun
16-06-2022,24.6,29.8,26.7,86.0,4.0,0.0,2.0,80.0,0.0,C ,Drizzle
17-06-2022,24.8,29.0,27.1,86.0,0.0,1.0,2.0,40.0,0.0,C ,Sun
18-06-2022,24.6,30.6,27.3,82.0,8888.0,0.2,4.0,330.0,1.0,C ,Rain
19-06-2022,24.8,32.4,28.0,82.0,,0.6,6.0,330.0,1.0,C ,Sun
20-06-2022,25.0,32.4,28.9,76.0,0.0,7.0,6.0,320.0,1.0,C ,Sun
21-06-2022,26.4,32.8,28.9,72.0,0.0,7.0,4.0,80.0,1.0,C ,Sun
22-06-2022,25.2,32.4,28.0,83.0,15.4,6.0,3.0,140.0,0.0,C ,Rain
23-06-2022,25.0,33.0,29.1,74.0,8888.0,1.2,5.0,90.0,1.0,C ,Rain
24-06-2022,26.4,31.4,28.0,80.0,0.0,2.5,5.0,340.0,1.0,C ,Sun
25-06-2022,26.6,32.4,28.8,76.0,0.0,2.0,3.0,20.0,1.0,C ,Sun
26-06-2022,26.4,30.6,28.0,80.0,,3.0,3.0,330.0,1.0,C ,Sun
27-06-2022,24.8,33.0,28.8,77.0,,0.0,4.0,340.0,0.0,C ,Sun
28-06-2022,25.2,31.8,28.0,78.0,21.7,3.4,5.0,350.0,1.0,C ,Rain
29-06-2022,25.4,32.6,28.4,70.0,,4.0,8.0,320.0,1.0,C ,Sun
30-06-2022,25.2,31.6,27.7,74.0,0.0,6.0,6.0,320.0,2.0,C ,Sun
01-07-2022,25.4,33.2,28.7,74.0,0.0,6.5,4.0,340.0,0.0,C ,Sun
02-07-2022,25.6,32.4,29.1,76.0,0.0,6.5,3.0,290.0,1.0,C ,Sun
03-07-2022,27.2,32.2,29.1,82.0,3.0,4.5,4.0,310.0,1.0,C ,Drizzle
04-07-2022,,33.6,29.5,74.0,13.6,5.7,6.0,120.0,1.0,C ,Rain
05-07-2022,25.0,33.2,29.4,78.0,,6.5,5.0,330.0,1.0,C ,Sun
06-07-2022,25.0,28.6,26.4,89.0,11.6,7.0,5.0,330.0,0.0,C ,Rain
07-07-2022,25.4,32.4,28.6,80.0,16.8,2.0,4.0,330.0,1.0,C ,Rain
08-07-2022,26.0,32.6,28.8,74.0,,6.8,7.0,330.0,2.0,C ,Sun
09-07-2022,25.0,32.0,28.2,74.0,,5.7,9.0,330.0,2.0,C ,Sun
10-07-2022,25.2,32.4,28.2,70.0,0.0,6.7,4.0,50.0,1.0,C ,Sun
11-07-2022,25.4,32.4,28.7,69.0,0.0,7.0,4.0,120.0,1.0,C ,Sun
12-07-2022,26.4,33.4,29.6,74.0,,2.0,4.0,90.0,1.0,C ,Sun
13-07-2022,25.0,32.0,28.6,78.0,,1.5,5.0,330.0,2.0,C ,Sun
14-07-2022,26.0,32.8,29.0,76.0,8888.0,1.0,5.0,90.0,2.0,C ,Rain
15-07-2022,26.4,32.8,29.3,76.0,,6.0,4.0,100.0,1.0,C ,Sun
16-07-2022,23.6,30.0,25.7,84.0,36.0,7.0,3.0,290.0,1.0,C ,Rain
17-07-2022,23.0,31.4,27.9,79.0,11.8,1.0,6.0,70.0,1.0,C ,Rain
18-07-2022,25.4,32.6,28.2,78.0,0.0,0.7,5.0,320.0,1.0,C ,Sun
19-07-2022,25.6,33.4,28.9,76.0,0.0,5.4,5.0,340.0,1.0,C ,Sun
20-07-2022,26.8,33.6,29.6,75.0,,6.5,5.0,100.0,1.0,C ,Sun
21-07-2022,,32.4,28.7,76.0,,,6.0,310.0,1.0,C ,Sun
22-07-2022,27.0,32.2,29.1,71.0,0.0,6.8,4.0,320.0,1.0,C ,Sun
23-07-2022,26.0,32.8,28.9,75.0,0.0,4.0,6.0,310.0,1.0,C ,Sun
24-07-2022,26.4,32.6,28.8,77.0,,6.0,7.0,300.0,2.0,C ,Sun
25-07-2022,25.0,32.4,28.8,74.0,,5.9,5.0,320.0,1.0,C ,Sun
26-07-2022,26.4,32.4,29.0,67.0,0.0,3.0,3.0,150.0,1.0,C ,Sun
27-07-2022,26.2,33.6,28.9,69.0,0.0,7.0,5.0,120.0,1.0,C ,Sun
28-07-2022,26.4,33.0,29.2,70.0,,5.0,3.0,150.0,1.0,C ,Sun
29-07-2022,25.0,33.6,29.2,73.0,,5.8,4.0,120.0,0.0,C ,Sun
30-07-2022,26.8,32.2,28.8,77.0,0.0,5.8,4.0,70.0,2.0,C ,Sun
31-07-2022,26.4,32.2,28.7,77.0,,6.0,3.0,60.0,1.0,C ,Sun
01-08-2022,26.0,33.8,29.0,72.0,0.0,7.0,3.0,120.0,0.0,C ,Sun
02-08-2022,25.0,33.0,29.3,73.0,,6.0,6.0,320.0,1.0,C ,Sun
03-08-2022,27.4,33.4,29.7,72.0,0.0,5.4,4.0,350.0,1.0,C ,Sun
04-08-2022,25.6,32.0,28.1,82.0,7.1,6.8,8.0,330.0,1.0,C ,Rain
05-08-2022,25.8,30.8,28.0,82.0,15.4,6.0,8.0,340.0,2.0,C ,Rain
06-08-2022,25.0,32.0,28.1,76.0,,4.0,8.0,330.0,2.0,C ,Sun
07-08-2022,25.6,32.0,28.1,78.0,2.6,7.0,3.0,300.0,1.0,C ,Drizzle
08-08-2022,25.8,33.2,28.7,70.0,0.0,6.5,7.0,320.0,1.0,C ,Sun
09-08-2022,26.4,33.2,29.1,67.0,,7.0,6.0,320.0,1.0,C ,Sun
10-08-2022,25.0,34.0,29.6,69.0,,6.5,4.0,100.0,1.0,C ,Sun
11-08-2022,26.8,34.2,29.7,71.0,0.0,7.0,7.0,340.0,2.0,C ,Sun
12-08-2022,27.2,33.4,29.6,76.0,0.0,6.5,7.0,330.0,1.0,C ,Sun
13-08-2022,26.0,32.6,29.3,72.0,,6.4,6.0,290.0,1.0,C ,Sun
14-08-2022,25.0,33.8,29.2,76.0,,3.6,5.0,30.0,2.0,C ,Sun
15-08-2022,26.8,32.2,29.0,76.0,0.0,6.7,6.0,320.0,1.0,C ,Sun
16-08-2022,27.0,32.4,28.9,74.0,8888.0,2.5,5.0,260.0,1.0,C ,Rain
17-08-2022,25.4,32.6,28.6,79.0,6.4,2.6,6.0,120.0,1.0,C ,Rain
18-08-2022,25.0,33.6,29.4,70.0,,4.0,5.0,50.0,1.0,C ,Sun
19-08-2022,26.6,35.0,30.0,62.0,0.0,6.0,6.0,120.0,2.0,C ,Sun
20-08-2022,27.2,33.6,29.7,68.0,0.0,7.0,3.0,110.0,1.0,C ,Sun
21-08-2022,27.4,32.8,29.3,,,5.0,5.0,310.0,1.0,C ,Sun
22-08-2022,25.0,30.8,27.5,80.0,,5.5,5.0,340.0,1.0,C ,Sun
23-08-2022,26.2,34.8,29.6,73.0,0.0,1.2,6.0,120.0,1.0,C ,Sun
24-08-2022,27.0,32.4,29.1,74.0,0.0,7.5,6.0,320.0,1.0,C ,Sun
25-08-2022,26.6,33.2,29.4,65.0,,7.5,7.0,120.0,1.0,C ,Sun
26-08-2022,25.0,32.4,28.9,72.0,,7.2,4.0,330.0,0.0,C ,Sun
27-08-2022,26.4,32.4,28.6,76.0,0.0,1.5,5.0,330.0,1.0,C ,Sun
28-08-2022,26.4,30.6,28.4,78.0,,1.2,3.0,330.0,1.0,C ,Sun
29-08-2022,25.8,32.6,28.4,77.0,0.0,2.5,7.0,340.0,2.0,C ,Sun
30-08-2022,25.0,32.8,28.5,72.0,,2.2,5.0,330.0,1.0,C ,Sun
31-08-2022,26.4,33.0,29.3,70.0,0.0,7.0,5.0,120.0,1.0,C ,Sun
01-09-2022,27.2,32.4,29.1,73.0,0.0,4.0,5.0,100.0,1.0,C ,Sun
02-09-2022,26.6,33.6,29.3,76.0,0.5,3.5,5.0,320.0,1.0,C ,Sun
03-09-2022,25.0,33.0,28.3,76.0,,4.0,9.0,270.0,4.0,W ,Sun
04-09-2022,26.2,32.2,28.8,70.0,0.0,5.7,3.0,320.0,1.0,C ,Sun
05-09-2022,26.6,32.4,29.4,74.0,0.0,7.8,6.0,320.0,1.0,C ,Sun
06-09-2022,27.4,34.6,30.0,70.0,0.2,6.5,5.0,120.0,1.0,C ,Sun
07-09-2022,25.0,31.0,27.4,85.0,0.2,6.3,3.0,260.0,0.0,C ,Sun
08-09-2022,25.6,28.6,26.8,86.0,5.8,4.6,4.0,320.0,1.0,C ,Rain
09-09-2022,25.2,31.2,26.4,86.0,1.5,0.0,5.0,300.0,1.0,C ,Drizzle
10-09-2022,24.2,30.4,26.7,84.0,55.8,1.2,5.0,300.0,2.0,C ,Rain
11-09-2022,25.0,31.6,27.7,81.0,,0.0,9.0,320.0,2.0,C ,Sun
12-09-2022,25.0,31.6,28.1,80.0,23.4,9.7,9.0,320.0,2.0,C ,Rain
13-09-2022,25.8,31.6,28.5,78.0,0.0,6.5,6.0,330.0,1.0,C ,Sun
14-09-2022,25.4,32.6,28.9,69.0,,4.2,6.0,320.0,1.0,C ,Sun
15-09-2022,25.0,33.2,28.6,72.0,,2.0,6.0,320.0,1.0,C ,Sun
16-09-2022,26.4,33.2,29.4,66.0,0.0,6.2,8.0,340.0,1.0,C ,Sun
17-09-2022,26.2,32.4,29.2,73.0,0.0,4.2,4.0,330.0,1.0,C ,Sun
18-09-2022,26.8,31.8,28.9,77.0,,6.0,5.0,320.0,1.0,C ,Sun
19-09-2022,26.0,34.4,29.8,69.0,1.2,2.1,4.0,300.0,0.0,C ,Drizzle
20-09-2022,26.0,32.0,28.7,68.0,0.0,7.8,8.0,320.0,2.0,C ,Sun
21-09-2022,26.4,32.2,28.5,75.0,0.0,4.7,4.0,330.0,1.0,C ,Sun
22-09-2022,26.6,31.6,27.7,81.0,,4.0,4.0,120.0,1.0,C ,Sun
23-09-2022,,31.8,27.8,81.0,21.4,0.0,6.0,320.0,1.0,C ,Rain
24-09-2022,25.8,33.6,29.3,72.0,0.0,4.0,4.0,70.0,1.0,C ,Sun
25-09-2022,26.4,32.6,29.3,72.0,0.0,8.0,4.0,350.0,1.0,C ,Sun
26-09-2022,26.6,34.4,30.0,67.0,,4.0,8.0,320.0,2.0,C ,Sun
27-09-2022,24.6,32.4,28.7,73.0,10.5,4.6,6.0,320.0,1.0,C ,Rain
28-09-2022,26.4,32.4,29.6,67.0,0.0,9.4,8.0,340.0,2.0,C ,Sun
29-09-2022,27.2,32.2,29.6,70.0,0.0,4.5,5.0,330.0,1.0,C ,Sun
30-09-2022,26.6,32.6,29.0,72.0,,2.0,3.0,150.0,0.0,C ,Sun
01-10-2022,26.0,33.8,29.9,74.0,,3.0,7.0,320.0,1.0,C ,Sun
02-10-2022,26.8,30.4,28.2,78.0,0.0,7.8,4.0,310.0,1.0,C ,Sun
03-10-2022,24.8,32.4,28.7,77.0,15.8,3.0,5.0,330.0,1.0,C ,Rain
04-10-2022,25.8,32.8,28.1,78.0,1.6,5.4,6.0,320.0,2.0,C ,Drizzle
05-10-2022,25.0,30.6,27.4,87.0,26.0,4.8,0.0,0.0,0.0,C ,Rain
06-10-2022,26.0,33.6,27.9,78.0,0.0,0.8,8.0,340.0,1.0,C ,Sun
07-10-2022,25.0,32.2,27.2,85.0,48.6,7.8,3.0,270.0,1.0,C ,Rain
08-10-2022,24.5,33.4,28.1,74.0,1.2,1.5,4.0,260.0,1.0,C ,Drizzle
09-10-2022,25.0,31.4,27.8,77.0,,2.3,5.0,320.0,1.0,C ,Sun
10-10-2022,25.6,31.2,28.0,76.0,0.0,2.6,5.0,320.0,1.0,C ,Sun
11-10-2022,26.0,31.8,27.8,80.0,0.0,3.5,6.0,340.0,1.0,C ,Sun
12-10-2022,24.6,32.8,28.3,73.0,17.0,0.4,8.0,340.0,1.0,C ,Rain
13-10-2022,25.0,31.6,27.4,80.0,,7.5,7.0,300.0,1.0,C ,Sun
14-10-2022,24.6,32.4,28.9,70.0,21.0,4.7,8.0,320.0,2.0,C ,Rain
15-10-2022,26.6,31.8,27.8,82.0,0.0,7.5,3.0,320.0,0.0,C ,Sun
16-10-2022,25.8,31.6,27.8,82.0,12.2,2.5,4.0,310.0,1.0,C ,Rain
17-10-2022,25.8,32.4,28.6,80.0,,3.1,2.0,310.0,0.0,C ,Sun
18-10-2022,26.6,30.6,28.0,81.0,3.8,2.6,4.0,300.0,0.0,C ,Drizzle
19-10-2022,26.6,31.6,27.5,81.0,0.0,1.0,5.0,316.0,0.0,C ,Sun
20-10-2022,25.2,32.0,28.2,80.0,20.2,1.2,5.0,310.0,1.0,C ,Rain
21-10-2022,25.0,30.8,28.4,76.0,,1.0,3.0,316.0,0.0,C ,Sun
22-10-2022,26.4,31.4,28.7,78.0,0.0,0.0,3.0,300.0,1.0,C ,Sun
23-10-2022,25.6,32.8,28.7,76.0,34.8,6.5,4.0,310.0,2.0,C ,Rain
24-10-2022,25.6,34.0,29.1,69.0,,7.0,8.0,320.0,3.0,NW,Sun
25-10-2022,25.0,31.0,27.4,80.0,,5.0,7.0,320.0,4.0,NW,Sun
26-10-2022,23.8,31.6,27.0,81.0,17.3,2.0,6.0,320.0,2.0,C ,Rain
27-10-2022,24.0,32.4,28.5,74.0,8888.0,1.0,4.0,310.0,2.0,C ,Rain
28-10-2022,24.8,35.4,29.8,60.0,,1.2,5.0,320.0,1.0,C ,Sun
29-10-2022,24.6,32.4,29.2,70.0,,5.5,4.0,320.0,1.0,C ,Sun
30-10-2022,26.6,33.0,29.1,68.0,0.0,6.8,5.0,300.0,1.0,C ,Sun
31-10-2022,27.0,32.0,29.4,71.0,0.0,7.5,3.0,310.0,0.0,C ,Sun
01-11-2022,26.6,32.0,29.3,72.0,,6.0,5.0,320.0,2.0,C ,Sun
02-11-2022,25.4,32.4,29.2,76.0,,4.0,7.0,316.0,1.0,C ,Sun
03-11-2022,26.8,32.2,29.1,75.0,0.0,5.6,5.0,320.0,1.0,C ,Sun
04-11-2022,26.2,33.2,28.9,75.0,0.0,3.0,5.0,317.0,1.0,C ,Sun
05-11-2022,25.4,32.6,28.0,78.0,27.6,2.4,7.0,320.0,1.0,C ,Rain
06-11-2022,24.2,30.8,27.9,79.0,,5.0,5.0,320.0,1.0,C ,Sun
07-11-2022,25.6,30.4,27.5,83.0,2.2,0.0,3.0,320.0,0.0,C ,Drizzle
08-11-2022,25.6,30.2,27.5,80.0,0.4,2.0,4.0,317.0,1.0,C ,Sun
09-11-2022,24.8,31.6,28.0,78.0,7.7,0.6,5.0,320.0,1.0,C ,Rain
10-11-2022,25.0,31.2,27.6,82.0,8888.0,0.0,5.0,316.0,1.0,C ,Rain
11-11-2022,26.0,,28.0,76.0,13.5,0.0,9.0,320.0,2.0,C ,Rain
12-11-2022,25.6,32.4,27.6,81.0,0.6,1.4,5.0,310.0,1.0,C ,Sun
13-11-2022,25.0,30.6,27.2,83.0,8888.0,5.2,5.0,310.0,1.0,C ,Rain
14-11-2022,24.2,32.8,28.3,78.0,,0.0,7.0,317.0,1.0,C ,Sun
15-11-2022,24.8,32.4,29.0,73.0,0.5,2.9,5.0,320.0,1.0,C ,Sun
16-11-2022,27.0,,28.7,76.0,0.0,3.0,7.0,317.0,2.0,NW,Sun
17-11-2022,24.8,28.0,26.1,89.0,42.4,4.2,6.0,320.0,1.0,C ,Rain
18-11-2022,25.0,32.4,28.3,76.0,10.5,0.0,5.0,315.0,2.0,NW,Rain
19-11-2022,25.8,33.2,28.9,74.0,8888.0,2.4,4.0,280.0,2.0,W ,Rain
20-11-2022,26.6,33.6,29.5,70.0,0.0,5.8,4.0,300.0,2.0,NW,Sun
21-11-2022,26.2,34.6,29.7,66.0,,5.0,6.0,320.0,2.0,C ,Sun
22-11-2022,24.0,34.2,29.4,70.0,,4.7,10.0,316.0,2.0,NW,Sun
23-11-2022,25.0,33.4,28.8,71.0,,7.7,9.0,320.0,2.0,C ,Sun
24-11-2022,26.2,31.0,28.6,76.0,2.7,5.5,4.0,316.0,1.0,C ,Drizzle
25-11-2022,25.4,31.4,27.8,76.0,,1.6,3.0,314.0,0.0,C ,Sun
26-11-2022,25.0,31.4,27.2,82.0,,0.9,5.0,320.0,1.0,C ,Sun
27-11-2022,24.4,31.2,27.7,80.0,17.2,0.0,4.0,320.0,1.0,C ,Rain
28-11-2022,25.4,31.4,28.6,79.0,2.0,7.4,7.0,317.0,1.0,C ,Drizzle
29-11-2022,24.6,33.0,28.6,78.0,16.8,3.2,8.0,320.0,2.0,C ,Rain
30-11-2022,25.0,33.0,28.2,78.0,,8.5,3.0,315.0,0.0,C ,Sun
01-12-2022,26.0,32.4,28.4,76.0,0.0,0.4,9.0,320.0,2.0,C ,Sun
02-12-2022,26.4,31.4,28.1,78.0,8888.0,6.5,5.0,320.0,1.0,C ,Rain
03-12-2022,25.0,32.0,28.3,76.0,4.0,1.0,7.0,310.0,1.0,C ,Drizzle
04-12-2022,25.0,31.2,28.4,77.0,,6.5,7.0,320.0,2.0,C ,Sun
05-12-2022,26.0,32.2,28.6,76.0,0.0,1.8,7.0,320.0,1.0,C ,Sun
06-12-2022,26.6,30.4,27.9,80.0,0.0,5.0,4.0,317.0,1.0,C ,Sun
07-12-2022,25.4,31.2,28.2,80.0,8888.0,0.4,5.0,317.0,0.0,C ,Rain
08-12-2022,25.0,33.0,27.8,80.0,,1.5,5.0,320.0,1.0,C ,Sun
09-12-2022,25.6,31.8,27.2,82.0,2.6,0.8,5.0,320.0,1.0,C ,Drizzle
10-12-2022,24.2,33.2,27.9,77.0,14.1,3.0,4.0,310.0,1.0,C ,Rain
11-12-2022,25.4,33.4,28.9,70.0,0.2,5.4,7.0,310.0,1.0,C ,Sun
12-12-2022,25.0,33.2,28.0,77.0,,1.2,7.0,317.0,2.0,NW,Sun
13-12-2022,25.6,32.4,28.5,69.0,2.0,6.0,9.0,320.0,2.0,NW,Drizzle
14-12-2022,26.8,32.0,28.1,77.0,0.0,3.7,4.0,316.0,1.0,C ,Sun
15-12-2022,26.6,34.8,30.3,65.0,,2.0,5.0,316.0,1.0,C ,Sun
16-12-2022,25.0,32.0,28.4,73.0,,6.0,6.0,320.0,1.0,C ,Sun
17-12-2022,25.4,32.2,28.3,80.0,1.5,1.2,4.0,310.0,1.0,C ,Drizzle
18-12-2022,26.0,32.8,28.3,82.0,1.7,6.5,4.0,320.0,1.0,C ,Drizzle
19-12-2022,25.2,32.0,28.6,75.0,4.8,2.4,7.0,320.0,2.0,C ,Drizzle
20-12-2022,25.2,31.0,28.3,76.0,,6.0,9.0,320.0,2.0,C ,Sun
21-12-2022,25.8,31.8,28.5,80.0,0.0,2.8,7.0,317.0,2.0,C ,Sun
22-12-2022,26.2,31.8,28.4,79.0,1.0,4.5,4.0,317.0,1.0,C ,Drizzle
23-12-2022,24.6,30.0,27.2,82.0,38.5,0.4,5.0,310.0,2.0,C ,Rain
24-12-2022,24.8,30.0,27.4,85.0,2.8,0.0,7.0,320.0,2.0,C ,Drizzle
25-12-2022,24.8,28.2,26.4,86.0,1.5,1.0,3.0,320.0,1.0,C ,Drizzle
26-12-2022,24.8,29.0,26.6,87.0,14.9,0.0,2.0,320.0,0.0,C ,Rain
27-12-2022,23.6,29.2,26.3,81.0,6.3,0.0,4.0,316.0,1.0,C ,Rain
28-12-2022,24.2,29.8,25.9,84.0,0.9,0.0,8.0,320.0,2.0,C ,Sun
29-12-2022,23.4,29.2,26.2,84.0,34.0,0.8,5.0,320.0,1.0,C ,Rain
30-12-2022,24.0,30.6,26.3,87.0,1.2,0.6,3.0,314.0,0.0,C ,Drizzle
31-12-2022,24.6,29.6,26.2,86.0,4.6,0.0,7.0,310.0,1.0,C ,Drizzle
01-01-2023,23.6,29.8,26.3,87.0,14.5,0.0,4.0,320.0,1.0,C ,Rain
02-01-2023,24.2,29.4,27.5,81.0,31.5,0.7,4.0,320.0,2.0,NW,Rain
03-01-2023,25.0,29.6,26.6,82.0,0.5,0.0,6.0,316.0,1.0,C ,Sun
04-01-2023,24.4,30.0,26.4,86.0,2.4,,5.0,316.0,1.0,C ,Drizzle
05-01-2023,24.0,32.6,27.4,83.0,35.3,,4.0,317.0,2.0,C ,Rain
06-01-2023,24.4,33.4,29.6,68.0,2.3,2.2,4.0,316.0,1.0,C ,Drizzle
07-01-2023,27.0,33.8,29.6,70.0,0.0,6.2,4.0,340.0,2.0,C ,Sun
08-01-2023,26.6,32.0,28.1,76.0,8888.0,8.0,8.0,320.0,2.0,C ,Rain
09-01-2023,,32.6,29.0,73.0,8888.0,3.8,5.0,320.0,3.0,NW,Rain
10-01-2023,27.2,34.4,30.1,65.0,8888.0,5.0,6.0,320.0,1.0,C ,Rain
11-01-2023,26.2,32.0,28.8,73.0,0.0,5.0,4.0,320.0,1.0,C ,Sun
12-01-2023,,32.4,29.1,71.0,,0.0,3.0,320.0,0.0,C ,Sun
13-01-2023,25.0,32.6,29.2,74.0,,8.3,5.0,320.0,1.0,C ,Sun
14-01-2023,26.8,32.0,29.2,72.0,8888.0,4.5,3.0,300.0,1.0,C ,Rain
15-01-2023,26.4,34.8,29.8,69.0,0.0,6.4,4.0,260.0,2.0,NW,Sun
16-01-2023,26.4,32.4,28.9,70.0,,6.5,4.0,320.0,1.0,C ,Sun
17-01-2023,26.0,29.4,27.6,77.0,,1.2,5.0,290.0,1.0,C ,Sun
18-01-2023,26.2,31.6,27.7,78.0,0.0,0.0,7.0,317.0,1.0,C ,Sun
19-01-2023,25.8,30.8,27.5,81.0,3.0,1.0,6.0,250.0,2.0,W ,Drizzle
20-01-2023,26.0,32.4,28.6,72.0,8888.0,2.4,3.0,290.0,1.0,C ,Rain
21-01-2023,25.0,31.8,28.6,74.0,8888.0,3.0,8.0,320.0,2.0,C ,Rain
22-01-2023,26.4,33.4,29.2,71.0,0.0,5.0,6.0,250.0,2.0,W ,Sun
23-01-2023,26.0,32.2,28.6,70.0,0.0,6.0,3.0,270.0,2.0,W ,Sun
24-01-2023,26.0,34.0,29.1,71.0,,3.2,7.0,320.0,2.0,C ,Sun
25-01-2023,25.0,30.2,27.2,78.0,8888.0,5.5,4.0,316.0,1.0,C ,Rain
26-01-2023,26.2,30.4,27.8,79.0,8888.0,0.0,3.0,280.0,1.0,C ,Rain
27-01-2023,26.0,29.6,27.6,80.0,27.5,2.4,5.0,310.0,1.0,C ,Rain
28-01-2023,24.5,28.8,25.6,94.0,26.9,0.0,3.0,310.0,0.0,C ,Rain
29-01-2023,24.0,29.2,26.7,86.0,27.0,0.0,6.0,290.0,1.0,C ,Rain
30-01-2023,25.0,30.2,28.0,76.0,8888.0,0.0,5.0,320.0,1.0,C ,Rain
31-01-2023,,29.2,27.8,80.0,,3.0,3.0,280.0,1.0,C ,Sun
01-02-2023,25.4,30.2,27.0,85.0,0.5,0.0,4.0,320.0,1.0,C ,Sun
02-02-2023,24.6,29.5,27.2,88.0,31.8,0.2,6.0,320.0,2.0,C ,Rain
03-02-2023,23.2,31.2,26.7,80.0,25.2,0.2,3.0,320.0,1.0,C ,Rain
04-02-2023,24.0,30.2,27.7,83.0,8888.0,0.1,5.0,320.0,2.0,W ,Rain
05-02-2023,26.2,33.6,28.4,77.0,,1.2,8.0,310.0,2.0,C ,Sun
06-02-2023,25.0,33.4,29.2,67.0,1.2,5.5,4.0,290.0,2.0,C ,Drizzle
07-02-2023,26.4,30.2,27.8,78.0,0.0,3.0,4.0,240.0,1.0,C ,Sun
08-02-2023,,32.2,27.1,87.0,62.8,2.0,4.0,310.0,1.0,C ,Rain
09-02-2023,25.2,31.8,27.4,73.0,1.0,2.2,9.0,320.0,1.0,C ,Drizzle
10-02-2023,25.0,31.8,27.9,77.0,9.6,1.5,7.0,317.0,2.0,C ,Rain
11-02-2023,25.2,29.4,27.5,85.0,25.8,6.3,4.0,290.0,1.0,C ,Rain
12-02-2023,23.8,28.6,25.0,92.0,40.8,1.5,4.0,270.0,2.0,W ,Rain
13-02-2023,24.2,30.8,27.6,78.0,1.8,0.0,10.0,320.0,1.0,C ,Drizzle
14-02-2023,24.0,30.8,27.3,79.0,5.4,0.9,7.0,316.0,2.0,NW,Rain
15-02-2023,25.8,31.0,28.1,74.0,8888.0,0.9,5.0,320.0,1.0,C ,Rain
16-02-2023,26.2,31.2,27.1,82.0,9.5,1.8,3.0,316.0,1.0,C ,Rain
17-02-2023,25.0,29.8,27.0,81.0,31.0,1.8,4.0,320.0,1.0,C ,Rain
18-02-2023,25.4,30.4,27.6,83.0,2.5,0.2,7.0,320.0,2.0,C ,Drizzle
19-02-2023,25.8,30.2,27.5,82.0,3.8,5.2,4.0,310.0,1.0,C ,Drizzle
20-02-2023,26.0,32.6,27.5,83.0,0.5,4.3,3.0,300.0,1.0,C ,Sun
21-02-2023,26.4,31.6,28.0,77.0,10.0,6.5,3.0,300.0,1.0,C ,Rain
22-02-2023,24.4,30.8,27.3,84.0,29.7,3.0,5.0,280.0,1.0,C ,Rain
23-02-2023,24.6,30.4,26.9,87.0,21.5,3.2,6.0,315.0,1.0,C ,Rain
24-02-2023,24.4,29.8,25.8,94.0,76.9,3.6,4.0,290.0,1.0,C ,Rain
25-02-2023,24.6,29.4,27.0,86.0,74.1,0.0,5.0,310.0,2.0,W ,Rain
26-02-2023,24.6,29.6,26.7,88.0,36.7,0.4,4.0,320.0,1.0,C ,Rain
27-02-2023,24.8,30.0,27.1,84.0,38.9,0.5,5.0,315.0,1.0,C ,Rain
28-02-2023,24.8,31.6,27.0,84.0,20.3,1.5,4.0,230.0,1.0,C ,Rain
01-03-2023,24.6,29.8,26.7,88.0,12.7,1.0,8.0,315.0,1.0,C ,Rain
02-03-2023,23.4,27.0,25.1,92.0,79.5,0.5,4.0,210.0,0.0,C ,Rain
03-03-2023,23.8,31.8,27.0,84.0,3.8,0.0,9.0,315.0,1.0,C ,Drizzle
04-03-2023,24.2,29.6,26.8,81.0,42.5,2.2,4.0,300.0,1.0,C ,Rain
05-03-2023,25.0,29.6,26.6,87.0,2.2,2.0,3.0,310.0,0.0,C ,Drizzle
06-03-2023,24.0,33.0,28.3,71.0,2.3,2.4,7.0,310.0,2.0,C ,Drizzle
07-03-2023,25.2,31.2,27.7,76.0,8888.0,5.2,4.0,315.0,1.0,C ,Rain
08-03-2023,25.6,29.2,26.5,88.0,4.0,8.0,2.0,250.0,1.0,C ,Drizzle
09-03-2023,24.8,31.6,27.1,83.0,9.5,0.5,7.0,320.0,1.0,C ,Rain
10-03-2023,24.0,32.4,27.8,81.0,10.0,6.1,5.0,320.0,1.0,C ,Rain
11-03-2023,25.8,33.6,28.5,77.0,8888.0,8.4,4.0,280.0,1.0,C ,Rain
12-03-2023,26.6,30.8,28.4,80.0,0.0,8.0,4.0,300.0,1.0,C ,Sun
13-03-2023,25.6,32.2,28.4,72.0,,2.6,8.0,315.0,2.0,C ,Sun
14-03-2023,24.2,31.8,27.2,82.0,,7.6,7.0,320.0,1.0,C ,Sun
15-03-2023,24.4,28.4,25.5,90.0,11.0,0.0,4.0,320.0,1.0,C ,Rain
16-03-2023,24.4,31.2,27.4,82.0,2.4,0.0,5.0,320.0,1.0,C ,Drizzle
17-03-2023,25.2,32.4,28.6,75.0,,8.0,9.0,310.0,2.0,C ,Sun
18-03-2023,23.8,32.6,28.3,78.0,,9.1,3.0,317.0,1.0,C ,Sun
19-03-2023,26.4,32.0,28.7,81.0,0.0,8.0,6.0,320.0,2.0,C ,Sun
20-03-2023,26.0,32.4,28.7,75.0,0.0,6.0,5.0,317.0,1.0,C ,Sun
21-03-2023,25.6,33.6,29.2,69.0,8888.0,7.6,5.0,315.0,0.0,C ,Rain
22-03-2023,25.0,32.6,29.1,76.0,8888.0,7.0,3.0,350.0,0.0,C ,Rain
23-03-2023,27.2,33.8,29.3,76.0,8888.0,6.7,9.0,320.0,1.0,C ,Rain
24-03-2023,27.2,32.0,29.3,78.0,0.0,7.0,7.0,317.0,1.0,C ,Sun
25-03-2023,27.0,33.8,27.9,83.0,,5.0,5.0,320.0,1.0,C ,Sun
26-03-2023,24.0,30.6,26.8,88.0,48.7,3.0,4.0,300.0,1.0,C ,Rain
27-03-2023,,32.4,27.4,84.0,8888.0,6.5,5.0,315.0,1.0,C ,Rain
28-03-2023,26.0,29.6,27.3,86.0,4.2,3.0,4.0,317.0,0.0,C ,Drizzle
29-03-2023,25.6,32.6,27.5,79.0,,0.0,6.0,315.0,1.0,C ,Sun
30-03-2023,,31.8,26.3,92.0,,,4.0,290.0,0.0,C ,Sun
31-03-2023,25.0,33.2,28.8,70.0,3.2,4.0,9.0,315.0,2.0,C ,Drizzle
01-04-2023,26.2,31.0,28.1,74.0,0.0,3.0,4.0,260.0,2.0,W ,Sun
02-04-2023,26.0,33.0,28.8,76.0,1.2,0.3,7.0,320.0,1.0,C ,Drizzle
03-04-2023,24.6,32.6,28.1,74.0,,6.9,8.0,315.0,1.0,C ,Sun
04-04-2023,25.0,32.6,28.7,72.0,18.4,6.7,4.0,340.0,1.0,C ,Rain
05-04-2023,25.8,33.2,29.0,69.0,,3.2,6.0,317.0,1.0,C ,Sun
06-04-2023,26.6,34.8,30.3,56.0,0.0,9.2,5.0,315.0,1.0,C ,Sun
07-04-2023,26.0,32.4,28.7,69.0,0.0,5.6,5.0,316.0,1.0,C ,Sun
08-04-2023,26.6,33.2,28.9,74.0,0.0,8.0,3.0,290.0,1.0,C ,Sun
09-04-2023,27.0,32.8,,,8888.0,7.6,4.0,320.0,2.0,NW,Rain
10-04-2023,26.8,33.0,29.1,70.0,,5.0,5.0,240.0,2.0,NW,Sun
11-04-2023,24.8,33.8,28.9,75.0,3.0,2.9,6.0,315.0,3.0,W ,Drizzle
12-04-2023,27.0,34.8,29.6,66.0,8888.0,5.2,11.0,320.0,2.0,NW,Rain
13-04-2023,26.6,33.6,29.4,73.0,0.0,5.5,3.0,316.0,1.0,C ,Sun
14-04-2023,26.5,33.4,28.3,79.0,0.0,3.4,9.0,320.0,2.0,C ,Sun
15-04-2023,25.0,32.0,28.3,81.0,66.6,5.8,6.0,310.0,1.0,C ,Rain
16-04-2023,25.8,33.4,28.9,80.0,2.0,6.8,3.0,270.0,1.0,C ,Drizzle
17-04-2023,26.8,33.4,29.3,76.0,12.0,5.5,3.0,250.0,1.0,C ,Rain
18-04-2023,26.0,33.4,29.1,81.0,13.2,7.2,3.0,320.0,1.0,C ,Rain
19-04-2023,25.0,34.4,29.7,79.0,1.2,4.8,2.0,240.0,1.0,C ,Drizzle
20-04-2023,25.6,34.2,28.9,80.0,29.5,7.6,5.0,320.0,0.0,C ,Rain
21-04-2023,26.6,33.6,29.2,81.0,5.8,3.7,15.0,10.0,1.0,C ,Rain
22-04-2023,25.0,33.8,29.6,76.0,,6.4,3.0,60.0,1.0,C ,Sun
23-04-2023,26.6,34.0,29.8,76.0,,7.0,5.0,100.0,1.0,C ,Sun
24-04-2023,27.0,34.2,29.5,79.0,3.6,7.0,5.0,320.0,1.0,C ,Drizzle
25-04-2023,25.8,32.2,28.5,81.0,9.7,7.5,4.0,340.0,0.0,C ,Rain
26-04-2023,26.4,33.2,28.7,80.0,,3.2,7.0,320.0,1.0,C ,Sun
27-04-2023,27.0,33.0,29.6,79.0,1.3,7.4,3.0,330.0,1.0,C ,Drizzle
28-04-2023,27.4,32.8,29.4,79.0,0.0,5.8,4.0,320.0,1.0,C ,Sun
29-04-2023,26.0,32.6,28.6,83.0,0.0,4.7,4.0,320.0,1.0,C ,Sun
30-04-2023,25.0,33.0,29.6,76.0,,3.0,5.0,300.0,1.0,C ,Sun
01-05-2023,27.2,31.0,28.8,80.0,0.0,4.8,3.0,310.0,0.0,C ,Sun
02-05-2023,27.4,34.4,29.0,84.0,0.0,1.4,3.0,320.0,1.0,C ,Sun
03-05-2023,27.4,33.4,29.8,79.0,0.5,3.0,3.0,310.0,1.0,C ,Sun
04-05-2023,26.4,34.2,29.4,79.0,2.5,3.8,3.0,310.0,1.0,C ,Drizzle
05-05-2023,26.0,33.4,29.2,80.0,,6.6,3.0,300.0,1.0,C ,Sun
06-05-2023,26.0,33.2,28.8,82.0,18.1,3.9,3.0,320.0,0.0,C ,Rain
07-05-2023,26.6,33.2,28.5,83.0,,3.4,6.0,310.0,1.0,C ,Sun
08-05-2023,26.4,32.8,28.7,78.0,45.5,4.7,3.0,340.0,1.0,C ,Rain
09-05-2023,26.4,34.2,30.4,75.0,,3.0,3.0,110.0,1.0,C ,Sun
10-05-2023,27.2,34.0,30.3,76.0,0.0,3.6,5.0,120.0,1.0,C ,Sun
11-05-2023,28.1,32.8,29.2,80.0,0.0,6.2,3.0,110.0,1.0,C ,Sun
12-05-2023,28.0,34.6,30.8,72.0,,1.3,6.0,320.0,1.0,C ,Sun
13-05-2023,27.0,33.8,29.0,82.0,,7.0,5.0,310.0,1.0,C ,Sun
14-05-2023,26.2,33.2,29.5,69.0,20.0,6.5,3.0,220.0,1.0,C ,Rain
15-05-2023,26.2,32.4,28.7,72.0,0.0,6.0,6.0,314.0,1.0,C ,Sun
16-05-2023,26.8,33.6,29.7,70.0,0.0,6.6,4.0,315.0,0.0,C ,Sun
17-05-2023,27.0,33.6,29.6,71.0,0.0,7.5,5.0,320.0,1.0,C ,Sun
18-05-2023,27.6,32.0,29.2,73.0,0.0,6.2,3.0,320.0,0.0,C ,Sun
19-05-2023,27.2,33.2,29.6,74.0,0.0,0.0,6.0,320.0,1.0,C ,Sun
20-05-2023,27.4,33.0,29.4,76.0,0.0,3.3,5.0,310.0,1.0,C ,Sun
21-05-2023,27.4,33.8,29.6,79.0,,2.5,3.0,290.0,1.0,C ,Sun
22-05-2023,26.6,33.2,29.1,78.0,1.8,6.0,2.0,250.0,0.0,C ,Drizzle
23-05-2023,27.2,33.6,29.3,75.0,,5.3,5.0,320.0,1.0,C ,Sun
24-05-2023,27.0,33.4,29.4,73.0,,4.2,3.0,290.0,1.0,C ,Sun
25-05-2023,,33.2,29.4,72.0,,2.0,4.0,320.0,1.0,C ,Sun
26-05-2023,27.4,33.8,30.1,72.0,0.0,5.2,3.0,140.0,1.0,C ,Sun
27-05-2023,27.2,33.4,29.5,76.0,,4.4,2.0,110.0,1.0,C ,Sun
28-05-2023,25.8,32.6,28.7,80.0,17.8,2.5,5.0,310.0,1.0,C ,Rain
29-05-2023,25.8,32.6,29.9,75.0,,2.5,3.0,150.0,1.0,C ,Sun
30-05-2023,27.8,32.8,29.6,75.0,0.0,3.7,7.0,320.0,1.0,C ,Sun
31-05-2023,27.2,32.4,29.8,73.0,0.0,4.0,3.0,313.0,0.0,C ,Sun
01-06-2023,26.6,33.4,29.3,74.0,,5.0,7.0,320.0,1.0,C ,Sun
02-06-2023,26.0,34.4,29.9,73.0,,6.5,3.0,100.0,1.0,C ,Sun
03-06-2023,27.0,33.8,30.2,72.0,0.0,5.7,3.0,170.0,1.0,C ,Sun
04-06-2023,27.8,32.8,29.5,75.0,0.0,6.2,2.0,120.0,1.0,C ,Sun
05-06-2023,27.2,33.6,29.6,74.0,,4.0,6.0,320.0,1.0,C ,Sun
06-06-2023,26.0,31.6,27.8,82.0,0.3,4.4,3.0,110.0,0.0,C ,Sun
07-06-2023,26.0,33.8,29.8,72.0,1.7,0.0,5.0,310.0,1.0,C ,Drizzle
08-06-2023,27.0,33.6,29.9,75.0,0.0,4.0,5.0,315.0,1.0,C ,Sun
09-06-2023,,34.0,29.2,73.0,0.0,3.5,3.0,310.0,1.0,C ,Sun
10-06-2023,27.4,32.4,29.5,75.0,0.0,5.2,3.0,10.0,1.0,C ,Sun
11-06-2023,26.6,33.4,29.1,73.0,0.0,4.0,5.0,310.0,1.0,C ,Sun
12-06-2023,26.2,33.8,30.1,72.0,0.0,5.6,4.0,100.0,1.0,C ,Sun
13-06-2023,26.8,34.4,30.1,74.0,0.0,3.4,2.0,100.0,1.0,C ,Sun
14-06-2023,26.0,33.2,29.7,75.0,,2.5,3.0,60.0,0.0,C ,Sun
15-06-2023,27.0,33.4,29.5,74.0,0.0,2.4,4.0,320.0,1.0,C ,Sun
16-06-2023,25.4,32.2,26.2,94.0,0.0,2.0,2.0,140.0,0.0,C ,Sun
17-06-2023,24.6,32.0,27.9,81.0,29.3,0.0,4.0,310.0,1.0,C ,Rain
18-06-2023,25.4,32.0,28.7,80.0,0.0,1.5,4.0,320.0,1.0,C ,Sun
19-06-2023,26.2,31.2,27.4,88.0,0.0,2.3,3.0,20.0,1.0,C ,Sun
20-06-2023,25.2,33.2,28.6,78.0,26.9,0.2,3.0,90.0,1.0,C ,Rain
21-06-2023,25.8,33.0,29.5,77.0,0.0,3.3,5.0,320.0,1.0,C ,Sun
22-06-2023,,33.6,29.2,78.0,2.5,3.9,3.0,315.0,1.0,C ,Drizzle
23-06-2023,26.4,33.2,29.4,77.0,1.0,3.7,4.0,140.0,2.0,C ,Drizzle
24-06-2023,26.8,32.0,28.6,79.0,0.0,3.6,3.0,320.0,1.0,C ,Sun
25-06-2023,26.0,32.0,28.7,81.0,31.4,4.2,4.0,320.0,1.0,C ,Rain
26-06-2023,25.2,31.8,28.5,75.0,3.5,2.6,5.0,340.0,1.0,C ,Drizzle
27-06-2023,26.6,32.2,28.8,76.0,0.0,3.7,5.0,320.0,1.0,C ,Sun
28-06-2023,26.0,33.6,29.1,68.0,0.0,4.0,5.0,317.0,1.0,C ,Sun
29-06-2023,25.2,33.0,28.7,77.0,30.6,4.2,5.0,317.0,1.0,C ,Rain
30-06-2023,,33.2,29.1,76.0,0.0,3.5,7.0,70.0,2.0,C ,Sun
01-07-2023,25.0,32.0,29.2,78.0,0.0,4.8,2.0,20.0,1.0,C ,Sun
02-07-2023,27.6,32.4,29.3,75.0,0.0,2.7,5.0,330.0,1.0,C ,Sun
03-07-2023,26.8,32.2,29.1,74.0,0.0,,7.0,320.0,1.0,C ,Sun
04-07-2023,24.6,33.0,28.7,74.0,0.0,3.5,3.0,320.0,0.0,C ,Sun
05-07-2023,26.4,33.4,29.3,73.0,0.0,5.5,5.0,70.0,1.0,C ,Sun
06-07-2023,26.4,30.2,27.8,82.0,1.6,6.0,3.0,317.0,0.0,C ,Drizzle
07-07-2023,,31.8,28.2,78.0,2.5,1.5,4.0,320.0,0.0,C ,Drizzle
08-07-2023,25.4,32.0,28.1,80.0,1.2,1.2,3.0,110.0,1.0,C ,Drizzle
09-07-2023,25.4,33.2,28.5,76.0,0.0,2.4,4.0,50.0,2.0,S ,Sun
10-07-2023,26.2,33.0,29.3,73.0,0.0,4.5,4.0,160.0,1.0,C ,Sun
11-07-2023,26.4,33.2,29.1,72.0,0.0,3.4,4.0,310.0,1.0,C ,Sun
12-07-2023,26.0,32.0,29.1,76.0,,6.6,5.0,317.0,1.0,C ,Sun
13-07-2023,26.8,32.6,28.9,72.0,0.0,6.3,6.0,320.0,1.0,C ,Sun
14-07-2023,26.4,32.6,29.0,72.0,,4.5,2.0,320.0,1.0,C ,Sun
15-07-2023,26.0,32.6,28.9,73.0,0.0,4.0,8.0,320.0,2.0,C ,Sun
16-07-2023,25.6,32.8,28.9,74.0,0.0,5.0,4.0,320.0,1.0,C ,Sun
17-07-2023,26.6,33.4,29.3,68.0,0.0,5.6,3.0,80.0,1.0,C ,Sun
18-07-2023,25.8,33.2,28.8,67.0,0.0,5.0,3.0,315.0,1.0,C ,Sun
19-07-2023,25.6,34.6,29.5,59.0,,6.6,5.0,310.0,1.0,C ,Sun
20-07-2023,25.2,32.4,27.9,61.0,0.0,6.8,4.0,317.0,1.0,C ,Sun
21-07-2023,25.4,33.6,28.8,67.0,0.0,6.6,5.0,320.0,1.0,C ,Sun
22-07-2023,26.2,32.8,29.1,70.0,0.0,4.0,3.0,110.0,1.0,C ,Sun
23-07-2023,26.0,33.6,29.0,68.0,0.0,6.0,4.0,320.0,1.0,C ,Sun
24-07-2023,,32.0,28.8,76.0,0.0,6.8,5.0,316.0,1.0,C ,Sun
25-07-2023,26.0,30.8,28.0,78.0,8888.0,2.7,5.0,320.0,0.0,C ,Rain
26-07-2023,26.0,30.8,28.0,74.0,0.0,3.3,4.0,310.0,1.0,C ,Sun
27-07-2023,26.4,32.6,29.0,72.0,,1.5,5.0,320.0,1.0,C ,Sun
28-07-2023,25.0,33.2,28.9,68.0,,1.0,6.0,320.0,1.0,C ,Sun
29-07-2023,26.0,32.8,28.6,67.0,0.0,6.3,3.0,150.0,2.0,E ,Sun
30-07-2023,25.6,33.2,28.5,66.0,0.0,6.0,5.0,190.0,2.0,C ,Sun
31-07-2023,,33.0,28.2,65.0,,4.8,4.0,320.0,1.0,C ,Sun
01-08-2023,24.0,33.2,28.7,68.0,,6.0,6.0,240.0,2.0,E ,Sun
02-08-2023,26.0,32.4,29.4,72.0,0.0,7.0,4.0,320.0,2.0,S ,Sun
03-08-2023,26.8,33.6,29.4,75.0,0.0,0.7,5.0,320.0,1.0,C ,Sun
04-08-2023,,34.2,29.6,74.0,0.0,3.5,4.0,320.0,1.0,C ,Sun
05-08-2023,26.6,33.0,29.4,71.0,,6.5,4.0,350.0,1.0,C ,Sun
06-08-2023,26.4,33.4,28.8,73.0,0.0,6.8,7.0,20.0,2.0,C ,Sun
07-08-2023,26.2,32.6,28.8,76.0,0.0,7.0,5.0,310.0,1.0,C ,Sun
08-08-2023,26.4,34.0,29.0,77.0,,5.2,7.0,320.0,2.0,C ,Sun
09-08-2023,26.0,33.4,28.7,75.0,0.0,7.0,4.0,320.0,0.0,C ,Sun
10-08-2023,25.8,33.2,28.3,76.0,0.0,7.2,6.0,320.0,1.0,C ,Sun
11-08-2023,26.4,31.5,28.6,74.0,0.0,6.7,6.0,320.0,2.0,C ,Sun
12-08-2023,25.8,33.6,28.8,66.0,,5.0,5.0,310.0,1.0,C ,Sun
13-08-2023,25.6,32.4,28.2,70.0,0.0,7.0,4.0,180.0,1.0,C ,Sun
14-08-2023,25.8,32.8,28.4,72.0,0.0,6.7,4.0,160.0,2.0,C ,Sun
15-08-2023,26.0,32.2,28.4,74.0,0.0,7.0,3.0,40.0,1.0,C ,Sun
16-08-2023,26.4,33.6,28.8,72.0,,7.0,4.0,320.0,1.0,C ,Sun
17-08-2023,25.0,32.4,28.2,70.0,,5.5,7.0,350.0,1.0,C ,Sun
18-08-2023,25.8,32.4,28.2,71.0,0.0,7.2,10.0,320.0,2.0,C ,Sun
19-08-2023,26.2,33.0,28.9,71.0,0.0,6.8,4.0,100.0,2.0,C ,Sun
20-08-2023,26.4,34.8,29.4,72.0,,7.0,5.0,210.0,1.0,C ,Sun
21-08-2023,25.0,33.4,29.2,68.0,0.0,6.8,4.0,180.0,1.0,C ,Sun
22-08-2023,26.0,32.2,28.8,70.0,0.0,4.5,5.0,130.0,2.0,C ,Sun
23-08-2023,26.2,32.6,29.0,68.0,0.0,4.5,5.0,320.0,2.0,C ,Sun
24-08-2023,26.0,33.6,29.2,70.0,0.0,5.5,3.0,130.0,1.0,C ,Sun
25-08-2023,26.0,33.0,28.8,74.0,,7.2,5.0,320.0,1.0,C ,Sun
26-08-2023,27.0,32.2,29.1,74.0,0.0,7.4,5.0,70.0,1.0,C ,Sun
27-08-2023,27.4,32.2,29.0,76.0,0.0,4.5,2.0,30.0,1.0,C ,Sun
28-08-2023,25.6,33.6,28.7,71.0,1.8,5.0,3.0,330.0,1.0,C ,Drizzle
29-08-2023,25.0,33.2,28.7,71.0,,5.0,0.0,0.0,0.0,C ,Sun
30-08-2023,26.0,32.2,28.5,72.0,0.0,7.5,5.0,80.0,2.0,C ,Sun
31-08-2023,25.2,32.2,28.2,73.0,0.0,7.5,5.0,330.0,1.0,C ,Sun
01-09-2023,25.4,32.6,28.0,72.0,,7.0,4.0,300.0,1.0,C ,Sun
02-09-2023,25.0,31.6,28.5,71.0,,7.4,5.0,310.0,1.0,C ,Sun
03-09-2023,26.6,32.6,28.9,68.0,8888.0,4.7,4.0,190.0,1.0,C ,Rain
04-09-2023,24.2,33.4,28.3,62.0,0.0,5.5,5.0,120.0,1.0,C ,Sun
05-09-2023,24.6,33.6,28.4,63.0,,7.5,3.0,210.0,0.0,C ,Sun
06-09-2023,25.2,33.4,28.7,65.0,0.0,8.0,3.0,90.0,0.0,C ,Sun
07-09-2023,26.0,32.6,28.7,70.0,0.0,9.2,6.0,320.0,1.0,C ,Sun
08-09-2023,26.6,33.2,29.0,74.0,0.0,9.3,3.0,300.0,1.0,C ,Sun
09-09-2023,26.6,33.0,29.3,72.0,,8.0,8.0,330.0,1.0,C ,Sun
10-09-2023,26.2,31.8,28.4,66.0,0.0,8.0,4.0,310.0,1.0,C ,Sun
11-09-2023,26.6,33.0,29.1,66.0,0.0,6.7,5.0,320.0,1.0,C ,Sun
12-09-2023,26.2,34.4,29.6,65.0,0.0,6.0,4.0,120.0,1.0,C ,Sun
13-09-2023,26.6,33.0,29.5,67.0,,8.0,4.0,290.0,0.0,C ,Sun
14-09-2023,25.0,33.6,29.2,64.0,,7.0,7.0,330.0,1.0,C ,Sun
15-09-2023,26.0,34.2,29.5,65.0,0.0,8.2,3.0,40.0,1.0,C ,Sun
16-09-2023,26.4,33.4,29.3,68.0,0.0,9.0,4.0,310.0,1.0,C ,Sun
17-09-2023,26.6,33.0,29.1,70.0,0.0,8.0,6.0,340.0,1.0,C ,Sun
18-09-2023,26.8,32.4,29.0,73.0,0.0,7.4,9.0,330.0,1.0,C ,Sun
19-09-2023,27.4,32.6,29.7,72.0,0.0,8.2,2.0,330.0,0.0,C ,Sun
20-09-2023,26.6,32.8,28.9,73.0,0.0,3.0,3.0,320.0,0.0,C ,Sun
21-09-2023,,33.4,29.3,70.0,0.0,8.0,6.0,330.0,1.0,C ,Sun
22-09-2023,25.0,32.6,28.8,70.0,,7.0,8.0,340.0,1.0,C ,Sun
23-09-2023,26.4,32.6,28.9,66.0,0.0,8.0,4.0,310.0,1.0,C ,Sun
24-09-2023,26.6,32.2,28.7,72.0,0.0,3.6,6.0,310.0,1.0,C ,Sun
25-09-2023,25.6,34.2,29.3,66.0,,6.0,5.0,270.0,1.0,C ,Sun
26-09-2023,25.0,34.0,29.5,66.0,,9.0,4.0,320.0,0.0,C ,Sun
27-09-2023,26.0,35.0,29.8,58.0,0.0,9.0,3.0,130.0,1.0,C ,Sun
28-09-2023,,35.2,30.0,58.0,0.0,9.8,7.0,80.0,1.0,C ,Sun
29-09-2023,26.8,36.8,30.4,59.0,0.0,9.5,3.0,130.0,1.0,C ,Sun
30-09-2023,25.6,33.0,29.1,70.0,,9.2,3.0,280.0,1.0,C ,Sun
01-10-2023,26.6,32.8,28.9,72.0,0.0,8.0,3.0,330.0,1.0,C ,Sun
02-10-2023,26.8,33.0,29.2,70.0,0.0,4.3,7.0,320.0,1.0,C ,Sun
03-10-2023,26.6,34.2,29.2,67.0,0.0,4.8,6.0,340.0,2.0,C ,Sun
04-10-2023,25.0,33.0,29.0,74.0,,8.0,3.0,230.0,1.0,C ,Sun
05-10-2023,27.2,34.0,29.8,74.0,0.0,8.0,3.0,240.0,0.0,C ,Sun
06-10-2023,,32.4,29.3,76.0,,8.5,5.0,360.0,1.0,C ,Sun
07-10-2023,26.4,33.6,29.6,74.0,0.0,4.4,7.0,340.0,1.0,C ,Sun
08-10-2023,26.0,33.4,29.7,73.0,,4.9,4.0,310.0,1.0,C ,Sun
09-10-2023,27.0,34.6,30.1,72.0,0.0,7.5,3.0,90.0,1.0,C ,Sun
10-10-2023,27.8,34.8,30.7,65.0,0.0,8.0,8.0,320.0,1.0,C ,Sun
11-10-2023,27.6,33.8,30.1,72.0,,7.0,5.0,100.0,1.0,C ,Sun
12-10-2023,28.0,35.2,30.2,74.0,0.0,6.2,4.0,310.0,1.0,C ,Sun
13-10-2023,28.0,35.0,30.1,74.0,0.0,7.6,9.0,320.0,2.0,C ,Sun
14-10-2023,28.0,33.6,30.3,65.0,0.0,7.0,7.0,320.0,2.0,C ,Sun
15-10-2023,27.4,36.0,30.8,61.0,,6.0,5.0,60.0,1.0,C ,Sun
16-10-2023,27.6,35.0,30.1,69.0,0.0,5.7,8.0,320.0,1.0,C ,Sun
17-10-2023,28.0,36.6,31.8,60.0,0.0,8.0,9.0,100.0,2.0,C ,Sun
18-10-2023,26.0,33.4,30.3,62.0,0.0,7.6,6.0,340.0,2.0,C ,Sun
19-10-2023,27.6,34.8,30.7,66.0,,7.5,5.0,100.0,1.0,C ,Sun
20-10-2023,26.0,33.0,29.9,73.0,,6.4,5.0,320.0,2.0,C ,Sun
21-10-2023,28.0,34.6,30.2,71.0,0.0,7.2,3.0,340.0,1.0,C ,Sun
22-10-2023,27.8,33.8,30.4,65.0,,8.0,3.0,300.0,1.0,C ,Sun
23-10-2023,,,,,,,,,,,Sun
24-10-2023,26.0,33.0,29.4,72.0,,8.0,5.0,340.0,1.0,C ,Sun
25-10-2023,26.4,33.0,29.5,72.0,8888.0,2.0,9.0,330.0,1.0,C ,Rain
26-10-2023,27.2,33.6,30.1,72.0,0.0,4.4,6.0,340.0,1.0,C ,Sun
27-10-2023,27.0,33.8,30.1,72.0,0.0,7.0,3.0,260.0,0.0,C ,Sun
28-10-2023,27.0,33.6,30.3,68.0,,7.0,5.0,320.0,1.0,C ,Sun
29-10-2023,27.0,34.0,29.8,69.0,0.0,8.0,3.0,250.0,1.0,C ,Sun
30-10-2023,27.0,33.8,30.7,67.0,0.0,7.8,5.0,300.0,1.0,C ,Sun
31-10-2023,27.8,33.6,29.8,74.0,,6.5,5.0,330.0,1.0,C ,Sun
01-11-2023,27.0,33.2,29.8,72.0,8.0,4.3,6.0,330.0,1.0,C ,Rain
02-11-2023,27.6,33.4,30.3,71.0,0.0,3.5,4.0,320.0,1.0,C ,Sun
03-11-2023,27.8,33.4,30.2,70.0,0.0,4.0,5.0,330.0,1.0,C ,Sun
04-11-2023,27.6,32.6,28.2,80.0,,4.2,4.0,330.0,1.0,C ,Sun
05-11-2023,24.4,32.6,28.7,80.0,28.0,1.5,6.0,290.0,1.0,C ,Rain
06-11-2023,25.0,33.4,30.1,75.0,0.0,0.6,5.0,320.0,0.0,C ,Sun
07-11-2023,27.4,33.4,30.4,71.0,0.0,5.2,7.0,320.0,2.0,C ,Sun
08-11-2023,27.6,33.6,30.4,72.0,,3.2,8.0,330.0,1.0,C ,Sun
09-11-2023,27.0,,30.0,72.0,0.0,0.0,5.0,320.0,1.0,C ,Sun
10-11-2023,27.0,33.4,29.2,79.0,0.0,0.0,4.0,320.0,1.0,C ,Sun
11-11-2023,26.2,33.2,29.3,76.0,4.5,0.0,4.0,340.0,1.0,C ,Drizzle
12-11-2023,,34.0,30.1,71.0,0.0,0.0,5.0,320.0,1.0,C ,Sun
13-11-2023,26.0,35.6,31.2,67.0,,0.0,3.0,240.0,1.0,C ,Sun
14-11-2023,28.0,34.4,29.7,76.0,8888.0,8.0,5.0,320.0,1.0,C ,Rain
15-11-2023,25.2,33.4,29.6,74.0,39.0,0.0,4.0,320.0,1.0,C ,Rain
16-11-2023,26.2,34.2,29.7,74.0,,4.2,6.0,320.0,2.0,C ,Sun
17-11-2023,26.0,33.4,29.8,75.0,11.0,7.6,4.0,20.0,1.0,C ,Rain
18-11-2023,27.0,33.4,29.2,76.0,0.4,6.2,4.0,320.0,1.0,C ,Sun
19-11-2023,27.0,33.4,29.6,78.0,1.0,6.0,5.0,330.0,1.0,C ,Drizzle
20-11-2023,26.0,34.2,30.4,69.0,4.0,7.8,7.0,320.0,1.0,C ,Drizzle
21-11-2023,27.4,33.6,30.2,72.0,0.0,6.3,9.0,330.0,2.0,C ,Sun
22-11-2023,26.0,33.6,30.0,73.0,15.0,6.8,9.0,320.0,2.0,C ,Rain
23-11-2023,27.4,32.2,29.2,78.0,3.1,3.0,6.0,320.0,1.0,C ,Drizzle
24-11-2023,26.8,32.8,28.6,82.0,0.0,0.0,5.0,330.0,1.0,C ,Sun
25-11-2023,25.0,29.6,26.1,89.0,3.5,1.0,2.0,150.0,0.0,C ,Drizzle
26-11-2023,24.8,32.8,29.1,75.0,18.1,0.0,4.0,330.0,1.0,C ,Rain
27-11-2023,26.4,32.2,28.2,78.0,,5.2,3.0,320.0,1.0,C ,Sun
28-11-2023,26.4,33.0,29.5,73.0,,0.0,5.0,320.0,0.0,C ,Sun
29-11-2023,,34.2,29.8,76.0,2.5,,2.0,20.0,0.0,C ,Drizzle
30-11-2023,25.8,32.6,28.3,80.0,18.1,6.2,5.0,330.0,1.0,C ,Rain
01-12-2023,26.4,30.4,26.9,87.0,3.0,2.3,2.0,300.0,0.0,C ,Drizzle
02-12-2023,25.8,33.6,29.4,74.0,1.1,0.0,6.0,320.0,1.0,C ,Drizzle
03-12-2023,26.0,32.2,28.6,78.0,,6.1,4.0,260.0,1.0,C ,Sun
04-12-2023,26.0,29.0,26.7,86.0,2.3,1.7,2.0,120.0,0.0,C ,Drizzle
05-12-2023,24.8,32.4,29.4,74.0,1.4,0.0,5.0,320.0,1.0,C ,Drizzle
06-12-2023,26.2,33.4,29.4,74.0,,6.5,5.0,320.0,1.0,C ,Sun
07-12-2023,27.2,33.4,29.2,79.0,0.0,6.7,4.0,320.0,1.0,C ,Sun
08-12-2023,26.4,32.6,29.4,76.0,0.0,0.6,5.0,320.0,1.0,C ,Sun
09-12-2023,26.6,32.4,29.1,76.0,0.0,3.6,3.0,300.0,1.0,C ,Sun
10-12-2023,26.8,32.0,29.2,77.0,0.0,1.0,4.0,50.0,1.0,C ,Sun
11-12-2023,26.8,33.0,30.0,72.0,0.0,0.0,7.0,320.0,2.0,C ,Sun
12-12-2023,28.0,33.2,29.7,71.0,0.0,7.0,5.0,340.0,1.0,C ,Sun
13-12-2023,26.4,33.0,30.1,70.0,0.0,3.8,9.0,320.0,2.0,C ,Sun
14-12-2023,26.8,33.8,30.6,69.0,0.0,6.8,7.0,320.0,2.0,C ,Sun
15-12-2023,25.0,33.4,30.4,65.0,,7.6,4.0,330.0,1.0,C ,Sun
16-12-2023,26.4,33.6,30.3,64.0,0.0,5.2,5.0,310.0,2.0,C ,Sun
17-12-2023,26.4,34.8,30.6,65.0,0.0,7.7,5.0,330.0,2.0,W ,Sun
18-12-2023,26.8,34.2,30.7,66.0,0.0,7.8,8.0,310.0,1.0,C ,Sun
19-12-2023,25.8,34.4,30.3,62.0,,7.5,7.0,320.0,2.0,C ,Sun
20-12-2023,26.2,35.6,30.3,56.0,,,4.0,340.0,1.0,C ,Sun
21-12-2023,25.4,34.6,29.9,62.0,0.0,8.0,8.0,340.0,2.0,C ,Sun
22-12-2023,26.2,33.2,30.1,65.0,,7.0,5.0,330.0,1.0,C ,Sun
23-12-2023,26.0,33.8,31.0,65.0,,1.8,4.0,280.0,1.0,C ,Sun
24-12-2023,28.0,33.6,30.6,70.0,0.0,6.6,4.0,300.0,1.0,C ,Sun
25-12-2023,27.0,32.2,28.3,80.0,0.0,5.3,5.0,320.0,1.0,C ,Sun
26-12-2023,25.2,31.0,28.4,80.0,36.0,2.0,4.0,320.0,1.0,C ,Rain
27-12-2023,26.4,33.2,28.7,80.0,0.0,0.0,9.0,320.0,1.0,C ,Sun
28-12-2023,26.6,33.2,29.9,76.0,2.5,3.8,4.0,320.0,1.0,C ,Drizzle
29-12-2023,27.2,33.0,29.3,79.0,,,5.0,320.0,1.0,C ,Sun
30-12-2023,26.4,32.6,29.2,79.0,2.0,4.0,5.0,330.0,1.0,C ,Drizzle
31-12-2023,27.2,32.2,28.3,80.0,0.0,2.4,5.0,290.0,1.0,C ,Sun
01-01-2024,26.4,32.2,29.6,77.0,1.8,5.6,4.0,290.0,1.0,C ,Drizzle
02-01-2024,27.2,31.8,29.7,78.0,0.0,0.7,5.0,300.0,1.0,C ,Sun
03-01-2024,26.6,30.2,28.0,84.0,2.5,0.0,3.0,260.0,1.0,C ,Drizzle
04-01-2024,26.4,31.4,27.1,87.0,8.5,0.0,3.0,330.0,0.0,C ,Rain
05-01-2024,25.0,32.4,28.1,80.0,30.8,0.0,5.0,330.0,1.0,C ,Rain
06-01-2024,25.2,32.2,27.8,83.0,1.0,4.0,4.0,240.0,1.0,C ,Drizzle
07-01-2024,25.8,33.2,28.1,80.0,1.3,3.7,3.0,320.0,1.0,C ,Drizzle
08-01-2024,25.8,31.6,28.3,79.0,,4.2,5.0,320.0,1.0,C ,Sun
09-01-2024,25.0,33.8,29.2,76.0,,0.0,7.0,320.0,2.0,C ,Sun
10-01-2024,26.4,32.8,29.2,76.0,,6.0,6.0,320.0,2.0,C ,Sun
11-01-2024,26.8,32.8,27.3,87.0,0.0,3.8,5.0,320.0,1.0,C ,Sun
12-01-2024,25.0,33.4,28.6,75.0,42.0,0.8,5.0,240.0,2.0,C ,Rain
13-01-2024,26.2,32.4,28.4,80.0,0.0,3.0,4.0,310.0,1.0,C ,Sun
14-01-2024,26.2,32.4,29.5,76.0,2.4,0.4,7.0,330.0,2.0,C ,Drizzle
15-01-2024,26.0,31.4,29.4,74.0,,3.9,6.0,340.0,2.0,NW,Sun
16-01-2024,27.2,34.6,30.2,69.0,0.0,3.2,9.0,320.0,2.0,W ,Sun
17-01-2024,27.2,32.0,28.4,80.0,,5.6,4.0,320.0,1.0,C ,Sun
18-01-2024,25.0,32.6,28.2,79.0,1.5,1.0,7.0,260.0,2.0,W ,Drizzle
19-01-2024,24.8,28.4,26.4,85.0,7.7,1.0,4.0,250.0,2.0,W ,Rain
20-01-2024,24.8,35.4,30.5,64.0,11.0,0.0,7.0,300.0,2.0,C ,Rain
21-01-2024,26.0,32.8,28.8,76.0,,8.0,10.0,230.0,2.0,SW,Sun
22-01-2024,26.4,35.0,30.4,66.0,7.0,5.4,8.0,320.0,3.0,W ,Rain
23-01-2024,27.0,34.6,30.1,68.0,,5.8,5.0,260.0,1.0,C ,Sun
24-01-2024,26.0,33.6,30.2,67.0,,2.7,6.0,260.0,2.0,C ,Sun
25-01-2024,27.0,33.0,30.1,72.0,0.0,5.7,4.0,320.0,1.0,C ,Sun
26-01-2024,27.0,32.4,29.1,78.0,0.0,6.7,10.0,320.0,3.0,NW,Sun
27-01-2024,25.6,28.4,26.3,90.0,14.0,2.5,3.0,330.0,0.0,C ,Rain
28-01-2024,25.0,30.6,27.4,85.0,28.0,0.0,5.0,320.0,1.0,C ,Rain
29-01-2024,,29.8,27.2,88.0,24.0,1.2,5.0,320.0,1.0,C ,Rain
30-01-2024,24.6,32.8,26.9,88.0,17.6,0.8,5.0,320.0,1.0,C ,Rain
31-01-2024,25.0,31.4,27.9,81.0,110.5,0.7,4.0,320.0,1.0,C ,Rain
01-02-2024,25.0,31.6,27.8,83.0,8888.0,2.2,7.0,340.0,1.0,C ,Rain
02-02-2024,25.6,34.2,28.2,81.0,20.1,3.1,5.0,340.0,1.0,C ,Rain
03-02-2024,25.0,31.6,28.1,79.0,20.3,3.2,4.0,270.0,2.0,W ,Rain
04-02-2024,26.2,31.0,28.0,81.0,,0.8,4.0,340.0,1.0,C ,Sun
05-02-2024,26.0,32.0,27.9,84.0,14.0,2.4,10.0,320.0,1.0,C ,Rain
06-02-2024,26.2,31.0,26.4,86.0,6.8,3.4,9.0,250.0,1.0,C ,Rain
07-02-2024,24.6,33.4,28.9,75.0,14.8,3.5,5.0,260.0,1.0,C ,Rain
08-02-2024,25.4,32.6,29.3,76.0,,5.0,11.0,330.0,2.0,C ,Sun
09-02-2024,26.0,31.0,29.0,79.0,,8.5,6.0,320.0,2.0,NW,Sun
10-02-2024,25.2,32.0,28.6,79.0,102.0,4.2,6.0,310.0,1.0,C ,Rain
11-02-2024,26.6,32.0,28.8,78.0,0.0,5.2,7.0,300.0,2.0,NW,Sun
12-02-2024,26.2,32.6,28.6,81.0,5.8,7.6,10.0,360.0,2.0,C ,Rain
13-02-2024,26.0,31.2,28.6,80.0,3.0,5.0,8.0,320.0,2.0,C ,Drizzle
14-02-2024,24.4,30.0,27.6,85.0,140.9,6.8,3.0,310.0,0.0,C ,Rain
15-02-2024,,31.4,28.5,85.0,3.0,2.1,5.0,300.0,1.0,C ,Drizzle
16-02-2024,26.4,30.0,28.1,85.0,7.5,0.8,8.0,320.0,2.0,C ,Rain
17-02-2024,25.0,31.0,28.3,82.0,18.4,0.2,4.0,300.0,1.0,C ,Rain
18-02-2024,26.0,30.4,28.6,80.0,0.0,3.0,7.0,340.0,2.0,C ,Sun
19-02-2024,26.6,32.4,29.5,78.0,0.0,2.7,9.0,300.0,2.0,C ,Sun
20-02-2024,26.8,33.0,29.8,78.0,,5.2,9.0,340.0,2.0,C ,Sun
21-02-2024,26.0,33.0,29.5,77.0,0.2,7.2,5.0,320.0,1.0,C ,Sun
22-02-2024,27.4,34.0,30.6,74.0,0.0,0.3,7.0,350.0,3.0,C ,Sun
23-02-2024,27.2,34.0,30.3,72.0,3.2,5.8,4.0,330.0,2.0,C ,Drizzle
24-02-2024,27.4,31.6,28.9,80.0,,2.4,9.0,330.0,3.0,C ,Sun
25-02-2024,26.0,32.8,28.4,81.0,5.7,3.8,9.0,340.0,2.0,C ,Rain
26-02-2024,25.6,31.0,28.7,79.0,20.8,1.7,4.0,340.0,0.0,C ,Rain
27-02-2024,26.2,32.2,29.1,78.0,0.0,2.5,6.0,340.0,1.0,C ,Sun
28-02-2024,24.8,30.8,27.6,88.0,38.5,5.2,4.0,350.0,1.0,C ,Rain
29-02-2024,25.0,27.0,26.1,92.0,75.5,0.3,2.0,320.0,0.0,C ,Rain
01-03-2024,25.2,32.4,29.1,77.0,10.0,0.0,5.0,330.0,2.0,C ,Rain
02-03-2024,26.4,30.4,27.7,86.0,,5.2,4.0,310.0,1.0,NW,Sun
03-03-2024,25.8,31.0,27.7,86.0,17.7,0.0,6.0,310.0,2.0,C ,Rain
04-03-2024,25.0,34.0,29.2,74.0,6.8,0.2,4.0,270.0,2.0,C ,Rain
05-03-2024,26.4,35.2,30.2,71.0,1.0,1.0,5.0,260.0,2.0,C ,Drizzle
06-03-2024,27.2,33.8,29.6,75.0,8888.0,2.4,5.0,320.0,2.0,C ,Rain
07-03-2024,26.8,34.6,29.7,74.0,4.0,1.2,5.0,240.0,1.0,C ,Drizzle
08-03-2024,25.0,32.0,29.2,75.0,0.0,4.6,4.0,260.0,1.0,C ,Sun
09-03-2024,26.6,27.2,25.4,94.0,4.2,0.5,5.0,270.0,0.0,C ,Drizzle
10-03-2024,24.2,30.8,27.9,86.0,47.7,0.0,4.0,290.0,1.0,C ,Rain
11-03-2024,25.4,29.8,27.9,86.0,10.4,0.2,6.0,330.0,1.0,C ,Rain
12-03-2024,25.0,31.4,28.8,79.0,16.0,0.0,3.0,310.0,1.0,C ,Rain
13-03-2024,26.4,31.6,28.2,84.0,4.3,3.0,7.0,330.0,2.0,C ,Drizzle
14-03-2024,26.6,29.6,27.2,86.0,24.0,1.2,6.0,320.0,1.0,C ,Rain
15-03-2024,24.6,30.8,27.4,83.0,31.8,0.0,5.0,270.0,1.0,C ,Rain
16-03-2024,24.0,30.0,26.0,91.0,6.5,0.0,2.0,330.0,1.0,C ,Rain
17-03-2024,,29.0,27.0,85.0,19.0,1.0,4.0,230.0,2.0,W ,Rain
18-03-2024,25.6,32.4,29.0,77.0,21.7,2.1,6.0,320.0,2.0,C ,Rain
19-03-2024,26.2,34.8,30.2,65.0,0.3,5.0,6.0,260.0,1.0,C ,Sun
20-03-2024,25.0,35.4,30.4,63.0,,9.9,7.0,240.0,3.0,W ,Sun
21-03-2024,26.0,32.0,29.0,77.0,0.0,9.7,6.0,340.0,2.0,C ,Sun
22-03-2024,25.2,29.6,26.4,91.0,63.3,9.0,0.0,0.0,0.0,C ,Rain
23-03-2024,25.4,33.6,29.8,75.0,3.8,0.0,5.0,340.0,1.0,C ,Drizzle
24-03-2024,26.0,33.4,29.9,77.0,,9.9,3.0,300.0,1.0,C ,Sun
25-03-2024,27.2,32.0,29.2,80.0,,8.0,4.0,340.0,1.0,C ,Sun
26-03-2024,27.4,34.2,30.2,75.0,,5.0,5.0,120.0,1.0,C ,Sun
27-03-2024,27.2,30.8,28.3,82.0,0.4,5.2,3.0,340.0,1.0,C ,Sun
28-03-2024,26.0,32.4,29.3,77.0,,0.0,6.0,320.0,1.0,C ,Sun
29-03-2024,26.8,33.4,29.8,75.0,0.0,5.5,3.0,90.0,0.0,C ,Sun
30-03-2024,27.2,33.6,29.7,77.0,,6.2,3.0,340.0,1.0,C ,Sun
31-03-2024,27.4,33.4,28.9,82.0,,4.5,8.0,340.0,1.0,C ,Sun
01-04-2024,26.0,33.0,29.2,78.0,18.2,4.0,4.0,340.0,1.0,C ,Rain
02-04-2024,27.2,31.8,29.5,77.0,1.2,5.4,4.0,320.0,1.0,C ,Drizzle
03-04-2024,27.4,32.6,28.3,83.0,0.0,2.0,8.0,340.0,2.0,C ,Sun
04-04-2024,26.0,34.4,30.2,75.0,5.6,4.0,8.0,330.0,1.0,C ,Rain
05-04-2024,26.0,32.4,29.6,80.0,,6.2,2.0,80.0,0.0,C ,Sun
06-04-2024,26.6,32.4,29.2,80.0,2.8,1.2,3.0,320.0,1.0,C ,Drizzle
07-04-2024,26.4,34.4,30.1,76.0,,1.0,5.0,330.0,2.0,C ,Sun
08-04-2024,26.0,33.0,30.0,72.0,,4.8,3.0,300.0,2.0,C ,Sun
09-04-2024,27.4,32.2,28.6,81.0,,5.0,3.0,320.0,0.0,C ,Sun
10-04-2024,26.4,33.4,28.7,78.0,8.7,0.8,5.0,330.0,1.0,C ,Rain
11-04-2024,26.4,32.4,29.0,80.0,0.7,5.0,4.0,340.0,2.0,C ,Sun
12-04-2024,25.2,32.4,27.7,86.0,39.0,3.5,5.0,330.0,1.0,C ,Rain
13-04-2024,26.0,32.8,29.5,79.0,1.0,3.7,3.0,120.0,2.0,C ,Drizzle
14-04-2024,26.8,33.4,28.9,80.0,8888.0,7.5,4.0,10.0,1.0,C ,Rain
15-04-2024,,33.6,30.1,75.0,1.0,5.5,3.0,60.0,1.0,C ,Drizzle
16-04-2024,26.4,34.6,30.9,74.0,,4.5,4.0,150.0,1.0,C ,Sun
17-04-2024,26.0,33.4,28.8,81.0,,3.5,8.0,330.0,2.0,C ,Sun
18-04-2024,25.4,33.4,29.6,75.0,27.2,3.6,8.0,320.0,2.0,C ,Rain
19-04-2024,27.2,33.2,29.5,76.0,0.0,3.7,3.0,340.0,1.0,C ,Sun
20-04-2024,27.0,33.6,30.1,76.0,,0.6,3.0,190.0,1.0,C ,Sun
21-04-2024,26.0,33.0,29.6,76.0,,2.3,4.0,320.0,1.0,C ,Sun
22-04-2024,27.4,34.0,30.9,73.0,0.0,2.5,4.0,320.0,1.0,C ,Sun
23-04-2024,28.0,32.8,29.8,77.0,0.0,7.0,6.0,320.0,1.0,C ,Sun
24-04-2024,27.4,34.4,30.0,78.0,,3.5,6.0,350.0,1.0,C ,Sun
25-04-2024,25.6,32.0,29.0,81.0,13.0,1.0,3.0,360.0,1.0,C ,Rain
26-04-2024,26.4,34.4,30.2,77.0,0.4,0.0,5.0,350.0,1.0,C ,Sun
27-04-2024,27.4,34.4,29.5,78.0,0.0,7.0,3.0,150.0,1.0,C ,Sun
28-04-2024,26.2,33.6,30.2,78.0,2.0,5.5,6.0,360.0,1.0,C ,Drizzle
29-04-2024,26.8,35.0,31.3,74.0,,2.7,5.0,360.0,2.0,C ,Sun
30-04-2024,28.0,34.4,31.0,74.0,0.0,6.8,4.0,350.0,1.0,C ,Sun
01-05-2024,28.0,33.0,30.4,76.0,,5.6,4.0,360.0,1.0,C ,Sun
02-05-2024,28.0,,31.3,72.0,,0.6,6.0,70.0,1.0,C ,Sun
03-05-2024,27.0,33.8,30.7,73.0,,2.8,7.0,360.0,2.0,C ,Sun
04-05-2024,28.0,34.0,30.3,70.0,0.0,6.2,6.0,300.0,1.0,C ,Sun
05-05-2024,27.4,34.6,30.8,71.0,0.0,5.0,6.0,360.0,1.0,C ,Sun
06-05-2024,27.0,33.4,30.5,68.0,,5.8,3.0,300.0,0.0,C ,Sun
07-05-2024,28.0,35.0,31.0,68.0,0.0,3.7,2.0,50.0,1.0,C ,Sun
08-05-2024,28.0,34.2,30.5,71.0,,6.5,3.0,310.0,1.0,C ,Sun
09-05-2024,27.0,35.2,30.6,73.0,,4.2,3.0,120.0,1.0,C ,Sun
10-05-2024,27.8,34.6,30.9,73.0,,6.0,3.0,140.0,1.0,C ,Sun
11-05-2024,28.0,36.6,31.1,71.0,,7.0,5.0,360.0,2.0,C ,Sun
12-05-2024,28.0,35.0,31.0,70.0,,5.5,4.0,140.0,2.0,C ,Sun
13-05-2024,28.0,34.8,30.9,72.0,0.0,5.7,4.0,360.0,1.0,C ,Sun
14-05-2024,28.0,32.4,28.5,84.0,0.0,6.0,4.0,360.0,1.0,C ,Sun
15-05-2024,27.0,34.0,30.7,71.0,28.5,0.0,4.0,360.0,1.0,C ,Rain
16-05-2024,,34.2,30.4,73.0,,4.5,5.0,360.0,1.0,C ,Sun
17-05-2024,,34.6,30.4,70.0,,5.5,3.0,70.0,1.0,C ,Sun
18-05-2024,27.4,34.8,30.6,69.0,,4.5,4.0,350.0,1.0,C ,Sun
19-05-2024,27.0,33.2,30.3,70.0,,4.5,4.0,340.0,1.0,C ,Sun
20-05-2024,27.4,34.4,30.6,68.0,,6.5,2.0,110.0,1.0,C ,Sun
21-05-2024,27.4,33.0,30.5,70.0,0.0,3.4,6.0,310.0,1.0,C ,Sun
22-05-2024,28.0,33.8,30.6,72.0,0.0,5.2,5.0,360.0,2.0,C ,Sun
23-05-2024,28.0,32.0,28.9,81.0,,3.2,5.0,360.0,1.0,C ,Sun
24-05-2024,26.0,33.4,29.3,78.0,8888.0,0.0,3.0,360.0,1.0,C ,Rain
25-05-2024,26.6,33.0,27.2,86.0,3.5,4.0,3.0,110.0,1.0,C ,Drizzle
26-05-2024,26.4,33.0,29.5,77.0,2.1,0.0,4.0,350.0,1.0,C ,Drizzle
27-05-2024,26.8,35.6,31.0,70.0,,0.4,4.0,350.0,1.0,C ,Sun
28-05-2024,27.0,34.0,30.7,74.0,,6.0,9.0,360.0,2.0,C ,Sun
29-05-2024,28.0,34.2,30.8,73.0,0.0,6.4,3.0,360.0,1.0,C ,Sun
30-05-2024,28.0,33.4,30.6,74.0,0.0,4.4,2.0,130.0,1.0,C ,Sun
31-05-2024,28.0,34.6,30.8,74.0,,5.2,4.0,340.0,1.0,C ,Sun
01-06-2024,26.6,33.0,29.7,76.0,,2.8,3.0,130.0,1.0,C ,Sun
02-06-2024,,33.6,29.7,78.0,,1.0,3.0,350.0,0.0,C ,Sun
03-06-2024,,33.8,28.8,82.0,1.5,1.5,2.0,320.0,0.0,C ,Drizzle
04-06-2024,27.2,33.4,29.6,78.0,,0.4,3.0,280.0,1.0,C ,Sun
05-06-2024,27.0,33.4,30.0,72.0,,3.0,3.0,320.0,1.0,C ,Sun
06-06-2024,26.6,35.6,30.7,68.0,,6.0,4.0,310.0,1.0,C ,Sun
07-06-2024,27.0,33.2,29.9,73.0,,6.6,8.0,360.0,2.0,C ,Sun
08-06-2024,27.2,33.8,30.5,72.0,,6.0,4.0,80.0,2.0,E ,Sun
09-06-2024,27.6,33.4,29.6,75.0,0.0,6.8,5.0,310.0,1.0,C ,Sun
10-06-2024,27.0,34.0,30.7,73.0,0.0,3.6,6.0,360.0,1.0,C ,Sun
11-06-2024,27.0,33.4,28.4,85.0,,4.2,3.0,310.0,1.0,C ,Sun
12-06-2024,26.0,32.2,28.9,79.0,12.9,3.2,3.0,360.0,0.0,C ,Rain
13-06-2024,26.0,32.6,29.0,78.0,0.0,3.0,3.0,360.0,1.0,C ,Sun
14-06-2024,,33.6,29.7,75.0,8888.0,1.0,7.0,360.0,2.0,C ,Rain
15-06-2024,26.0,33.2,28.9,78.0,,6.8,5.0,340.0,2.0,NW,Sun
16-06-2024,24.2,30.4,28.2,82.0,65.6,3.0,3.0,310.0,1.0,C ,Rain
17-06-2024,25.0,32.4,29.7,75.0,0.0,1.7,5.0,320.0,2.0,C ,Sun
18-06-2024,27.2,32.6,29.3,77.0,0.0,6.7,8.0,360.0,2.0,C ,Sun
19-06-2024,26.0,33.8,29.8,71.0,,0.5,3.0,360.0,1.0,C ,Sun
20-06-2024,25.8,33.6,29.7,66.0,,7.0,5.0,360.0,1.0,C ,Sun
21-06-2024,,34.2,29.8,70.0,,7.0,3.0,320.0,1.0,C ,Sun
22-06-2024,27.0,33.4,29.2,72.0,0.0,6.7,5.0,360.0,1.0,C ,Sun
23-06-2024,,34.4,30.2,62.0,,0.8,3.0,70.0,1.0,C ,Sun
24-06-2024,26.4,33.4,29.9,72.0,,7.0,4.0,70.0,1.0,C ,Sun
25-06-2024,27.2,32.4,27.3,83.0,0.0,3.8,3.0,30.0,1.0,C ,Sun
26-06-2024,25.4,34.4,29.8,75.0,24.0,2.0,4.0,350.0,1.0,C ,Rain
27-06-2024,26.0,33.2,29.7,77.0,,7.0,3.0,20.0,1.0,C ,Sun
28-06-2024,27.4,33.4,29.6,78.0,2.5,5.5,5.0,300.0,1.0,C ,Drizzle
29-06-2024,27.4,33.2,27.3,82.0,,6.5,4.0,320.0,1.0,C ,Sun
30-06-2024,25.4,33.0,29.4,76.0,3.0,0.6,7.0,330.0,2.0,C ,Drizzle
01-07-2024,26.0,32.0,29.0,77.0,,6.0,4.0,310.0,1.0,C ,Sun
02-07-2024,25.6,30.8,28.5,81.0,0.6,2.5,4.0,310.0,0.0,C ,Sun
