Tanggal,Tn,Tx,Tavg,RH_avg,RR,ss,ff_x,ddd_x,ff_avg,ddd_car
01-01-2010,24.6,30.9,27.9,84,6,1.9,9,315,2,NW
02-01-2010,26.3,32.4,28.8,82,8888,6.4,8,315,3,E 
03-01-2010,26.6,33.4,29.3,80,8888,6,8,315,3,NW
04-01-2010,25,30,27.2,84,8888,0,12,315,3,E 
05-01-2010,25,28,25.5,90,39,0,14,315,3,E 
06-01-2010,24.2,28.7,25.4,92,61,0,14,315,3,SE
07-01-2010,24.8,31.6,27,86,49,2.4,19,315,4,E 
08-01-2010,24.4,27.9,26.5,88,9,0,19,315,5,NW
09-01-2010,22.8,27.8,25.2,94,24,0,18,270,4,E 
10-01-2010,22.7,27,24.7,91,100,0,9,225,2,NE
11-01-2010,23.8,27.2,25.2,95,48,0,12,315,3,W 
12-01-2010,25.2,29.8,27.4,84,44,0,18,315,6,NW
13-01-2010,24,29.8,26.6,90,50,0,21,315,6,NW
14-01-2010,24,27.6,25.2,94,43,0,16,315,6,W 
15-01-2010,24.4,30.7,28.2,80,110,4.2,13,315,6,NW
16-01-2010,24.6,30.6,27.7,88,2,1.9,14,315,4,NW
17-01-2010,23.2,26.1,24.9,96,16,0,14,270,3,SE
18-01-2010,23.2,30.2,26.3,88,58,1.9,12,270,3,E 
19-01-2010,23.2,26.8,25.1,94,25,0,12,360,2,E 
20-01-2010,24,27.3,25.1,94,45,0,16,315,3,E 
21-01-2010,24,29.8,26,91,42,1.9,22,315,3,E 
22-01-2010,24.6,32,27.6,84,14,8,8,360,2,E 
23-01-2010,25.1,31.8,27.1,86,9,3.9,9,315,4,NW
24-01-2010,25.8,30.4,28.5,83,1,5.7,8,315,3,NW
25-01-2010,24.8,31.9,28,82,8888,3.1,14,315,2,E 
26-01-2010,24.9,30.2,26.5,88,17,3.7,11,315,3,E 
27-01-2010,24.4,31.4,26.8,86,2,2.3,10,315,2,E 
28-01-2010,24.4,29.4,26.2,89,17,0.4,14,315,2,E 
29-01-2010,25,31.6,26.5,88,7,3,11,315,2,NW
30-01-2010,24.7,30.9,26.3,90,9,2.7,12,360,3,NW
31-01-2010,24.2,28.3,25.9,94,26,0,10,360,3,NE
01-02-2010,24.1,31.2,26.3,89,42,1.8,11,315,3,E 
02-02-2010,24.2,28.4,25.4,92,18,0,11,360,2,E 
03-02-2010,24.7,30,26.8,87,9,0.3,8,315,2,E 
04-02-2010,24.6,32.6,28.2,83,4,4.9,8,270,2,SE
05-02-2010,25.1,33,28.8,81,8888,8,13,315,3,E 
06-02-2010,23.9,29.4,26.8,86,10,0,11,315,2,E 
07-02-2010,23.9,30.4,26.7,88,42,3.4,8,360,3,SE
08-02-2010,25,32,27.8,80,1,7.8,8,270,2,W 
09-02-2010,25.5,32.1,27.4,81,8888,4.9,9,225,2,SE
10-02-2010,25.5,32.8,28.3,82,8888,5.8,8,225,2,E 
11-02-2010,25.2,31.6,28,84,8888,2.9,15,90,3,W 
12-02-2010,25,30.6,27.6,86,19,2.4,7,315,2,E 
13-02-2010,25.4,32.3,28.5,79,1,7.2,7,270,2,SE
14-02-2010,25.5,32.9,28.5,80,8888,6.8,10,270,3,SE
15-02-2010,25.2,32.4,28.3,82,2,7.3,11,360,2,E 
16-02-2010,25.2,31.2,27.5,86,19,2.6,11,315,2,SE
17-02-2010,25.4,33.3,29,80,5,7,7,315,2,E 
18-02-2010,25.6,32.6,28.7,80,10,6.5,7,270,2,E 
19-02-2010,24.3,32.1,27.8,84,8888,1.6,12,315,3,E 
20-02-2010,24.3,30.1,26.7,90,180,0,11,270,2,E 
21-02-2010,25,30.1,27.3,89,1,4.1,11,270,3,NW
22-02-2010,24.2,31.7,27.9,78,1,4.3,10,270,2,E 
23-02-2010,24.4,30.7,27,90,45,0,8,270,2,E 
24-02-2010,24.9,32,28,82,8888,7.7,6,315,2,W 
25-02-2010,25,32.7,28.3,84,8888,5.3,15,315,4,W 
26-02-2010,25.2,32.5,28.4,86,19,4.3,9,270,3,E 
27-02-2010,26.5,33.1,29.1,82,1,8,6,360,3,NW
28-02-2010,27,33.7,29.6,82,8888,5.1,7,315,3,NW
01-03-2010,26.4,33,29.2,81,8888,6.6,9,315,3,NW
02-03-2010,26.4,33.5,29.5,78,8888,8,7,315,3,NW
03-03-2010,25.2,33.2,29.3,78,8888,6.6,8,315,3,NW
04-03-2010,25.2,33.2,28.4,84,25,4.2,10,360,2,SE
05-03-2010,24.6,33,28.1,81,8888,6.2,12,360,3,N 
06-03-2010,24.6,33,27.9,84,50,5.8,8,270,2,SE
07-03-2010,26,33,29.1,77,8888,7.3,6,270,2,E 
08-03-2010,25.3,31.8,27.7,82,8888,2.1,10,315,2,SE
09-03-2010,25.5,32.6,28,79,10,7,8,270,2,E 
10-03-2010,25.6,33.2,28,81,8888,6.3,8,270,3,SE
11-03-2010,24.5,31.7,27.3,85,8888,3.9,9,90,3,E 
12-03-2010,24.2,31.6,27.7,83,35,0.5,6,270,2,E 
13-03-2010,25.2,32.4,28.4,80,8888,8,8,225,2,E 
14-03-2010,25.8,32.7,28.7,80,8888,8,7,270,2,SE
15-03-2010,25.8,32.8,28.8,77,8888,7.3,7,270,2,SE
16-03-2010,25.6,32.5,28.6,77,8888,7.9,7,270,2,SE
17-03-2010,25,32.8,28.7,76,8888,7.6,9,270,2,SE
18-03-2010,25,32.9,28.5,76,8888,8,8,270,3,W 
19-03-2010,25.7,32.8,28.8,79,8888,7.6,7,270,2,E 
20-03-2010,25.7,31.6,28.3,78,8888,4.3,6,270,2,E 
21-03-2010,26,32.5,28.7,78,8888,1.1,5,270,2,SE
22-03-2010,26,32.9,28.9,77,8888,6.1,6,270,2,SE
23-03-2010,25.2,32.5,28.1,80,8888,6.7,8,270,2,SE
24-03-2010,25,33.3,28.8,78,8888,7,7,270,2,E 
25-03-2010,26.8,32.6,29.3,80,1,6.4,11,360,2,NW
26-03-2010,25,33.2,28.7,82,1,2.7,6,225,2,SE
27-03-2010,25.2,32.7,27.7,80,8888,5.8,13,315,4,E 
28-03-2010,24.9,28.1,26.6,94,58,0,8,315,2,E 
29-03-2010,24.7,29.8,27.2,90,55,0,9,360,2,SE
30-03-2010,24,29.6,26.4,89,8888,0,10,90,2,E 
31-03-2010,24.2,26.5,25.4,94,44,0,11,315,3,E 
01-04-2010,25.4,31.1,27.7,81,42,5.1,11,360,2,NW
02-04-2010,25.6,32.8,28.4,84,19,5.6,6,315,2,NW
03-04-2010,25.2,32.5,29,82,8888,4.7,9,270,2,E 
04-04-2010,25.8,30.8,27.8,88,14,2.6,8,360,2,NW
05-04-2010,25,33.4,28.4,83,8888,7.1,14,315,2,E 
06-04-2010,25.2,32.3,28.1,82,8888,4.9,6,360,2,N 
07-04-2010,26,33.3,29,79,7,7.8,10,225,2,SE
08-04-2010,25.6,33.4,27.9,84,8888,5,14,315,2,E 
09-04-2010,24.6,29.8,26.6,88,10,0,13,270,2,SE
10-04-2010,24.6,33.3,27.8,84,12,5.9,14,315,2,E 
11-04-2010,25,33,28.4,78,8888,8,7,315,3,NW
12-04-2010,26.1,30.5,27.8,84,8888,1,9,315,3,SE
13-04-2010,26,34.6,29,79,6,8,10,45,2,E 
14-04-2010,25.4,32.9,29,83,6,2.7,14,360,2,NW
15-04-2010,25,33,28.8,83,9,5.1,7,315,2,NW
16-04-2010,26.8,33.4,29.4,82,8888,7.4,8,315,3,NW
17-04-2010,25.4,33.2,27.2,85,8888,3.7,14,315,3,E 
18-04-2010,25.4,32.8,28.4,83,14,0,11,45,3,NW
19-04-2010,24.8,31.2,27.2,88,38,1.4,14,270,3,E 
20-04-2010,24.8,31.2,26.7,90,21,0.3,8,225,2,E 
21-04-2010,26,33.1,28.8,84,3,0,9,315,3,NW
22-04-2010,26,33.4,29.2,78,8888,7.5,6,270,2,SE
23-04-2010,26.7,33.4,30,76,8888,7.3,6,225,2,SE
24-04-2010,25.6,34,29.6,81,8888,6,7,315,2,E 
25-04-2010,25,33.3,28.3,84,3,7.4,7,270,2,SE
26-04-2010,26,33,28.8,81,8888,6.1,6,270,2,SE
27-04-2010,26.6,33.7,29.6,76,8888,7.9,8,45,3,E 
28-04-2010,24.2,32.8,29.2,82,8888,8,10,315,4,E 
29-04-2010,24.9,32.2,28.3,82,26,4.9,6,315,2,NW
30-04-2010,26.2,33.5,29.4,79,8888,7.3,6,315,2,SE
01-05-2010,26.2,33.7,29.3,78,8888,6.2,8,270,2,E 
02-05-2010,26.9,32.3,29.2,81,8888,3.1,7,270,2,SE
03-05-2010,25.6,31.7,28.7,84,5,1.5,6,270,2,SE
04-05-2010,25.5,33,28.8,84,1,7.1,7,270,2,E 
05-05-2010,26,34.4,28.4,84,8888,6.1,8,315,2,SE
06-05-2010,26,29,27,89,18,0,4,90,1,SE
07-05-2010,26,33.4,28.4,85,1,5.5,9,360,2,E 
08-05-2010,26.2,33.3,29,83,1,8,8,270,2,E 
09-05-2010,26.6,33.2,28.6,81,8888,3.9,7,90,2,SE
10-05-2010,26,34,28.8,80,8888,5,8,90,2,SE
11-05-2010,25.2,34,27.8,85,8888,3.4,8,270,2,SE
12-05-2010,25.3,33.2,28.5,82,4,6.8,6,270,2,SE
13-05-2010,26,33.3,28.7,82,8888,0,10,315,3,SE
14-05-2010,25,28.3,26.5,97,30,0,6,45,2,SE
15-05-2010,25,33.2,28.7,80,31,6.3,7,270,2,W 
16-05-2010,25.4,32,28.6,86,3,0.8,8,270,2,SE
17-05-2010,25.4,33.5,28.3,80,8888,5.7,6,270,2,E 
18-05-2010,25.8,34.5,29.2,81,8888,6.1,6,270,2,SE
19-05-2010,26.2,33.5,29,79,1,6.2,7,180,2,SE
20-05-2010,26.2,34,28.8,82,1,6.9,6,135,2,SE
21-05-2010,26.2,33.3,28.3,84,4,4.2,11,360,3,E 
22-05-2010,25.2,29,27,89,7,0,8,270,2,E 
23-05-2010,25.2,33.1,28.6,82,13,7.6,8,315,2,E 
24-05-2010,25.8,33.5,28.6,82,8888,6.1,6,270,2,E 
25-05-2010,26.5,32.6,29,82,7,3.2,6,270,2,SE
26-05-2010,26.4,34.2,29.5,82,8888,5.6,11,360,2,E 
27-05-2010,25.8,33.6,29.1,81,8888,8,8,90,2,NW
28-05-2010,25.8,32.2,28.3,85,14,4.1,5,90,2,NW
29-05-2010,25.8,32.2,28.5,84,8888,4.6,6,360,2,SE
30-05-2010,25.3,34,29.2,80,3,5.8,6,315,2,SE
31-05-2010,25.2,33.5,28.2,81,8888,5.1,7,90,2,SE
01-06-2010,25.4,32,28.3,82,9,2.8,6,270,2,SE
02-06-2010,26.7,32,28.8,85,1,3.2,6,360,1,N 
03-06-2010,25.7,33.6,29.4,81,8888,6.6,9,45,3,SE
04-06-2010,25.7,34.3,29.1,76,1,7.4,7,225,2,E 
05-06-2010,24.3,33.5,29,76,8888,7.8,8,270,2,SE
06-06-2010,26,33.3,29,79,8888,5.1,6,315,2,SE
07-06-2010,25.6,33.6,29.7,76,8888,6.6,7,270,2,W 
08-06-2010,25.2,31.9,27.6,84,5,2.8,8,270,2,SE
09-06-2010,24.4,32.8,28.2,81,16,5.7,9,135,3,E 
10-06-2010,24.5,30.6,27,85,10,0.2,4,270,1,E 
11-06-2010,25.7,32.6,28.3,85,2,2.8,8,360,2,E 
12-06-2010,25.8,32.2,27.8,84,3,7,7,90,2,W 
13-06-2010,25,32.5,29.3,79,1,1.8,6,225,1,E 
14-06-2010,25.4,32.2,27.8,85,8888,4.5,16,225,1,E 
15-06-2010,25,31.7,27.1,89,13,1.9,5,270,1,SE
16-06-2010,24.9,30.2,26.8,88,2,0.1,5,45,1,SE
17-06-2010,25.4,32.1,28.4,79,1,3.3,6,270,2,SE
18-06-2010,25.4,31.3,28,81,8888,4,6,270,2,SE
19-06-2010,25,31.9,28.4,79,8888,5.6,8,135,2,SE
20-06-2010,24,33.1,28.8,70,8888,7,8,45,2,SE
21-06-2010,24,33.2,27.9,74,8888,6.7,7,45,2,E 
22-06-2010,25.2,32.8,28.4,75,8888,5.6,10,45,2,W 
23-06-2010,24,31.5,27.3,86,1,3.9,11,360,3,SE
24-06-2010,24,30.3,26.6,89,18,1.9,6,45,2,SE
25-06-2010,24.2,32.2,26.5,85,8,8,8,225,2,S 
26-06-2010,24.6,32.6,28.1,90,23,3.8,8,360,2,SE
27-06-2010,24.8,31.6,26.8,82,10,6.3,8,225,2,SE
28-06-2010,25,31.8,27.7,78,8888,5.5,7,270,2,SE
29-06-2010,25,32.2,28,72,8888,3.1,6,270,2,SE
30-06-2010,25.6,31.2,27.8,78,8888,1,4,360,1,SE
01-07-2010,25.6,32.1,28.4,80,8888,7.9,6,270,2,SE
02-07-2010,25.6,32.8,28.7,79,8888,8,8,225,2,W 
03-07-2010,25,32.5,29,78,8888,7.2,7,270,2,E 
04-07-2010,25,31.7,27.4,81,2,0,8,135,2,N 
05-07-2010,24.4,30.6,27.1,86,8888,2.6,8,315,2,E 
06-07-2010,24.4,31.2,27.3,85,12,8,6,315,2,NW
07-07-2010,24.6,32.3,27.8,83,8888,7.4,6,270,2,SE
08-07-2010,24.6,32.5,27.9,80,8888,6.7,7,270,2,SE
09-07-2010,24.6,31.8,28.3,74,8888,3,9,225,2,E 
10-07-2010,24.6,31.5,28.1,77,2,6.8,7,270,2,SE
11-07-2010,25,32.4,27.4,82,8888,5,6,270,2,SE
12-07-2010,25.3,32.1,28.3,82,1,7,8,225,2,NE
13-07-2010,23.8,32.5,28.9,74,1,7.9,8,270,3,E 
14-07-2010,23.6,29.5,26,86,22,0.1,7,270,1,W 
15-07-2010,25.1,32.2,28,78,6,7.9,7,90,2,W 
16-07-2010,25.6,32.4,28.5,79,8888,5.6,7,225,2,W 
17-07-2010,25.8,32.3,27.9,83,2,4.6,6,270,2,SE
18-07-2010,26,33.1,28.7,77,1,7.8,7,315,2,W 
19-07-2010,25.2,33.1,28.9,76,8888,6.3,9,135,2,SE
20-07-2010,24.6,31.8,28,81,8888,6.5,8,270,2,W 
21-07-2010,24,31.4,27.6,76,8888,6.2,6,270,2,SE
22-07-2010,24,32,27.3,70,8888,4.1,8,180,2,SE
23-07-2010,25.1,29.9,27.1,79,8888,0.9,4,45,1,SE
24-07-2010,25,32,28.1,78,8888,6.5,7,180,2,W 
25-07-2010,24.6,30.4,27.2,86,7,1.3,9,360,2,E 
26-07-2010,23.2,30.1,26.5,91,7,2,7,315,2,E 
27-07-2010,23.2,31.4,26.5,86,35,6.5,6,90,2,SE
28-07-2010,25,31.8,27.9,82,1,8,7,270,2,SE
29-07-2010,24,31.7,27.6,82,8888,3.5,7,270,2,W 
30-07-2010,25.4,32.7,28.4,83,8888,5.5,8,360,2,SE
31-07-2010,25.8,32.4,28,78,1,6,8,270,2,S 
01-08-2010,25.8,33.2,28.4,77,8888,7,8,270,2,SE
02-08-2010,25.2,30.5,27.7,84,8888,0.4,6,90,2,E 
03-08-2010,25.3,32,27.5,81,8888,3.3,8,270,2,SE
04-08-2010,24,30,25.9,89,8888,0.5,8,225,2,SE
05-08-2010,24,32,27.3,82,6,6.5,6,270,2,SE
06-08-2010,24.8,32.4,27.9,78,8888,7.5,7,90,2,SE
07-08-2010,25.7,32.4,28.2,77,8888,2.8,8,45,2,SE
08-08-2010,26,32.5,28.6,75,8888,3.7,8,45,2,W 
09-08-2010,26,32.2,28.5,76,8888,1.9,5,270,2,W 
10-08-2010,25.8,31.8,28.4,78,8888,0.8,6,270,2,SE
11-08-2010,24.9,33,28.3,78,8888,5.2,8,90,2,SE
12-08-2010,24.9,33,28.2,79,8888,6.5,8,270,2,SE
13-08-2010,25.6,33.2,28.7,80,8888,8,7,270,2,W 
14-08-2010,25.2,32.6,30.1,73,8888,7.8,8,270,2,SE
15-08-2010,24.1,32.7,28.3,72,8888,8,7,225,2,SE
16-08-2010,24.1,32.3,27.7,72,8888,8,8,270,2,W 
17-08-2010,25.2,32.6,28.4,76,8888,8,8,270,2,SE
18-08-2010,26.4,31,28.2,79,8888,1.7,8,135,2,E 
19-08-2010,25.6,29.4,27.2,86,8,0.3,6,270,2,SE
20-08-2010,25,31.8,28.1,81,8888,8,8,270,2,W 
21-08-2010,25.6,31.8,27.9,81,8888,6.5,8,315,3,NW
22-08-2010,23.7,31.5,27.5,85,10,5.4,15,360,3,NW
23-08-2010,23.4,31.1,26.8,86,28,5.4,8,270,2,SE
24-08-2010,24,32,26.7,80,1,6.2,7,270,2,E 
25-08-2010,25.2,32.2,28.4,78,4,3.5,9,90,3,SE
26-08-2010,24.4,32.5,27.6,80,8888,5.5,9,225,2,SE
27-08-2010,24.3,33,28.1,72,8888,7.4,9,225,2,E 
28-08-2010,25.2,32.5,28.7,73,8888,8,9,270,3,E 
29-08-2010,25,33,28.8,77,8888,7.4,8,270,2,W 
30-08-2010,25,32.9,28.6,71,8888,8,9,225,2,SE
31-08-2010,24.6,32.7,28.8,73,8888,8,8,270,2,W 
01-09-2010,24.8,32.4,29,70,8888,8,6,270,2,W 
02-09-2010,24.8,32.8,28.5,68,8888,7.8,8,225,3,SE
03-09-2010,24.9,32.7,27.5,82,5,0,8,225,2,SE
04-09-2010,26,32.4,28.3,78,8888,7.2,8,360,4,N 
05-09-2010,25.6,31.6,28.1,82,8888,2.4,7,135,2,N 
06-09-2010,24.6,31.5,27.6,86,8,5.3,8,315,2,E 
07-09-2010,24.6,31.8,26.8,86,35,6.2,9,135,2,E 
08-09-2010,24.1,30.9,26,89,44,3.2,8,315,2,E 
09-09-2010,24.5,30.6,26.9,84,8,4.1,5,315,2,SE
10-09-2010,24.6,32.1,27.4,79,4,3.8,7,360,2,E 
11-09-2010,24.8,31.4,27.2,83,1,3.5,8,90,2,E 
12-09-2010,24.8,31.2,27.3,81,3,5.3,8,225,2,SE
13-09-2010,24,31.9,27.9,78,2,8,7,270,2,SE
14-09-2010,25.2,32.6,28.7,73,8888,6.1,7,225,2,SE
15-09-2010,25.1,33,28.7,76,8888,7.7,8,90,2,W 
16-09-2010,25.3,32.2,27.5,83,39,5.4,8,90,2,E 
17-09-2010,24.4,32.8,28,80,3,7.7,8,270,2,SE
18-09-2010,24.4,33,28.3,79,12,6.3,7,270,2,SE
19-09-2010,24.5,33,28.1,78,2,5.4,8,45,3,E 
20-09-2010,25.2,32.3,28.2,80,2,3.8,8,90,2,SE
21-09-2010,25.4,33.1,28.7,79,2,6.7,6,225,2,SE
22-09-2010,25.8,33,27.7,82,8888,4,8,90,2,E 
23-09-2010,25.8,33.1,28.7,82,12,8,7,225,2,SE
24-09-2010,25.8,33.3,29.3,81,8888,3.7,10,270,2,SE
25-09-2010,25,32,28,80,1,5.3,9,270,2,SE
26-09-2010,25,33.2,28.7,80,45,6.2,9,270,2,SE
27-09-2010,25.5,32.6,28.2,79,8888,8,10,360,3,W 
28-09-2010,25,31.3,27.9,80,2,3.1,10,270,2,W 
29-09-2010,24,32.5,28.3,81,1,7.3,7,135,2,SE
30-09-2010,25.4,33.4,29,78,8888,7.4,7,360,2,SE
01-10-2010,25.6,33.2,28.1,79,8888,5.4,10,360,2,SE
02-10-2010,25.6,33.2,29.1,79,18,8,8,270,2,E 
03-10-2010,27,34,29.5,74,8888,6.4,8,45,2,NE
04-10-2010,25.6,34,28.7,78,8888,5.8,11,45,2,SE
05-10-2010,25.7,33.3,29.1,78,23,5.3,7,270,2,SE
06-10-2010,25.4,31.8,27.7,84,8,2.7,11,360,2,NW
07-10-2010,23.8,31.1,26.6,88,18,1.3,10,135,2,SE
08-10-2010,24.2,30.2,26.7,87,42,0.4,8,180,2,E 
09-10-2010,24,27.5,25.5,90,20,0,8,360,2,SE
10-10-2010,24,32,27.5,82,6,7.9,8,225,2,NW
11-10-2010,25.2,32,28.2,82,2,6,11,270,3,E 
12-10-2010,25.3,32.7,28.7,79,4,5.4,6,225,2,E 
13-10-2010,25.2,33.2,29,76,8888,6.9,6,270,2,SE
14-10-2010,25.2,33.2,29.1,70,8888,8,6,225,2,W 
15-10-2010,25.6,33.3,29,75,8888,8,6,225,2,NW
16-10-2010,25.8,33.8,29.7,76,8888,8,8,270,2,SE
17-10-2010,25.9,33.8,29.5,72,8888,7.2,6,270,2,SE
18-10-2010,26.1,33.4,29.1,76,8888,4.6,9,225,2,E 
19-10-2010,25.7,33.2,28.8,79,3,5.5,8,225,2,E 
20-10-2010,25.4,33.8,28.1,81,8888,5.6,9,45,3,E 
21-10-2010,24.6,33.5,27.7,79,4,4.9,8,270,2,SE
22-10-2010,24.1,33.6,28.4,76,2,5.5,9,90,3,E 
23-10-2010,24.4,32.7,27.6,80,13,5.6,14,45,2,E 
24-10-2010,24.2,33.2,28,80,18,5.5,8,225,2,E 
25-10-2010,25.4,32.2,28.5,81,4,3.9,8,90,2,E 
26-10-2010,25,32,27.3,87,6,5.1,8,225,3,W 
27-10-2010,24,31.6,27.1,88,12,5.4,7,270,2,E 
28-10-2010,24,32.3,27.4,84,6,5.8,9,90,2,E 
29-10-2010,24,32.5,27.1,84,3,8,8,270,2,E 
30-10-2010,23.9,32,27.1,82,11,5.6,8,135,2,E 
31-10-2010,25,32.3,27.8,83,8888,6,8,225,2,E 
01-11-2010,25,32.3,28.1,84,8888,5.5,6,90,2,E 
02-11-2010,24.8,33.2,27.5,84,8888,6.4,10,90,2,E 
03-11-2010,24.8,32.9,28.7,85,3,5.6,10,315,3,E 
04-11-2010,24.7,32.1,27.9,85,17,5,8,225,2,E 
05-11-2010,24,32.9,28,84,8888,3.9,15,270,3,W 
06-11-2010,24.7,30.4,26.9,87,42,1.4,6,360,2,N 
07-11-2010,25.4,32.9,29,80,8888,7.8,7,315,2,SE
08-11-2010,24.6,32.9,28.1,87,8888,5.7,9,90,2,E 
09-11-2010,24.4,32,27.6,84,46,4.5,8,90,2,SE
10-11-2010,24.8,32.8,27.7,85,1,6.9,7,315,2,SE
11-11-2010,24.7,32.2,28.1,83,7,7.3,8,315,2,SE
12-11-2010,25.2,32.9,29.2,78,8888,7.5,9,225,3,SE
13-11-2010,25.4,33,28.6,82,8888,8,6,315,2,E 
14-11-2010,25.3,33.5,28.7,83,8888,4.4,8,270,2,E 
15-11-2010,24.8,32.5,28,86,1,7.3,8,270,2,SE
16-11-2010,24.9,33,28.4,82,8888,5.9,7,225,2,E 
17-11-2010,24.8,33.1,28.5,83,8888,7.5,14,90,2,SE
18-11-2010,24.8,32.6,28.3,86,60,4.1,7,270,2,SE
19-11-2010,24.6,31.6,27.4,88,8888,2.4,8,360,3,SE
20-11-2010,24.7,32.6,27.5,83,12,4.7,10,90,2,SE
21-11-2010,24.3,32.7,27.7,85,26,5.9,7,90,2,E 
22-11-2010,24.6,32.2,27.5,89,8888,4.7,8,270,2,SE
23-11-2010,24,33,28,85,7,7.8,6,225,2,SE
24-11-2010,26,33.6,28.9,87,8888,7.7,8,315,2,E 
25-11-2010,25.6,33.6,28.8,86,8888,5.4,9,270,3,E 
26-11-2010,24.8,31.4,27.9,83,3,3.6,7,270,2,E 
27-11-2010,24.6,32.7,28.6,85,3,7,7,315,3,NW
28-11-2010,25.4,31.6,28.6,85,10,5.3,9,315,2,NW
29-11-2010,25,33.1,28.8,82,8888,7.8,6,270,2,E 
30-11-2010,26,33.4,29.5,82,8888,7.9,10,270,2,E 
01-12-2010,25,33,27,90,34,1.4,11,270,2,E 
02-12-2010,25.1,31,26.8,94,14,1,8,315,2,NW
03-12-2010,24.8,32.8,28.5,86,4,8,14,315,3,W 
04-12-2010,24,33,26.7,91,41,0.1,11,90,3,E 
05-12-2010,25.4,32,27.9,87,2,6,11,360,3,N 
06-12-2010,24.6,32.2,28.5,88,2,5.1,16,360,4,E 
07-12-2010,24.6,31,27.1,91,53,5.1,11,315,3,N 
08-12-2010,24.6,30.4,26.9,91,38,1.8,9,315,3,E 
09-12-2010,23.6,26.8,25.1,95,30,0,8,135,2,E 
10-12-2010,23.8,31,27,90,8,2.5,9,315,3,NW
11-12-2010,22.6,27,24.4,94,53,0,12,315,3,E 
12-12-2010,23.2,30.8,26.5,87,58,0.2,6,90,1,SE
13-12-2010,24.8,33.2,28.1,84,8888,4.8,8,225,2,E 
14-12-2010,25.3,33.4,28.5,84,8888,6.1,9,45,3,N 
15-12-2010,25.8,31.6,28.9,83,8888,1.4,4,90,1,E 
16-12-2010,23.9,31.8,28.6,85,8888,4.5,14,270,3,E 
17-12-2010,23.9,28.7,26.1,92,11,0.4,14,315,2,E 
18-12-2010,23.9,31.2,27.4,85,51,5,8,270,2,E 
19-12-2010,24,31.6,27.3,88,5,4.2,14,315,3,E 
20-12-2010,24,27.8,25.4,94,24,0,8,270,2,E 
21-12-2010,23.8,31,26.2,92,6,3.1,9,180,2,E 
22-12-2010,24,28.9,25.7,92,16,1.6,8,360,3,E 
23-12-2010,24.2,28.2,26.1,89,8888,0.1,10,315,2,E 
24-12-2010,24,30.1,25.5,91,8888,1.1,11,90,2,E 
25-12-2010,23.2,27,25.4,92,43,0,12,315,3,E 
26-12-2010,23.4,28,25.7,92,59,0,14,315,4,NW
27-12-2010,22.6,28,24.6,96,24,0,14,90,3,E 
28-12-2010,23,25.8,23.8,96,95,0,11,135,2,E 
29-12-2010,23.2,31.4,25.7,92,49,5.8,14,270,2,E 
30-12-2010,20.6,30.2,26.5,89,19,5,13,315,3,E 
31-12-2010,24.6,30.4,27.3,87,21,0,6,225,2,E 
01-01-2011,24,32.4,27,86,8888,2.2,21,315,3,SE
02-01-2011,24.2,32,27.6,88,5,7,6,225,2,SE
03-01-2011,25.1,32.1,28.1,88,1,6.9,6,270,2,SE
04-01-2011,25,31.8,27.2,86,8888,4.5,15,315,3,E 
05-01-2011,23.2,30.2,26.1,92,25,3.3,11,315,3,E 
06-01-2011,24.2,32.4,28,82,5,8,6,315,2,E 
07-01-2011,24.8,32.1,28.5,86,8888,5.6,12,270,3,W 
08-01-2011,24.2,31.2,27.5,90,10,4.5,9,270,3,N 
09-01-2011,24.8,31.2,27.6,88,24,2.3,6,270,2,E 
10-01-2011,24.6,32.5,28.3,88,2,4.5,12,270,3,W 
11-01-2011,24.6,30,27,90,14,1.7,16,315,3,SW
12-01-2011,23.6,27.4,25.2,94,41,0,21,315,3,E 
13-01-2011,23,28.5,25.4,92,58,0.3,14,270,2,E 
14-01-2011,23.6,29,24.6,95,25,0.4,14,180,2,E 
15-01-2011,22.8,26.6,25.2,95,16,0,14,315,3,E 
16-01-2011,22.7,26,24.9,92,55,0,18,315,3,NW
17-01-2011,22.7,31.8,26.2,90,72,2.1,10,270,2,SE
18-01-2011,22.8,31.5,27.5,84,1,7,12,315,2,NW
19-01-2011,23.6,28.2,24.9,94,18,0,13,225,2,E 
20-01-2011,23.2,29.6,26,92,20,1.3,10,315,2,E 
21-01-2011,24.2,30.5,26.5,91,3,2.5,8,315,2,E 
22-01-2011,24.3,32.2,27.4,87,2,4.1,6,225,2,E 
23-01-2011,23.8,32,27,90,3,5.4,11,315,2,E 
24-01-2011,23.7,30,26.2,92,81,1.8,16,315,3,NW
25-01-2011,23.2,31,26.9,87,35,6,6,360,2,E 
26-01-2011,23.8,33.8,27.9,88,8888,5.9,8,315,2,NW
27-01-2011,24.4,30.6,27,89,32,6.6,8,315,2,SE
28-01-2011,21.2,32.2,28.4,86,8888,8,7,315,2,SE
29-01-2011,24.8,33.1,28.3,84,8888,5,8,270,2,W 
30-01-2011,24.6,30.6,26.7,92,6,3.9,13,270,3,NW
31-01-2011,23.7,29.3,26.1,92,8,0.9,6,180,3,E 
01-02-2011,24.6,29.8,26.1,92,52,2.9,12,315,4,NW
02-02-2011,24.6,30.4,27.1,90,12,3.7,12,360,3,NW
03-02-2011,24.4,31.6,27.4,90,17,3.4,13,315,3,E 
04-02-2011,23.4,30,26.7,90,21,2.1,14,315,3,E 
05-02-2011,23.2,27,24.6,96,113,0,19,315,5,NW
06-02-2011,23.4,28.8,25.4,94,122,2.4,12,315,3,E 
07-02-2011,23.7,31.6,27.3,88,10,3.7,5,45,2,SE
08-02-2011,24.4,30.2,27,86,8888,0.6,9,90,2,N 
09-02-2011,24.3,32.2,27.7,84,3,7.1,6,360,2,SE
10-02-2011,23.8,33.2,28.2,74,8888,6.7,6,270,2,SE
11-02-2011,23.8,32.7,27.5,83,8888,6.9,8,270,2,SW
12-02-2011,24.2,30.8,27.4,86,8888,1,11,360,2,E 
13-02-2011,24.2,31.4,27.7,86,7,4.1,16,270,3,E 
14-02-2011,25.1,32.6,28,84,5,7.6,5,270,2,NW
15-02-2011,25.6,32.6,28.1,82,8888,6.6,11,270,2,SE
16-02-2011,23.8,32.2,26.1,92,6,4.5,10,315,2,E 
17-02-2011,24,28.8,26.2,89,17,1.1,14,315,3,E 
18-02-2011,24,31,27,86,4,7,12,315,3,E 
19-02-2011,25,33.2,28.2,85,8888,7.4,6,315,1,SE
20-02-2011,23.4,32.5,28.4,83,8888,6.1,13,360,3,NW
21-02-2011,23.7,30,26.5,85,47,3,14,315,2,E 
22-02-2011,24.4,29.7,27.5,84,8,0.2,6,45,2,NE
23-02-2011,24.5,32,27.7,77,6,7.9,4,315,2,NW
24-02-2011,25.4,31.6,27.6,85,8888,3,18,315,2,E 
25-02-2011,24.2,28.4,25.8,90,4,0,23,315,3,E 
26-02-2011,24.4,30.2,25.3,93,20,0.9,18,315,3,E 
27-02-2011,24.2,32.2,27.6,88,21,4.2,13,315,4,NW
28-02-2011,23.8,28.5,25.8,93,34,1.2,14,315,3,NW
01-03-2011,23.8,27.8,24.6,96,44,0,14,315,7,NW
02-03-2011,24.2,27.8,26.6,86,93,0,20,270,2,E 
03-03-2011,24.2,31.4,27.3,90,12,3.1,16,315,2,NW
04-03-2011,24.6,32.4,28.3,88,8888,4,7,315,2,E 
05-03-2011,24.8,32.1,27.6,86,8888,5.5,8,270,3,E 
06-03-2011,23.8,31.8,28,88,8888,4.5,8,315,2,NW
07-03-2011,24.3,32.2,26.4,89,12,4.2,6,315,2,SE
08-03-2011,23.8,30.7,26,88,6,2.4,21,315,4,E 
09-03-2011,23.8,32.1,27.3,86,4,8,18,315,2,NW
10-03-2011,24.4,31.8,27.6,87,8888,6.2,6,270,3,E 
11-03-2011,25,31.4,27.2,91,2,3.6,10,315,3,E 
12-03-2011,25,31.6,26.3,90,8,4.1,10,360,2,E 
13-03-2011,23.7,31.2,26.8,92,16,3.4,10,270,3,E 
14-03-2011,23.8,30.6,25.6,93,55,3.9,14,315,3,E 
15-03-2011,24.2,31.1,27.3,88,13,3,12,315,2,SE
16-03-2011,24.4,30.7,26.2,89,4,3.8,9,270,2,SE
17-03-2011,24.4,32.6,27.7,85,1,7.8,12,360,2,SE
18-03-2011,24.4,32.2,27.2,88,8888,5,7,270,2,E 
19-03-2011,24.2,31.7,27,89,4,5.6,10,90,2,SE
20-03-2011,24.4,32.2,27.9,84,8888,7.2,6,315,2,E 
21-03-2011,24,31.4,27.5,86,8888,2.4,7,270,3,E 
22-03-2011,23.8,31,26.4,90,35,2.7,11,45,3,NW
23-03-2011,24.4,30.6,27.5,85,17,4.2,11,315,3,NW
24-03-2011,24.5,29.6,27.2,89,6,6.3,6,315,3,NW
25-03-2011,24.2,31.2,25.4,95,11,2.1,8,360,2,E 
26-03-2011,24,27.4,24.5,97,49,0,11,270,3,E 
27-03-2011,24.2,28.8,27,91,61,0.1,13,90,3,E 
28-03-2011,23.4,28.6,25.1,93,47,0.9,16,315,2,E 
29-03-2011,23.8,30.6,26.6,90,60,3.9,21,90,2,E 
30-03-2011,24.6,30.4,26.7,88,1,4.6,6,90,3,E 
31-03-2011,24.1,30.2,26.4,90,34,0.9,16,315,3,NW
01-04-2011,24.2,30,26.6,91,28,2.5,14,225,3,E 
02-04-2011,24,27.4,25.6,92,46,0,15,225,3,SW
03-04-2011,24.1,29.6,26.1,95,20,0,16,225,2,E 
04-04-2011,24,31.6,27.3,91,29,6.6,8,225,2,SW
05-04-2011,26,32.6,28.5,87,8888,7.3,11,225,3,SW
06-04-2011,25.4,32,28.3,88,2,7.9,7,360,3,SW
07-04-2011,24.5,30.4,26.5,94,5,0,9,225,2,E 
08-04-2011,24.8,31.2,27.8,88,10,8,5,225,1,E 
09-04-2011,25,31.6,28.1,88,2,3,7,225,3,SW
10-04-2011,24.3,30,26.4,92,19,1.1,14,270,3,N 
11-04-2011,23.6,30,25.9,92,93,2.9,11,225,3,SE
12-04-2011,23.4,28.2,25,92,9,0,13,225,2,E 
13-04-2011,23.7,30.8,26.4,88,19,8,9,225,3,SW
14-04-2011,25.2,31.8,27.9,88,1,7.8,7,225,3,SW
15-04-2011,23.2,32.8,28.1,86,8888,7.8,8,225,3,SW
16-04-2011,23.6,30.2,26.2,90,38,6.8,6,90,1,SE
17-04-2011,24.3,32.3,27.3,82,6,7.3,4,225,2,E 
18-04-2011,24.3,31.6,27.2,86,6,7.3,16,45,3,E 
19-04-2011,25.2,32.2,28.4,85,10,8,6,225,2,E 
20-04-2011,25.2,32.9,28.6,82,8888,6.3,6,360,2,E 
21-04-2011,24.2,32.3,28.2,82,8888,8,0,360,3,SW
22-04-2011,24.9,31.2,27.2,86,8,1.8,0,360,2,E 
23-04-2011,25,32.2,28.2,84,4,8,6,90,2,E 
24-04-2011,25.3,32.5,27.7,84,8888,7.6,9,90,2,SE
25-04-2011,25,29.6,26.6,86,21,0.5,9,225,2,E 
26-04-2011,25.2,31.6,27.9,85,1,5.4,11,270,3,N 
27-04-2011,25,32.2,27.7,84,1,7.3,6,225,2,E 
28-04-2011,25,31.1,27.6,86,8888,7.4,8,225,3,E 
29-04-2011,25,31.6,27.7,84,8,4.2,6,225,2,E 
30-04-2011,25.2,32.2,27.1,90,8888,3,6,225,2,SE
01-05-2011,25.2,31.4,26.7,90,58,0.1,6,270,2,E 
02-05-2011,24.2,32,27.1,88,8888,5.8,8,315,3,E 
03-05-2011,24.3,30.2,26.6,88,37,0.2,8,315,2,N 
04-05-2011,25.6,32,27.7,87,1,5.4,6,270,2,E 
05-05-2011,25.3,32.2,28.5,80,8888,8,6,270,2,E 
06-05-2011,25.4,33.2,28.5,82,8888,8,4,315,2,E 
07-05-2011,26,33.8,29.2,79,8888,6.2,8,315,2,SE
08-05-2011,26,33.8,29.7,70,8888,6.9,7,270,2,E 
09-05-2011,26,34.4,29.2,78,8888,7.8,6,270,2,SE
10-05-2011,25,33.8,29.4,75,8888,7.7,6,315,2,SE
11-05-2011,25.1,33.6,28.9,77,8888,7.3,6,270,2,SE
12-05-2011,26,33.8,29.6,74,8888,8,6,270,2,W 
13-05-2011,25,33.9,29.7,72,8888,7,7,270,2,SE
14-05-2011,25,33.8,28.6,78,8888,6.5,7,270,2,SE
15-05-2011,25.1,33.1,28.6,75,3,8,5,270,2,E 
16-05-2011,24.8,33.2,29,78,8888,8,7,315,2,SE
17-05-2011,24.8,33.6,28.7,78,8888,7.9,6,270,2,SE
18-05-2011,24.9,33.3,29,73,8888,8,8,315,2,SE
19-05-2011,24.4,33.8,28.7,77,8888,5.8,4,270,2,SE
20-05-2011,24.4,33.4,28.6,71,8888,8,8,270,2,E 
21-05-2011,25.2,33.3,28.3,74,8888,7.2,8,270,3,S 
22-05-2011,25.4,33.3,29,71,8888,4.1,6,270,2,SE
23-05-2011,25.5,32.4,28,76,8888,5,8,180,2,SE
24-05-2011,25.2,33.2,29,75,8888,6.6,6,180,2,SE
25-05-2011,25,32.8,28.9,71,8888,6.2,8,90,2,SE
26-05-2011,25.2,33.4,29,76,8888,5.4,9,315,2,E 
27-05-2011,25.2,33.6,28.5,76,8888,4.7,4,45,2,E 
28-05-2011,24.4,33.6,28.5,80,8888,4.7,4,270,2,E 
29-05-2011,24,31.5,27.2,80,8,3.9,11,315,2,E 
30-05-2011,24.2,33.2,27.6,84,8,5.5,6,90,2,E 
31-05-2011,25.2,31.6,27.1,83,47,1.9,5,90,2,SE
01-06-2011,25,32.8,29,78,4,6.2,8,225,2,SE
02-06-2011,24.2,33.6,28.6,78,8888,8,6,270,3,W 
03-06-2011,23.5,33,27.9,74,8888,7.9,5,270,2,SE
04-06-2011,23.4,32.6,27.8,70,8888,8,4,270,2,SE
05-06-2011,24.2,31.2,27.5,74,8888,0.7,5,270,2,SE
06-06-2011,24.3,32.2,27.9,78,8888,6.2,7,180,2,SE
07-06-2011,24,32.2,28,73,8888,8,4,225,2,SE
08-06-2011,23.6,33.2,27.8,75,8888,8,8,225,2,SE
09-06-2011,23.6,31.8,27,74,8888,7.6,10,225,3,SE
10-06-2011,24.1,32,27.1,74,8888,7.6,10,225,3,S 
11-06-2011,24.5,32,27.7,69,8888,5.2,9,360,3,E 
12-06-2011,24,32.3,28,70,8888,4.9,5,315,2,SE
13-06-2011,24,32.6,27.4,74,8888,7.5,8,180,3,S 
14-06-2011,23.6,33.2,27.5,72,8888,6.9,6,270,2,SE
15-06-2011,23.2,32.3,26.8,73,8888,7.2,16,225,2,SE
16-06-2011,23.2,32.6,27.3,71,8888,7.7,4,270,2,SE
17-06-2011,24.2,33,27.9,73,8888,8,4,270,2,SE
18-06-2011,24,33.2,27.5,73,8888,8,5,225,2,SE
19-06-2011,24.8,32.6,28.1,70,8888,7.9,6,270,2,SE
20-06-2011,25.2,33.4,28.3,75,8888,5,4,315,2,SE
21-06-2011,24.4,33.2,28.8,71,8888,7.8,8,180,2,S 
22-06-2011,24,33,27.9,70,8888,8,5,225,3,SE
23-06-2011,23,33.2,27.2,74,8888,8,10,225,3,SE
24-06-2011,22.6,32.4,27.1,74,8888,8,6,45,2,W 
25-06-2011,24.7,30.2,26.3,81,8888,0,6,135,1,SE
26-06-2011,24.6,30.4,26.9,86,4,2.5,4,225,2,SW
27-06-2011,25,31.6,27.6,82,8888,5.8,8,270,2,SE
28-06-2011,24.2,32.8,28,77,8888,8,9,270,2,SE
29-06-2011,22.5,31.9,27.4,75,8888,8,8,270,2,SE
30-06-2011,21.8,32,26.7,65,8888,8,6,225,2,SE
01-07-2011,23,31.2,26.5,75,8888,8,5,225,3,SE
02-07-2011,22.2,31.2,26.4,73,8888,8,10,225,2,SE
03-07-2011,22.4,31.6,26.5,74,8888,8,7,225,2,SE
04-07-2011,22.5,31.2,27.2,72,8888,8,8,270,3,N 
05-07-2011,23.1,31.6,27.1,70,8888,7.8,7,270,2,SE
06-07-2011,23,32.2,27,71,8888,8,7,270,2,SE
07-07-2011,24,32.5,27.1,78,8888,2.8,6,270,2,W 
08-07-2011,25.8,32.2,28.7,79,8888,5.4,8,225,3,W 
09-07-2011,25.2,32.2,28.3,75,8888,4.6,7,270,3,W 
10-07-2011,24.4,32.3,27.9,76,8888,8,6,270,2,W 
11-07-2011,24.4,31.6,27.4,77,8888,8,7,270,2,W 
12-07-2011,25,30.6,27.6,76,8888,0,9,90,2,E 
13-07-2011,25,32.6,27.7,80,8888,6.5,8,225,2,SE
14-07-2011,25,31.9,28.3,74,8888,6.1,7,225,2,SE
15-07-2011,24.2,32,28.3,76,1,5,7,270,2,W 
16-07-2011,24,32.2,27.5,76,8888,7,7,270,2,SE
17-07-2011,24.2,32,27.6,76,8888,8,7,270,2,W 
18-07-2011,24.9,32.2,28.1,76,8888,7.9,8,270,3,W 
19-07-2011,24,32.6,27.8,66,8888,8,8,90,2,E 
20-07-2011,24.3,32,27.6,70,8888,8,7,225,2,W 
21-07-2011,23.4,33.2,27.8,68,8888,8,7,270,2,E 
22-07-2011,22,32,27.5,71,8888,8,8,225,3,SE
23-07-2011,23.4,32.2,26.9,74,8888,7.8,11,225,3,SE
24-07-2011,21.6,31.9,26.7,72,8888,7.1,7,225,2,SE
25-07-2011,21.7,31,25.8,70,8888,8,6,270,2,SE
26-07-2011,21.6,32.6,26.1,69,8888,7.3,8,270,2,SE
27-07-2011,23.8,32.2,27.6,72,8888,8,9,270,2,E 
28-07-2011,23.2,32.6,27.8,73,8888,7.8,8,360,2,E 
29-07-2011,23,32.8,27.1,68,8888,8,9,180,2,SE
30-07-2011,24.6,33.2,27.7,71,8888,6.9,8,225,2,S 
31-07-2011,21.8,32.2,27.7,71,8888,8,6,360,3,W 
01-08-2011,24.8,33.3,28.6,72,8888,5.7,9,45,3,SE
02-08-2011,23.5,32.2,28.6,71,8888,7.2,8,270,2,W 
03-08-2011,23.1,31.8,27.2,73,8888,7.9,8,270,2,W 
04-08-2011,23.1,32.2,27.1,66,8888,8,8,270,2,SE
05-08-2011,24,32.3,27.3,71,8888,8,11,315,2,SE
06-08-2011,24,32.4,27.9,70,8888,8,7,270,3,SE
07-08-2011,23.6,31.6,27.4,72,8888,8,8,270,2,W 
08-08-2011,23.6,31,27,73,8888,8,9,270,2,SE
09-08-2011,23.4,31.3,27.1,77,8888,7.3,8,270,2,W 
10-08-2011,23.3,31.4,27,71,8888,7.9,8,45,3,W 
11-08-2011,23.4,31.4,27.5,68,8888,8,8,270,3,SE
12-08-2011,23.5,31,26.8,75,8888,7.5,7,270,2,W 
13-08-2011,24,32.6,27.5,74,8888,7.8,8,270,3,E 
14-08-2011,23.8,32.4,27.7,66,8888,8,4,45,2,SE
15-08-2011,24,32.1,27.5,70,8888,8,6,270,2,W 
16-08-2011,25.8,32,28.3,74,8888,4.9,7,270,2,E 
17-08-2011,22.8,32.4,28.7,69,8888,8,8,270,2,S 
18-08-2011,22.8,32,27,63,8888,8,8,270,2,SE
19-08-2011,23,31.8,26.9,62,8888,8,8,270,2,W 
20-08-2011,22.3,32,26.9,68,8888,8,9,270,2,SE
21-08-2011,23.2,32,26.8,69,8888,8,8,270,2,W 
22-08-2011,24.8,32.3,28.3,73,8888,8,8,270,3,E 
23-08-2011,23.5,32.2,28.4,68,8888,7.1,8,270,2,SE
24-08-2011,23.4,32.8,27.5,64,8888,8,8,270,2,W 
25-08-2011,23.4,33.2,27.3,66,8888,7,8,270,2,SE
26-08-2011,24.4,32.7,28,70,8888,8,8,270,2,W 
27-08-2011,24.6,32.6,27.8,71,8888,8,7,270,2,W 
28-08-2011,24.4,32.8,28.7,65,8888,8,7,270,2,W 
29-08-2011,24.8,32.6,28.1,68,8888,8,8,270,2,W 
30-08-2011,25.6,32.2,28.3,73,8888,3.2,7,270,2,W 
31-08-2011,23.8,32.2,28.5,71,8888,7.2,6,45,3,W 
01-09-2011,23,32,26.9,76,8888,8,8,360,3,W 
02-09-2011,23.2,32.4,27.7,71,8888,8,9,360,2,W 
03-09-2011,24.7,33.6,29,72,8888,7.8,8,360,3,W 
04-09-2011,25.2,32.4,28.7,73,8888,4.8,5,360,3,W 
05-09-2011,23.6,32.6,28,72,8888,8,8,360,3,W 
06-09-2011,23.8,32.8,28.2,65,8888,8,8,360,2,W 
07-09-2011,24.3,33.4,28.4,67,8888,8,8,360,2,SW
08-09-2011,24.8,33.8,28,72,8888,5.5,7,360,2,W 
09-09-2011,24.8,32.8,28.5,69,8888,8,6,360,2,W 
10-09-2011,25,32,28.1,72,8888,8,9,360,2,W 
11-09-2011,25.2,33.9,28.8,66,8888,8,11,360,3,E 
12-09-2011,25.4,32.8,28.5,72,8888,7.4,9,360,2,W 
13-09-2011,25.4,33,29,70,8888,6.6,8,360,3,E 
14-09-2011,25.3,32.8,28.6,71,8888,7.4,9,360,2,W 
15-09-2011,25.3,34.2,28.5,75,8888,8,8,360,2,W 
16-09-2011,25.2,33.2,28.9,72,8888,8,8,360,2,W 
17-09-2011,25,33.2,27.7,75,8888,6.3,8,360,3,W 
18-09-2011,26,32.8,29.2,73,8888,5.6,8,360,2,W 
19-09-2011,24.2,33.2,28,72,8888,8,8,360,2,SW
20-09-2011,24,33.4,27.9,71,8888,8,9,360,2,W 
21-09-2011,24.4,33.1,28.4,72,8888,8,12,45,3,SW
22-09-2011,25.3,33.2,28.4,74,8888,6.8,11,360,2,SE
23-09-2011,24.8,33.3,28.9,74,8888,8,8,360,3,SW
24-09-2011,23.8,32.6,28.1,74,8888,7.8,9,360,2,SW
25-09-2011,23.8,32.5,27.8,69,8888,8,11,360,3,S 
26-09-2011,23.8,33.6,28.3,71,8888,8,13,45,3,SE
27-09-2011,24.2,33.6,28.4,67,8888,8,11,360,2,W 
28-09-2011,24.9,34.2,28.5,64,8888,4.2,8,360,2,W 
29-09-2011,25.4,33.2,28.9,70,8888,2.9,7,360,3,SW
30-09-2011,25.9,33,28.7,73,8888,7.1,11,360,3,SW
01-10-2011,25.2,33,28.6,76,8888,7.9,11,225,3,S 
02-10-2011,25,33.2,28.3,72,8888,8,11,180,3,S 
03-10-2011,24.5,33.2,29,72,8888,7.4,11,225,3,SE
04-10-2011,24.5,32.6,27.9,74,8888,7.5,12,225,3,S 
05-10-2011,24.6,32.9,28.8,72,8888,8,9,225,2,S 
06-10-2011,24.8,33,28.5,78,8888,4.5,12,45,3,SW
07-10-2011,24.8,32.6,27.7,79,5,5.8,10,225,2,S 
08-10-2011,25.2,33.2,29.1,78,8888,7.2,8,225,2,SW
09-10-2011,25.4,33.4,28.7,79,8888,7.3,11,225,2,SW
10-10-2011,24.6,32.7,28.6,73,8888,7.4,8,270,2,SE
11-10-2011,24.6,33.2,28.2,72,8888,7.5,10,225,3,SE
12-10-2011,24,33,28.7,76,8888,7,10,225,3,S 
13-10-2011,25.2,33,28.6,78,8888,7.4,11,225,3,SE
14-10-2011,25,33,28.4,79,8888,7.2,10,225,3,S 
15-10-2011,25.6,33.2,29.2,74,8888,7.8,9,270,2,SW
16-10-2011,26,33,29,79,8888,7.8,4,225,2,SW
17-10-2011,26.4,33.2,29.3,80,1,8,8,180,2,S 
18-10-2011,26.4,34,30.3,68,8888,8,8,135,2,S 
19-10-2011,25.6,33.8,30,72,8888,6.9,9,180,2,S 
20-10-2011,25.6,33.9,29.4,69,8888,8,8,180,3,S 
21-10-2011,25.9,33.8,29,73,8888,7,10,270,3,S 
22-10-2011,25.8,32.2,28,79,11,5.7,10,270,2,SE
23-10-2011,25.8,32.8,28.9,79,1,6.2,8,270,2,E 
24-10-2011,25.2,32.6,28.3,80,8888,5.9,8,225,2,E 
25-10-2011,24.6,33.2,28.8,78,5,8,10,180,3,NE
26-10-2011,25.5,33.2,28.6,81,8888,5.8,10,90,2,SE
27-10-2011,25.5,32.7,29.3,78,11,7.9,9,225,3,SW
28-10-2011,24.2,33.1,28.1,80,1,7.1,10,225,2,SW
29-10-2011,24.8,32,28.1,79,4,4,7,270,2,SE
30-10-2011,24.6,32.9,28.5,75,8888,7.1,15,270,2,E 
31-10-2011,26,33,29.2,74,1,8,7,270,2,SW
01-11-2011,26,32.7,28.5,80,8888,5.7,8,45,2,E 
02-11-2011,24.8,33.6,29,73,8888,6.6,10,225,2,E 
03-11-2011,25.4,34,29.3,74,1,6.6,5,225,2,SW
04-11-2011,25.6,34.2,28.9,74,8888,6.4,7,180,2,SE
05-11-2011,26,33.4,29.5,74,8888,2.4,11,225,3,E 
06-11-2011,24.8,30.6,27.4,82,2,4.7,8,270,2,E 
07-11-2011,24.6,32,26.7,85,6,4.9,10,225,3,E 
08-11-2011,24.8,31.7,27.6,79,58,3.5,4,45,2,SE
09-11-2011,24.4,31.6,26.5,87,8888,0,12,225,2,E 
10-11-2011,24.5,31.4,28.3,76,1,3.9,13,225,3,E 
11-11-2011,24.3,32.4,28.6,80,1,7,8,270,2,E 
12-11-2011,25.3,33.2,28.4,79,8888,4.9,6,270,2,W 
13-11-2011,25.4,32.1,27.9,78,8888,4.9,7,270,2,E 
14-11-2011,25.2,33,29,79,1,0,5,45,3,SE
15-11-2011,24.4,32.4,27.8,77,8888,6.1,8,90,3,E 
16-11-2011,24.8,33,28.7,73,8888,7.7,8,225,2,E 
17-11-2011,25.4,33,28.7,77,8888,5.1,14,270,2,E 
18-11-2011,25.8,32.8,27.5,83,8888,3.8,9,270,3,E 
19-11-2011,24.8,33,29.7,70,8888,8,4,225,2,SW
20-11-2011,26.2,33.6,29.1,78,8888,6,7,270,2,W 
21-11-2011,25.2,33.4,29.6,78,3,7.5,9,45,3,E 
22-11-2011,25.4,32.9,28.3,78,2,5.5,10,225,2,E 
23-11-2011,25.2,32.7,28.1,80,8888,8,9,90,2,E 
24-11-2011,24.8,32.8,28.8,80,3,7.3,8,360,3,E 
25-11-2011,24.9,32.8,29,80,22,7.5,8,180,2,E 
26-11-2011,26.1,33.2,28.7,82,6,5.8,8,225,2,E 
27-11-2011,25.4,33.2,28.6,82,3,4.8,7,270,2,E 
28-11-2011,26,33.2,28.6,81,8888,4.6,7,270,2,E 
29-11-2011,25.4,33.2,27.3,87,21,6.4,13,90,3,E 
30-11-2011,24.6,32.6,27.8,85,53,4.6,8,225,2,E 
01-12-2011,25.4,33.2,29.5,78,2,8,10,225,2,SE
02-12-2011,25.4,33.4,29.1,76,8888,7,8,45,2,E 
03-12-2011,26.1,32.8,28.4,80,6,5.4,11,135,3,NE
04-12-2011,23.8,32.8,26.1,89,1,0.1,12,225,3,NE
05-12-2011,24.4,30,26.8,87,46,1.4,9,225,3,N 
06-12-2011,23.4,26.8,25.5,90,54,0,8,270,2,E 
07-12-2011,23.4,30.8,26.9,80,17,3.3,6,225,2,N 
08-12-2011,25.4,30.2,26.9,86,4,1.5,8,225,2,E 
09-12-2011,24.2,31,27.1,85,3,1.4,7,135,2,E 
10-12-2011,24,33,26,87,19,1.1,8,180,2,E 
11-12-2011,23.8,32,27.9,77,3,7.2,7,270,3,E 
12-12-2011,24.4,32.4,28.5,80,8888,7,6,270,2,E 
13-12-2011,26,32,27.7,82,8888,2.4,11,225,3,NW
14-12-2011,24.5,28.2,26.5,88,14,0,8,180,1,E 
15-12-2011,24.6,32,25.9,91,79,1.4,11,270,2,E 
16-12-2011,24.3,33,26.5,88,33,0,14,270,2,E 
17-12-2011,23.4,25.4,24.4,96,49,0,8,135,2,E 
18-12-2011,23.4,27,25.5,93,42,0,6,315,2,E 
19-12-2011,24.4,31.6,27.7,84,16,7.4,8,270,3,W 
20-12-2011,25.8,31,28.2,84,4,1.8,10,315,2,W 
21-12-2011,26.3,31.6,28.4,83,3,3.7,8,360,3,NW
22-12-2011,26.3,31.4,28.3,84,16,2.2,11,270,3,E 
23-12-2011,23.6,31.4,27,88,4,2.9,11,225,2,E 
24-12-2011,24.5,30.4,27.3,86,82,0.4,7,270,2,W 
25-12-2011,24.4,31,26.5,91,4,0.9,11,45,2,E 
26-12-2011,24.4,28.7,25.4,92,93,0,13,315,3,E 
27-12-2011,24.1,29.7,26.4,89,99,0.6,8,360,3,W 
28-12-2011,25.3,29.8,27.2,88,24,0.3,8,315,4,W 
29-12-2011,23.9,27.6,25.9,92,52,0,8,360,3,NE
30-12-2011,24.4,28.2,25.6,93,41,0,8,360,3,E 
31-12-2011,25,30,26.3,90,17,1.4,10,315,1,E 
01-01-2012,24.8,29.2,26.6,88,29,0,8,270,3,E 
02-01-2012,24.4,32.4,27.7,84,5,7.4,9,315,3,E 
03-01-2012,22.2,31.2,26.6,87,34,6.6,16,315,3,E 
04-01-2012,23.2,27.7,24.8,89,2,0,9,315,2,E 
05-01-2012,24.2,30.9,26.9,85,23,4.7,11,270,3,W 
06-01-2012,23.3,26.3,25.1,91,1,0,16,270,3,E 
07-01-2012,23.2,30.4,26.5,89,77,0.8,16,270,2,E 
08-01-2012,24.2,30.4,25.4,90,36,2.5,16,315,3,W 
09-01-2012,23,28,26,89,61,0,18,315,5,W 
10-01-2012,24.8,27.6,26.1,89,45,0,14,270,3,W 
11-01-2012,24.2,32.4,28,79,5,6,16,315,3,E 
12-01-2012,23.6,29.2,25.7,86,13,0,11,315,2,E 
13-01-2012,24,30.5,27.7,87,4,3.3,15,270,2,E 
14-01-2012,24.1,31.2,26.8,84,2,7.2,11,315,3,E 
15-01-2012,24,29.8,26.6,84,26,3.4,6,270,2,E 
16-01-2012,24.8,30.2,27.7,79,8888,5.4,6,315,2,E 
17-01-2012,23.4,32.4,27.6,77,8888,4.3,7,315,2,E 
18-01-2012,23.4,32.4,28.1,81,8888,3.8,6,315,2,E 
19-01-2012,25.2,32.4,28.5,81,8888,8,8,270,3,W 
20-01-2012,24.5,29.5,26.4,86,8888,1.4,14,270,3,E 
21-01-2012,23.8,28,25.2,87,33,0.5,16,270,5,NW
22-01-2012,23.4,30.4,28,82,67,1.1,13,315,2,E 
23-01-2012,22.8,31.4,26.8,85,14,6.2,14,270,4,W 
24-01-2012,24.3,28.8,26,85,5,1.8,15,270,3,E 
25-01-2012,24.4,32,27.7,78,7,7.9,8,360,2,E 
26-01-2012,25.3,33,28.5,76,8888,7.5,6,270,2,W 
27-01-2012,25.4,32.6,28.4,79,8888,5.9,6,315,2,E 
28-01-2012,26,32.1,28.6,81,8888,5.4,6,270,3,E 
29-01-2012,24,33.2,28.9,76,8888,5.4,19,180,4,W 
30-01-2012,23.2,31.2,26.8,84,22,2.2,14,270,5,E 
31-01-2012,,31.2,27.2,77,9,2.9,14,270,2,W 
01-02-2012,23.6,29.2,25.8,88,9,0.6,22,270,5,W 
02-02-2012,23,29.2,26,86,78,0.7,16,225,3,E 
03-02-2012,23.3,30.8,26.8,84,13,5.8,14,360,4,W 
04-02-2012,23.6,30.9,26.3,90,4,1.9,11,225,2,E 
05-02-2012,24.8,32,27.7,83,10,8,5,360,2,E 
06-02-2012,24.4,32.3,27.8,80,8888,8,14,315,2,E 
07-02-2012,23.8,28.8,25.7,91,9,1,14,270,2,E 
08-02-2012,25,31.8,28,86,22,5,11,270,3,W 
09-02-2012,23.4,28.6,25.8,92,27,0,11,270,2,E 
10-02-2012,24.2,29.4,26.2,88,28,3.3,11,315,3,E 
11-02-2012,24.8,31.2,27,85,11,6.3,6,270,2,E 
12-02-2012,24.8,32.1,27.4,82,1,5.6,7,180,2,E 
13-02-2012,23.4,32.2,27,84,8888,6.7,8,90,2,SE
14-02-2012,23.2,32.8,27.7,77,11,7.4,10,225,2,E 
15-02-2012,24.8,32.4,27.1,84,8888,1.2,6,315,2,SE
16-02-2012,24,31.2,27.4,85,8888,3.2,8,90,3,E 
17-02-2012,24,28.7,25.9,90,74,1.3,8,360,2,E 
18-02-2012,24.4,31.9,26.5,86,1,5.8,6,90,2,E 
19-02-2012,23.8,31.2,27,86,4,5.5,8,270,3,E 
20-02-2012,23.3,31.6,27.5,85,12,5.5,13,270,3,E 
21-02-2012,24.8,30.9,27.2,82,10,3.7,6,360,2,SW
22-02-2012,24.6,32.8,28,77,8888,4.7,8,225,2,E 
23-02-2012,24.8,33.4,28.6,77,8888,6.2,6,225,2,E 
24-02-2012,24.8,32.8,27.9,83,4,5.3,6,270,2,E 
25-02-2012,24.6,33.3,28.3,80,8888,6.6,8,225,2,E 
26-02-2012,24.8,33.3,28,81,8888,5.6,9,90,2,E 
27-02-2012,24.4,33.3,27.2,86,16,5.7,13,360,3,E 
28-02-2012,24.1,30.1,27,86,15,1.9,9,315,3,E 
29-02-2012,24.1,32.6,27.5,81,13,7,6,270,2,E 
01-03-2012,24.2,32.8,27.5,85,5,5.9,9,225,2,E 
02-03-2012,24,32.8,27.3,88,38,5.4,6,270,2,E 
03-03-2012,24.4,31.2,27.6,90,8888,3.8,12,270,3,W 
04-03-2012,24.5,28.2,25.4,94,100,1.1,13,225,3,E 
05-03-2012,23.6,29.2,25.1,90,42,0.2,12,225,2,E 
06-03-2012,23.9,31,26.5,88,30,2.5,14,270,2,E 
07-03-2012,24.6,31.6,27.1,85,13,2,5,270,1,E 
08-03-2012,25,32.2,28,85,8888,6.4,9,360,3,E 
09-03-2012,24,27,25.9,94,23,0,9,45,3,E 
10-03-2012,23.8,32.4,27.7,88,31,5.9,11,180,2,E 
11-03-2012,24.4,32.8,28.7,82,8888,6.2,8,270,3,W 
12-03-2012,24.4,29,26.8,88,22,0.9,8,270,2,E 
13-03-2012,24.2,28.1,27,89,2,0,18,270,3,E 
14-03-2012,23.8,29.2,25.8,91,29,1.4,10,270,2,E 
15-03-2012,23.6,28.6,26,89,141,1.5,11,270,5,W 
16-03-2012,28,32,29.3,80,12,7.9,10,225,5,SW
17-03-2012,26.6,32,29.5,79,8888,8,8,270,4,SW
18-03-2012,25.5,32.9,28.3,84,8888,7.8,6,225,3,E 
19-03-2012,21.2,30.6,27,85,8888,1.4,18,270,3,E 
20-03-2012,23.4,28.1,24.9,91,69,0,22,225,2,E 
21-03-2012,23,28.2,24.9,91,23,1.1,19,225,3,E 
22-03-2012,24,32,27.4,84,40,6.6,6,270,2,E 
23-03-2012,25.2,32.3,28.5,80,8888,8,6,270,2,E 
24-03-2012,23.8,31,25.6,86,8888,1.8,16,270,2,E 
25-03-2012,23.8,31.6,27.6,77,5,6.7,8,180,2,E 
26-03-2012,25,32,28,78,8888,6.9,6,225,2,E 
27-03-2012,24.6,32.1,28,78,8888,6.7,7,180,2,E 
28-03-2012,24.6,32.4,28.1,79,8888,7.2,8,90,3,E 
29-03-2012,24.8,30.9,26.2,86,5,2.7,11,180,2,E 
30-03-2012,24.2,31.8,27.6,80,1,6.2,9,225,3,E 
31-03-2012,25.1,33.2,27.2,84,8,6.3,6,180,2,E 
01-04-2012,24.6,32.3,27.5,82,5,6.3,10,90,2,E 
02-04-2012,24.7,31.8,27.6,81,2,0,9,180,2,E 
03-04-2012,24.8,32.4,28.2,76,8888,8,7,180,2,NE
04-04-2012,24.4,32.3,27.4,78,8888,4.7,8,180,2,E 
05-04-2012,24.4,32.2,27.7,76,8888,8,6,180,2,E 
06-04-2012,24.2,32.4,27.7,74,8888,7.8,9,180,2,E 
07-04-2012,24,32.2,27.8,70,8888,0,6,225,2,E 
08-04-2012,24.4,32.8,28.3,71,8888,6.7,7,180,2,E 
09-04-2012,24.6,32.8,27.9,76,8888,7.5,11,225,3,E 
10-04-2012,25.2,32.2,28.3,73,8888,3.2,7,180,2,E 
11-04-2012,24.8,32.5,27.7,74,8888,7.8,10,225,2,E 
12-04-2012,24.7,32.8,28.7,72,8888,8,6,180,2,E 
13-04-2012,24,32.8,27.6,74,8888,8,8,225,2,E 
14-04-2012,24.9,33.5,27.5,81,8888,5.4,9,90,2,E 
15-04-2012,24.9,32.8,27.5,84,10,4.9,9,225,2,E 
16-04-2012,25,32.5,28.4,81,36,0,6,180,2,E 
17-04-2012,24.3,33,28.9,78,8888,6.8,7,270,2,E 
18-04-2012,24.3,33,28.2,80,1,8,7,180,2,E 
19-04-2012,25,32.4,28,81,6,0,6,225,3,SE
20-04-2012,24.8,32.4,27.7,80,5,6.6,8,135,2,E 
21-04-2012,24.9,32.2,28.1,78,1,7.8,7,90,2,E 
22-04-2012,25.2,33.2,28.1,77,1,0,6,225,2,E 
23-04-2012,24.2,32,27.2,85,8888,5.8,9,135,2,E 
24-04-2012,24,32.6,27.6,80,6,3.3,6,90,2,E 
25-04-2012,25.4,33,28.2,82,4,6.6,7,270,2,E 
26-04-2012,23.4,32.4,28.4,82,1,5.4,8,270,2,E 
27-04-2012,25.4,32.2,28.2,79,8888,3.2,7,180,2,E 
28-04-2012,26,33,29.3,76,8888,8,5,135,2,E 
29-04-2012,25.4,33,29.3,75,8888,7.6,7,225,2,E 
30-04-2012,25.2,33.7,28.4,76,8888,0,9,180,2,E 
01-05-2012,24.9,33.3,27.2,82,1,6.1,7,90,2,E 
02-05-2012,24.6,31.8,27.4,82,3,1.1,6,360,2,E 
03-05-2012,24.4,31.2,27.8,81,8888,0.4,8,360,2,E 
04-05-2012,24.6,32.8,26.9,82,8888,2.8,16,45,3,E 
05-05-2012,24.7,32.4,28,81,43,6.9,6,225,2,NE
06-05-2012,24.8,32.2,28.1,77,8888,4.5,11,270,2,SE
07-05-2012,24.8,33.2,28.5,75,8888,7.5,6,135,2,E 
08-05-2012,24.2,30.5,26.6,85,8888,1.8,13,180,2,E 
09-05-2012,24.1,32.1,27.3,82,15,7.1,6,270,2,E 
10-05-2012,24.7,32.4,27.8,76,1,7.8,6,225,2,E 
11-05-2012,24.6,32.2,27.9,80,8888,8,10,270,2,E 
12-05-2012,24.3,33.3,26.1,91,6,0,15,270,3,E 
13-05-2012,24.6,32,27.5,81,125,5.5,8,360,2,E 
14-05-2012,24.7,32.4,27.4,85,8888,5.5,7,90,2,E 
15-05-2012,24.8,32.5,27.9,80,4,7,7,180,2,E 
16-05-2012,25,32.9,28.7,74,8888,7.9,6,270,2,E 
17-05-2012,25.4,33,28.5,78,8888,4.9,7,180,2,E 
18-05-2012,26,33,28.7,80,8888,5.3,11,270,2,E 
19-05-2012,25,32.8,28.2,81,8888,8,6,225,2,E 
20-05-2012,24.8,33.2,28.9,72,8888,8,7,180,2,E 
21-05-2012,23.4,33.4,28.6,72,8888,7.8,8,180,2,E 
22-05-2012,23.4,33.5,28,70,8888,7.7,8,135,3,E 
23-05-2012,25.1,33,28.2,76,8888,6.5,8,180,3,SE
24-05-2012,25.8,31.4,27.6,78,10,2.4,8,45,2,E 
25-05-2012,25.4,32.4,29.1,73,8888,8,6,225,2,E 
26-05-2012,25.6,32.9,28.4,76,8888,5.3,6,225,2,SW
27-05-2012,26,30,27.7,80,8888,0.1,6,180,1,E 
28-05-2012,26,32,28.8,77,8888,7.8,8,180,2,E 
29-05-2012,25,32.3,28.6,76,8888,7.7,11,225,3,E 
30-05-2012,24.8,32.4,28.2,75,8888,8,8,180,2,E 
31-05-2012,25.4,32.4,28.7,74,8888,6.7,7,180,2,E 
01-06-2012,24.9,33.1,28.7,74,8888,3.4,6,135,2,E 
02-06-2012,24.9,33,28.5,74,8888,7.6,9,180,3,SE
03-06-2012,25.2,33,28.5,78,8888,8,8,180,2,S 
04-06-2012,25.6,33.2,29.2,74,8888,7.2,7,180,2,E 
05-06-2012,25.4,33.2,28.5,76,8888,5.8,7,180,2,E 
06-06-2012,25.4,32,28.1,78,8888,3.7,6,180,2,E 
07-06-2012,25.2,33,29,78,8888,5.9,8,180,2,E 
08-06-2012,25.2,31.1,27.8,81,8888,0.3,6,90,2,E 
09-06-2012,25.2,30,27.1,83,1,0.1,6,180,1,E 
10-06-2012,25.4,32.6,27.9,80,2,5.1,7,90,2,E 
11-06-2012,23.8,31.8,27.2,80,1,2.2,14,225,5,W 
12-06-2012,23.9,32.2,27.5,75,8888,7.1,8,180,3,E 
13-06-2012,24.1,33.2,28.3,71,12,7.9,8,180,2,E 
14-06-2012,24,32.2,27.8,72,8888,8,4,180,2,E 
15-06-2012,25.2,32.6,27.7,76,8888,5.8,7,225,2,NE
16-06-2012,24,33,28.4,75,8888,7.9,6,180,2,E 
17-06-2012,24.1,33.6,27.7,70,8888,8,8,90,2,NE
18-06-2012,24.8,32.4,27.8,69,8888,7.9,8,180,2,NE
19-06-2012,24.4,33,25.2,89,9,0,7,135,2,SE
20-06-2012,23.8,31.6,26.5,84,11,4.4,6,90,2,E 
21-06-2012,23.9,32.4,27.3,82,8888,5.7,6,90,2,E 
22-06-2012,24,32.8,27.1,78,8888,7,8,225,2,SE
23-06-2012,22.8,32.3,27.3,78,8888,7.9,8,180,2,E 
24-06-2012,22.3,32.4,26.7,68,8888,8,6,270,2,E 
25-06-2012,22.6,32.4,26.2,72,8888,8,6,225,2,SW
26-06-2012,23,32.2,27.1,72,8888,7.9,7,225,2,E 
27-06-2012,24,33.4,28.1,74,8888,7.9,9,90,2,E 
28-06-2012,23,33.3,27.7,72,8888,7.3,8,180,2,E 
29-06-2012,23.1,32.4,27.5,68,8888,7.8,6,135,3,SE
30-06-2012,23.8,32.8,27,70,8888,5.9,8,135,2,SE
01-07-2012,24.2,32.6,26.7,87,8888,4.2,8,90,2,E 
02-07-2012,23.6,31.4,27.7,76,7.8,4.1,8,360,2,E 
03-07-2012,23.4,31.8,26.9,72,8888,7.9,7,180,2,E 
04-07-2012,22.4,32.6,26.8,68,8888,7.9,11,45,3,SE
05-07-2012,23.9,31.6,26.6,79,8888,3.7,10,135,2,SE
06-07-2012,24,30.4,26.9,85,2.3,0.7,9,90,2,N 
07-07-2012,23.8,29.6,25.8,86,23.4,0.8,6,225,2,E 
08-07-2012,24.5,31.4,27.4,82,0.5,7.4,6,180,2,SW
09-07-2012,24.2,32,27.8,78,8888,8,7,180,2,E 
10-07-2012,24.2,32.1,28.2,79,8888,6.7,8,180,2,S 
11-07-2012,24.8,31.7,27.4,86,8888,7.2,13,90,2,E 
12-07-2012,24.7,31.4,27.3,82,34.5,4,11,315,2,E 
13-07-2012,23.4,30.2,27.2,84,8888,2.4,7,225,2,E 
14-07-2012,23.5,32.4,27.6,78,8888,8,7,180,2,E 
15-07-2012,24.4,32.6,27.6,75,8888,7.6,8,180,3,SE
16-07-2012,24.5,30.4,27.2,77,8888,1.4,8,180,2,SE
17-07-2012,24.8,30.3,27.1,79,8888,0.3,5,180,2,SW
18-07-2012,25.4,31.2,27.3,82,8888,0.2,7,180,2,E 
19-07-2012,24.2,32,27.5,85,8888,6.2,7,225,2,E 
20-07-2012,23.8,32.8,27.7,74,8888,7.9,8,180,2,E 
21-07-2012,22.9,32.8,27.8,72,8888,7.8,7,180,2,SE
22-07-2012,22.2,31.4,26.4,70,8888,7.9,6,225,2,SW
23-07-2012,22.2,32.8,26.4,73,8888,6.4,9,360,2,SE
24-07-2012,24.1,32,27.7,70,8888,8,7,45,2,SE
25-07-2012,24,32.4,27.2,75,8888,6.7,10,180,2,SE
26-07-2012,24.2,33,27.4,72,8888,7.9,8,180,3,E 
27-07-2012,23,33,27.8,71,8888,6.8,8,180,2,E 
28-07-2012,23,31.2,26.6,68,8888,8,8,180,2,E 
29-07-2012,23.4,31.3,27.1,70,8888,8,10,180,3,SE
30-07-2012,23.2,31.6,27.3,69,8888,7.4,7,225,2,E 
31-07-2012,23.9,31.8,26.5,70,8888,1.6,8,135,2,E 
01-08-2012,24.8,31.6,26.9,72,8888,1.4,8,180,2,SE
02-08-2012,24.8,32.8,27.6,74,8888,5,6,45,2,W 
03-08-2012,24.8,31.8,27.7,76,8888,3.5,7,225,2,E 
04-08-2012,24.2,30.5,26.7,76,8888,0.5,5,270,1,E 
05-08-2012,22.9,32,27.6,74,8888,8,6,225,2,E 
06-08-2012,22.6,32,26.8,70,8888,8,6,180,2,E 
07-08-2012,21.6,31.9,26.4,65,8888,7.8,9,360,2,NE
08-08-2012,21.6,32,25.9,64,8888,8,9,225,2,E 
09-08-2012,23.3,32.4,27.2,68,8888,8,8,180,2,E 
10-08-2012,23.9,32.2,27.6,73,8888,5.7,7,225,2,E 
11-08-2012,23.9,32.4,27.9,71,8888,8,8,225,2,E 
12-08-2012,23.6,31.8,27.5,75,8888,8,8,225,2,E 
13-08-2012,22.8,32,27.4,65,8888,8,8,180,3,E 
14-08-2012,22.6,32.3,26.8,61,8888,8,9,180,2,S 
15-08-2012,22.6,32.2,26.7,70,8888,8,7,180,2,S 
16-08-2012,23.2,32.2,26.7,73,8888,8,9,180,2,E 
17-08-2012,24.4,32.2,28,73,8888,8,9,180,3,S 
18-08-2012,24.6,31.4,27.6,73,8888,8,8,180,2,E 
19-08-2012,23.2,32.2,28.8,62,8888,8,8,180,2,E 
20-08-2012,23,32.2,26.8,68,8888,8,7,180,2,E 
21-08-2012,23.3,32.3,27.8,73,8888,8,8,180,3,E 
22-08-2012,23.3,32.2,27.3,69,8888,8,10,180,2,E 
23-08-2012,24,32.3,28.1,69,8888,8,7,225,2,S 
24-08-2012,24.6,32.6,28.6,73,8888,7.5,6,180,2,S 
25-08-2012,24.8,32,28.4,74,8888,6.5,7,180,2,S 
26-08-2012,26.6,32.2,28.5,74,8888,5.4,8,45,2,S 
27-08-2012,26.2,31.9,28.7,76,8888,8,10,180,2,S 
28-08-2012,24.2,32.3,28.2,72,8888,8,10,135,2,S 
29-08-2012,23.4,32.4,27.8,69,8888,8,8,180,2,E 
30-08-2012,23.2,32.2,27.7,62,8888,8,8,180,2,SE
31-08-2012,23.2,32.4,27.2,68,8888,8,10,270,2,S 
01-09-2012,24,31.4,26.9,73,8888,8,11,180,3,E 
02-09-2012,22.4,32.7,26.9,71,8888,7.9,8,45,2,S 
03-09-2012,23.2,32.2,26.9,68,8888,6.9,8,180,2,S 
04-09-2012,23.4,32.2,27.3,74,8888,7.8,8,180,3,SE
05-09-2012,24.1,32.4,28.2,67,8888,8,8,225,2,S 
06-09-2012,22.9,32.8,27.9,68,8888,8,8,180,3,S 
07-09-2012,23,32.4,27.8,65,8888,8,6,225,2,E 
08-09-2012,21.6,33.6,28,66,8888,8,8,180,2,S 
09-09-2012,21.7,32.2,27.9,70,8888,8,7,180,2,E 
10-09-2012,23,33.2,27.4,75,8888,8,8,135,2,E 
11-09-2012,23.2,32.4,27.9,66,8888,7.8,13,135,3,E 
12-09-2012,23.2,32.9,27.8,63,8888,8,10,135,3,E 
13-09-2012,23.6,33.2,28.2,71,8888,5.6,11,135,2,E 
14-09-2012,22.8,33,28.7,76,8888,5.3,11,135,2,SE
15-09-2012,22.6,34.2,28.6,74,8888,7.9,8,180,2,S 
16-09-2012,23.2,33.6,29.6,70,8888,7.3,9,180,2,E 
17-09-2012,24.4,33.6,28.5,71,8888,4.2,8,180,2,S 
18-09-2012,24.6,32.4,28.7,75,8888,4.1,8,180,3,E 
19-09-2012,24.4,33.3,28.7,78,8888,7.8,8,180,2,S 
20-09-2012,23.2,33.6,28.2,71,8888,8,10,135,2,SE
21-09-2012,22.7,32.7,27.6,70,8888,8,8,180,3,E 
22-09-2012,22.4,33.8,28.2,64,8888,8,11,135,3,E 
23-09-2012,22.4,32.8,27.1,63,8888,7.9,8,135,2,E 
24-09-2012,23.1,32.8,27.6,79,8888,6.3,10,135,2,E 
25-09-2012,23,32.8,27.1,76,8888,7.7,10,135,3,SE
26-09-2012,24,33.4,28.2,68,8888,8,8,90,2,NE
27-09-2012,24.5,32.6,27.9,72,8888,8,8,90,3,E 
28-09-2012,25.4,33,28.5,74,8888,8,10,90,3,E 
29-09-2012,24.2,33.1,28.4,76,8888,3.9,9,90,2,NE
30-09-2012,23.4,33.2,28.9,72,8888,8,9,90,2,NE
01-10-2012,25.6,33.3,29,74,8888,7.4,8,90,2,N 
02-10-2012,24.4,33.6,28.5,74,8888,8,4,270,2,N 
03-10-2012,24.6,33.4,28.2,76,8888,7.8,7,45,2,SE
04-10-2012,24,32.7,28.2,72,8888,8,8,315,2,W 
05-10-2012,24.2,33,29.8,68,8888,8,6,360,3,SE
06-10-2012,22.9,32.6,29.1,72,8888,8,8,270,3,W 
07-10-2012,23,33.6,29.6,74,8888,8,10,270,3,W 
08-10-2012,21.6,34.2,29.5,69,8888,8,9,225,2,SE
09-10-2012,21.7,33.1,28.5,75,8888,8,7,315,2,S 
10-10-2012,24.4,33.2,28.6,73,8888,8,10,270,3,SE
11-10-2012,23.9,33.3,29.2,70,8888,8,6,270,3,SE
12-10-2012,23.9,34,29.3,75,8888,7.6,9,270,3,W 
13-10-2012,23.6,33.9,29.9,69,8888,8,10,270,3,W 
14-10-2012,22.8,33.4,29.6,73,8888,8,8,315,2,W 
15-10-2012,22.6,34,29.8,74,8888,5.7,10,270,2,W 
16-10-2012,23.2,33.5,29.6,77,8888,7.9,8,270,3,W 
17-10-2012,24.4,33.4,28.3,81,8888,3.7,14,45,2,SE
18-10-2012,24.6,32.4,27.7,82,4.7,5,8,270,2,N 
19-10-2012,24.4,33.5,29.6,75,8888,8,8,360,3,W 
20-10-2012,23.2,33.8,29.6,74,8888,6.6,10,270,3,W 
21-10-2012,23.2,33.2,28.9,74,8888,8,11,270,3,W 
22-10-2012,23.3,33.4,28.1,74,8888,8,11,270,3,SE
23-10-2012,24,33.4,29.1,72,8888,8,13,270,3,W 
24-10-2012,25,34.3,30,72,8888,8,11,135,3,SE
25-10-2012,24.6,33.7,29.3,65,8888,8,11,270,3,W 
26-10-2012,26,34.2,31,71,8888,7.5,6,270,3,SE
27-10-2012,25.4,33.8,28.6,77,8888,6.4,8,270,3,E 
28-10-2012,26.2,33,28.3,80,4.6,6.2,9,270,2,E 
29-10-2012,24.2,33.3,29.3,79,0.5,6.3,8,315,2,SE
30-10-2012,23.4,33.4,29.8,76,8888,7.6,10,270,3,W 
31-10-2012,23.2,34.2,29.5,75,8888,8,8,180,2,W 
01-11-2012,27.2,34.2,29.4,74,8888,6.6,7,270,2,SE
02-11-2012,25.8,32.3,28.2,80,2,2.6,6,270,2,SE
03-11-2012,25,33.3,28.7,79,12,6.2,8,225,2,E 
04-11-2012,25.2,33,30,76,8888,8,8,225,2,SE
05-11-2012,25.6,33.2,28.3,76,1,6.7,13,180,2,SE
06-11-2012,24.6,33.4,28.9,74,8888,8,8,315,2,SE
07-11-2012,25.4,33.2,29.2,76,8888,6.5,11,315,3,SE
08-11-2012,25.6,33.3,29.4,75,8888,8,8,270,2,SE
09-11-2012,25.7,34.4,29.4,75,8888,8,8,225,2,E 
10-11-2012,26.6,34.2,30.3,75,8888,6.7,7,225,2,SE
11-11-2012,26,34.2,29.5,72,8888,7.3,10,270,2,SE
12-11-2012,26.2,33.9,29.8,73,8888,8,7,270,2,SE
13-11-2012,25,34,30.2,71,8888,8,8,270,2,W 
14-11-2012,25.7,34.1,29.8,72,8888,7.3,7,270,2,E 
15-11-2012,26.2,34.2,29,80,8888,4.2,11,315,2,NW
16-11-2012,26,34.4,28.3,83,4,3.9,11,315,2,SE
17-11-2012,25.4,33.2,28.8,76,1,6,5,135,2,SE
18-11-2012,26.7,33.5,29.2,72,8888,8,7,315,2,E 
19-11-2012,26.7,33.6,28.5,78,1,6.2,7,270,2,E 
20-11-2012,26.2,33.8,28.8,78,8888,6.8,5,135,2,SE
21-11-2012,24.3,33.4,28.9,79,8888,7,11,45,3,NW
22-11-2012,25.4,30,27.4,86,28,1.6,8,360,1,SE
23-11-2012,25.3,33.3,28.5,77,13,6.5,8,315,2,SE
24-11-2012,24.7,34.2,28.2,79,2,6.5,8,225,2,SE
25-11-2012,24.9,33.2,29.3,79,2,5.3,8,315,2,E 
26-11-2012,25.4,32.3,28.3,84,8888,7.9,8,315,2,E 
27-11-2012,25.2,32.8,28.5,79,4,7.1,6,180,2,SE
28-11-2012,25.8,31.4,28,80,8888,1.1,4,270,2,SE
29-11-2012,24.6,33.2,28.9,76,1,7.9,5,315,2,SE
30-11-2012,25.8,33.2,29.6,77,8888,6.6,4,270,2,SE
01-12-2012,25.6,33.6,29.9,76,8888,6.1,5,225,2,E 
02-12-2012,24.8,33.2,29,80,8888,5.5,5,45,2,E 
03-12-2012,25.1,33,28.5,81,3.1,7.7,5,90,2,E 
04-12-2012,24.8,33.4,28.4,81,8888,7.9,7,45,2,E 
05-12-2012,24.2,33.4,28.2,80,10.9,6.7,6,315,2,SE
06-12-2012,22.9,32.8,28.2,81,8888,2.2,5,225,2,E 
07-12-2012,23,32.6,28.3,84,1.5,5,7,315,3,SE
08-12-2012,21.6,33.4,28.4,80,8.6,6.2,7,225,2,SE
09-12-2012,21.7,32.7,27.7,85,8.5,6.4,7,315,3,E 
10-12-2012,24.4,32.4,26.7,87,17,3.9,8,315,2,E 
11-12-2012,23.9,32.2,26.8,88,77.5,1.9,10,45,3,SE
12-12-2012,23.9,32,27.8,79,20.1,6,5,360,2,SE
13-12-2012,23.6,32.8,28.5,80,8888,5.3,5,315,3,E 
14-12-2012,22.8,32.9,26.2,87,0.5,0.8,6,135,3,E 
15-12-2012,22.6,31,26.7,85,33.4,0.7,8,225,2,SE
16-12-2012,23.2,32.6,28.1,78,3.4,6.9,5,315,2,SE
17-12-2012,24.4,32.8,28.4,77,8888,5.4,6,315,2,NW
18-12-2012,24.6,31,28.1,83,8888,3.2,7,315,2,SE
19-12-2012,24.4,32.6,28.6,79,8888,5.4,8,270,3,E 
20-12-2012,23.2,30.9,27.6,84,5.2,0.9,8,360,3,E 
21-12-2012,23.2,33.2,28.6,85,30.5,6.4,5,315,2,SE
22-12-2012,23.3,30.4,27.4,85,12.9,1.8,13,270,4,E 
23-12-2012,24,31.4,27.6,85,32,3.4,16,315,4,E 
24-12-2012,24.6,30.5,27.7,85,24.5,1.7,6,315,2,NW
25-12-2012,24.6,29.5,26.1,89,20,0,10,225,2,SE
26-12-2012,24.4,32.1,27.7,85,58.7,5.4,10,315,3,NW
27-12-2012,26,31.2,28.6,84,1.4,2.9,7,315,2,SE
28-12-2012,25.8,33.2,29.1,78,1.7,3.8,5,315,2,SE
29-12-2012,24.2,32.9,28.2,84,8888,5,7,315,2,SE
30-12-2012,23.4,32.6,27.5,87,1.7,3.6,6,45,3,E 
31-12-2012,23.2,30.2,27.5,86,71.9,1.5,7,45,2,W 
01-01-2013,26,28.6,26.1,91,3.6,0,18,315,6,NW
02-01-2013,25,28.6,26.8,90,120.8,0.5,13,270,4,W 
03-01-2013,25,31.9,26,92,55.9,4.3,16,270,3,E 
04-01-2013,25,27.2,26,91,103.5,0.3,11,270,4,NE
05-01-2013,24,28.1,26.9,89,21.3,0,10,270,4,SE
06-01-2013,23,30,26.4,91,63.9,4.3,10,135,5,E 
07-01-2013,23,30.8,26,90,64.6,5.3,21,315,7,NW
08-01-2013,22,31.1,28.9,82,13.6,0,18,315,8,NW
09-01-2013,22,29,27.5,84,8.4,0.7,29,315,10,NW
10-01-2013,24,31,29.1,79,12.4,7.3,18,315,6,NW
11-01-2013,24,32,28.4,85,8888,1.9,17,270,4,W 
12-01-2013,24,32,28.6,83,5.6,0.5,16,270,2,SE
13-01-2013,24,30.6,28,88,18.5,0.5,9,225,2,SE
14-01-2013,23,27.8,25.6,91,17.5,0,21,315,4,SE
15-01-2013,23,29,25.5,92,32.4,0,14,315,2,SE
16-01-2013,23,31,27.2,87,34.6,6.8,5,315,2,NW
17-01-2013,24,32.2,28.6,86,1,7.7,7,315,3,NW
18-01-2013,25,32,27.5,89,2.4,1.5,18,270,3,SE
19-01-2013,24,32.2,25.5,94,17.6,1.4,12,360,3,E 
20-01-2013,23,27.4,25.4,96,38,0,20,315,2,E 
21-01-2013,23,32,27,91,43,4.4,13,45,2,E 
22-01-2013,23,32.1,27,87,32,4.2,7,270,3,NW
23-01-2013,24,31.1,27.2,91,35.4,4.2,9,315,4,NW
24-01-2013,25,31.1,27.1,86,5,2.7,13,315,2,E 
25-01-2013,25,29.6,26.9,90,29.7,2.3,9,315,4,NW
26-01-2013,24,30.2,26,90,86,1.8,7,315,2,NW
27-01-2013,25,30.2,25.4,95,41.8,0,11,45,3,E 
28-01-2013,25,28.8,26.1,90,37.3,1.2,6,315,2,E 
29-01-2013,24,28.5,26.3,90,9.7,0.7,13,315,4,E 
30-01-2013,23,30.4,27.2,87,23.9,3.7,7,270,2,E 
31-01-2013,23,32,27,85,8888,4.3,14,315,3,NW
01-02-2013,,,,,,,,,,
02-02-2013,,,,,,,,,,
03-02-2013,,,,,,,,,,
04-02-2013,,,,,,,,,,
05-02-2013,,,,,,,,,,
06-02-2013,,,,,,,,,,
07-02-2013,,,,,,,,,,
08-02-2013,,,,,,,,,,
09-02-2013,,,,,,,,,,
10-02-2013,,,,,,,,,,
11-02-2013,,,,,,,,,,
12-02-2013,,,,,,,,,,
13-02-2013,,,,,,,,,,
14-02-2013,,,,,,,,,,
15-02-2013,,,,,,,,,,
16-02-2013,,,,,,,,,,
17-02-2013,,,,,,,,,,
18-02-2013,,,,,,,,,,
19-02-2013,,,,,,,,,,
20-02-2013,,,,,,,,,,
21-02-2013,,,,,,,,,,
22-02-2013,,,,,,,,,,
23-02-2013,,,,,,,,,,
24-02-2013,,,,,,,,,,
25-02-2013,,,,,,,,,,
26-02-2013,,,,,,,,,,
27-02-2013,,,,,,,,,,
28-02-2013,,,,,,,,,,
01-03-2013,,,,,,,,,,
02-03-2013,,,,,,,,,,
03-03-2013,,,,,,,,,,
04-03-2013,,,,,,,,,,
05-03-2013,,,,,,,,,,
06-03-2013,,,,,,,,,,
07-03-2013,,,,,,,,,,
08-03-2013,,,,,,,,,,
09-03-2013,,,,,,,,,,
10-03-2013,,,,,,,,,,
11-03-2013,,,,,,,,,,
12-03-2013,,,,,,,,,,
13-03-2013,,,,,,,,,,
14-03-2013,,,,,,,,,,
15-03-2013,,,,,,,,,,
16-03-2013,,,,,,,,,,
17-03-2013,,,,,,,,,,
18-03-2013,,,,,,,,,,
19-03-2013,,,,,,,,,,
20-03-2013,,,,,,,,,,
21-03-2013,,,,,,,,,,
22-03-2013,,,,,,,,,,
23-03-2013,,,,,,,,,,
24-03-2013,,,,,,,,,,
25-03-2013,,,,,,,,,,
26-03-2013,,,,,,,,,,
27-03-2013,,,,,,,,,,
28-03-2013,,,,,,,,,,
29-03-2013,,,,,,,,,,
30-03-2013,,,,,,,,,,
31-03-2013,,,,,,,,,,
01-04-2013,,,,,,,,,,
02-04-2013,,,,,,,,,,
03-04-2013,,,,,,,,,,
04-04-2013,,,,,,,,,,
05-04-2013,,,,,,,,,,
06-04-2013,,,,,,,,,,
07-04-2013,,,,,,,,,,
08-04-2013,,,,,,,,,,
09-04-2013,,,,,,,,,,
10-04-2013,,,,,,,,,,
11-04-2013,,,,,,,,,,
12-04-2013,,,,,,,,,,
13-04-2013,,,,,,,,,,
14-04-2013,,,,,,,,,,
15-04-2013,,,,,,,,,,
16-04-2013,,,,,,,,,,
17-04-2013,,,,,,,,,,
18-04-2013,,,,,,,,,,
19-04-2013,,,,,,,,,,
20-04-2013,,,,,,,,,,
21-04-2013,,,,,,,,,,
22-04-2013,,,,,,,,,,
23-04-2013,,,,,,,,,,
24-04-2013,,,,,,,,,,
25-04-2013,,,,,,,,,,
26-04-2013,,,,,,,,,,
27-04-2013,,,,,,,,,,
28-04-2013,,,,,,,,,,
29-04-2013,,,,,,,,,,
30-04-2013,,,,,,,,,,
01-05-2013,,,,,,,,,,
02-05-2013,,,,,,,,,,
03-05-2013,,,,,,,,,,
04-05-2013,,,,,,,,,,
05-05-2013,,,,,,,,,,
06-05-2013,,,,,,,,,,
07-05-2013,,,,,,,,,,
08-05-2013,,,,,,,,,,
09-05-2013,,,,,,,,,,
10-05-2013,,,,,,,,,,
11-05-2013,,,,,,,,,,
12-05-2013,,,,,,,,,,
13-05-2013,,,,,,,,,,
14-05-2013,,,,,,,,,,
15-05-2013,,,,,,,,,,
16-05-2013,,,,,,,,,,
17-05-2013,,,,,,,,,,
18-05-2013,,,,,,,,,,
19-05-2013,,,,,,,,,,
20-05-2013,,,,,,,,,,
21-05-2013,,,,,,,,,,
22-05-2013,,,,,,,,,,
23-05-2013,,,,,,,,,,
24-05-2013,,,,,,,,,,
25-05-2013,,,,,,,,,,
26-05-2013,,,,,,,,,,
27-05-2013,,,,,,,,,,
28-05-2013,,,,,,,,,,
29-05-2013,,,,,,,,,,
30-05-2013,,,,,,,,,,
31-05-2013,,,,,,,,,,
01-06-2013,,,,,,,,,,
02-06-2013,,,,,,,,,,
03-06-2013,,,,,,,,,,
04-06-2013,,,,,,,,,,
05-06-2013,,,,,,,,,,
06-06-2013,,,,,,,,,,
07-06-2013,,,,,,,,,,
08-06-2013,,,,,,,,,,
09-06-2013,,,,,,,,,,
10-06-2013,,,,,,,,,,
11-06-2013,,,,,,,,,,
12-06-2013,,,,,,,,,,
13-06-2013,,,,,,,,,,
14-06-2013,,,,,,,,,,
15-06-2013,,,,,,,,,,
16-06-2013,,,,,,,,,,
17-06-2013,,,,,,,,,,
18-06-2013,,,,,,,,,,
19-06-2013,,,,,,,,,,
20-06-2013,,,,,,,,,,
21-06-2013,,,,,,,,,,
22-06-2013,,,,,,,,,,
23-06-2013,,,,,,,,,,
24-06-2013,,,,,,,,,,
25-06-2013,,,,,,,,,,
26-06-2013,,,,,,,,,,
27-06-2013,,,,,,,,,,
28-06-2013,,,,,,,,,,
29-06-2013,,,,,,,,,,
30-06-2013,,,,,,,,,,
01-07-2013,25,29.6,,,4.8,3.5,3,90,1,N 
02-07-2013,25,32.6,28.1,82,0.8,0,4,50,2,SE
03-07-2013,26,32.2,27.5,82,1.5,4.3,4,250,2,N 
04-07-2013,24,32,27.9,79,20.6,8,6,350,2,N 
05-07-2013,25,32.2,27.7,80,0,10.4,4,300,2,S 
06-07-2013,26,31.7,27,86,0,5.3,7,290,2,SE
07-07-2013,24,,26.7,88,21.1,2.2,4,250,2,SE
08-07-2013,25,32,27.3,86,2.1,7.5,4,270,2,SE
09-07-2013,25,,27.5,84,8888,7.7,4,300,2,SE
10-07-2013,,32.1,,,2.9,4.4,6,260,3,E 
11-07-2013,24,30.8,27.1,91,17,8.8,6,270,2,SE
12-07-2013,25,30.8,26.4,90,1.7,5.7,4,260,2,SE
13-07-2013,25,32.2,27.6,86,2.9,2.5,5,280,2,N 
14-07-2013,25,,27.8,86,1.1,5.7,5,150,3,W 
15-07-2013,,,,,,,,,,
16-07-2013,,,,,,,,,,
17-07-2013,,,,,,,,,,
18-07-2013,,,,,,,,,,
19-07-2013,,,,,,,,,,
20-07-2013,,,,,,,,,,
21-07-2013,,,,,,,,,,
22-07-2013,,,,,,,,,,
23-07-2013,,,,,,,,,,
24-07-2013,,,,,,,,,,
25-07-2013,,,,,,,,,,
26-07-2013,25,33.2,,,8888,5,4,320,2,NW
27-07-2013,,,,,,,,,,
28-07-2013,25,,,,0,10,11,220,6,SW
29-07-2013,24,,,,0,,4,240,2,S 
30-07-2013,,,,,,,,,,
31-07-2013,,,,,,,,,,
01-08-2013,,,,,,,,,,
02-08-2013,,,,,,,,,,
03-08-2013,,,,,,,,,,
04-08-2013,,,,,,,,,,
05-08-2013,,,,,,,,,,
06-08-2013,,,,,,,,,,
07-08-2013,,,,,,,,,,
08-08-2013,,,,,,,,,,
09-08-2013,,,,,,,,,,
10-08-2013,,,,,,,,,,
11-08-2013,,,,,,,,,,
12-08-2013,,,,,,,,,,
13-08-2013,,,,,,,,,,
14-08-2013,,,,,,,,,,
15-08-2013,,,,,,,,,,
16-08-2013,,,,,,,,,,
17-08-2013,,,,,,,,,,
18-08-2013,,,,,,,,,,
19-08-2013,,,,,,,,,,
20-08-2013,,,,,,,,,,
21-08-2013,,,,,,,,,,
22-08-2013,,,,,,,,,,
23-08-2013,,,,,,,,,,
24-08-2013,,,,,,,,,,
25-08-2013,,,,,,,,,,
26-08-2013,,,,,,,,,,
27-08-2013,,,,,,,,,,
28-08-2013,,,,,,,,,,
29-08-2013,,,,,,,,,,
30-08-2013,,,,,,,,,,
31-08-2013,,,,,,,,,,
01-09-2013,,,,,,,,,,
02-09-2013,,,,,,,,,,
03-09-2013,,,,,,,,,,
04-09-2013,,,,,,,,,,
05-09-2013,,,,,,,,,,
06-09-2013,,,,,,,,,,
07-09-2013,,,,,,,,,,
08-09-2013,,,,,,,,,,
09-09-2013,,,,,,,,,,
10-09-2013,,,,,,,,,,
11-09-2013,,,,,,,,,,
12-09-2013,,,,,,,,,,
13-09-2013,,,,,,,,,,
14-09-2013,,,,,,,,,,
15-09-2013,,,,,,,,,,
16-09-2013,,,,,,,,,,
17-09-2013,,,,,,,,,,
18-09-2013,,,,,,,,,,
19-09-2013,,,,,,,,,,
20-09-2013,,,,,,,,,,
21-09-2013,,,,,,,,,,
22-09-2013,,,,,,,,,,
23-09-2013,,,,,,,,,,
24-09-2013,,,,,,,,,,
25-09-2013,,,,,,,,,,
26-09-2013,,,,,,,,,,
27-09-2013,,,,,,,,,,
28-09-2013,,,,,,,,,,
29-09-2013,,,,,,,,,,
30-09-2013,,,,,,,,,,
01-10-2013,,,,,,,,,,
02-10-2013,,,,,,,,,,
03-10-2013,,,,,,,,,,
04-10-2013,,,,,,,,,,
05-10-2013,,,,,,,,,,
06-10-2013,,,,,,,,,,
07-10-2013,,,,,,,,,,
08-10-2013,,,,,,,,,,
09-10-2013,,,,,,,,,,
10-10-2013,,,,,,,,,,
11-10-2013,,,,,,,,,,
12-10-2013,,,,,,,,,,
13-10-2013,,,,,,,,,,
14-10-2013,,,,,,,,,,
15-10-2013,,,,,,,,,,
16-10-2013,,,,,,,,,,
17-10-2013,,,,,,,,,,
18-10-2013,,,,,,,,,,
19-10-2013,,,,,,,,,,
20-10-2013,,,,,,,,,,
21-10-2013,,,,,,,,,,
22-10-2013,,,,,,,,,,
23-10-2013,,,,,,,,,,
24-10-2013,,,,,,,,,,
25-10-2013,,,,,,,,,,
26-10-2013,,,,,,,,,,
27-10-2013,,,,,,,,,,
28-10-2013,,,,,,,,,,
29-10-2013,,,,,,,,,,
30-10-2013,,,,,,,,,,
31-10-2013,,,,,,,,,,
01-11-2013,,,,,,,,,,
02-11-2013,,,,,,,,,,
03-11-2013,,,,,,,,,,
04-11-2013,,,,,,,,,,
05-11-2013,,,,,,,,,,
06-11-2013,,,,,,,,,,
07-11-2013,,,,,,,,,,
08-11-2013,,,,,,,,,,
09-11-2013,,,,,,,,,,
10-11-2013,,,,,,,,,,
11-11-2013,,,,,,,,,,
12-11-2013,,,,,,,,,,
13-11-2013,,,,,,,,,,
14-11-2013,,,,,,,,,,
15-11-2013,,,,,,,,,,
16-11-2013,,,,,,,,,,
17-11-2013,,,,,,,,,,
18-11-2013,,,,,,,,,,
19-11-2013,,,,,,,,,,
20-11-2013,,,,,,,,,,
21-11-2013,,,,,,,,,,
22-11-2013,,,,,,,,,,
23-11-2013,,,,,,,,,,
24-11-2013,,,,,,,,,,
25-11-2013,,,,,,,,,,
26-11-2013,,,,,,,,,,
27-11-2013,,,,,,,,,,
28-11-2013,,,,,,,,,,
29-11-2013,,,,,,,,,,
30-11-2013,,,,,,,,,,
01-12-2013,,,,,,,,,,
02-12-2013,,,,,,,,,,
03-12-2013,,,,,,,,,,
04-12-2013,,,,,,,,,,
05-12-2013,,,,,,,,,,
06-12-2013,,,,,,,,,,
07-12-2013,,,,,,,,,,
08-12-2013,,,,,,,,,,
09-12-2013,,,,,,,,,,
10-12-2013,,,,,,,,,,
11-12-2013,,,,,,,,,,
12-12-2013,,,,,,,,,,
13-12-2013,,,,,,,,,,
14-12-2013,,,,,,,,,,
15-12-2013,,,,,,,,,,
16-12-2013,,,,,,,,,,
17-12-2013,,,,,,,,,,
18-12-2013,,,,,,,,,,
19-12-2013,,,,,,,,,,
20-12-2013,,,,,,,,,,
21-12-2013,,,,,,,,,,
22-12-2013,,,,,,,,,,
23-12-2013,,,,,,,,,,
24-12-2013,,,,,,,,,,
25-12-2013,,,,,,,,,,
26-12-2013,,,,,,,,,,
27-12-2013,,,,,,,,,,
28-12-2013,,,,,,,,,,
29-12-2013,,,,,,,,,,
30-12-2013,,,,,,,,,,
31-12-2013,,,,,,,,,,
01-01-2014,,30.4,25.3,92,19.5,0,6,320,3,E 
02-01-2014,24,29.4,25.2,95,29.7,1.9,8,310,3,E 
03-01-2014,25.4,,25.9,90,3.5,2.8,6,30,3,E 
04-01-2014,24,30.4,25.4,93,9.8,1.2,7,320,2,E 
05-01-2014,,30.8,26.9,88,27.6,4.6,6,330,2,E 
06-01-2014,24.8,,26.3,89,8888,4.5,8,310,3,NE
07-01-2014,24.4,,26.6,88,25.2,3.6,8,20,3,N 
08-01-2014,24.6,30.6,26.9,88,,3.6,4,320,2,E 
09-01-2014,,30.8,26.8,88,3.1,4.1,6,40,3,NE
10-01-2014,25.8,29.8,26.6,89,5,6.1,7,320,3,NW
11-01-2014,24.4,31.2,27.1,87,27.2,4.2,7,310,2,NW
12-01-2014,24.8,31.1,27.7,88,0.2,4.5,10,300,4,NW
13-01-2014,24.2,30,26.8,89,105.2,6.4,5,270,2,W 
14-01-2014,24.7,28.8,26.4,89,7.1,1.1,6,290,3,W 
15-01-2014,25,29.8,27.9,86,24,0,9,270,5,W 
16-01-2014,25.8,28,26.6,87,30.6,0.8,15,320,7,NW
17-01-2014,23.6,32,28,81,84,0,8,270,5,NW
18-01-2014,23.8,30,26.3,89,9.5,1.5,6,280,3,E 
19-01-2014,24.5,30.5,27.7,86,20.3,1.9,6,330,4,NW
20-01-2014,24,,27.2,90,14,4.3,10,310,4,NW
21-01-2014,25.1,,27.6,86,9.9,1.6,9,340,4,NW
22-01-2014,26.2,30,26.1,87,8888,0.9,10,320,2,SE
23-01-2014,24.8,28.8,25.3,91,8.4,0.1,8,260,2,SE
24-01-2014,24.4,,24.2,96,57.4,0.4,8,300,2,SE
25-01-2014,21.6,30.2,25.9,89,29.1,0,7,260,2,SE
26-01-2014,22.4,31.2,26.3,91,27.5,0.3,6,270,2,E 
27-01-2014,,31.2,27,88,44,3,7,290,4,NW
28-01-2014,25.4,,27.8,87,8888,4.5,6,70,2,W 
29-01-2014,24.4,28.6,25.7,94,15,6.7,9,320,4,NW
30-01-2014,24.8,29.3,27,88,80,0,9,360,6,NW
31-01-2014,25.4,30.2,28.3,82,23.3,0.4,9,290,6,NW
01-02-2014,25.8,,27.5,86,5.4,3.6,8,320,5,NW
02-02-2014,25.6,31,28.2,86,30.3,0,7,310,3,NW
03-02-2014,25.4,30.2,27.1,88,3.5,2.8,6,320,2,E 
04-02-2014,25.2,31.4,27.9,88,0.7,0.9,3,250,1,N 
05-02-2014,25.2,30,26.9,88,8888,2.1,8,350,2,N 
06-02-2014,,32.2,27.8,85,1,3.7,3,280,2,W 
07-02-2014,25.4,32.6,28.6,83,0,9.5,5,320,3,NW
08-02-2014,,32.8,28.9,84,1.3,10,9,310,3,NW
09-02-2014,25.8,31.8,28.2,87,2.3,5.9,5,360,3,NW
10-02-2014,24,,27.1,87,70.2,4.7,6,290,2,NW
11-02-2014,24.6,30.2,27.4,86,0,3.3,4,320,2,N 
12-02-2014,25.3,31.2,27.8,86,0,2.3,4,330,2,N 
13-02-2014,25.2,,27.8,77,,9.1,8,330,2,N 
14-02-2014,24.6,32.1,27.5,85,0,10.4,8,310,3,E 
15-02-2014,23.2,30,25.8,88,37.8,2,7,320,3,N 
16-02-2014,23.6,28.4,25.7,90,26.5,7,5,240,1,E 
17-02-2014,24,29.6,24.9,91,17.4,0.3,6,310,2,E 
18-02-2014,24,31.5,27.2,87,13.5,0,5,330,2,NW
19-02-2014,24.3,31.8,26.3,88,,5.2,20,290,3,E 
20-02-2014,23.9,32,27.4,85,19.3,4.8,4,330,2,N 
21-02-2014,26,,28.4,84,8888,9.7,8,280,5,NW
22-02-2014,25.2,31,28.5,84,8,4.1,5,310,3,SE
23-02-2014,23.7,27.8,24.3,95,33.1,2.2,5,260,2,E 
24-02-2014,23.7,30.2,25.8,89,54.4,1.4,4,310,2,N 
25-02-2014,22.8,30.4,26.6,89,5.2,5.9,6,310,3,NE
26-02-2014,24.2,30.2,27.1,88,9.2,4.8,6,50,2,N 
27-02-2014,25.3,30.2,28.5,82,0,3,3,350,2,SE
28-02-2014,25.4,31.6,28,83,1.5,,6,330,2,SE
01-03-2014,24,31.4,27.2,87,,,9,320,2,E 
02-03-2014,25.2,32,28,85,8888,,4,330,2,SE
03-03-2014,24.9,32,27.5,86,,,5,320,2,E 
04-03-2014,24.6,29.2,26,93,44,5.4,3,110,1,SE
05-03-2014,25.6,31.5,27.7,87,32.5,,6,20,3,NW
06-03-2014,24.1,30.1,25.9,91,12.3,7,5,360,2,E 
07-03-2014,24,31.2,27.5,87,30.3,3.5,5,330,2,SE
08-03-2014,25.3,28.2,25.8,95,25.8,9,3,320,1,SE
09-03-2014,24.8,31.2,27.7,85,16.7,0.3,6,340,4,NW
10-03-2014,25.2,32,27.9,85,8.7,8.3,6,300,3,NW
11-03-2014,25.4,32,27.9,82,8888,,7,60,2,E 
12-03-2014,23.8,30.4,26.4,89,51.5,0.7,3,60,2,SE
13-03-2014,24.4,31,27,88,19,,6,280,3,W 
14-03-2014,25.2,32.2,28,88,9,7.3,3,340,1,NW
15-03-2014,25.4,32.5,28.1,83,,,3,310,2,SE
16-03-2014,24.8,32.4,27.7,84,,,4,300,2,E 
17-03-2014,24.8,31.4,27.4,85,8888,7.5,4,290,2,SE
18-03-2014,24.8,31.8,27,85,8888,6.9,4,260,2,E 
19-03-2014,24.8,30.5,27.2,86,4.5,6.2,9,10,3,N 
20-03-2014,25,31.6,27,91,10.7,5.9,4,330,2,SE
21-03-2014,24.8,32.1,27.9,85,8.5,6.5,4,300,2,E 
22-03-2014,24.4,31.8,27.7,82,28.9,2.7,6,290,2,SE
23-03-2014,,32.4,28.9,79,0,6.5,4,250,2,SE
24-03-2014,25,32.5,28.5,82,0,10.5,4,300,2,N 
25-03-2014,25.7,32.6,28.8,84,0,10.1,4,310,2,SE
26-03-2014,25,32.6,29,81,,10.1,4,310,2,SE
27-03-2014,26,33,28.4,84,0,3.5,6,100,2,SE
28-03-2014,26,32.8,27.9,86,0,7.9,3,320,2,E 
29-03-2014,,32.5,28.1,85,1.2,6,4,250,2,W 
30-03-2014,25.2,32.8,28.5,80,0,10.3,8,100,2,E 
31-03-2014,25.2,32.8,27.9,85,7,8.2,3,250,2,E 
01-04-2014,25.4,32.6,28.9,82,0,4.1,4,250,2,W 
02-04-2014,26.4,,28.8,85,0,9.2,4,290,2,SE
03-04-2014,25.2,33.2,28,88,3.7,5.1,4,230,2,E 
04-04-2014,25.6,32.2,27.9,87,5.2,7.8,4,350,2,SE
05-04-2014,25.8,31.4,27.1,89,10.1,4.1,7,300,2,SE
06-04-2014,24.4,,28,84,8.3,6.2,8,300,2,SE
07-04-2014,24.2,27.8,25.6,92,29.5,6.1,11,320,4,E 
08-04-2014,23.5,30.3,26.7,88,137.9,0,9,350,4,E 
09-04-2014,24.6,28.3,24.9,93,8,8.5,10,290,4,E 
10-04-2014,24,31.4,27.1,86,12.1,0.9,4,310,2,SE
11-04-2014,25.2,32.8,28.7,82,0,9.7,4,310,1,N 
12-04-2014,25,33,28.4,85,0,5.9,3,360,2,SE
13-04-2014,25.2,31.3,27.6,86,1.5,8.9,6,310,2,N 
14-04-2014,24.7,30,26.5,89,12,4.2,8,240,2,E 
15-04-2014,23.2,,25.8,91,19.5,2.3,5,250,1,SE
16-04-2014,,31.4,27.3,84,12.7,0.3,6,320,2,E 
17-04-2014,24.8,32.4,28.5,83,0,7.7,6,290,2,SE
18-04-2014,25.2,32.3,28.1,82,1.5,5.4,3,310,2,E 
19-04-2014,24.6,31.8,28,85,8888,6.9,4,300,2,NW
20-04-2014,25.3,32.6,28.8,82,8888,2.7,6,10,2,E 
21-04-2014,25.4,33.2,29.1,83,0,8.9,4,310,2,N 
22-04-2014,26.2,33,29.3,82,0,8.9,3,310,2,SE
23-04-2014,25.8,33.4,28.8,87,4.5,7.9,4,260,2,SE
24-04-2014,25.6,33.5,29,79,0,0,3,10,2,SE
25-04-2014,25,33.4,29.1,81,,9.1,4,300,2,NW
26-04-2014,25.8,33.8,29.6,78,8888,6.9,3,290,2,SE
27-04-2014,26,34,29.5,78,0,7.2,4,300,2,SE
28-04-2014,26.4,33.2,29.5,83,0,9.8,5,240,2,E 
29-04-2014,25.2,33.2,28.9,80,11.5,7.1,4,300,2,SE
30-04-2014,25.7,,29,78,8888,0,3,320,2,SE
01-05-2014,24.8,33.2,,,4.5,9.4,8,90,2,E 
02-05-2014,26.1,34,28.2,82,,9.2,4,290,1,SE
03-05-2014,24.8,33.7,28.7,81,14.3,6.1,5,330,2,SE
04-05-2014,25,33.2,28.7,79,4.2,9.6,3,250,2,E 
05-05-2014,25.6,33.2,30,76,0,7.9,4,250,2,W 
06-05-2014,26,34.4,29.8,78,0,9.7,3,290,2,W 
07-05-2014,26,34,,,8888,8.1,6,30,2,N 
08-05-2014,26.4,34.4,29.9,77,0,7.3,15,280,3,SE
09-05-2014,26.4,33.7,28.6,82,0,10.2,6,80,2,SE
10-05-2014,25.2,32.4,,,1.5,3.6,4,290,1,N 
11-05-2014,26.6,33.8,28.6,85,0.5,4.2,4,340,1,N 
12-05-2014,,30,27.7,86,18.4,6.4,7,20,2,SE
13-05-2014,25.2,31.2,27.7,88,0.6,0,3,110,1,SE
14-05-2014,25.2,33,28.7,80,0,0.6,5,40,3,SE
15-05-2014,25.4,32.2,,,,0.5,4,230,2,SE
16-05-2014,26,,29.6,80,1.5,6.5,5,260,2,E 
17-05-2014,26.1,34.2,,,,10.1,4,240,2,SE
18-05-2014,26,33.2,28.6,82,0,7.9,4,260,2,SE
19-05-2014,25.6,33,28,84,0,8.5,3,300,1,SE
20-05-2014,26.1,32,28.5,84,3.5,1.4,4,290,2,SE
21-05-2014,26,,28.9,80,2.5,3.1,5,240,2,S 
22-05-2014,26,33.3,28.9,77,0,9.6,6,50,2,SE
23-05-2014,26.2,33.2,28.7,82,0,8.1,4,250,2,E 
24-05-2014,24.6,,27.3,86,38.1,8.8,6,40,2,W 
25-05-2014,,33,27.9,85,8888,3.6,6,240,2,SE
26-05-2014,,,29,84,,6,4,240,2,N 
27-05-2014,25.9,33.6,29.2,77,0,5.2,3,280,1,W 
28-05-2014,,33.2,27.7,83,0,10.6,4,230,2,SE
29-05-2014,26.2,33.4,28.7,80,11.5,7.2,6,290,2,SE
30-05-2014,24.7,33,28.5,73,0,7.1,5,40,2,SE
31-05-2014,25.8,32.6,28.8,77,0,9.8,6,250,2,SE
01-06-2014,26,33.3,28.5,81,0,7.6,5,40,2,SE
02-06-2014,25.4,32.5,28.3,84,21.8,7.4,4,250,2,W 
03-06-2014,26.4,32.2,29.2,83,0,5.2,4,260,2,SE
04-06-2014,26.4,33.4,29.1,81,0,5.7,6,50,2,W 
05-06-2014,,32.5,29.1,79,0,7.4,6,60,2,W 
06-06-2014,26.6,32.5,,,0,6.4,6,300,2,N 
07-06-2014,26.4,32,28.7,86,0,7.4,3,360,1,N 
08-06-2014,25.4,32.3,,,3.1,4.3,4,40,1,SE
09-06-2014,25,33.1,,,3.9,5.1,5,270,1,W 
10-06-2014,26,33.1,,,8888,2.3,4,240,1,SE
11-06-2014,24.4,32.3,27.8,86,9,1.9,4,310,2,NW
12-06-2014,25.2,32.2,28.2,85,0,3,5,240,2,SE
13-06-2014,25.2,32.6,28.6,80,0,7.1,6,40,3,SE
14-06-2014,,,28.4,82,0,9.9,5,300,2,SE
15-06-2014,25.6,30.2,27.9,88,1.5,5.3,6,280,2,SE
16-06-2014,24.2,32.2,28,82,11.1,0,5,60,2,SE
17-06-2014,25.2,32.9,28.5,80,,7.3,3,250,2,W 
18-06-2014,25.4,31.3,27.4,83,0,8,3,80,1,E 
19-06-2014,25.2,32.2,,,8888,1.7,5,300,2,SE
20-06-2014,25,32.1,28.4,80,0,7.1,5,30,2,W 
21-06-2014,24.2,30.4,27.5,85,77,4.7,5,360,2,SE
22-06-2014,24.8,32.2,28.1,84,8888,0,5,20,2,SE
23-06-2014,24.6,31.7,27.8,83,4.2,5.3,4,280,2,E 
24-06-2014,24,32.2,27.4,84,8888,7.2,4,100,2,E 
25-06-2014,24.7,32.2,28,78,1.8,8.2,3,290,2,W 
26-06-2014,,31.2,28,82,8888,8.2,3,260,1,SE
27-06-2014,24.1,32.6,28.3,78,8888,2.9,3,260,2,E 
28-06-2014,25.2,32,28.2,78,0,10,4,260,2,SE
29-06-2014,23.8,33,,,0,10.1,4,290,2,SE
30-06-2014,24.2,32.4,27.7,80,0,10,5,250,2,W 
01-07-2014,25.3,32.2,,,0,9.4,4,340,2,SE
02-07-2014,24.4,32.2,27.9,79,0,9.8,3,260,2,W 
03-07-2014,25.2,32.6,,,0,4.7,3,290,2,E 
04-07-2014,25,,28.7,78,0,9.8,3,290,2,W 
05-07-2014,24.4,32.4,,,0,5.8,5,240,2,W 
06-07-2014,25.1,32.4,,,0,6.2,5,80,2,W 
07-07-2014,24.6,32.4,27.9,72,0,9.4,3,90,2,SE
08-07-2014,,32.3,,,0,9.4,5,30,2,SE
09-07-2014,24.9,33.2,28.2,75,0,9.3,4,280,2,SE
10-07-2014,24.7,32,28.3,75,0,8,8,360,3,N 
11-07-2014,25,30.6,,,8888,1.4,4,300,1,SE
12-07-2014,25.3,33.2,28.7,78,8888,0,4,40,2,SE
13-07-2014,25,32.5,,,0,5.1,3,270,2,SE
14-07-2014,,,,,,,,,,
15-07-2014,25.3,29.4,,,0,9.8,4,140,2,S 
16-07-2014,24,,,,0,0,6,20,2,SE
17-07-2014,25.8,,26.2,86,8888,10.4,5,70,2,E 
18-07-2014,23,31.9,27.3,83,12.2,8.2,5,50,2,W 
19-07-2014,23.2,31.3,27.1,84,,9.4,4,260,2,SE
20-07-2014,,31.8,26.8,86,8888,2.7,5,120,2,SE
21-07-2014,,32,,,17.5,2,3,260,2,E 
22-07-2014,24.2,31.8,28.1,72,8888,6.9,3,260,2,SE
23-07-2014,23.3,31.8,27.2,76,0,10.3,5,250,2,SE
24-07-2014,22.5,32.4,26.6,71,0,10.6,5,220,2,SE
25-07-2014,22,32.2,28,79,0,10.4,4,310,2,SE
26-07-2014,24,,27.9,76,,,5,50,2,SE
27-07-2014,,33.1,27.9,71,0,5.2,4,250,2,E 
28-07-2014,23.4,32.5,,,0,10.1,5,250,2,SE
29-07-2014,23.3,31.2,27,73,,,4,260,2,S 
30-07-2014,22.8,32.5,27.1,77,0,9,4,240,2,SE
31-07-2014,24,32.9,,,0,10,5,250,2,S 
01-08-2014,24.2,,27.9,80,0,9.8,5,70,2,W 
02-08-2014,24.2,32.4,28.2,80,0,9.9,4,80,2,SE
03-08-2014,25.6,32.4,28,77,0,6.1,5,250,2,W 
04-08-2014,24.8,32.4,28.1,78,0,8.6,4,250,2,E 
05-08-2014,24.9,33.3,28.6,68,0,9.7,8,50,4,E 
06-08-2014,24.2,31.8,28.1,68,,8.6,7,60,3,E 
07-08-2014,25.4,30.7,27.5,80,8888,8.8,4,40,2,SE
08-08-2014,25.4,31.8,27.8,81,2.2,2.8,4,260,2,W 
09-08-2014,25.1,31.3,27.5,81,0,8.5,4,270,2,W 
10-08-2014,24.6,31.1,27,81,2.5,4.9,5,260,2,W 
11-08-2014,23,32.2,,,0,9.5,6,20,2,W 
12-08-2014,23,31.5,26.9,77,0,9.2,5,250,2,W 
13-08-2014,23,31.7,26.7,79,0,9.7,4,250,2,SE
14-08-2014,23.4,32.3,27.4,72,0,9.4,4,260,2,SE
15-08-2014,23.6,31.4,27.4,73,0,9.3,6,250,2,SE
16-08-2014,23.6,32.6,,,,8.4,5,230,2,S 
17-08-2014,23.2,31.2,26.1,85,0.7,,3,310,2,SE
18-08-2014,24.4,,27.5,79,0,5.4,4,250,2,W 
19-08-2014,25,31.2,27.7,77,0,9.7,4,300,2,SE
20-08-2014,23.4,31.6,28,78,0,9,3,290,2,SE
21-08-2014,,31.8,27.9,74,0,1,5,260,2,SE
22-08-2014,24.8,32.2,27.4,74,0,9.2,5,240,2,W 
23-08-2014,23.6,31.8,27.1,69,0,9.3,4,260,2,W 
24-08-2014,22.3,32,27.1,74,0,9.2,6,60,2,W 
25-08-2014,23,32.8,26.7,70,0,9.3,4,250,2,SE
26-08-2014,21.8,30.8,26.5,68,0,9.3,4,250,2,W 
27-08-2014,23,32.2,27.2,73,,,4,240,2,S 
28-08-2014,24,31.8,27.2,73,0,10.5,4,270,2,SE
29-08-2014,23.1,,27.3,68,0,6.5,5,210,2,SE
30-08-2014,22.6,31.2,27.2,75,,,5,260,2,W 
31-08-2014,22.8,31,26.6,68,0,9.4,5,30,2,W 
01-09-2014,22.4,31.8,26.6,70,,,5,240,2,SE
02-09-2014,22.4,31.6,26.8,69,0,9,5,260,2,SE
03-09-2014,23.1,31.4,26.9,65,0,8.3,5,250,2,SE
04-09-2014,23,,27.2,69,,,7,250,2,E 
05-09-2014,22.4,32.2,28.1,68,,9.3,5,240,2,SE
06-09-2014,23,33.6,27.9,67,,9.1,5,230,2,SE
07-09-2014,23.2,33.1,27.2,70,,9.9,5,250,2,W 
08-09-2014,23.1,33.2,27.2,66,0,9.8,4,240,2,SE
09-09-2014,22,32.6,27.4,64,0,9,6,110,2,W 
10-09-2014,22.2,32.2,27.1,70,0,9.9,5,260,2,SE
11-09-2014,22.9,33,27.7,71,0,10,5,240,2,W 
12-09-2014,24,,28,70,0,5.6,5,260,2,S 
13-09-2014,23.4,33.2,28.3,61,0,9.9,7,80,3,E 
14-09-2014,22.7,32,27.7,64,0,10,5,260,3,W 
15-09-2014,22.8,31.6,27.2,67,0,,6,250,2,W 
16-09-2014,22.8,33.2,27.4,72,0,10.2,6,30,3,SW
17-09-2014,25,33.2,28.2,79,0,10.1,5,260,2,W 
18-09-2014,25.8,33.4,29.3,78,0,7.3,5,250,2,W 
19-09-2014,24.3,,28.5,72,0,10.2,11,70,3,W 
20-09-2014,22.4,32,27.3,66,,10.1,8,50,3,W 
21-09-2014,24.4,33.5,28.3,72,0,10.3,5,260,2,S 
22-09-2014,24,33.3,28.5,69,0,10.3,5,230,2,SE
23-09-2014,23.8,32.2,27.9,64,0,10.3,4,260,2,W 
24-09-2014,21.8,32.2,27.2,62,0,10.3,5,260,2,W 
25-09-2014,21.8,33,27.4,71,0,10.5,5,240,2,W 
26-09-2014,23.2,32.9,27.8,72,0,10.4,6,250,2,W 
27-09-2014,24.4,32.5,,,0,10.4,3,290,1,S 
28-09-2014,24.7,33.2,,,0,10.3,3,100,1,SE
29-09-2014,23.5,,,,0,9.1,7,250,2,W 
30-09-2014,23.4,33.4,28.5,66,0,10.5,5,230,2,SE
01-10-2014,22.8,32.4,,,0,10.2,5,260,2,W 
02-10-2014,,,,,,,,,,
03-10-2014,22.6,,,,,,,,,N 
04-10-2014,22.4,,,,,,4,260,2,W 
05-10-2014,,35.1,,,,,3,170,1,S 
06-10-2014,23.6,35.3,,,,10.2,6,270,2,SE
07-10-2014,,,,,,,,,,
08-10-2014,23.2,32.3,,,,10.4,5,260,2,W 
09-10-2014,,,,,,,,,,
10-10-2014,25.2,32.8,29.8,74,0,10.6,5,270,2,N 
11-10-2014,23.4,33.4,28.3,65,,10.1,6,300,3,W 
12-10-2014,23,32.6,,,,10.1,6,260,2,SE
13-10-2014,,,,,,,,,,
14-10-2014,,,,,,,,,,
15-10-2014,25.4,32.2,,,0,,5,300,2,W 
16-10-2014,,,,,,,,,,
17-10-2014,25.4,33.8,28.8,75,,9.6,5,240,4,SW
18-10-2014,25.2,,,,,,7,250,4,W 
19-10-2014,26.9,34.4,,,,,6,240,2,N 
20-10-2014,25.7,32.8,,,0,10.7,6,270,2,W 
21-10-2014,25.2,34.8,,,,,5,280,2,W 
22-10-2014,25,33,28.7,66,,10.5,5,260,2,N 
23-10-2014,25,34.6,29.5,70,,11,7,30,3,W 
24-10-2014,25.2,34.4,30.6,67,0,10.2,7,20,3,N 
25-10-2014,25.1,32.7,29.2,72,,,6,260,2,SE
26-10-2014,24.3,34.2,29.1,67,,10.8,5,250,2,W 
27-10-2014,24.3,35.4,29.4,63,,11,6,250,2,E 
28-10-2014,25.4,35,30.5,62,,10.5,6,50,3,SE
29-10-2014,24.8,34.8,29.6,64,0,10.7,5,300,2,SE
30-10-2014,24.4,34,28.9,70,0,10.9,6,240,3,SE
31-10-2014,24.6,33.4,,,,,5,260,2,SW
01-11-2014,23.4,32.5,28,71,,11.1,7,260,3,W 
02-11-2014,23.9,34,28.7,67,,11,8,60,3,S 
03-11-2014,,34.6,,,0,10.8,6,70,3,SE
04-11-2014,25.2,34.6,29.3,73,0,10.1,9,260,3,W 
05-11-2014,26.4,34.6,30.1,72,0,10.6,9,240,3,SE
06-11-2014,26,33.6,29.5,77,0,9.3,7,280,3,W 
07-11-2014,,,29,78,0,8.7,4,310,2,S 
08-11-2014,26,33.4,,,,2.1,6,250,2,SE
09-11-2014,,31.6,28.4,82,,,4,330,2,SE
10-11-2014,26,32.6,29,81,15.5,4.5,5,280,2,SE
11-11-2014,,33.1,,,,,5,280,2,SE
12-11-2014,25.4,33.2,28.7,76,0,10.1,4,240,2,SE
13-11-2014,25.8,32.8,29.3,74,0,9.6,6,270,2,W 
14-11-2014,26,32.7,28.8,81,4.4,11,5,40,2,E 
15-11-2014,25.6,32.4,28.2,80,0,8.2,5,300,2,SE
16-11-2014,26,33.3,29,78,0,,3,300,2,SE
17-11-2014,,32.2,,,7.2,7.8,6,260,2,SE
18-11-2014,24.8,32.9,28.7,80,,8,5,240,2,SE
19-11-2014,,33.8,,,,10.1,7,260,3,SE
20-11-2014,,,28.8,75,13.5,9.2,5,250,2,SE
21-11-2014,26.1,33.5,28.8,83,,8,5,260,2,SE
22-11-2014,25.5,32.7,27.9,83,30,8,5,290,2,SE
23-11-2014,25.5,33,29.5,79,2.1,,4,270,2,W 
24-11-2014,27,33,28.4,84,1.2,9.5,5,290,2,S 
25-11-2014,25.4,33.2,29.2,82,8.5,5.6,5,300,2,SE
26-11-2014,26,33.3,,,0,11,6,160,2,SE
27-11-2014,25.9,33.8,29,80,,9.9,4,120,2,SE
28-11-2014,25.8,33.2,29.7,79,1.3,9.6,6,240,2,SE
29-11-2014,26,,29,84,6,10.7,5,60,3,E 
30-11-2014,27.2,,29.3,80,2.7,6.4,5,300,3,N 
01-12-2014,24.8,31.3,,,61,5.9,8,330,2,NW
02-12-2014,26,31,28,85,0,,14,320,5,NW
03-12-2014,26,29.4,26.7,88,8888,5,10,230,4,NW
04-12-2014,24.4,32.8,27.9,77,14.3,0,6,320,2,E 
05-12-2014,26,30.3,26.4,88,,6.3,9,280,4,E 
06-12-2014,25,27.6,25.6,93,137.4,2.5,8,100,4,E 
07-12-2014,24.2,27.2,25.6,94,105.4,5.1,6,290,3,E 
08-12-2014,24.2,28.3,25.4,94,31.5,0,9,360,4,E 
09-12-2014,24.2,26.6,25.2,93,26.2,0.3,7,10,3,E 
10-12-2014,24.3,27.8,,,7.2,0,3,20,2,SE
11-12-2014,24.2,31.2,,,48.9,0,10,280,3,E 
12-12-2014,,31.4,28.3,87,1.7,1.6,4,340,2,N 
13-12-2014,26,,28.9,80,0.8,6,5,280,2,N 
14-12-2014,27.2,,,,,8.7,4,310,2,SE
15-12-2014,26,,,,,6.7,5,300,2,SE
16-12-2014,25.8,32.4,,,,7,9,310,3,E 
17-12-2014,25,,27.1,88,6,5.2,5,245,2,E 
18-12-2014,,31,,,15.2,6.5,6,20,3,NW
19-12-2014,25.8,31.2,27.8,87,7,7.6,7,340,3,N 
20-12-2014,26,,29,82,0,4.6,3,300,2,SE
21-12-2014,28.8,33,,,0,9.5,6,300,2,SE
22-12-2014,25.8,32.4,28.2,85,0,7.9,5,130,3,E 
23-12-2014,25.6,,,,4,6.2,4,130,2,W 
24-12-2014,26.4,31.9,,,4.6,6.4,5,320,3,NW
25-12-2014,26,,28.6,85,3.7,9.5,4,305,2,SE
26-12-2014,,,,,,,,,,
27-12-2014,,,,,,,,,,
28-12-2014,24.6,,27.4,89,39.1,3.6,7,310,4,NW
29-12-2014,25.2,,,,10.8,4.1,7,260,3,E 
30-12-2014,24.3,28,25.5,94,68.6,0,6,320,2,E 
31-12-2014,,,,,,,,,,
01-01-2015,25.2,28.2,26.5,91,29.5,0,8,310,4,NW
02-01-2015,25.2,28.2,26.3,90,44.7,0,10,310,6,NW
03-01-2015,25.6,27.4,25.5,93,68.5,0,14,310,5,W 
04-01-2015,24.2,28.8,25.2,94,88,0,9,260,3,NW
05-01-2015,24.6,27.6,26.5,90,76.7,,16,330,4,NW
06-01-2015,24,27.6,26.3,93,22.8,0,7,320,3,NW
07-01-2015,24.6,30.4,27.1,88,41.4,0,8,310,5,NW
08-01-2015,25.7,30.8,28.2,84,17.1,4.5,7,330,4,NW
09-01-2015,25.8,29.8,28,86,9.6,3.6,15,320,5,NW
10-01-2015,24.2,30.2,27,87,30.7,2.7,8,240,4,NW
11-01-2015,24.8,28.8,26.3,90,38.5,1.5,13,130,3,E 
12-01-2015,24.2,31.2,27.7,87,9.8,2.7,3,20,2,NE
13-01-2015,25.2,32.2,27.8,87,0,2.5,3,10,2,W 
14-01-2015,25.8,32.6,28,87,4,9.1,5,330,2,E 
15-01-2015,24.4,28.3,25.7,93,21.1,5.3,6,320,3,E 
16-01-2015,24.8,28,26.4,93,55,0,6,335,3,NW
17-01-2015,25.2,31.3,27.8,85,1.3,0,4,270,2,W 
18-01-2015,26,30.8,26.6,90,19.3,6.8,5,270,2,E 
19-01-2015,23.8,30,25.6,94,61.5,0.7,8,360,3,NE
20-01-2015,25.2,32.2,27.5,87,30.8,7.5,6,310,2,SE
21-01-2015,26,31.7,27.9,87,2.2,3.2,8,350,3,E 
22-01-2015,24,26.8,25.2,95,160.3,5.1,6,60,2,E 
23-01-2015,24,29.9,27,87,35,0,4,10,2,E 
24-01-2015,24.4,31.9,28.1,86,1.7,5.5,4,310,2,E 
25-01-2015,25.8,31.9,27.9,87,8888,5.5,5,320,3,NW
26-01-2015,25.2,26.6,25.7,94,21,8.9,7,310,2,SE
27-01-2015,24.2,32.1,27.2,89,36.9,0,6,290,1,E 
28-01-2015,24.2,28.8,26.4,91,36.9,0,6,290,2,N 
29-01-2015,23.8,27,24.7,95,74.1,0,5,40,2,E 
30-01-2015,24,31.2,27.1,91,0.7,0,4,320,2,N 
31-01-2015,24.3,30.8,26.6,89,15.1,2.3,13,260,3,SE
01-02-2015,24.2,30.4,26.3,90,39.6,2,3,180,2,W 
02-02-2015,24.4,29.8,26.6,90,10,1.5,4,340,2,N 
03-02-2015,24.6,30,27,89,14,0.8,11,120,4,NW
04-02-2015,24.3,29.8,26,93,8.2,5.5,3,300,2,E 
05-02-2015,24.2,29,26.3,89,4,0,5,330,2,NW
06-02-2015,24,30.6,26.9,89,25.2,4.6,5,330,2,NW
07-02-2015,24.2,31.6,27,89,9.5,7.7,4,330,2,NW
08-02-2015,24.8,31.6,27.6,87,3,9.1,3,30,1,E 
09-02-2015,24.6,32,27.7,87,5.9,3.9,6,60,3,NW
10-02-2015,24.9,33,27.4,84,39.1,10.8,5,310,2,NW
11-02-2015,26,29,26.7,91,2.2,9.6,5,330,3,E 
12-02-2015,25.6,28.8,25.9,94,9.6,1.8,5,315,2,E 
13-02-2015,24,31.8,26.9,89,42.8,0,4,250,2,SE
14-02-2015,24,30.3,26.2,89,36.4,3.7,4,260,1,E 
15-02-2015,24.5,29.2,26.3,90,2,0.1,4,10,1,E 
16-02-2015,24.8,32,27.6,88,7.3,2.1,6,340,2,E 
17-02-2015,,31.4,27,89,,,7,345,2,SE
18-02-2015,25.2,31.6,27.7,86,4.4,4,6,310,2,NW
19-02-2015,25,32,28.2,83,0,5.4,13,320,4,NW
20-02-2015,25.2,29.1,26.9,89,30.1,9.5,7,270,3,W 
21-02-2015,22.8,30.4,26,88,14.1,0,7,320,4,NW
22-02-2015,23.2,,28.7,86,10.3,7.1,4,310,2,NW
23-02-2015,25.6,32.4,28.5,85,0,7.6,9,40,3,NW
24-02-2015,24,32,26.6,85,31.5,6,4,40,2,N 
25-02-2015,24.4,30,26.8,87,4,0.4,3,220,1,N 
26-02-2015,24.4,32.4,28,84,0.7,4.3,4,330,2,NW
27-02-2015,25.5,32.8,29.5,83,0,7.4,3,310,2,SE
28-02-2015,25.4,32.4,28.3,82,0,9.7,5,270,2,SE
01-03-2015,25.2,30.4,27.1,88,2.5,5.5,8,330,2,NW
02-03-2015,24.8,28,25.2,89,18.7,4.5,5,280,2,N 
03-03-2015,24,27.4,25,94,127.6,0,7,260,4,W 
04-03-2015,23.8,29.4,26.2,91,29,0,3,40,2,NE
05-03-2015,25,31,26.8,86,4,1.9,7,310,3,E 
06-03-2015,24,27.4,24.7,93,12.1,2.9,6,240,2,E 
07-03-2015,22.6,29,25.3,92,46.8,0,4,310,1,SE
08-03-2015,23.6,32,27,84,0,1.6,4,330,2,NW
09-03-2015,25.4,32.2,28.2,87,0,9.5,4,320,2,NW
10-03-2015,25.2,32.1,28.1,88,1,9.2,4,335,2,NW
11-03-2015,25.6,31.8,28.5,84,0,9.1,3,340,2,E 
12-03-2015,,32.8,27.3,91,0,,2,120,1,SE
13-03-2015,25.4,32.2,27.5,85,5.4,6.3,4,260,2,E 
14-03-2015,25.2,31.6,27.8,86,,6.2,6,300,2,SE
15-03-2015,25.2,32,27.7,88,1,7.4,4,280,2,E 
16-03-2015,24.2,31.8,27.9,88,2.5,6.8,4,300,2,E 
17-03-2015,25,29,26.7,93,19.2,4.6,4,20,1,N 
18-03-2015,24.4,33.2,27.7,87,14.2,0.2,3,330,2,SE
19-03-2015,24.2,33.4,27.8,82,8888,9.5,4,260,2,SE
20-03-2015,25.2,33,28.7,83,0,8.2,4,305,2,SE
21-03-2015,25,32,28.3,82,0,7,6,260,2,W 
22-03-2015,25,33,26.7,92,16.8,8.4,11,310,2,E 
23-03-2015,25,32,27.8,88,8,3.1,4,340,2,NW
24-03-2015,25.4,32.6,28.6,88,0,8.5,6,310,2,NW
25-03-2015,25.2,32.8,29.3,84,0,8.7,3,330,2,SE
26-03-2015,25.2,32.2,28.3,84,8888,9.9,4,260,2,SE
27-03-2015,25.4,32,28.6,83,0,8.4,3,270,1,SE
28-03-2015,25.8,33,28.9,83,8888,7.8,3,300,2,SE
29-03-2015,26,33.8,28.7,85,0,8.1,4,290,2,SE
30-03-2015,25.2,33.6,28.6,84,8888,,4,260,2,SE
31-03-2015,25,33,27.9,84,4.5,8,4,130,2,SE
01-04-2015,25.4,33.2,27.8,84,1.3,6.5,5,70,2,SE
02-04-2015,25,33.2,26.9,90,9,6.4,5,290,2,E 
03-04-2015,24.2,31.8,26.9,90,69.9,6.5,7,340,2,E 
04-04-2015,24.4,31.4,27.7,89,1.7,1.5,4,50,2,SE
05-04-2015,24,31.6,27.4,85,8888,5.1,3,270,1,SE
06-04-2015,24.2,32.2,26.8,88,0,5.4,5,310,2,E 
07-04-2015,24.2,32.1,27.7,88,5,1.8,4,240,2,SE
08-04-2015,24.4,34,28.8,80,0,3.3,4,240,2,SE
09-04-2015,24.8,32.2,28,82,8888,9.3,3,240,1,SE
10-04-2015,24.6,32.4,27.9,85,0.8,7.2,4,170,2,SE
11-04-2015,24.6,32.9,28.3,83,2.4,5,4,290,1,N 
12-04-2015,24.8,,27.4,84,2.8,9.1,11,340,3,E 
13-04-2015,24.8,31,27.3,86,57.5,4.5,2,90,1,SE
14-04-2015,25,32,28.3,78,0,3.9,3,270,2,SE
15-04-2015,24.8,32.2,28.4,80,0,7.1,4,260,2,W 
16-04-2015,26.2,32.4,27.7,87,8888,9.3,4,360,1,SE
17-04-2015,25,30.2,27.1,89,13,2.6,3,240,1,SE
18-04-2015,25,30.2,27.4,87,13,2.6,3,240,1,SE
19-04-2015,25.4,32.2,28.2,84,0,0.7,4,320,1,NW
20-04-2015,25,33,28.2,84,0,7.3,3,300,1,SE
21-04-2015,25.8,32.6,28.2,83,0,7,14,320,2,E 
22-04-2015,25,33.7,28.8,81,0.4,7.2,4,310,2,SE
23-04-2015,25.2,33.8,28.5,82,0,6.7,7,20,2,SE
24-04-2015,25.8,30.4,28.1,86,1.8,9.4,5,300,2,E 
25-04-2015,23.6,32.4,27.3,87,3,4.3,7,260,3,NW
26-04-2015,23.6,30,26,87,23,7.4,4,330,1,SE
27-04-2015,24.8,32.6,28.1,79,8888,0,3,260,1,E 
28-04-2015,25,33.1,28.5,81,0,2.7,4,310,1,E 
29-04-2015,25.4,33.6,28.6,83,8888,7.6,3,320,2,SE
30-04-2015,25.4,32.9,27.4,84,12.3,9.1,4,330,2,SE
01-05-2015,25,33.6,27.2,84,8888,5,4,100,2,SE
02-05-2015,25.2,30.4,27.4,85,0,5.1,3,330,1,SE
03-05-2015,24.4,32.2,27.4,84,0,0,4,290,2,SE
04-05-2015,25,32.3,27.6,85,2.8,4.7,5,60,2,E 
05-05-2015,24.8,29.1,26.4,88,5.2,6.1,6,240,2,SE
06-05-2015,24.2,32.8,27.8,82,8888,1.5,4,300,2,E 
07-05-2015,25.3,32.8,28.9,75,0,7.5,4,280,2,SE
08-05-2015,24.2,32.8,28.3,77,0,9,5,260,2,E 
09-05-2015,25.6,33.2,28.5,75,0,9.7,4,250,2,SE
10-05-2015,25.6,33.6,28.9,76,0,3.5,3,300,1,SE
11-05-2015,26,33,29.3,79,0,3.5,4,250,2,W 
12-05-2015,26.5,32.8,29.3,80,0,8.4,5,260,2,E 
13-05-2015,26.8,33.2,29.3,77,0,8.5,5,260,2,SE
14-05-2015,26.4,33.1,29.3,77,0,8.1,5,280,2,SE
15-05-2015,24.4,33,28.4,71,0,9.5,4,250,2,SE
16-05-2015,24.4,33,27.8,70,0,10.5,5,250,2,SE
17-05-2015,24.2,32.8,28.2,73,0,10.2,6,250,2,SE
18-05-2015,24.8,32.7,28.1,76,0,9.6,3,320,2,E 
19-05-2015,24.8,32.8,28.4,75,0,10.2,4,260,2,SE
20-05-2015,25,33.5,28.8,73,0,10.4,4,250,2,W 
21-05-2015,24.8,32.4,28.4,74,0,9.9,4,260,1,W 
22-05-2015,26,33.2,28.8,79,0,10.3,4,260,2,SE
23-05-2015,25.4,32.9,28.4,76,0,7.8,5,260,2,W 
24-05-2015,25,33,28.8,76,0,6.6,4,270,2,W 
25-05-2015,24.8,33,28.5,77,0,6,4,260,2,SE
26-05-2015,25.2,,28.9,76,0,5.5,5,260,2,N 
27-05-2015,25,33.3,28.7,76,0,10.4,5,250,2,W 
28-05-2015,25.7,32.3,28.3,82,0,10.5,3,250,1,SE
29-05-2015,26,32.8,28,81,8888,3.2,4,260,2,W 
30-05-2015,25.4,33.2,28.5,80,0.5,3.8,4,220,2,SE
31-05-2015,25.2,33.2,28.2,77,8888,5.7,4,265,2,W 
01-06-2015,26,33.2,28.5,79,0,5.3,4,250,2,E 
02-06-2015,25.6,32.6,27.8,86,4,7.7,6,10,2,SE
03-06-2015,24,32.1,27.5,81,30,4,3,260,2,N 
04-06-2015,24.7,30.2,26.8,86,10.8,6.5,3,330,1,NW
05-06-2015,25.4,32,27.8,87,0,1.5,5,260,2,W 
06-06-2015,25,32.8,28.6,77,2.5,7.9,4,260,2,W 
07-06-2015,26.4,30.5,27.2,88,8888,8.7,3,170,1,SE
08-06-2015,24.8,29.4,26.7,88,7.5,1.1,3,260,1,NW
09-06-2015,25.4,31.2,27.6,87,8888,0.4,4,320,2,SE
10-06-2015,25.2,32.1,27.9,82,0,6.5,4,265,2,SE
11-06-2015,24.8,28.8,27.8,81,0,7.9,3,190,1,SE
12-06-2015,24.4,32.2,27.8,77,0,10.1,6,240,2,SE
13-06-2015,24.2,32.4,28.2,74,0,10,4,10,2,S 
14-06-2015,24.4,32.6,28,78,0,9.6,3,300,2,NW
15-06-2015,23.8,32,28,75,0,9.3,5,260,2,SE
16-06-2015,24.8,31.5,27.5,78,0,10.2,4,30,1,SE
17-06-2015,24.7,31.8,27.5,82,0,0.9,5,220,2,W 
18-06-2015,24.2,31.6,27.3,77,0,10.1,4,270,1,W 
19-06-2015,24.6,31.6,27.7,79,0,8.8,3,260,2,SE
20-06-2015,24.8,31.2,27.3,79,0,2.2,3,350,1,SE
21-06-2015,24.2,32.6,27.4,76,0,3.3,3,250,1,SE
22-06-2015,23.8,31.4,27.3,73,0,7.9,4,250,2,W 
23-06-2015,25.2,32.2,28,78,0,4.2,4,250,2,NW
24-06-2015,24.8,30.4,26.7,84,8888,3.5,4,260,1,SE
25-06-2015,25.6,32,28.2,79,8888,0.2,4,260,2,W 
26-06-2015,25.6,32.8,28,81,0,0.2,5,170,2,E 
27-06-2015,25,32.5,28.1,76,0,9,4,260,2,E 
28-06-2015,24.6,32.7,28.3,74,0,10.2,4,280,2,SE
29-06-2015,23.7,32.1,27.3,73,0,10.2,4,250,2,SE
30-06-2015,23.6,31.8,26.7,76,0,9.9,4,260,2,SE
01-07-2015,22.2,32.2,26.9,74,0,9.4,5,160,2,SE
02-07-2015,24,32.1,26.7,80,0,10,5,40,2,SE
03-07-2015,23.2,31.8,26.8,71,0,10.4,5,260,2,SE
04-07-2015,22.2,30.7,25.7,74,0,10.1,5,270,2,W 
05-07-2015,22.6,31.2,26.5,74,0,9.7,4,250,2,E 
06-07-2015,23.2,31.8,26.8,74,0,10.7,4,250,2,SE
07-07-2015,23.2,32.2,27,66,0,9.9,4,50,2,SE
08-07-2015,23.6,32.4,27.1,72,0,10.1,4,240,2,SE
09-07-2015,24,31.4,26.9,76,0,10.1,4,240,2,SE
10-07-2015,24.6,32.4,28,74,0,9.3,4,250,2,SE
11-07-2015,24.6,34.4,27.9,75,0,5.8,4,250,2,W 
12-07-2015,24.4,33.2,28.4,68,0,10.2,5,260,2,E 
13-07-2015,24.6,33,28.6,71,0,10.5,5,60,2,E 
14-07-2015,25,32.4,28,70,0,9.3,5,60,2,SE
15-07-2015,23.6,31.2,26.9,69,0,9.2,4,240,2,W 
16-07-2015,23.4,33.2,27.2,72,0,10,4,250,2,S 
17-07-2015,25,32.8,27.9,76,0,8.7,3,300,2,W 
18-07-2015,24.2,32.8,28,72,0,10,4,260,1,W 
19-07-2015,24,32.7,27.7,75,0,9.7,6,40,1,N 
20-07-2015,24,31.4,26.8,77,,9.2,6,230,2,SE
21-07-2015,23.5,32.4,26.9,73,0,10.4,4,250,2,W 
22-07-2015,23.8,32.2,27,74,0,5,4,250,2,W 
23-07-2015,23.6,32.6,27.2,72,0,10.1,4,250,2,W 
24-07-2015,24,31.8,27.2,70,0,7.5,4,260,2,SE
25-07-2015,23.7,34,27.8,71,0,10.3,4,240,2,S 
26-07-2015,25,32.2,28,74,0,10.5,4,240,1,W 
27-07-2015,23.6,,27.3,71,0,10.4,7,50,2,E 
28-07-2015,25,31.8,27.5,76,0,10.3,6,250,2,W 
29-07-2015,24.6,32.2,28.4,67,0,10.1,6,250,2,E 
30-07-2015,25.2,33.7,27.6,72,0,10.1,7,80,2,E 
31-07-2015,24.4,31.9,27.4,71,0,9.6,6,260,2,W 
01-08-2015,24,32.2,27.4,70,0,10.1,5,280,2,W 
02-08-2015,23.2,31.2,27.1,68,0,9.4,5,300,2,SE
03-08-2015,22.6,31.7,26.2,63,0,10,6,260,2,SE
04-08-2015,22.6,31.4,26.3,70,,10,4,250,2,E 
05-08-2015,22.7,31.8,26.2,67,0,10,4,260,2,SE
06-08-2015,22.8,32.4,26.8,66,0,,6,40,2,E 
07-08-2015,23,32.4,27,67,0,10,6,40,2,SE
08-08-2015,23,30.2,26.6,71,0,10,4,270,2,E 
09-08-2015,24,32.4,27,70,0,9.9,5,250,2,W 
10-08-2015,24.2,32.6,27.3,72,0,9.7,4,260,2,SE
11-08-2015,24.2,31.9,27.7,73,0,9.6,5,250,2,W 
12-08-2015,24.2,33.8,27.7,71,0,9.5,6,250,2,SE
13-08-2015,24.6,31.6,27.7,73,0,9.6,4,260,2,E 
14-08-2015,24.3,33.6,28.3,67,0,9.3,6,240,2,SE
15-08-2015,24.5,32.4,27.3,69,0,9.5,5,240,2,E 
16-08-2015,23.8,32.8,27.7,73,0,9.8,7,250,2,W 
17-08-2015,23.2,31.8,27.1,76,0,9.2,5,230,2,SE
18-08-2015,23.4,32,26.8,74,0,9.3,4,250,2,SE
19-08-2015,22,32.9,26.5,63,0,9.4,5,250,2,E 
20-08-2015,22.4,31.9,27.1,64,0,9.4,5,250,2,SE
21-08-2015,23,30.8,26.9,70,0,9.3,6,240,2,SE
22-08-2015,23,32,27.1,72,0,9.1,5,260,2,SE
23-08-2015,24,32,26.9,79,0,9.2,4,250,2,W 
24-08-2015,24.8,34.2,28.6,77,0,8.8,4,230,2,E 
25-08-2015,25.2,33.4,28.9,76,0,9.5,5,260,2,W 
26-08-2015,25,31.2,28.3,75,0,9.1,5,220,2,W 
27-08-2015,24,31.6,27.5,76,0,9.1,6,250,2,SE
28-08-2015,24.2,32.4,27.5,80,0,9.5,6,260,3,W 
29-08-2015,24.6,32,27.8,73,0,9.1,5,240,2,W 
30-08-2015,22.6,32.2,27.7,65,0,9.2,5,260,2,W 
31-08-2015,22.8,30.2,26.6,75,0,9.5,6,240,2,S 
01-09-2015,23.6,32.8,,,,9.1,5,280,2,NW
02-09-2015,,32.4,27.3,77,,,5,240,2,W 
03-09-2015,24.4,31.8,26.6,75,,10,5,250,2,W 
04-09-2015,23,31.2,26.5,79,,10,5,290,2,W 
05-09-2015,23,31.8,26.8,74,,9.6,5,240,2,S 
06-09-2015,23.4,32.8,26.9,77,,9.7,4,230,2,N 
07-09-2015,22.6,31.4,26.4,71,,10.1,5,250,2,W 
08-09-2015,22.2,32.4,26.9,65,,9.8,4,300,2,W 
09-09-2015,22.2,32,27.2,58,,9.9,6,90,2,E 
10-09-2015,24.6,32.3,27.5,72,,9.8,4,250,2,W 
11-09-2015,24.5,31.8,27.5,75,,10.2,4,250,2,SE
12-09-2015,24.2,32.2,27.9,69,,10.1,5,240,2,SE
13-09-2015,24.2,34.4,27.9,63,,10,15,250,3,E 
14-09-2015,24,34.4,28.3,63,,10,4,230,2,N 
15-09-2015,23.7,32.2,27.2,69,,10.1,5,250,2,SE
16-09-2015,23.8,33,28.3,71,,10.1,5,240,2,E 
17-09-2015,24.2,33.2,28.9,77,,9.9,4,230,2,W 
18-09-2015,25.4,33.2,,,0,8.9,5,220,2,SW
19-09-2015,24.6,32.4,28,72,,9.4,5,260,2,W 
20-09-2015,25,33.9,28.6,78,0,10.6,6,250,2,SE
21-09-2015,25,33,28.7,73,,8.9,5,240,2,SW
22-09-2015,23.9,,28.6,65,,10.4,6,240,2,E 
23-09-2015,23.8,32.4,27.8,67,,10.2,5,250,2,SW
24-09-2015,22.2,32.6,26.1,73,,10.2,7,240,2,W 
25-09-2015,23.4,31.5,27.4,72,0,10.3,6,250,2,W 
26-09-2015,,32,,,,10.6,5,250,2,W 
27-09-2015,23.8,33.6,28.1,74,,10,4,240,2,N 
28-09-2015,25,32.4,,,,10.5,5,250,2,W 
29-09-2015,24.6,33.4,28,77,,9.9,6,260,2,N 
30-09-2015,24,33.4,28,78,,10,5,230,1,W 
01-10-2015,23.8,33.3,,,,10.6,6,240,2,N 
02-10-2015,25.6,34.6,,,,10.4,6,50,2,SE
03-10-2015,24,33.5,28.3,72,0,10.4,6,240,2,N 
04-10-2015,24,32.6,28.1,72,0,11.3,4,250,2,W 
05-10-2015,24.4,33.4,29.1,69,0,10.4,5,200,2,N 
06-10-2015,25,,,,,10.5,6,220,2,SW
07-10-2015,24.6,33,28.5,68,0,10,5,250,2,W 
08-10-2015,24.2,33.2,28.2,72,,10.1,5,240,2,W 
09-10-2015,23.8,32.8,28.3,71,0,,5,250,2,N 
10-10-2015,26.3,33.8,28.8,68,,10.5,5,260,2,W 
11-10-2015,24.2,33.2,29.2,78,,,7,230,3,SW
12-10-2015,24,33.6,,,,9.5,5,250,2,SE
13-10-2015,,33.2,28.5,70,,10.5,5,260,2,W 
14-10-2015,24.4,35.2,29.3,64,,10.6,4,240,2,S 
15-10-2015,24.3,32.4,,,0,10.7,5,250,2,N 
16-10-2015,24.3,32.8,28.4,70,0,10.3,6,240,2,S 
17-10-2015,,33,27.8,72,,7.1,5,260,2,N 
18-10-2015,23.5,33.2,28.1,70,0,10.3,5,240,2,S 
19-10-2015,24.2,34.3,28.3,73,,10.9,5,260,2,SE
20-10-2015,24,34.6,28.6,65,0,,5,240,2,W 
21-10-2015,25.4,34.2,29.9,66,,10.8,7,240,2,SW
22-10-2015,24.8,35.4,30.5,61,,9.4,5,230,2,E 
23-10-2015,25.2,34.5,29.8,60,,10.7,5,230,2,S 
24-10-2015,,34.6,29.8,60,,,6,20,3,SW
25-10-2015,,34.8,30.2,70,,,6,240,2,SW
26-10-2015,26.8,33.6,30,78,,10.5,5,230,3,SW
27-10-2015,27.2,33.2,29.4,78,0,10.2,6,20,2,N 
28-10-2015,26,34,29.4,73,,10.4,6,360,3,N 
29-10-2015,26.6,34,29.8,78,0,10.2,5,250,3,NE
30-10-2015,26.2,34,29.9,74,0,10.2,5,40,2,SW
31-10-2015,26.6,34.2,29.4,78,0,9.7,5,240,2,SE
01-11-2015,25.9,,,,3.5,9.5,4,250,1,N 
02-11-2015,26,34,,,,10.7,5,240,2,SE
03-11-2015,25.8,34.6,30.1,69,0,11,6,310,2,NW
04-11-2015,26.6,33.8,,,,10.8,5,310,2,NW
05-11-2015,26.8,32.7,29.6,77,0,10.4,4,230,1,E 
06-11-2015,,33.8,30,77,0.5,6.5,5,230,2,SE
07-11-2015,,,30,74,,9,8,200,2,SE
08-11-2015,26,33.8,29.7,74,,10.5,5,360,2,W 
09-11-2015,27,33.2,29.7,79,9.4,10.4,4,290,2,E 
10-11-2015,26.6,33.7,30,77,0,7.6,6,220,2,SE
11-11-2015,27.2,33.2,29.3,79,0,8.7,5,270,2,SE
12-11-2015,25.7,33.4,29,80,,8.9,4,240,2,W 
13-11-2015,26.6,33.6,29.7,78,,10.9,5,220,2,SE
14-11-2015,27,32.2,29.2,80,,,6,240,1,SE
15-11-2015,26.6,33.9,28.9,83,19.5,5.2,4,190,2,SE
16-11-2015,,33.2,29.1,80,14.5,7.3,4,320,2,SW
17-11-2015,25.9,31.6,28.4,86,27.9,5.9,4,190,1,E 
18-11-2015,26.5,31.6,28.8,81,0,2.2,4,260,2,SE
19-11-2015,26.7,32.8,28.8,82,,,5,240,2,SE
20-11-2015,25.2,32.7,29.3,81,23.5,5.7,4,290,2,SE
21-11-2015,26.1,32.2,29.1,77,0,10,5,290,2,E 
22-11-2015,26.2,32.4,29.3,82,8888,9.5,5,260,2,W 
23-11-2015,26.2,33,30.6,75,,11.1,5,260,2,E 
24-11-2015,26,33.2,29.6,76,,11,6,250,3,W 
25-11-2015,27.4,33.4,29.9,77,0,11,4,250,2,W 
26-11-2015,27.1,33.5,,,,10.9,4,300,2,E 
27-11-2015,26.2,32.8,28.9,81,,8.9,4,260,2,SE
28-11-2015,26.1,33,29.2,80,13.5,8,5,300,2,W 
29-11-2015,,,28.8,86,24,1.7,4,300,2,E 
30-11-2015,25.9,32.8,29.2,84,13.5,5.8,6,300,2,SE
01-12-2015,26.1,32.4,28.6,85,8888,7.5,4,310,2,SE
02-12-2015,26.2,33.2,28.2,85,0.4,5.9,5,310,2,E 
03-12-2015,25,33.8,28.5,82,3.3,,5,300,2,E 
04-12-2015,26,32.6,28.6,82,8888,7.7,4,290,2,SE
05-12-2015,25.6,,28.6,84,,7,4,290,2,SE
06-12-2015,25.6,33,,,1.9,7.6,3,120,2,SE
07-12-2015,25.4,32.8,28.3,83,1,5.8,4,310,2,SE
08-12-2015,25.7,33.6,,,,8.2,4,300,1,SE
09-12-2015,26.2,33.8,29,83,3.6,9,4,290,2,SE
10-12-2015,26,33.6,30.2,79,,8.9,4,290,2,SE
11-12-2015,26.4,32.8,,,1,,5,300,2,E 
12-12-2015,26.6,34,29.8,82,8888,5.7,5,310,2,E 
13-12-2015,26.4,32.5,28.7,86,39,9.3,4,350,2,S 
14-12-2015,25.4,33,29.2,84,50.5,,6,340,3,N 
15-12-2015,26.5,31.2,27.9,88,26.2,7.1,6,290,3,W 
16-12-2015,25.4,31.4,26.9,90,12.5,2.6,11,230,2,E 
17-12-2015,25,28.3,26.1,93,45,,10,260,5,W 
18-12-2015,25,27.4,25.4,95,130.7,0.1,8,290,4,E 
19-12-2015,24.2,29.2,27.6,88,112.4,0,6,200,3,W 
20-12-2015,23.8,28.4,,,44.9,0,9,100,3,E 
21-12-2015,24.5,27.8,25.7,94,38.5,0,3,50,2,SE
22-12-2015,24,32.6,27.9,81,10.4,0,4,300,2,SE
23-12-2015,25.4,33,27.6,86,,8.6,5,280,2,W 
24-12-2015,25.6,30.8,26.9,91,16,8.3,13,280,3,SE
25-12-2015,24.4,28.2,25.8,90,14.7,0.1,16,230,4,E 
26-12-2015,24.2,32.2,27.7,84,61.2,0.1,4,300,2,NW
27-12-2015,25.8,33,29,83,0,8.7,4,300,2,NW
28-12-2015,26.2,32.6,28.7,86,1,8.7,8,310,4,N 
29-12-2015,27.6,31.6,28.6,88,0.5,,8,310,4,NW
30-12-2015,25.6,29.6,27.3,89,2.5,,8,350,3,SE
31-12-2015,25.6,33.2,,,12.4,0.3,4,280,2,SE
01-01-2016,26,32.8,29,84,7,10.8,5,230,2,SE
02-01-2016,26.4,32.4,28.9,83,,7.1,7,290,2,E 
03-01-2016,26.2,33.2,29.3,83,,11,5,280,2,SE
04-01-2016,26,32.8,29.4,83,11.6,10.6,5,300,2,S 
05-01-2016,24,33.7,29.3,80,,10.3,5,250,2,SE
06-01-2016,25.4,,29.2,81,,9.4,4,280,2,SE
07-01-2016,26.4,33.4,29.3,81,,10.9,4,290,2,N 
08-01-2016,25.9,33.8,29.2,82,3,,4,230,2,E 
09-01-2016,25.9,33.2,28.7,84,,9,8,150,2,SE
10-01-2016,24,33,,,,8.9,4,130,2,SE
11-01-2016,,,,,,,,,,
12-01-2016,25.6,33.4,29.4,79,0,10,8,80,3,SE
13-01-2016,26,33.8,29.7,77,0,10.5,6,290,3,SE
14-01-2016,26.1,33.4,29,83,0,10.9,5,290,2,SE
15-01-2016,26.8,33.6,28.8,84,0,10.7,8,310,2,SE
16-01-2016,25.2,33.4,28.4,81,7.8,8,5,280,2,E 
17-01-2016,26,33,28.9,85,8,10.8,6,310,3,SE
18-01-2016,26.5,,29,86,0,9.4,5,290,2,SE
19-01-2016,24.8,33.6,28.1,86,3.5,9.7,8,250,2,SE
20-01-2016,25.2,32.2,,,22.8,7.5,4,290,2,SE
21-01-2016,26,31.7,27.9,87,2.2,3.2,8,350,3,E 
22-01-2016,24,26.8,25.2,95,160.3,5.1,6,60,2,E 
23-01-2016,24,32.8,28.4,85,35,0,6,250,3,W 
24-01-2016,24.6,31.4,27,87,51.3,5.8,12,280,3,W 
25-01-2016,23.8,31.2,,,27,2.8,18,250,3,N 
26-01-2016,24.2,29.1,26.3,87,30.3,3.2,7,280,2,E 
27-01-2016,,32.5,28.4,84,4.5,,6,350,4,N 
28-01-2016,27.2,33,29.5,85,8888,9.6,7,290,3,W 
29-01-2016,27.2,33.4,,,0,9.1,6,300,3,NW
30-01-2016,27.4,33.4,29.4,85,0,6.5,6,350,4,N 
31-01-2016,25.2,33.4,28.8,83,1.9,7.4,4,280,2,W 
01-02-2016,26.5,32.3,29.4,86,8888,,7,290,3,W 
02-02-2016,24.6,32.2,27.8,88,61,2.2,6,280,2,SE
03-02-2016,24.6,29.4,26.9,90,6,3.7,9,290,3,E 
04-02-2016,24.5,29,26.4,89,69,0,5,350,2,N 
05-02-2016,24.4,32.7,28.3,85,0,0.7,4,330,2,SE
06-02-2016,26,31.8,,,0,6.6,4,320,2,SE
07-02-2016,26.1,33.2,29,86,5,3.7,4,310,2,NW
08-02-2016,25,31.2,27.3,90,63.5,5.4,5,280,2,E 
09-02-2016,25.2,32.6,28.4,88,22.2,0.9,3,50,2,SW
10-02-2016,26.2,32.3,28.7,87,0,6.1,9,320,3,W 
11-02-2016,24.6,31,26.3,92,47.4,3,9,260,4,W 
12-02-2016,24,29.4,,,73.7,8,4,320,2,SE
13-02-2016,24,32.8,27.8,84,9.8,0,3,300,2,NW
14-02-2016,24.8,32.6,,,0,8.3,4,320,2,NW
15-02-2016,26.6,,29.1,84,0,10.5,5,320,2,NW
16-02-2016,26,32.9,28.5,85,2.5,6.8,5,310,2,NW
17-02-2016,24.7,30.4,27.3,89,28.6,4.3,5,330,2,E 
18-02-2016,25.2,31.6,,,14,2.6,5,290,3,NW
19-02-2016,25.8,32,27.8,88,7,6.2,3,80,2,SE
20-02-2016,25,33.1,28.6,80,0.6,2.1,4,240,2,S 
21-02-2016,26.4,34.1,28.4,86,0,9.2,6,250,2,E 
22-02-2016,25.8,32.2,28,87,21.5,6.8,5,320,3,E 
23-02-2016,25.2,32.6,27.8,85,11.3,6.2,7,300,3,NW
24-02-2016,25,32,27.8,86,16,7.4,4,40,2,E 
25-02-2016,,30.9,28.1,86,1,5.9,9,320,4,NW
26-02-2016,24.8,,25.8,93,36.5,4.7,15,290,3,SE
27-02-2016,24.3,30.1,25.4,94,99.5,2.6,15,280,3,E 
28-02-2016,24.6,,26.8,93,103.4,3.5,5,290,2,NW
29-02-2016,25,,27.1,89,23.2,4.7,5,10,3,E 
01-03-2016,25,31.3,27.6,89,19,2,6,220,2,SE
02-03-2016,25.4,32.6,27.7,85,0.9,7,5,260,2,E 
03-03-2016,25,31.6,27.8,91,13.1,6.2,4,310,2,SE
04-03-2016,25.4,32.7,28.7,88,3,7.4,6,300,3,E 
05-03-2016,27,31.6,28.6,86,0.5,11,4,290,2,SE
06-03-2016,25.8,33.2,29.1,85,0,4.2,4,330,2,SE
07-03-2016,26.2,33,29.4,81,0,5.5,4,270,2,W 
08-03-2016,26.8,34,29.7,84,0,10.1,5,300,2,NW
09-03-2016,26.4,33.5,29.4,83,0,10.1,4,300,2,SE
10-03-2016,26.4,34,29.1,82,8888,8.2,4,280,2,SE
11-03-2016,26.6,33.8,29.4,82,0,7.4,3,330,2,E 
12-03-2016,,,29.4,82,8888,4.9,3,250,2,SE
13-03-2016,26.4,,29.1,82,7.6,4.7,5,300,2,NW
14-03-2016,26.8,,28.1,88,0,4.9,6,320,2,E 
15-03-2016,25.6,29,26.8,93,8.8,2.2,7,320,2,E 
16-03-2016,25.8,31.2,27.3,92,18.9,0,8,260,2,SE
17-03-2016,25.2,31,27.6,88,76.2,3.6,6,320,2,E 
18-03-2016,26,32.6,28.7,87,0,3.6,6,310,3,E 
19-03-2016,26,33.2,29.2,86,1.5,6.4,4,320,2,E 
20-03-2016,26.8,33.4,29.5,85,8888,,4,320,2,SE
21-03-2016,26.6,33.9,29.6,83,,,3,300,2,W 
22-03-2016,27.7,33.6,30.1,86,0,10,4,300,2,SE
23-03-2016,27,33.1,29.6,85,,7.1,6,30,3,E 
24-03-2016,25.4,31.4,27.9,89,33.5,9.7,5,330,2,SE
25-03-2016,25.2,33.4,28.4,86,1.2,4.9,4,320,2,SE
26-03-2016,25.4,32.9,28.5,86,1.6,8.2,8,40,4,NW
27-03-2016,,32.5,27.4,91,3,9.1,4,240,2,SE
28-03-2016,25,33.9,29,83,0,4.4,4,300,2,SE
29-03-2016,25,32.8,28.2,88,0,9.6,5,120,2,SE
30-03-2016,25.9,32,26.7,93,14.7,6.3,4,180,1,SE
31-03-2016,25.1,31.8,26.8,92,17.6,1.8,4,300,2,E 
01-04-2016,24.2,32.2,28,90,38.7,2.1,3,320,2,E 
02-04-2016,25,33,28.4,87,8888,8.3,5,30,2,E 
03-04-2016,25.8,32.8,28.2,84,0.1,5.5,4,280,2,SE
04-04-2016,25.5,33,27.7,86,2,6.3,4,300,2,SE
05-04-2016,25.4,32.6,28.8,82,19.9,7.4,3,290,2,W 
06-04-2016,26.2,33,29,84,1.5,8.5,5,320,2,SE
07-04-2016,24.8,34.2,28.9,87,0,9.6,5,240,2,S 
08-04-2016,26.2,33.1,28.8,84,0,7.9,4,320,2,E 
09-04-2016,26.1,31.9,27.9,86,8888,8.6,6,330,2,E 
10-04-2016,26,32.6,28.8,87,2.5,5.7,5,320,2,NE
11-04-2016,25.4,32.5,28.3,88,10.9,7.9,4,300,2,SE
12-04-2016,26,33.5,29.6,83,8888,3.4,4,270,2,SE
13-04-2016,27,33.2,29.4,85,0,8.4,3,290,2,E 
14-04-2016,26.6,32.9,28.6,87,0,5.1,5,320,2,SE
15-04-2016,26.4,32.6,28.4,87,4.3,5.5,4,270,2,SE
16-04-2016,26.2,32.8,28.2,88,0,6.5,4,300,2,E 
17-04-2016,26.1,33.4,28.9,84,0.9,5.4,4,250,2,E 
18-04-2016,25.8,,29.2,83,,8.6,5,30,2,E 
19-04-2016,,33,29.7,86,,9.6,4,320,2,SE
20-04-2016,25,34.4,28.9,80,0,7.8,4,250,2,SE
21-04-2016,26.6,35,29.6,84,0,8.7,4,250,2,SE
22-04-2016,27,34,29,88,0,8.6,5,320,2,SE
23-04-2016,24,33.6,29.7,85,7.5,7.7,4,270,2,SE
24-04-2016,26.5,34.2,29.6,86,0,9.4,4,320,2,NW
25-04-2016,,34.4,29.4,85,0,8.7,4,260,2,SE
26-04-2016,26,32.2,29,84,2.2,5.1,5,250,2,E 
27-04-2016,26.2,32,27.9,88,6.7,0.9,4,320,2,SE
28-04-2016,25.4,32.6,28.4,83,18.6,4.8,4,250,2,SE
29-04-2016,26,34,29.5,75,8888,6.7,4,250,2,SE
30-04-2016,,33.4,29.3,80,0,9.2,4,310,2,SE
01-05-2016,26.8,33.5,28.5,83,8888,7.2,7,120,2,SE
02-05-2016,25.6,33.2,28.7,81,15,6.6,4,250,2,SE
03-05-2016,25.2,33.2,28.8,80,8888,6.5,4,240,2,E 
04-05-2016,26.6,33.1,29.2,79,0,10.3,4,330,2,SE
05-05-2016,26,33.8,29.6,79,0,10.2,7,310,2,E 
06-05-2016,26.6,32.4,29,86,1.6,9.8,4,220,2,NW
07-05-2016,26,32.8,29.1,77,0,7.6,4,260,2,SE
08-05-2016,27.2,33.6,29.4,77,0,10.6,4,270,2,SE
09-05-2016,27,32,28.8,83,1.4,9.9,5,330,2,SE
10-05-2016,26,32.8,29.5,80,10.6,4.7,3,280,2,SE
11-05-2016,25.4,33.2,28.2,84,4,6.1,4,300,2,E 
12-05-2016,27.6,34.8,30.3,76,,11.3,5,250,2,SE
13-05-2016,26.3,33.5,30.4,77,0,8.1,5,230,2,SE
14-05-2016,26.4,33.8,29.7,79,0,9.7,5,260,2,SE
15-05-2016,27.2,34,29.9,83,0,10.9,5,260,2,W 
16-05-2016,27.8,34,30.3,80,0,9.3,5,260,2,W 
17-05-2016,28,34.2,30.1,81,8888,9.2,5,260,2,SE
18-05-2016,26.6,34,29.6,80,0,7,4,310,2,SE
19-05-2016,26.8,34.1,29.4,79,8888,8.9,7,250,3,E 
20-05-2016,26.3,34,29.1,80,0,8.8,4,300,2,E 
21-05-2016,26.8,34.2,26.8,81,0,9.2,7,290,2,SE
22-05-2016,26,33.6,29.4,76,11,8.8,4,270,2,SE
23-05-2016,27,34.2,30.2,77,0,10,4,250,2,SE
24-05-2016,26.1,33.2,29.3,78,0,9.3,6,40,2,SE
25-05-2016,25.6,34.6,29,79,0,9.1,6,40,2,W 
26-05-2016,27,33.4,29.4,79,0,8.7,4,260,2,SE
27-05-2016,27.2,32.6,29.1,81,0,5.6,6,320,2,W 
28-05-2016,26.6,33.7,28.8,83,0,1.5,4,260,2,SE
29-05-2016,26.2,32.8,28.7,78,0,,5,270,2,SE
30-05-2016,26,34,29.8,78,0,8,4,310,2,SE
31-05-2016,26,32.6,29.2,77,0,8.5,3,290,2,W 
01-06-2016,26,33.8,28.9,79,0,8.6,4,270,2,SE
02-06-2016,25.4,34.3,28.7,79,0,9,4,330,2,SE
03-06-2016,25.6,34,29.3,76,0,10.3,4,250,2,E 
04-06-2016,26.2,34,29.2,80,0,7.5,4,310,2,E 
05-06-2016,26.4,32.3,28.4,85,1.8,6.6,6,330,3,NW
06-06-2016,26.4,33.3,28.7,82,0,8.3,4,250,2,SE
07-06-2016,25.2,33.3,28.7,79,3,8.1,3,300,2,S 
08-06-2016,25.2,34.2,29,77,0,11,4,270,2,SE
09-06-2016,25.4,34,29,74,0,10.6,5,50,2,SE
10-06-2016,25,34.2,28.9,75,0,10.3,3,270,2,SE
11-06-2016,25.4,33.4,29.2,75,0,7.6,4,270,2,W 
12-06-2016,24,34.4,29.9,77,0,10.7,4,50,2,E 
13-06-2016,27.2,34.3,29.3,79,0.2,8.5,4,40,2,NE
14-06-2016,23,,28.6,82,8888,,5,330,2,NE
15-06-2016,23,33.6,28.9,83,11,6.1,4,310,2,SE
16-06-2016,26.1,33.4,28.3,84,0,10.4,4,130,2,SE
17-06-2016,25.4,33,28.1,86,3,8.2,3,300,1,W 
18-06-2016,25.4,33.5,29.2,79,0,3.1,4,260,2,SE
19-06-2016,25.5,33,29.3,78,0,10.2,5,300,3,NW
20-06-2016,25.6,32.4,28.3,81,0,9,4,310,2,SE
21-06-2016,26.4,32.6,28.6,80,8888,5.9,4,330,2,NW
22-06-2016,26,32.2,28,79,0,2.7,4,280,2,SE
23-06-2016,25.8,33.9,28.1,76,0.5,8.4,4,250,2,SE
24-06-2016,26.4,32.4,28.3,81,0,8.6,3,270,2,SE
25-06-2016,26,31.9,28,81,3.1,2.8,4,260,2,SE
26-06-2016,25.4,31.4,27.8,82,1,2.8,3,40,1,SE
27-06-2016,26.2,32.8,28.5,83,8888,1.3,3,290,2,SE
28-06-2016,26.2,33,28.2,81,0,7.8,7,320,3,SE
29-06-2016,23.6,32.1,27.1,77,23.9,5.3,3,250,2,SE
30-06-2016,24.6,32.6,28.2,82,8888,2.6,4,120,2,SE
01-07-2016,25.8,33.6,28.9,80,0,3.4,4,260,2,W 
02-07-2016,26,33.3,29.1,77,0,6.1,4,90,2,E 
03-07-2016,25.9,33.2,28.6,76,0,3.1,4,260,2,SE
04-07-2016,24,32.5,28,73,0,10.4,4,260,2,SE
05-07-2016,24.6,32.8,28.4,77,0,10.7,4,260,2,SE
06-07-2016,25.3,33.7,28.9,76,0,10.4,8,60,2,N 
07-07-2016,24.8,33.4,29.3,72,0,10.6,4,240,2,S 
08-07-2016,25.8,32.4,27.4,83,0,10.1,4,140,2,SE
09-07-2016,25.6,32.7,27.4,83,0.5,,5,120,2,SE
10-07-2016,25,33.3,28.1,82,3,,3,270,2,SE
11-07-2016,25.2,33.6,28.7,80,0,,4,310,2,SE
12-07-2016,,33.1,28.9,79,0,8.2,4,270,2,W 
13-07-2016,25,32.8,28.3,80,0,8.5,4,250,2,SE
14-07-2016,24.9,33.8,28.2,76,0,10.2,5,260,2,W 
15-07-2016,25.1,32.4,27.5,83,0,10.6,3,70,1,E 
16-07-2016,25,31.2,27.3,86,8888,2.5,4,330,2,SE
17-07-2016,25,32.8,28,83,8888,2.9,7,70,3,W 
18-07-2016,26,32.9,28,85,1,7.2,4,270,2,SE
19-07-2016,24.5,32.4,27.6,81,0,7.5,3,280,2,SE
20-07-2016,25,33.2,28.1,81,8888,6.7,5,30,2,SE
21-07-2016,25.8,33.4,28.3,82,0,,4,270,2,SE
22-07-2016,25,32.1,27.8,81,8.5,7.2,4,270,2,SE
23-07-2016,24.4,33.8,28.1,77,0,9.5,4,310,2,E 
24-07-2016,23.8,32.3,27.4,77,0,,3,270,2,SE
25-07-2016,24,33.4,27.2,80,0,10.3,5,260,2,SE
26-07-2016,23.9,33.1,28.1,77,0,9.9,6,110,2,E 
27-07-2016,24.2,32.4,27.5,75,0,10.4,5,260,2,SE
28-07-2016,24,33.2,27.5,76,0,10.5,3,300,2,SE
29-07-2016,24.6,32.4,27.8,76,0,10.2,4,270,2,W 
30-07-2016,24.4,32.4,27.8,74,0,10.4,5,270,2,SE
31-07-2016,24.2,32.6,28.2,75,0,,5,250,2,SE
01-08-2016,24.4,32,27.5,75,0,9.8,3,270,2,SE
02-08-2016,26,32.1,28.4,79,0,,4,300,2,E 
03-08-2016,27,33,29.1,80,0,,4,320,2,NW
04-08-2016,25.1,33.6,28.4,78,0,3,9,10,3,SE
05-08-2016,24.8,32,28,78,,9.9,5,260,2,SE
06-08-2016,25.1,32.8,28.7,78,0,,6,260,2,SE
07-08-2016,25.2,32.4,28.8,80,0,,5,250,2,SE
08-08-2016,24.8,33.4,28.3,78,0,4.3,4,270,2,SE
09-08-2016,23.4,32.7,27.3,80,0,8.9,5,9,2,SE
10-08-2016,23.9,33,28.1,78,0,8.3,4,260,2,S 
11-08-2016,24,32.8,28.5,83,0,9.1,4,260,2,E 
12-08-2016,25.4,32.8,29.1,81,0,9.3,5,260,2,W 
13-08-2016,25,33,28.2,81,0,,4,250,2,W 
14-08-2016,24.2,32,27.5,79,0,,4,270,2,W 
15-08-2016,26.3,32.8,28.7,77,0,,4,270,2,NW
16-08-2016,25.2,32.8,28.2,75,0,,6,330,2,SE
17-08-2016,24.2,32.6,27.7,75,0,9.4,5,260,2,SE
18-08-2016,24.4,32.5,28.3,71,0,,4,60,2,W 
19-08-2016,24.2,32.4,28.2,66,0,,4,300,2,SE
20-08-2016,23.8,33.5,27.7,65,0,9.2,5,250,2,S 
21-08-2016,24.7,32.5,28.5,71,0,9.2,4,260,2,SE
22-08-2016,25.2,33,28.4,75,0,9.2,5,240,2,S 
23-08-2016,24.8,32.7,27.7,78,0,9.3,5,240,2,S 
24-08-2016,25.1,33.2,28.9,73,0,9.4,5,250,2,S 
25-08-2016,25.5,32.8,28.5,79,0,9.2,4,290,2,NE
26-08-2016,26.4,32,28.6,80,0,9.2,5,270,2,W 
27-08-2016,23.8,33.5,29,74,8888,7.3,5,250,2,SE
28-08-2016,25.6,32.8,28.4,75,0,9.3,6,330,3,W 
29-08-2016,25.8,32.8,28.8,77,0,9.3,4,260,2,W 
30-08-2016,25.8,33.8,29,71,0,9.6,5,260,2,W 
31-08-2016,25,34.4,28.5,75,0,9.7,5,270,2,W 
01-09-2016,26.3,33.9,29.5,74,0,9.5,5,250,2,W 
02-09-2016,25.6,32.6,28.6,75,0,,5,260,2,W 
03-09-2016,24.9,32.4,28.1,71,0,,5,270,2,SE
04-09-2016,25.1,32.4,29.1,74,0,,6,30,3,W 
05-09-2016,25,33.2,28.2,72,0,,6,250,2,W 
06-09-2016,25.8,34.8,28.5,77,0,9.9,6,260,2,W 
07-09-2016,25.4,33.7,28.2,77,0,9.1,6,260,2,W 
08-09-2016,26,33.5,28.7,74,0,10.1,7,260,2,W 
09-09-2016,26,33.4,29.1,69,0,8.2,6,260,2,W 
10-09-2016,24.6,34.2,28.3,70,0,,5,250,2,SW
11-09-2016,24.6,32.8,27.6,75,0,10.4,5,260,2,S 
12-09-2016,24,33.8,29.3,66,0,10.4,5,50,2,SE
13-09-2016,25.3,34,28.6,74,0,10.5,8,40,4,SW
14-09-2016,26,34.4,28.6,78,8888,7.4,5,250,2,S 
15-09-2016,26.2,32.6,28.5,77,0,4.1,5,310,2,SE
16-09-2016,26.2,32.7,28.6,77,8888,3.6,4,250,2,SE
17-09-2016,25.4,33.2,28.9,75,0,4.1,4,250,2,SE
18-09-2016,25.2,33.4,28.4,75,8888,8.1,6,260,2,SE
19-09-2016,25.6,33.4,28.8,73,0,9.5,5,260,2,W 
20-09-2016,25.2,34.4,28.9,74,0,8.1,5,230,2,SE
21-09-2016,26.4,33.4,29.2,75,0,9.2,6,260,3,NE
22-09-2016,26.6,33.8,28.9,80,0,6.5,5,320,2,SE
23-09-2016,25.8,33.6,28.8,78,8888,7.5,5,300,2,SE
24-09-2016,26,33.4,28.3,83,8888,5.7,6,330,3,NW
25-09-2016,24.6,31.8,,,52,6.6,3,300,2,SE
26-09-2016,24.4,33.4,28.3,80,3,5.5,4,300,2,SE
27-09-2016,25.3,34.2,29.2,78,0,8.7,5,240,2,SE
28-09-2016,26.2,33.6,27.7,84,0.2,8.9,4,250,2,SE
29-09-2016,25.8,32.6,28.2,84,22,5,10,320,2,SE
30-09-2016,25.6,32.8,29,81,2,5.7,5,310,3,NW
01-10-2016,26.7,33.2,29.3,78,0,10,3,300,2,SE
02-10-2016,25.2,33.4,,,1,5.6,5,260,2,SE
03-10-2016,25.6,33.2,28.7,78,8888,8.5,6,240,2,SE
04-10-2016,25.6,32.8,28.4,82,11,9.8,5,260,2,SE
05-10-2016,26.2,33.4,28.2,84,1.8,8.5,6,320,2,S 
06-10-2016,24.4,32.4,28.7,79,20,3.6,5,270,2,SE
07-10-2016,26,30.4,28.2,82,0.6,10.3,8,210,2,S 
08-10-2016,26.8,32.4,28.4,85,2.7,7.5,5,330,3,SE
09-10-2016,24.6,32.6,,,4.3,4.9,17,260,3,NW
10-10-2016,23.4,32,27.6,82,127.4,2.4,4,270,2,SE
11-10-2016,26.4,32.4,28.6,79,0,8.7,5,260,2,SE
12-10-2016,23,32.8,,,0,6.7,4,290,2,SE
13-10-2016,24.9,28.8,29,75,8888,9.8,4,250,2,E 
14-10-2016,25.6,32.8,29.2,77,8888,,5,260,2,SE
15-10-2016,25.4,32.6,,,0,10.5,6,260,3,SE
16-10-2016,24.8,34.5,29.4,68,0,10.8,6,60,2,SE
17-10-2016,25.2,31,30.2,70,0,10.8,6,40,3,S 
18-10-2016,25.6,30.6,29.7,71,0,11.1,6,20,3,SE
19-10-2016,26,33.8,29,78,0,10.7,5,270,2,E 
20-10-2016,26.8,33.4,30,79,8888,9.5,5,330,2,NW
21-10-2016,27,33.4,28.5,82,,7.1,5,290,2,SE
22-10-2016,25.2,32.2,27.2,87,26.3,7.3,5,50,2,SE
23-10-2016,24.6,31.8,28.1,85,6.2,5.9,3,330,2,SE
24-10-2016,25,31.8,27.2,86,2,8.2,5,300,2,NW
25-10-2016,24.4,30.6,26.7,89,188.7,3.8,3,210,1,SE
26-10-2016,25,31.7,27.6,86,8888,2.7,4,290,2,SE
27-10-2016,24.8,32,27.1,88,17.1,1.2,4,260,2,S 
28-10-2016,25.2,32.1,,,3.8,5.4,4,310,2,SE
29-10-2016,24.6,32,27.7,87,12,5.5,4,310,2,S 
30-10-2016,25.2,32.6,28.3,79,8888,7.3,4,40,2,SE
31-10-2016,25.2,32.7,28.4,74,0,9.8,5,260,2,SE
01-11-2016,24.6,34.2,29.4,78,0,6.7,4,250,2,SE
02-11-2016,26,33.3,29.3,79,0,8.9,4,260,2,SE
03-11-2016,25.6,34,29,82,0,10.2,5,250,2,SE
04-11-2016,25.6,34,29.5,79,8888,1.7,4,260,2,SW
05-11-2016,25.4,34.2,30.8,73,0,10,4,180,2,SE
06-11-2016,27.6,33,28.7,84,8888,9.8,5,310,2,SE
07-11-2016,24.8,33,27.3,88,2.8,5.3,5,300,2,SE
08-11-2016,25.8,33.6,29.5,77,2.5,3.6,3,320,2,W 
09-11-2016,26.4,33,28.3,82,0,8.9,6,330,2,E 
10-11-2016,25.4,32.2,29,81,1.5,6.7,4,120,2,SE
11-11-2016,25.8,33.2,29.1,79,,10,6,300,3,E 
12-11-2016,25.4,33.2,28.7,80,8888,8.8,5,270,2,W 
13-11-2016,26,31.8,27.7,88,32.1,3.8,4,120,2,E 
14-11-2016,26,32.9,27.8,86,21,1.1,6,290,2,E 
15-11-2016,24.8,32.4,27.8,83,4.8,6.5,6,290,2,SE
16-11-2016,24.8,32.1,28.1,84,3,7.1,3,70,2,SE
17-11-2016,28.8,33.6,28.9,81,0,3,8,250,3,SE
18-11-2016,25.6,33,29,81,8888,8,5,260,2,NW
19-11-2016,25.4,33.9,29,83,15.1,6.8,6,240,2,SE
20-11-2016,24.6,33.8,,,0.5,5.6,5,80,3,E 
21-11-2016,26.3,32.3,28.4,90,0,8.5,5,320,2,SE
22-11-2016,25.9,31.4,26.7,88,0,3.9,9,290,3,E 
23-11-2016,24.4,32.4,28.2,86,57.3,0,5,320,2,SE
24-11-2016,25.2,32.8,28.4,83,0,8.9,4,310,2,SE
25-11-2016,24.5,33.1,28.7,82,0,9.8,5,270,2,SE
26-11-2016,24.8,33.4,,,4.3,7.6,4,300,2,SE
27-11-2016,26,33.6,29.3,79,,8,6,260,3,NW
28-11-2016,27.2,31.8,28.7,85,0,10.8,7,350,3,E 
29-11-2016,26.5,31.7,,,1,5,7,300,2,E 
30-11-2016,26,33.5,28.6,83,3,5.6,6,310,3,E 
01-12-2016,25.2,29.6,26.9,90,42.9,2.6,7,330,2,N 
02-12-2016,25,32.6,27.8,84,11.9,2.6,6,260,3,N 
03-12-2016,24.8,32.8,,,21.9,4.9,5,320,2,SE
04-12-2016,25,31.1,,,16.4,0,10,310,6,NW
05-12-2016,25.8,30.8,27.5,88,6.5,4.4,9,300,4,NW
06-12-2016,24.6,32.4,28.1,84,58.8,4.5,5,50,2,NE
07-12-2016,,32.4,28.6,78,0,6,6,330,2,N 
08-12-2016,25.8,32.6,28.8,76,0,9,6,300,3,E 
09-12-2016,26.2,31.9,,,0,9.3,8,320,3,N 
10-12-2016,25.3,32.4,27.7,86,5.1,4.4,12,310,3,E 
11-12-2016,25.2,31.2,27.3,84,3.8,5.7,8,30,4,E 
12-12-2016,25.4,31.4,26.6,91,12.2,7.5,10,320,5,E 
13-12-2016,24,29.8,27.1,86,101,4.4,7,320,3,NW
14-12-2016,24,30.5,26.8,88,24.4,0,6,280,3,N 
15-12-2016,24.4,30,26.1,90,16.2,2.5,4,350,2,E 
16-12-2016,24.2,32.1,27.7,90,19,,7,250,2,E 
17-12-2016,25.4,31.6,27.9,84,6.5,3.9,7,330,3,E 
18-12-2016,25.8,31.6,28.2,84,8888,3.1,4,320,2,SE
19-12-2016,25.9,33.5,,,0.3,2.2,8,300,3,NW
20-12-2016,25.2,30.9,28.4,84,8.3,8.4,8,330,6,NW
21-12-2016,28,31.4,29.9,79,0,0,15,300,8,NW
22-12-2016,25.4,31.6,28,84,1.5,8.9,11,330,7,NW
23-12-2016,26.6,31.2,29.7,77,8888,8.1,10,330,7,NW
24-12-2016,27.2,32.3,,,2.6,5,7,320,4,NW
25-12-2016,26.4,32.3,28.8,84,3.2,7.6,7,340,4,NW
26-12-2016,24.6,29.8,26.8,88,17.6,2.9,9,310,3,E 
27-12-2016,24.9,32,28.4,85,14.7,2.9,6,320,4,NW
28-12-2016,26.2,29.9,26.5,92,6.5,9.9,7,320,2,E 
29-12-2016,25.5,28.7,26.6,92,13.5,0.3,9,300,3,NW
30-12-2016,23.4,28.7,25.9,93,115.3,2.7,9,300,3,E 
31-12-2016,23.8,27,25,94,54.6,1.5,9,320,2,SE
01-01-2017,24.4,31.6,,,21,1.3,10,300,2,SE
02-01-2017,24.2,32.2,28.4,85,13.5,5,5,310,3,NW
03-01-2017,25.6,29,26.9,91,22.5,4.5,6,300,2,E 
04-01-2017,25,28.8,25.7,92,17,0,8,310,3,E 
05-01-2017,25,29.5,26.7,89,53.7,0,8,310,3,E 
06-01-2017,24.8,29.6,25.9,90,16,1.2,7,280,2,E 
07-01-2017,24.4,30.2,27.1,93,21.4,0,7,320,3,NW
08-01-2017,25,30.8,27.6,89,14.4,1.4,5,310,2,NW
09-01-2017,25.2,30.5,27.7,87,4.4,2.1,11,320,3,N 
10-01-2017,24.8,33.2,28.4,79,0.6,7.1,4,320,2,NW
11-01-2017,24.6,33.4,28.7,82,0,9.4,9,230,2,N 
12-01-2017,25.3,28,26,92,14.6,8.4,6,340,3,E 
13-01-2017,25,33.6,26.8,90,20.8,0,9,320,3,N 
14-01-2017,23.8,29.3,26.1,91,70.5,0.1,5,320,2,E 
15-01-2017,24.6,31.3,26.8,86,8,1.6,9,310,4,NW
16-01-2017,24.8,33.2,27.9,85,36.5,3.2,5,20,2,SE
17-01-2017,24.8,31.2,27,90,0,7.4,10,240,3,E 
18-01-2017,24.4,32.3,27.4,83,19.5,6.5,4,320,1,SE
19-01-2017,24.2,33.4,28.3,80,8888,5.2,4,310,2,NW
20-01-2017,26,33.3,,,0,10.7,4,310,3,NW
21-01-2017,25.1,33.2,,,38.8,9.2,5,20,2,N 
22-01-2017,25.6,32,27.5,89,5.5,4.1,11,100,3,E 
23-01-2017,24.6,34.1,27.2,89,52.9,5.9,5,20,2,N 
24-01-2017,24.6,31.4,27.6,89,7.7,5.9,5,330,3,NW
25-01-2017,24.6,31.4,26.6,89,5.8,4,11,310,4,NW
26-01-2017,24.2,28.2,25.2,94,107.9,2.3,10,290,5,NW
27-01-2017,24.2,,28.4,84,21.8,0,7,330,4,E 
28-01-2017,25.8,32,28.2,84,0.3,4.4,7,330,3,NW
29-01-2017,25,29,25.6,91,14.4,3.1,7,330,3,E 
30-01-2017,24,26.8,24.9,94,86.4,0,9,270,2,E 
31-01-2017,23.2,27,24.6,93,35.7,0,5,300,2,E 
01-02-2017,23.2,30.8,26.5,89,22.7,,13,250,4,W 
02-02-2017,24.1,,25.8,91,59.9,3.2,18,280,9,W 
03-02-2017,24.4,29.9,27.8,81,33.7,0,23,260,8,NW
04-02-2017,24.2,30.8,28.2,83,15.7,4.2,8,320,4,NW
05-02-2017,24.3,30.6,29,82,23,4.6,9,310,7,NW
06-02-2017,27.9,31,28.9,84,1.3,4.3,9,290,6,NW
07-02-2017,26.2,30.9,27.7,87,16,3.4,9,330,6,NW
08-02-2017,25,33,29.5,85,0,2.3,9,250,5,NW
09-02-2017,24.5,33.8,27.9,85,10.2,6.1,8,310,3,NW
10-02-2017,24.2,33.6,29,85,0,7.8,7,310,2,NW
11-02-2017,26.4,32.8,27.3,88,3,3.8,5,280,2,SE
12-02-2017,25.2,32.4,27.6,87,11.5,4.2,3,20,2,SE
13-02-2017,,31.4,26.9,87,0.4,1.3,7,350,2,E 
14-02-2017,,32.4,28.2,85,,,9,310,3,NW
15-02-2017,25.1,31.4,27.3,88,11,5,10,310,4,NW
16-02-2017,25.2,30.1,25.5,93,18.1,,11,280,4,N 
17-02-2017,23.9,30.6,27.1,86,120.3,2.4,7,300,2,NW
18-02-2017,24.8,32.3,28,82,2.3,1.5,5,290,2,NW
19-02-2017,25.4,32.5,28.2,83,0,9.5,6,360,2,N 
20-02-2017,24.8,32,27.9,85,11.8,5.6,4,300,2,E 
21-02-2017,25.2,31.4,27.8,82,0.2,6,6,310,2,SE
22-02-2017,24.6,31.3,26.9,87,5,3.1,4,250,2,SE
23-02-2017,24.6,31.8,28,83,8888,0,5,300,2,SE
24-02-2017,26,32.3,27.8,87,0.4,9.1,6,360,3,E 
25-02-2017,25.8,32,27.7,87,2.2,5.3,5,300,3,N 
26-02-2017,24.6,28,26,91,30.7,6.7,6,130,3,N 
27-02-2017,,33,27.7,87,0.5,0,5,320,2,SE
28-02-2017,24,32.6,28,85,0,7.2,5,310,2,SE
01-03-2017,25,32.6,28.3,81,0,10.4,5,290,2,E 
02-03-2017,25.3,31.4,26.9,91,19.6,8.9,7,330,3,E 
03-03-2017,24.8,30.4,25.6,96,40.4,1.4,6,10,2,N 
04-03-2017,24.8,31.5,27.2,93,27.5,2.6,7,310,3,E 
05-03-2017,25.2,30.2,27,94,15.1,5.7,5,310,2,E 
06-03-2017,25.4,28.6,26.8,94,24.2,3,8,320,4,NW
07-03-2017,25,28.4,25.3,97,27.4,0,8,280,2,E 
08-03-2017,24,27.6,25.8,93,42.2,0,7,330,2,E 
09-03-2017,24.2,27,25.4,93,22.9,0.1,4,80,2,E 
10-03-2017,23.4,32,27.5,89,21.1,0,5,330,2,N 
11-03-2017,25.8,32.1,28.3,85,0,8.7,4,290,2,SE
12-03-2017,25.8,32.3,29.3,84,0,5.8,4,300,2,SE
13-03-2017,25.2,31.8,27.6,92,0,3.2,5,300,2,E 
14-03-2017,25,29.9,26.3,92,1.4,5.8,5,310,2,E 
15-03-2017,24,31.6,27.4,84,1.2,2.7,3,40,2,N 
16-03-2017,24.4,33,28.7,84,0,4.5,4,330,2,SE
17-03-2017,26.3,32.6,28.8,83,0,7.9,4,260,2,SE
18-03-2017,25.5,33.4,28.8,83,0,7.1,8,280,3,NW
19-03-2017,25.8,30.1,27.8,90,33.5,8.5,7,310,3,E 
20-03-2017,24.8,31.3,27.8,89,38.4,,7,320,4,NW
21-03-2017,25.2,32,28.2,86,24.4,0.6,5,320,2,E 
22-03-2017,25.2,32,27.9,85,8,0.6,3,320,1,SE
23-03-2017,25.2,32.8,28.6,86,0,1.5,8,300,2,SE
24-03-2017,25,33.6,29,80,8888,1.8,4,260,2,SE
25-03-2017,26,33.1,28.7,83,0,8,6,320,2,NW
26-03-2017,24.9,27.5,26.2,91,40.2,5.4,4,10,2,NW
27-03-2017,24.6,31.2,27.4,89,18.5,0,2,30,1,NW
28-03-2017,25.8,33,28.6,84,8888,3.6,5,310,2,NW
29-03-2017,25.1,33.2,27.9,86,3.9,7.3,5,320,2,SE
30-03-2017,25,32,28,86,0,6.2,6,300,2,NW
31-03-2017,25.3,31.6,27.7,90,39.1,5.4,6,330,2,E 
01-04-2017,24,31.7,27.1,89,41.1,6.2,5,320,2,E 
02-04-2017,25.1,31.6,25.4,95,16.4,6,7,250,2,E 
03-04-2017,24,28.4,25.8,93,60.6,6,8,330,3,E 
04-04-2017,23.9,29.6,26.4,92,70.8,0,5,40,2,E 
05-04-2017,24.8,30.4,27.2,89,1.9,2,7,330,2,E 
06-04-2017,25.2,32.2,28.2,86,1,2.5,6,320,2,E 
07-04-2017,25.4,32.4,27.3,88,0,8.3,7,330,2,E 
08-04-2017,25,32.4,28.3,83,0.9,7.7,4,260,2,SE
09-04-2017,25.4,32.7,28.2,85,0,7.2,3,250,2,SE
10-04-2017,25.2,32.4,28.3,84,0,5,4,240,2,W 
11-04-2017,25.6,32.4,28.4,85,0,7.7,3,260,1,SE
12-04-2017,25.4,33.4,28.7,83,0,7.9,4,250,2,SE
13-04-2017,25.4,30.5,27.1,90,12,6.7,5,50,1,E 
14-04-2017,26,30.9,,,19.4,1.7,7,300,2,SE
15-04-2017,24.8,33.4,28.4,84,8888,1.5,3,300,1,SE
16-04-2017,25.8,33.3,28.9,82,0,9.5,4,260,1,SE
17-04-2017,26,33.6,29.4,82,0,8.1,4,300,2,SE
18-04-2017,25.8,33,28.6,84,0,7.3,4,300,2,SE
19-04-2017,25.2,33.6,,,0.7,5.5,4,250,2,SE
20-04-2017,25.4,33.6,28.4,85,0,5.5,4,310,2,SE
21-04-2017,25.4,33.4,28.6,83,0,7.2,4,240,2,E 
22-04-2017,25.8,,27.9,88,8888,8.3,4,30,1,E 
23-04-2017,26,30.2,28,89,0.2,2,3,60,2,SE
24-04-2017,24.2,32.7,27.8,85,0,1.1,4,310,2,SE
25-04-2017,24.6,33.2,30,76,0,9.3,3,310,2,SE
26-04-2017,24.6,33.1,28.3,80,0,9.4,3,320,2,SE
27-04-2017,25.6,33.8,28.8,76,0,9.5,4,250,2,SE
28-04-2017,26,33.3,29.1,85,0,8.4,3,310,2,SE
29-04-2017,25.8,33.7,29.5,80,0,8.7,3,280,2,W 
30-04-2017,26.4,33.5,28.5,87,0,9.3,3,290,1,SE
01-05-2017,25.6,33.2,29.1,79,0,4.3,4,230,2,SE
02-05-2017,26,33.4,28.8,84,0,8.6,5,310,2,NW
03-05-2017,26.2,33.1,28.8,86,5.6,9.1,4,320,2,E 
04-05-2017,25.2,33.1,28.9,81,2.4,5.6,3,290,2,SE
05-05-2017,24.8,32.6,27.8,83,5,7.9,4,270,2,SE
06-05-2017,25.8,33.2,28.9,83,2,8.6,3,290,2,SE
07-05-2017,26,32.2,28.6,77,4,4.7,5,60,2,SE
08-05-2017,25.2,32.8,27.9,86,0.4,6.5,7,3,2,SE
09-05-2017,25,33.1,29.2,77,0.2,7.7,3,270,2,W 
10-05-2017,25.2,34.1,28.9,82,0,8.3,3,320,2,E 
11-05-2017,26,33.3,29.1,80,0,8.8,3,270,2,SE
12-05-2017,26.2,30.8,28.8,81,0,4.3,3,100,1,E 
13-05-2017,25.2,33.4,28.7,82,8888,0,3,300,1,N 
14-05-2017,25.6,31.5,28.8,84,8888,10.1,2,300,1,SE
15-05-2017,26.3,32.4,28.5,86,0,1.2,4,260,2,SE
16-05-2017,25.2,33.1,28.8,81,2,6.9,4,260,2,SE
17-05-2017,25.6,,28.6,80,0,10,3,170,2,S 
18-05-2017,24.8,32.7,27.5,88,3,10.8,3,290,1,SE
19-05-2017,25,32.3,29.2,82,0,3.9,4,260,2,W 
20-05-2017,25.6,34,29.2,82,0,10.3,4,250,2,SE
21-05-2017,25,33.8,28.8,78,0,10.4,4,260,2,SE
22-05-2017,24.8,,28.5,80,0,8.7,5,150,2,SE
23-05-2017,24.8,,28.7,78,0.8,9.4,4,250,2,W 
24-05-2017,25.8,31.8,,,0.7,9.5,3,260,2,E 
25-05-2017,26.6,30.5,28,90,3,3,2,350,1,N 
26-05-2017,25.8,,28.5,86,0.6,3,4,260,3,W 
27-05-2017,25.4,32,,,3.2,8,3,270,1,SW
28-05-2017,25.4,32.2,27.8,90,0.2,4.2,2,120,1,SE
29-05-2017,25.4,31.8,28.7,82,6.9,3.3,3,310,1,E 
30-05-2017,24.8,32.6,28.4,87,5,7.9,4,270,2,SE
31-05-2017,26,32.4,,,8888,0.5,4,250,2,W 
01-06-2017,25.5,32.7,28.4,87,32.5,2.4,3,260,1,W 
02-06-2017,25.6,33,28.9,83,0,8.3,4,170,2,S 
03-06-2017,26.2,31.6,,,8888,6.7,3,330,1,E 
04-06-2017,25.8,31.5,27.1,88,18.6,,4,10,2,SE
05-06-2017,25,32.7,28.1,78,0.7,0,4,200,2,SE
06-06-2017,25.7,33.4,28.8,85,,6.5,4,320,2,E 
07-06-2017,26.2,32.6,29.3,80,0,7.3,3,260,1,SE
08-06-2017,26,33.6,28.9,84,0,4.2,3,300,2,SE
09-06-2017,25.4,32.6,,,0,7.1,5,300,2,W 
10-06-2017,26.9,34.2,30.3,78,0,7.3,4,240,2,E 
11-06-2017,26.8,32.6,27.9,89,0.5,8.9,2,310,1,E 
12-06-2017,25.2,29.4,27.3,86,7.8,0.4,2,180,1,E 
13-06-2017,26.2,30,26.8,93,3,0,5,310,2,N 
14-06-2017,24.4,33.6,28.2,82,49.1,1,4,40,2,E 
15-06-2017,24.6,34,27.8,83,0,7.8,3,290,1,SE
16-06-2017,26.4,,28,87,0,7.4,3,330,1,E 
17-06-2017,24.8,32.2,,,0,4.9,3,120,1,E 
18-06-2017,24.8,32.5,28.6,80,0,4.7,4,300,2,SE
19-06-2017,24.6,,27.5,81,0,9.1,3,270,2,SE
20-06-2017,24.6,28.4,26,90,19.1,6.6,4,200,2,N 
21-06-2017,23.6,28.9,25.4,87,55.8,0,3,340,1,E 
22-06-2017,23.2,32.3,27.4,79,8888,0,5,30,2,N 
23-06-2017,25.8,,28.4,80,0,8.9,4,250,2,SE
24-06-2017,25.4,,28.4,79,0,8.4,3,340,2,E 
25-06-2017,25.5,32.6,26.1,86,0,8.4,5,270,2,SE
26-06-2017,23.4,,27.2,80,7,1,4,260,2,SE
27-06-2017,24.2,31.9,28.2,75,0,8.1,3,260,2,SE
28-06-2017,24.6,32.9,28.3,70,0,9.7,3,270,2,SE
29-06-2017,25,32.4,28,77,0,6.7,3,270,1,W 
30-06-2017,25.8,31.9,28.4,77,0,7.1,4,10,1,N 
01-07-2017,24.4,32.7,,,0,6,3,300,2,SE
02-07-2017,24.6,33.4,28.2,74,0,10.1,3,250,2,W 
03-07-2017,25.6,32.4,28.3,74,0,9.8,4,260,2,E 
04-07-2017,26,31.4,28.2,78,0,6.2,3,320,1,N 
05-07-2017,25.8,32,28.4,78,8888,1.2,3,280,2,SE
06-07-2017,26.8,33.1,28.2,80,8888,6.6,3,290,2,SE
07-07-2017,25.4,32.2,27.4,80,0,,4,260,2,SE
08-07-2017,24.8,32.4,28.4,76,0,9.2,4,260,2,SE
09-07-2017,25,32.4,27.8,78,0,9.3,4,250,2,E 
10-07-2017,24.8,32.2,27.5,78,0,9.5,3,300,1,SE
11-07-2017,24.4,31.3,27.5,78,8888,2.4,3,260,1,SE
12-07-2017,25.5,31.9,28.2,80,0,2.6,4,260,2,W 
13-07-2017,26,30,26.7,87,8888,7.2,4,340,1,SE
14-07-2017,24.8,29.5,26.5,88,13.6,1.2,5,50,2,SE
15-07-2017,24.4,32.6,27.6,74,1.8,3.8,4,40,2,SE
16-07-2017,23.7,31.3,27.1,72,0,8.7,4,260,2,SE
17-07-2017,24.8,31.9,27.6,71,0,5.7,3,300,1,N 
18-07-2017,24.8,,28.2,74,0,4,2,110,2,E 
19-07-2017,25.4,31.6,28.2,77,0,4.5,4,30,2,W 
20-07-2017,25.4,31.9,28.4,77,0,6.3,4,320,2,NW
21-07-2017,24,32.6,27.6,81,0,1.4,4,250,2,SE
22-07-2017,23.8,32.3,27.6,72,0,9,4,260,2,SE
23-07-2017,24.8,33,27.8,71,0,7.2,4,250,2,SE
24-07-2017,24.6,31.8,27.9,72,0,6.2,3,260,2,W 
25-07-2017,24.5,32.6,28.6,71,0,7.1,5,260,2,W 
26-07-2017,24.8,31.8,27.7,74,0,10.1,23,300,2,S 
27-07-2017,25.8,31.8,27.6,82,0.5,2.8,3,250,1,W 
28-07-2017,25.2,32.5,27.8,83,5.5,4.4,4,260,2,W 
29-07-2017,25.4,33.8,30,75,0,6.3,4,280,2,E 
30-07-2017,26.7,34.3,29.9,72,0,9.6,4,350,2,SE
31-07-2017,25.4,33.3,28.8,68,0,9.6,6,50,2,E 
01-08-2017,,23.2,27.9,68,0,,4,260,2,SE
02-08-2017,24,34,27.8,71,0,10,5,250,2,SE
03-08-2017,24.8,32.6,28,77,1.5,8.4,4,20,2,S 
04-08-2017,23.8,31.9,28.5,73,0,7.7,4,30,2,W 
05-08-2017,,31.5,27.9,73,0,7.6,4,290,2,SE
06-08-2017,24.8,32.2,28.1,74,0,10,4,260,2,SE
07-08-2017,24.6,31.8,28.5,74,0,7.3,3,260,2,SE
08-08-2017,26.4,32.1,28.8,73,0,9.4,4,260,2,W 
09-08-2017,25.2,32.2,28.6,70,0,9.4,5,260,2,W 
10-08-2017,25,31.8,27.8,74,0,7.5,4,260,1,W 
11-08-2017,25.6,31.8,28.2,74,0,9.1,4,260,2,W 
12-08-2017,25,30.1,27.1,76,5,4.6,4,290,2,SE
13-08-2017,,32.2,27.4,80,8888,1,4,250,2,W 
14-08-2017,23.2,31.8,27.3,66,0,10,5,260,2,SE
15-08-2017,23,33.8,27.2,65,,9.9,4,250,2,SE
16-08-2017,24.6,33.4,27.9,72,0,8.9,4,240,2,SE
17-08-2017,24.8,32,28.5,69,0,4.5,4,50,2,SE
18-08-2017,26,29.4,26.6,81,8888,2,6,330,1,N 
19-08-2017,24,32.2,27.7,79,45.4,0.7,5,220,2,SE
20-08-2017,24,,27.6,70,8888,7.2,4,300,2,E 
21-08-2017,23.6,32.4,27.2,70,0,9.4,4,250,2,W 
22-08-2017,23.8,32.4,27.7,74,0,8.8,4,240,2,W 
23-08-2017,25.4,32.1,28.1,72,0,9.3,5,40,2,S 
24-08-2017,24.3,31.4,27.7,71,0,9.2,4,260,2,SE
25-08-2017,24,32,27.2,73,0,9.2,4,260,2,W 
26-08-2017,23.8,34,28.1,64,0,9.3,6,110,2,E 
27-08-2017,23.8,,27.5,69,0,9.2,4,240,2,SE
28-08-2017,25.4,31.8,28.2,67,0,9.3,4,250,2,SE
29-08-2017,25,32.4,28.2,75,0,8.5,4,330,2,W 
30-08-2017,24,31.4,27.5,60,0,9.2,4,290,2,W 
31-08-2017,24.2,33.8,28.3,69,0,9.3,4,250,2,E 
01-09-2017,24.5,33.6,,,0,9.1,5,290,2,W 
02-09-2017,25,31.4,28.9,70,0,9.9,3,260,1,W 
03-09-2017,25.4,33.1,28.5,68,0,5,4,260,2,W 
04-09-2017,26.6,33.1,,,0,5.8,5,300,2,E 
05-09-2017,24.8,33.4,28,74,0,7.9,5,260,3,W 
06-09-2017,23.4,31.6,27,73,0,9.1,4,260,2,W 
07-09-2017,25.8,31.8,28.1,69,0,10,4,250,1,E 
08-09-2017,26.4,33.5,29.4,68,0.5,2.9,5,260,2,SE
09-09-2017,25.2,33.6,29.4,63,,7.6,6,50,2,E 
10-09-2017,25.8,,,,0,9.9,4,260,2,W 
11-09-2017,25.6,,,,0,9,3,300,2,NW
12-09-2017,25,32.4,,,,9.3,5,30,2,W 
13-09-2017,25,34.6,28.5,75,0,9.9,4,240,2,S 
14-09-2017,25.4,33.3,28.9,72,,9.8,4,250,2,W 
15-09-2017,25.7,33.3,28.9,73,,9.6,5,260,2,W 
16-09-2017,,,,,,10,7,50,2,E 
17-09-2017,25.8,,28.3,77,,,5,250,2,W 
18-09-2017,,33.9,28.9,69,,10.1,5,250,2,E 
19-09-2017,24.2,,28.6,65,0,10.1,4,250,2,W 
20-09-2017,,,28.9,64,,,4,30,2,SW
21-09-2017,,,29.4,70,,10.7,4,70,1,W 
22-09-2017,,31.8,28.8,78,8888,,5,250,2,W 
23-09-2017,,,26.8,85,0.4,3,6,300,2,W 
24-09-2017,,,26.2,87,50.9,1,5,320,2,E 
25-09-2017,,,27.6,83,3.4,,5,250,2,SE
26-09-2017,,32.4,28.7,79,1.9,,4,260,2,SE
27-09-2017,25,32.4,28.7,80,0,10.2,4,260,2,NW
28-09-2017,24.8,,28.6,71,,10.1,4,290,2,S 
29-09-2017,24.8,33.4,28.7,77,,8.8,4,240,2,S 
30-09-2017,25,32.6,28.8,75,10.9,6.8,4,260,2,SE
01-10-2017,26.4,32.2,28.8,78,0,9.2,4,260,2,SE
02-10-2017,26,32,28.6,78,,5.7,4,250,2,SE
03-10-2017,25,32.4,28.4,79,8888,6.3,5,300,3,NW
04-10-2017,26,33.4,29.4,80,1.3,10,5,250,2,SE
05-10-2017,,,28.1,84,0.9,7.7,4,260,2,E 
06-10-2017,,33.7,29.3,77,,6.7,5,240,2,E 
07-10-2017,25.2,33.6,29.7,72,0,10.3,4,250,2,SE
08-10-2017,25.4,,29.2,72,,10.2,5,290,2,SE
09-10-2017,,34.4,29.8,69,,10,4,250,2,W 
10-10-2017,27.5,,29.8,78,0,10.1,4,250,2,SE
11-10-2017,27,,30,75,0,,4,300,2,NW
12-10-2017,26,,29.4,75,,9.4,5,280,2,SE
13-10-2017,,34.2,29.1,67,,9.9,4,310,2,S 
14-10-2017,,34.5,29.7,69,,10.2,4,240,2,SE
15-10-2017,,,29.5,80,,,5,40,2,E 
16-10-2017,,,26.6,88,24.6,,13,105,2,E 
17-10-2017,,30.4,,,21,,5,300,2,SE
18-10-2017,,33.1,27.9,80,,1.1,4,250,2,S 
19-10-2017,25.4,32.4,29.5,78,0,7.4,3,250,2,S 
20-10-2017,25.6,33.6,29.5,74,0,,5,260,2,SE
21-10-2017,25.1,33.6,29.3,76,8888,4.5,4,250,2,SE
22-10-2017,,,,,2.5,,4,250,2,S 
23-10-2017,25.4,,29.1,75,,9.1,3,230,1,SE
24-10-2017,25.4,32.3,28.8,79,8888,5.9,4,330,2,SE
25-10-2017,26,33.2,29.2,78,,5.6,4,260,2,SE
26-10-2017,25.4,33.6,28.3,80,0,7.2,4,230,2,E 
27-10-2017,25.2,34,29.3,73,40,8.5,4,240,2,SE
28-10-2017,,34,29.2,74,,,4,250,2,SE
29-10-2017,,33.3,29.3,76,0,10.4,4,250,2,SE
30-10-2017,26,33.4,29.5,74,0,,4,320,2,E 
31-10-2017,26,,30.2,74,8888,10.5,4,260,2,SE
01-11-2017,26.2,34.3,,,0,10.4,3,290,2,E 
02-11-2017,26.8,33,28,85,8888,10.3,5,320,2,SE
03-11-2017,24.8,33.6,28,82,8.2,5.6,4,230,2,SE
04-11-2017,25,32.8,28.6,81,5.2,8,4,50,2,E 
05-11-2017,25.6,32.8,28,83,8,4.6,4,300,2,SE
06-11-2017,,32.7,28.1,82,7.5,6,4,260,2,SE
07-11-2017,25,33.1,28.4,80,1.5,5.3,4,240,2,SE
08-11-2017,25.6,33.4,28.5,80,0,9.9,4,250,2,SE
09-11-2017,25.2,34,29.7,78,5,9.7,4,280,2,SE
10-11-2017,26,,29.2,78,,8.5,4,260,2,SE
11-11-2017,25.8,33,28,84,,7.2,4,300,2,SE
12-11-2017,25,,29,79,6.8,3.1,4,300,2,NW
13-11-2017,,,27.9,85,13.7,7.7,6,300,2,E 
14-11-2017,25,32.5,28.4,85,50.5,4.5,5,260,2,E 
15-11-2017,24.7,,28.8,77,3.5,8.3,4,320,1,NW
16-11-2017,24.8,30.6,27.6,86,63.6,8.5,4,310,2,NW
17-11-2017,25,,29.4,79,34,1.1,3,310,2,SE
18-11-2017,25,33.5,,,,6.7,4,310,2,NW
19-11-2017,26.7,,29.3,81,,9,4,1,2,NW
20-11-2017,27,,27.4,88,8888,9.1,7,320,2,E 
21-11-2017,25.8,,27.2,84,1.5,1,8,50,3,E 
22-11-2017,,,26,90,29.7,1.6,8,300,2,SE
23-11-2017,24.1,,28.6,80,39.5,0,3,320,2,NW
24-11-2017,25,31.2,27.2,88,4.9,9.1,5,180,2,N 
25-11-2017,25,31,27.8,87,35.2,10.2,6,320,2,E 
26-11-2017,25.8,31.9,28.9,84,11.6,6.4,5,320,2,NW
27-11-2017,25.8,31.3,,,0.2,7.7,5,320,3,NW
28-11-2017,25,30.2,,,76.1,4.5,7,300,4,NW
29-11-2017,24.6,,26.4,92,78.5,3.8,5,320,2,E 
30-11-2017,24.8,31,26.7,90,11.3,1.3,6,270,2,E 
01-12-2017,24.6,29.2,26.5,90,38.1,0.8,5,260,1,E 
02-12-2017,24.8,32.2,28.2,83,13.1,0,4,340,2,E 
03-12-2017,25,33.4,29.2,76,0,6.8,3,300,1,N 
04-12-2017,26.3,34,29.7,80,0,5.1,3,330,2,NW
05-12-2017,26.4,33.1,28.8,80,0,10.6,9,320,3,E 
06-12-2017,26,32.6,28.7,79,0,10.2,4,310,2,NW
07-12-2017,25.2,31.1,28.2,83,1.1,8.5,6,310,2,NW
08-12-2017,25.3,32.8,28.4,85,4.6,2.2,4,270,2,E 
09-12-2017,25.8,,27.9,86,7.1,6.6,4,320,2,E 
10-12-2017,,32.3,27.7,87,0,6,5,280,2,W 
11-12-2017,24.8,32.4,28.1,85,34.7,9.2,5,320,2,E 
12-12-2017,26.2,33.4,29.6,81,0,8.4,4,260,2,NW
13-12-2017,24.4,31.7,,,106,8.8,5,310,2,N 
14-12-2017,26.2,32,28.6,86,7.5,6.8,6,300,3,E 
15-12-2017,25.2,30.6,27.5,86,25.4,9.6,5,320,3,NW
16-12-2017,25,30.1,27,87,21.7,5.4,5,350,2,NW
17-12-2017,25,28,26.2,91,68.8,5,4,230,2,E 
18-12-2017,24.8,29.6,27.2,87,94.5,0,6,270,3,NW
19-12-2017,24.2,28.9,25.1,94,81.7,0,6,300,2,E 
20-12-2017,24.2,26.2,25.3,96,101.4,0,8,290,3,E 
21-12-2017,24,27.3,25.1,96,109.3,0,6,300,3,SW
22-12-2017,24.2,28.8,26.1,93,156,0,13,300,3,W 
23-12-2017,24.5,29.2,26.9,93,20.4,0,5,330,1,W 
24-12-2017,24.6,31.5,27.5,90,4.2,2.1,9,340,2,N 
25-12-2017,25.2,,28,89,29.8,9.3,4,330,2,N 
26-12-2017,25.8,31.6,,,8888,9.9,6,290,4,NW
27-12-2017,27,30.3,28.6,83,0,8.5,6,330,2,NW
28-12-2017,25.6,30.4,26,91,2.4,,6,260,1,E 
29-12-2017,24.6,32.4,28.2,86,9.8,0.4,3,330,1,N 
30-12-2017,25.4,32.5,28.3,84,0,8.1,6,300,2,NW
31-12-2017,24.4,31.6,27.7,87,18,5.7,4,320,1,NW
01-01-2018,25,30.8,28,86,8888,8.6,5,310,1,NW
02-01-2018,25.2,32,28.2,88,1.5,6.5,4,300,2,E 
03-01-2018,25.2,30.8,27.9,87,7.1,8.3,4,360,1,N 
04-01-2018,25.8,32.4,28.3,87,3.5,1.1,4,120,1,N 
05-01-2018,25.6,32.4,28.5,85,8888,2.4,3,300,1,NW
06-01-2018,25.4,32.4,28.2,86,1,4.8,4,270,1,E 
07-01-2018,25.2,31.4,27.3,89,4.7,6,6,330,1,N 
08-01-2018,24.6,30.6,27.5,87,86.5,3.5,5,320,2,E 
09-01-2018,25,31.9,28.1,86,4,5.8,4,20,2,N 
10-01-2018,24.2,30.6,27,89,5.1,4.7,3,330,2,NW
11-01-2018,23.8,28.8,25.9,92,26.2,2.6,7,330,2,N 
12-01-2018,23.6,28,25.3,91,124.6,0,5,270,2,W 
13-01-2018,23.4,28.9,25.5,89,104.5,0,5,240,1,N 
14-01-2018,23.4,29.4,25.5,90,15,0,4,300,1,N 
15-01-2018,23.4,28.2,25.5,92,13.7,0.5,3,260,0,N 
16-01-2018,24.2,28.2,24.7,93,81.7,0.2,5,290,1,N 
17-01-2018,23.6,28.6,25,95,86.4,0.7,3,120,1,N 
18-01-2018,23.4,29,26.1,90,41.7,0,2,70,1,E 
19-01-2018,24,31.2,26.6,90,6.1,0,4,280,2,E 
20-01-2018,23.6,28.6,26.8,87,65,0,13,280,6,NW
21-01-2018,24.8,30.7,27.5,85,26.2,0.5,6,310,4,NW
22-01-2018,23.7,31.2,28,87,24,5.7,10,280,3,NW
23-01-2018,23.8,27.8,28.1,84,6.7,7.4,5,300,2,E 
24-01-2018,24.2,32.1,28.5,83,0,9.5,4,310,2,NW
25-01-2018,26.2,32.6,29,79,0,7.4,5,310,3,NW
26-01-2018,25.8,32,28,84,9.9,10.5,7,320,3,NW
27-01-2018,26.2,31.8,28.1,85,2,2.3,10,4,4,NW
28-01-2018,24,31.8,28.3,83,25.5,7.1,6,300,4,NW
29-01-2018,25.6,32.8,30,75,0,6.7,7,320,4,NW
30-01-2018,26.4,31.2,29,81,2.5,5.8,8,280,5,NW
31-01-2018,25.4,32.7,29.4,76,5,6.3,5,290,2,NW
01-02-2018,26.2,32.2,27.1,87,1.5,6.8,8,320,2,NW
02-02-2018,25.2,32.1,27.5,85,7,0,7,310,3,NW
03-02-2018,23.8,31.4,26.3,86,12.4,6.6,6,260,2,SE
04-02-2018,23.4,30.6,26.5,84,5.9,3.3,6,320,1,E 
05-02-2018,25.1,32.3,28.3,83,5.4,1.8,4,300,2,W 
06-02-2018,24.5,28.2,25.8,91,27,8.8,4,350,1,E 
07-02-2018,24,27.9,25.6,92,78,10,5,250,2,E 
08-02-2018,23.5,28.3,25,93,52.2,0.3,3,30,1,E 
09-02-2018,23.4,31.5,,,32.6,0.8,4,280,2,NW
10-02-2018,24.4,27.4,25.3,92,26.8,5.7,7,280,3,E 
11-02-2018,24.2,27.5,25.4,92,55.7,0,6,300,2,E 
12-02-2018,24,30.9,26.3,87,18.3,0,3,290,1,E 
13-02-2018,24,30.9,25.7,91,22.1,2.8,4,290,2,NE
14-02-2018,24.4,30.6,25.9,92,47.1,2.7,10,300,2,E 
15-02-2018,23.8,26.2,24.6,95,72,0,5,230,2,E 
16-02-2018,24.4,29.2,25.6,92,112.8,0,3,20,1,E 
17-02-2018,24,32.4,27.4,85,37.5,0.9,3,20,1,N 
18-02-2018,24.7,33.1,28,84,,7.1,3,195,2,E 
19-02-2018,25.5,33,27,85,3.5,9.8,3,328,2,E 
20-02-2018,25.4,32.4,,,0,1.2,3,310,1,W 
21-02-2018,25.8,32.2,28.4,81,,8.8,4,300,2,NW
22-02-2018,25.1,33.1,27.9,76,0,6.5,6,230,2,SE
23-02-2018,24.8,31.8,27.7,80,2.5,9.4,4,310,2,E 
24-02-2018,24.8,32,27.9,83,42.8,9.5,3,250,2,W 
25-02-2018,24.5,31.8,27.2,85,35.4,8,12,300,2,E 
26-02-2018,24.8,30.4,27.1,85,41.8,6,4,310,2,SE
27-02-2018,24.3,32.4,27.7,86,11.3,2.9,3,320,1,NW
28-02-2018,25.6,32.7,28.1,82,0,7.5,5,290,2,W 
01-03-2018,26,31.7,26.1,89,12.2,6.6,8,300,3,E 
02-03-2018,24.4,32,27.8,82,20.6,0.2,3,280,1,E 
03-03-2018,25.2,32.3,28.6,80,0,3.5,4,230,2,NW
04-03-2018,25.6,32.7,28.7,80,0,8,3,250,1,E 
05-03-2018,25.6,32.8,27.9,86,0,8.1,6,310,2,E 
06-03-2018,24.4,32.8,27.9,83,8888,5.3,3,290,1,E 
07-03-2018,25.2,30.4,29.1,74,26,3.5,6,290,2,E 
08-03-2018,25,27.7,26.6,88,33.4,2.9,6,300,2,E 
09-03-2018,24.3,28.6,25.3,91,27.5,0,3,320,1,E 
10-03-2018,23.4,32.6,27.6,83,29.9,0.8,4,290,2,NW
11-03-2018,23.8,30.8,27.2,85,20.3,10.3,3,330,2,SE
12-03-2018,24.4,33.1,27.4,84,11.1,0.5,4,240,2,SE
13-03-2018,24,33.1,28.6,80,0,3.7,8,300,3,SW
14-03-2018,24,33.1,25.6,89,152.1,6.1,4,140,2,E 
15-03-2018,24.4,32.4,27.8,86,3.1,0,4,320,2,NW
16-03-2018,25,28.8,26.7,91,18.5,8.3,5,20,2,SE
17-03-2018,24.8,30.2,25.2,93,4.7,0.1,6,20,2,SE
18-03-2018,23.9,30.4,25.3,92,50.9,2,4,330,1,E 
19-03-2018,23.5,32.4,27.6,83,30,4,3,290,2,NW
20-03-2018,24.3,32.1,33.2,57,0,10.2,4,310,2,N 
21-03-2018,25.1,32.9,28.3,84,7.9,10.2,8,150,2,NW
22-03-2018,25,32.9,26.1,89,20.4,9.1,9,280,4,NW
23-03-2018,24,32.3,27.8,81,46.1,0,3,280,2,NW
24-03-2018,25.6,32.8,27.6,83,0,9,4,300,2,E 
25-03-2018,26,30.8,27.6,86,8888,6,6,310,3,N 
26-03-2018,23.2,30.1,26.5,85,27.1,4.5,4,300,2,E 
27-03-2018,24.8,32.3,28.1,85,9.8,7.6,3,290,2,E 
28-03-2018,25,31.7,27.4,86,3.8,6.8,5,290,2,NW
29-03-2018,25.4,31.7,27.7,87,16.2,6.8,4,330,2,E 
30-03-2018,25,31,27.2,86,5.5,7.2,5,260,2,E 
31-03-2018,25,30,26.9,87,24.5,6.5,5,90,2,E 
01-04-2018,24.6,32.8,27.7,86,3,5.2,4,10,2,N 
02-04-2018,25,32,28.1,84,3.2,9.8,4,290,2,E 
03-04-2018,24.8,32.3,27.5,84,0,6.3,4,240,2,E 
04-04-2018,29.7,33.2,28.4,82,8888,7.6,4,240,2,E 
05-04-2018,25.4,33.2,28.3,82,0,8.7,4,330,2,E 
06-04-2018,26.4,34,28.7,81,0.3,8.1,5,240,2,E 
07-04-2018,26.2,32.2,28.2,81,0,9.5,4,300,1,SE
08-04-2018,25,33.1,28.2,76,1.5,5.2,4,250,2,SE
09-04-2018,25.2,33.3,28.8,75,0,9.2,4,230,2,SE
10-04-2018,25,33.1,28.6,78,0,9.4,5,120,2,W 
11-04-2018,25.5,33.4,29,83,0,8.8,3,320,2,E 
12-04-2018,25.6,33.6,29.3,78,8888,7.1,4,250,2,SE
13-04-2018,25.6,33.3,29.3,78,8888,8.9,3,270,2,W 
14-04-2018,26.3,33.4,29.1,79,0,9.4,4,210,2,W 
15-04-2018,26,32.8,29.1,81,0,9.3,3,240,2,E 
16-04-2018,20,32.3,28.6,84,14.5,5.4,5,300,2,NW
17-04-2018,26,32.4,28.3,88,25.5,5,3,300,2,E 
18-04-2018,25.2,32.9,27.8,86,26,6.6,3,290,2,E 
19-04-2018,25.7,32,27.8,86,40.6,6.8,4,150,2,SE
20-04-2018,24.8,32.7,27.4,84,0.7,6.8,4,20,2,E 
21-04-2018,25.2,32,27.2,87,8,7.4,5,320,2,SE
22-04-2018,25.2,32.3,27.6,87,22.1,4.9,4,230,2,E 
23-04-2018,25.2,32.3,28.7,75,10,6.6,4,290,2,W 
24-04-2018,26.4,33.4,29.5,76,0,9.2,6,320,3,N 
25-04-2018,25.3,32.4,28.6,77,0,8.6,4,250,2,W 
26-04-2018,25.8,33.3,28.6,77,0,9.5,3,290,2,W 
27-04-2018,25.2,33,28.7,79,9.5,8.5,3,290,2,SE
28-04-2018,25.8,33,28.5,79,0,9.6,3,290,2,E 
29-04-2018,24.6,33.2,28.4,72,0,9.2,4,300,2,E 
30-04-2018,24.6,32.9,28.1,80,0,9.4,4,250,2,SE
01-05-2018,25.2,33,28.8,72,0,9.3,4,250,2,E 
02-05-2018,25.4,33,28.5,77,0,9.4,4,260,2,SE
03-05-2018,25.2,34.4,28.8,76,0,8.1,6,120,2,SE
04-05-2018,24.9,34,28.6,72,0,9.3,9,90,2,E 
05-05-2018,25,33,28.4,75,0,9,4,250,2,W 
06-05-2018,26.4,34,29.5,78,0,9.8,4,230,2,W 
07-05-2018,25.2,33.8,29.5,76,0,9.8,4,230,2,E 
08-05-2018,24.6,33.4,28.7,78,0.9,8.4,6,30,2,E 
09-05-2018,24.4,33.5,29,77,0,9,4,230,2,E 
10-05-2018,25.2,33.6,29.4,81,0,9.6,4,250,2,SE
11-05-2018,24.4,33.1,28.5,80,4.3,9.1,4,270,2,W 
12-05-2018,25,33.6,29.3,81,0,7.5,3,160,2,E 
13-05-2018,26,32.8,29.3,83,8888,3.5,3,280,2,SE
14-05-2018,25.6,30.4,27,90,8888,6.5,4,300,2,E 
15-05-2018,25.8,32.9,28.5,83,9.5,0,4,30,2,SW
16-05-2018,25.6,33.2,29,83,7,9.6,3,150,2,SE
17-05-2018,25.4,32.6,28.4,82,0,9.6,4,250,2,N 
18-05-2018,25.5,32.7,28.7,82,0,5.3,4,260,2,N 
19-05-2018,24,32.5,28.9,83,8888,8,4,130,2,SE
20-05-2018,25,33.1,29.1,77,0,8.1,5,40,2,NE
21-05-2018,26.8,33.2,28.3,80,8888,9.3,5,40,2,E 
22-05-2018,25.6,32.5,29,81,8888,0,5,240,2,SW
23-05-2018,26.7,33.2,29.3,80,,9.3,4,240,2,W 
24-05-2018,24.4,32.4,28,88,2.3,8.3,4,240,1,SW
25-05-2018,24.8,31.6,27.9,84,0,6,2,170,1,E 
26-05-2018,24.6,30.7,27.5,89,7.1,2.4,3,310,1,E 
27-05-2018,24.8,33.2,28.5,85,1.1,1.3,4,250,1,W 
28-05-2018,24.1,33.1,29.6,79,0,6.2,3,240,2,S 
29-05-2018,26.6,32.6,28.9,80,0,6.3,3,250,1,SE
30-05-2018,22.8,32.8,28.5,80,0,5,4,240,2,E 
31-05-2018,26.2,33.5,29.1,79,0,4.1,4,270,2,E 
01-06-2018,24.8,32.4,28.1,82,0,6.3,5,20,2,SE
02-06-2018,25.8,33.2,28.8,80,1.2,9.3,4,240,1,SW
03-06-2018,25.2,30.6,28.1,88,15.4,9.5,4,320,1,E 
04-06-2018,25.7,32,27.9,85,0,1.2,4,300,1,E 
05-06-2018,25,32.8,28.3,81,0,3.9,3,290,1,W 
06-06-2018,25.4,32,28,86,0,8.9,3,290,1,W 
07-06-2018,25.4,32.4,28.6,77,0,8,4,240,2,E 
08-06-2018,25.2,33.3,28.6,74,0,10.3,3,280,2,SE
09-06-2018,25.1,32.4,28,74,0,10.8,3,250,1,W 
10-06-2018,26.5,33.7,28,81,0,10.6,4,110,2,E 
11-06-2018,25.7,32.6,28.2,81,3.3,6.8,4,240,2,W 
12-06-2018,22.2,32.2,28.4,84,8888,7.7,4,290,2,NW
13-06-2018,26,32.2,28.3,85,5.5,8.7,4,160,2,S 
14-06-2018,25.6,32.8,28.3,82,8888,9.2,4,220,2,SE
15-06-2018,22.8,32.8,28.4,77,2.3,8.9,3,270,1,W 
16-06-2018,24.9,31.8,27.6,79,0,4.7,4,240,2,W 
17-06-2018,23.6,32.7,27.8,73,0,9.5,4,230,2,SW
18-06-2018,24.6,32.7,28,80,0,10.8,3,240,2,SW
19-06-2018,25.8,32.4,27.7,86,2,5.9,3,230,2,E 
20-06-2018,23,28,25.1,92,22.1,5,4,80,2,E 
21-06-2018,24.8,32.3,27.6,83,3.9,7,4,220,2,SW
22-06-2018,25,31.4,27.1,86,1.5,8.1,2,250,1,SE
23-06-2018,25.6,31.8,27.9,82,1,6.3,3,250,1,W 
24-06-2018,25.6,31.8,27.7,82,0,7.5,4,130,1,W 
25-06-2018,25.1,31.2,27,86,10.3,6.8,3,290,1,SE
26-06-2018,24.5,30.6,27.1,86,9.6,2.2,4,320,1,E 
27-06-2018,24.5,30.6,26.2,91,6.5,1.6,4,40,1,N 
28-06-2018,24.3,30.4,26.6,87,11.7,2,4,250,1,N 
29-06-2018,24.9,30.9,27.3,88,0.8,4.4,3,290,2,E 
30-06-2018,24.8,31,27,85,8888,2.6,4,250,2,SE
01-07-2018,25,31.6,27.8,77,0,9.5,4,250,2,N 
02-07-2018,25.5,31.2,27.4,84,0,9.1,3,110,1,SE
03-07-2018,24.8,27,25.2,93,25.5,3.6,3,80,1,E 
04-07-2018,24.4,31.6,27.3,82,9.8,0,4,230,2,SE
05-07-2018,24.4,31.9,26.5,83,0,5.5,4,310,2,SE
06-07-2018,23.7,31.3,27.2,81,1.5,3.9,3,230,1,SW
07-07-2018,24.6,30.5,27.1,82,0,6.3,3,230,1,SE
08-07-2018,23.2,31.9,27.5,77,0,10,3,240,2,SE
09-07-2018,22,32.2,27.4,76,0,10.3,4,250,2,E 
10-07-2018,22.8,32.6,27,74,0,10.5,4,240,2,SE
11-07-2018,22,30.6,26.2,76,0,9.2,3,300,2,E 
12-07-2018,23.6,31.2,27.4,79,0,5,3,20,1,E 
13-07-2018,25,32.4,28,78,0,5.6,4,260,2,SE
14-07-2018,24.2,33.2,27.9,77,0,7.9,3,230,2,SW
15-07-2018,24.6,32.8,27.6,80,0,9.6,4,170,2,S 
16-07-2018,23.3,33.1,27.4,80,0,8.8,4,220,2,E 
17-07-2018,24.2,31.8,27.3,79,0,10.5,4,230,2,SE
18-07-2018,24.2,32.6,27.9,80,0,10.8,4,230,2,E 
19-07-2018,24.8,32.4,28,81,0,9.7,4,20,2,W 
20-07-2018,25.1,32.6,28,83,0,10.9,3,240,2,E 
21-07-2018,25.4,29.4,26.4,86,1.5,6.9,3,250,1,E 
22-07-2018,25.4,31.6,27.9,80,6.6,0,4,300,2,SE
23-07-2018,25.2,32.3,28.1,77,0,7.3,5,110,2,E 
24-07-2018,25.6,32.1,28.4,78,0,10.1,3,230,1,SE
25-07-2018,25,32.2,27.8,73,0,3.6,4,240,2,W 
26-07-2018,25.4,32,28.2,76,0,10.7,4,230,2,W 
27-07-2018,25.3,34.4,28.7,74,0,10.3,4,240,2,SW
28-07-2018,25.5,33.3,28.8,68,0,10.8,5,90,2,E 
29-07-2018,25,32.8,28.2,75,0,10.6,3,290,2,SE
30-07-2018,25.2,31.8,27.9,74,0,10.3,3,290,2,SE
31-07-2018,24,32.2,27.1,76,0,4.3,5,40,2,SE
01-08-2018,23.6,31.8,27.5,70,0,9.8,4,240,2,SE
02-08-2018,24,33.6,27.1,70,0,9.1,6,170,3,SE
03-08-2018,24.3,33.2,27.8,73,0,9.6,4,150,2,SE
04-08-2018,24.6,33.2,27.7,72,8888,10.5,4,230,2,SE
05-08-2018,25,33.4,28,71,0,9.2,4,230,3,SE
06-08-2018,24,33.6,27.8,73,0,9.4,4,160,2,SE
07-08-2018,25,33.9,28.3,70,0,8.7,4,230,2,E 
08-08-2018,25.2,33.9,28,75,0,7.9,4,230,2,SW
09-08-2018,25.4,33.5,28.7,73,0,8.1,5,230,2,SE
10-08-2018,26,33,29,70,0,9.3,5,30,2,SE
11-08-2018,25.2,32.6,28.8,67,0,8.5,5,240,2,SE
12-08-2018,25.2,33.2,28.1,71,0,9.8,3,20,1,SE
13-08-2018,26.4,32.4,28.8,75,8888,9.8,4,220,2,W 
14-08-2018,24.4,33.8,28.2,68,0,9.7,4,240,2,SE
15-08-2018,24,31.2,27.4,67,0,9.9,4,290,2,W 
16-08-2018,23.2,31.2,29.6,52,0,9.8,4,250,2,SE
17-08-2018,24.3,33.1,27.7,68,0,9.3,5,230,2,E 
18-08-2018,24.8,31.2,28.1,71,0,9.3,4,10,2,SE
19-08-2018,25.6,32.8,28,72,0,9.2,4,270,2,W 
20-08-2018,25.6,33.2,28.2,73,0,9.2,4,250,2,W 
21-08-2018,25,32.1,28,72,0,9.2,5,250,2,E 
22-08-2018,25.1,32.4,28.9,71,0,9.2,4,250,2,NE
23-08-2018,24.8,33.4,28.1,68,0,9.3,4,250,2,S 
24-08-2018,25.2,32.5,27.8,73,0,9.4,4,240,2,SE
25-08-2018,24.6,32.4,27.3,74,0,9.1,5,120,2,E 
26-08-2018,25,32.4,27.8,71,0,9,5,240,2,SE
27-08-2018,25,32.6,28,68,0,9.1,5,240,2,SE
28-08-2018,21.2,31.2,28.1,68,0,9.1,5,240,2,SW
29-08-2018,24.8,33.6,29.6,72,0,9,4,250,2,SE
30-08-2018,21.4,30.6,27.6,81,1.2,6.5,4,310,2,SE
31-08-2018,24.2,32.7,27.7,78,0,5.6,4,240,2,E 
01-09-2018,25.2,33,28.1,73,0,9.3,4,250,2,SE
02-09-2018,24.6,33,29.2,73,0,9.4,5,20,2,SE
03-09-2018,24.8,33.9,28.2,74,0,8.3,4,220,2,S 
04-09-2018,25.8,34,28.3,80,0,6.6,4,230,2,N 
05-09-2018,26,31.2,28.2,76,0.5,4.3,4,30,2,W 
06-09-2018,26.9,32.6,29,73,0,5.4,6,30,3,W 
07-09-2018,24.6,33.2,28,70,0,9.1,4,230,2,S 
08-09-2018,23.8,33.3,28,70,0,9.7,6,40,2,W 
09-09-2018,25.4,33.2,27.8,72,0,9.4,5,250,2,W 
10-09-2018,24.7,32.8,28.1,72,0,10.1,5,250,2,W 
11-09-2018,24.1,32.2,27.7,74,0,10.8,6,250,2,SE
12-09-2018,23.8,33.2,27.8,74,0,10,4,220,2,S 
13-09-2018,23.8,33,27.5,77,0,7.9,5,220,2,SE
14-09-2018,24,33.6,28,74,0,8.9,4,240,2,SE
15-09-2018,23.8,31.8,27.4,73,0,9.2,4,250,2,E 
16-09-2018,24.8,33.3,28.1,71,0,9.9,4,250,2,W 
17-09-2018,25.8,34,28.7,75,0,9.3,4,240,2,SW
18-09-2018,26.8,33.9,28.5,79,0,9.8,4,230,1,SW
19-09-2018,26.6,34,29.5,75,0,0.3,4,240,2,SW
20-09-2018,23.8,33.3,27.6,76,0,7.8,4,230,2,SW
21-09-2018,23.7,32.2,27.7,68,0,10,5,240,2,E 
22-09-2018,24.4,33.2,28.1,76,0,10,4,230,2,SE
23-09-2018,23.7,33.8,28.8,71,0,10.2,5,230,2,SW
24-09-2018,24.6,32.1,28.3,73,0,9.5,5,250,2,W 
25-09-2018,24.8,33.1,28.4,76,0,10.1,5,230,2,SW
26-09-2018,25.1,34,29.4,71,0,10.1,5,240,2,N 
27-09-2018,24.8,33.6,29.1,70,0,10.1,5,230,2,SW
28-09-2018,24.6,31.8,27.7,74,0,10,5,290,2,W 
29-09-2018,25,32.6,28.5,76,0,10.3,5,250,2,W 
30-09-2018,25.4,32.6,28.5,79,0,10,4,250,2,W 
01-10-2018,24.2,33.1,28.5,73,0,10.1,6,240,2,SE
02-10-2018,24.6,34.8,28.9,70,0,10.3,5,20,2,E 
03-10-2018,25.2,34.8,29.5,64,0,10.1,5,220,2,SW
04-10-2018,25.2,34.2,29.4,71,0,10.2,5,230,2,SW
05-10-2018,25.6,34.1,30.4,74,0,10,6,150,2,SE
06-10-2018,25.6,35.8,30,69,0,10.7,4,280,2,S 
07-10-2018,25,34.8,28.6,76,0,10.3,4,240,2,SW
08-10-2018,25,32.7,28,79,0,10.3,5,250,2,SE
09-10-2018,24.2,33.6,28.8,66,0,10.3,5,260,2,SE
10-10-2018,25.2,33.8,29.2,74,0,10,4,240,2,SW
11-10-2018,26.2,33.8,28.9,73,0,10.1,5,250,2,W 
12-10-2018,26.2,33.3,29.3,68,0,10,4,240,2,E 
13-10-2018,26.6,34.2,29.2,74,0,10,4,250,2,SE
14-10-2018,25.6,33.6,29.1,72,0,8.9,4,170,2,S 
15-10-2018,25.2,34,28.1,74,0,8.7,5,220,2,E 
16-10-2018,25,33.8,29.1,73,9.7,8.7,4,220,2,SW
17-10-2018,25.4,34,29.3,74,8888,9.2,4,240,2,SW
18-10-2018,24.2,33.4,27.8,74,8888,8.1,5,220,2,E 
19-10-2018,24.6,33.8,28.9,74,1.2,9.1,5,220,2,S 
20-10-2018,26.2,33,28.7,74,0,9.2,5,300,2,SE
21-10-2018,26,32.4,28.5,75,0,2.5,5,250,2,E 
22-10-2018,25.8,34.4,30,71,8888,9.5,5,230,2,E 
23-10-2018,25.2,34.4,28.9,75,0,9.6,3,310,2,SE
24-10-2018,25,34.8,29.5,74,1,9.5,4,220,2,SE
25-10-2018,26,34.6,29.9,71,8888,9.5,4,230,2,SE
26-10-2018,26,34.6,29.7,68,0,10.5,5,220,2,SE
27-10-2018,25.8,34.4,29.6,70,0,10.3,4,230,2,SE
28-10-2018,25.6,34.4,29.5,69,0,10.4,5,22,2,S 
29-10-2018,25.8,34.2,29.6,71,0,9.8,5,220,2,SW
30-10-2018,24.8,34.7,29.5,76,0,10.5,5,220,3,SE
31-10-2018,26,34.4,30.1,73,0,10.6,5,220,2,SW
01-11-2018,26.8,33,29.3,77,0,9,4,280,2,E 
02-11-2018,26.2,33.8,30,74,0,7.9,5,20,2,SE
03-11-2018,26,33.7,29.5,74,0,9.7,5,230,2,SE
04-11-2018,26.4,33.8,29.1,78,0,8.6,5,340,2,E 
05-11-2018,25.9,32.6,28.6,82,36.2,7.1,3,310,2,E 
06-11-2018,26.4,33.4,29,77,8888,6.5,4,250,2,E 
07-11-2018,26,32.8,29.5,73,8888,6.9,6,300,2,E 
08-11-2018,25.3,32.6,27.8,86,10.5,6.5,4,290,2,E 
09-11-2018,25.9,31.6,27.9,83,8,3.7,4,230,2,E 
10-11-2018,25.2,32.6,28.9,77,0.5,6.5,3,240,2,E 
11-11-2018,26.3,33,29.6,78,0,10.7,4,250,2,E 
12-11-2018,26.2,33.6,29.1,82,0,9.2,4,240,2,E 
13-11-2018,25.7,33,29.1,77,2.3,7,4,250,2,SE
14-11-2018,26,34.8,30.2,74,0,8.7,4,230,2,SW
15-11-2018,26.3,34.2,30,76,0,10.6,4,260,2,SE
16-11-2018,25,33.6,29.3,77,8888,8,5,250,2,E 
17-11-2018,26.6,32.7,28.4,82,6.5,8.1,5,300,2,E 
18-11-2018,25.9,32.4,28.8,84,8888,7.1,11,30,3,SE
19-11-2018,25.8,32.7,28.7,83,22.2,7.8,5,310,3,NW
20-11-2018,27,32.8,30.3,80,0,5.5,6,310,3,W 
21-11-2018,25.1,32.6,26.9,89,21.7,9.7,3,30,2,E 
22-11-2018,25.4,31.2,28.3,82,9.2,2.2,3,170,2,E 
23-11-2018,24.4,31.7,27.5,83,0,6.2,3,220,1,SE
24-11-2018,24.7,33.6,27.8,84,7,3.7,4,250,2,E 
25-11-2018,25.3,29.4,27.3,87,2.1,6.8,5,300,1,E 
26-11-2018,25.2,33.4,28.4,83,2.2,6,4,310,2,E 
27-11-2018,25.6,33.8,29.3,78,8888,8.2,4,300,2,NW
28-11-2018,26.4,34.2,29.6,80,0,9.3,3,300,2,W 
29-11-2018,25.6,33.3,27.9,86,24.5,7.7,4,300,2,E 
30-11-2018,25.4,33,28,83,1.9,5.6,3,310,2,E 
01-12-2018,25,33,27.5,87,8.8,6.7,6,290,1,E 
02-12-2018,25,31.4,27.7,85,21.4,6,11,130,2,SE
03-12-2018,25.6,33,28.8,82,0,6.1,3,300,2,E 
04-12-2018,25,30.1,28.8,79,0.6,6.5,4,290,2,E 
05-12-2018,25.2,32.8,28.6,84,8888,7.3,4,240,2,E 
06-12-2018,25.2,32.8,28.6,81,5.4,7,4,300,2,E 
07-12-2018,25.8,33.6,29.8,81,0,8,3,270,2,E 
08-12-2018,26.8,32.8,29.5,84,8888,8.9,5,310,3,NW
09-12-2018,26.6,31.5,28.8,86,45,9.2,5,310,3,NW
10-12-2018,25.6,33,28.9,84,0.1,5.3,5,280,2,E 
11-12-2018,26.2,32.6,29.5,82,10.4,8.3,6,310,2,E 
12-12-2018,25.7,31.4,27.9,84,32.6,5,5,240,2,E 
13-12-2018,25.3,30,26.9,88,17.9,2.7,5,335,2,NW
14-12-2018,25.4,33.2,28.6,79,57.3,1.8,6,300,2,NW
15-12-2018,25.6,,28,86,9,8.4,6,250,3,E 
16-12-2018,24.8,,26,91,51.3,0,5,280,2,E 
17-12-2018,24.6,32,,,28.1,0.4,5,320,2,NE
18-12-2018,24.8,32.4,27.9,79,57.2,4.4,6,300,2,NW
19-12-2018,25,,,,12.8,8,11,300,2,E 
20-12-2018,,31.2,27.8,82,9.2,0,5,310,2,NW
21-12-2018,24.9,31,,,15.8,8.5,7,280,4,W 
22-12-2018,24.2,29.8,24.8,94,27.4,3.5,5,310,3,NE
23-12-2018,23.5,28.9,26.2,86,108.7,2.3,4,250,2,E 
24-12-2018,23.8,28.2,,,50,0.7,4,130,2,E 
25-12-2018,25,30,,,3.5,0.4,4,300,2,NW
26-12-2018,24.7,29,26.5,86,25.5,0,4,310,2,E 
27-12-2018,,29.2,,,4.9,0,8,300,3,NW
28-12-2018,23.2,,24.3,93,140.3,2.9,5,30,2,E 
29-12-2018,23,28.6,25.4,88,56.2,0,5,350,3,E 
30-12-2018,23,29.2,26.8,88,72.8,0,4,20,2,E 
31-12-2018,24.8,,27.6,85,1.8,0,5,0,2,N 
01-01-2019,25,,25.9,89,6,8.5,4,290,2,E 
02-01-2019,24,26.8,24.7,93,29.2,0,7,320,2,E 
03-01-2019,24,31.5,27.4,82,46.1,0,6,230,2,SW
04-01-2019,25,31.2,27.4,83,20.1,0,3,50,1,C 
05-01-2019,25.2,32.2,26.8,86,0,1.8,8,250,2,W 
06-01-2019,24.2,32.4,27.9,78,4.3,5.1,3,310,1,E 
07-01-2019,25.8,32.9,29,78,0,7.2,4,280,2,E 
08-01-2019,26.1,32.6,28.4,80,0,10.1,5,280,2,E 
09-01-2019,25.2,31.4,28.1,79,8888,6,5,310,2,E 
10-01-2019,25.8,31.9,28.9,80,8888,0,4,310,2,NW
11-01-2019,25.4,33.2,28.6,74,1.2,5.9,4,310,2,NW
12-01-2019,26,33.3,29,74,8888,11,4,290,2,E 
13-01-2019,26,32.6,28.7,83,8888,8.5,4,290,2,W 
14-01-2019,25.8,31,27.9,86,12,8.2,9,290,4,NW
15-01-2019,25.6,29.2,27.1,86,32.4,2.6,7,300,3,E 
16-01-2019,24.3,28.2,26.5,90,43,0,11,280,4,NW
17-01-2019,24.8,27.4,25.6,90,49,0,6,260,2,E 
18-01-2019,,,27,85,5,0,3,230,1,NE
19-01-2019,,31.9,28.3,83,1.2,5.2,4,110,2,W 
20-01-2019,25.4,,,,33.8,3.1,6,300,3,NW
21-01-2019,,30.1,27.3,88,1.4,,9,300,5,W 
22-01-2019,,30,26.8,89,84.4,6.5,12,290,8,W 
23-01-2019,24.8,29.1,27.7,84,78.4,0,14,270,3,W 
24-01-2019,,,28.4,85,14.6,0,6,320,3,NW
25-01-2019,,29.8,,,15.4,2.2,5,310,4,NW
26-01-2019,25.8,32.2,28.5,83,25.5,0.4,4,320,2,E 
27-01-2019,25.3,32.2,,,2.4,5.9,10,280,3,NW
28-01-2019,24.4,30.2,27.4,81,14,6.2,5,330,2,N 
29-01-2019,25.5,28.4,25.7,86,7.3,,6,250,2,E 
30-01-2019,23,31.2,27.4,84,31.3,0,4,310,2,NW
31-01-2019,23,32.4,28,83,19.1,6.2,5,300,2,NW
01-02-2019,25.8,32.2,27.9,84,11.1,5.1,7,230,2,NW
02-02-2019,24.8,,26.7,89,22.5,5.7,3,70,1,NW
03-02-2019,25.2,32.2,27.8,81,8888,1.2,3,310,1,E 
04-02-2019,25.6,29.8,27.4,86,22.9,8.7,7,300,4,NW
05-02-2019,26.6,30.8,28.4,84,8888,2.4,9,300,5,NW
06-02-2019,24.6,30.2,27.8,84,10.5,4.2,7,310,2,E 
07-02-2019,24.6,31.9,27.3,82,8888,4.5,3,330,1,E 
08-02-2019,25,,27.9,83,5.7,5.9,4,320,2,NW
09-02-2019,,,25.3,94,20,6.2,5,310,2,E 
10-02-2019,24.4,31.3,26.7,86,38.1,0,6,310,2,E 
11-02-2019,,32.5,27.4,85,8.6,6.4,8,300,2,E 
12-02-2019,24.6,31.7,27.9,82,40.5,6.6,8,290,2,E 
13-02-2019,24.3,,27.2,83,4.3,6,4,300,1,E 
14-02-2019,,32.5,28.4,80,8888,,3,230,2,SE
15-02-2019,,33.6,28.6,77,0,3.2,4,240,2,E 
16-02-2019,25,32,27.5,84,18.5,8.1,5,290,2,E 
17-02-2019,25.2,33.2,28.3,79,2.6,7.5,4,230,2,E 
18-02-2019,25.2,32.2,28.5,77,8888,6.2,5,290,2,NW
19-02-2019,25.4,33.2,28.5,76,4.4,7.6,4,290,2,W 
20-02-2019,25.1,33.1,28.6,72,0,9.5,4,240,2,SE
21-02-2019,25.6,32.7,28.8,76,,6.4,4,250,2,E 
22-02-2019,25.6,32.1,27.9,76,0,10.4,3,110,2,SE
23-02-2019,24.6,32.3,27.7,78,8888,5,3,260,2,E 
24-02-2019,25.2,32.8,28.1,81,3.2,7.4,7,210,2,E 
25-02-2019,,32.6,,,8.7,7.8,4,240,2,SE
26-02-2019,25,32.8,,,8888,7.9,3,290,2,E 
27-02-2019,,33.1,28.4,79,1,7.5,4,250,2,E 
28-02-2019,25.8,34.4,28.6,79,2.7,8.8,5,240,2,E 
01-03-2019,26,33.2,28.8,78,8888,8,5,290,2,E 
02-03-2019,25.4,32.8,27.6,83,7.4,9.1,4,250,2,E 
03-03-2019,24.8,32.9,27.3,83,3.4,8,4,290,2,E 
04-03-2019,25,32.2,27.9,81,3,7.4,5,320,2,E 
05-03-2019,25.2,33.1,27.7,83,1.1,6.1,3,290,2,E 
06-03-2019,25.6,32.8,27.6,81,0.5,7,7,290,2,NE
07-03-2019,24.8,29.2,24.6,94,46.3,3.7,6,320,2,E 
08-03-2019,23.4,31.8,27,86,88.5,0,4,90,1,E 
09-03-2019,25.1,32.6,28.5,80,8888,1.3,4,280,1,W 
10-03-2019,26,31.4,27.8,83,0,6.3,5,310,2,NW
11-03-2019,24.6,32.4,28.2,81,0,6.8,5,110,3,E 
12-03-2019,25.4,30.4,,,16,6.9,6,270,2,E 
13-03-2019,25.2,31,26.8,87,53.3,2.3,4,250,2,E 
14-03-2019,24,29.7,,,33.6,1,4,10,2,NW
15-03-2019,23.9,29.6,25.5,90,79.4,1.5,6,310,3,NW
16-03-2019,,29.4,,,0.2,0.4,10,280,5,NW
17-03-2019,25.2,,28.5,82,23.4,2,18,290,3,NW
18-03-2019,25,31.4,,,13,5,6,300,3,NW
19-03-2019,,32.8,28.4,83,0,6.9,4,310,2,E 
20-03-2019,25.6,32.6,,,0,3.2,3,300,1,W 
21-03-2019,26,33.4,29,76,0,8.6,3,310,2,NW
22-03-2019,26,,28.9,80,0,7.5,5,310,2,NW
23-03-2019,,32.8,29,82,0,8.7,5,310,3,NW
24-03-2019,26.8,32.7,29.5,77,4.8,9.7,7,310,2,NW
25-03-2019,26.3,31.8,28.7,79,8888,8.3,2,20,1,NW
26-03-2019,25.6,,28.8,78,0,1.6,4,300,2,SE
27-03-2019,26.3,32.2,28.7,80,0,9.3,6,290,1,E 
28-03-2019,,28.5,,,27.7,3.2,0,190,0,C 
29-03-2019,24.8,31,27.4,82,6,0.1,5,300,1,C 
30-03-2019,25.2,32,28.2,82,3.7,4.8,3,300,1,W 
31-03-2019,25.6,30.2,27.4,88,30.4,9,3,320,1,E 
01-04-2019,25,30,27,86,35.7,1,5,320,1,C 
02-04-2019,25.3,30,27.1,85,8.8,5.2,4,330,1,C 
03-04-2019,25.1,31.2,27.9,86,7.2,3.9,4,310,1,C 
04-04-2019,25.4,30.8,27.1,87,0,3.3,0,30,0,SE
05-04-2019,24.8,32.9,28.5,78,9,2.7,3,310,1,NW
06-04-2019,25.7,30.8,27,88,53,7.4,7,320,1,C 
07-04-2019,25.2,31.7,28,86,29.5,2.5,5,300,2,NW
08-04-2019,25.8,33.5,29,78,0.9,7.2,3,300,1,C 
09-04-2019,27,33.5,29.4,77,,9.4,4,230,1,E 
10-04-2019,26.8,33.4,29.7,77,0,8.4,4,290,2,E 
11-04-2019,26.2,33.4,29.1,74,0,8.2,3,230,2,E 
12-04-2019,27.1,33.4,28.6,80,,8.2,4,280,2,E 
13-04-2019,25.4,32.8,28.5,82,3,0,6,290,2,E 
14-04-2019,25.3,32,28,84,7.2,7.3,4,300,2,NW
15-04-2019,25.4,32.4,28.4,80,23.5,0,4,270,1,W 
16-04-2019,26,33,29.2,80,0,6.6,3,310,1,SE
17-04-2019,25.4,33,28.7,77,8888,6.9,4,270,2,E 
18-04-2019,26.2,33.7,29.9,74,3.5,9,5,250,2,E 
19-04-2019,25.5,33.2,29.1,72,0,9.2,5,260,2,W 
20-04-2019,25.8,33,29.5,76,0,9.2,4,310,2,SE
21-04-2019,26.4,33.2,28.4,79,,9.3,3,280,1,SE
22-04-2019,25.4,33.4,28.8,78,25.1,6,4,230,2,W 
23-04-2019,25.6,32.2,28.2,84,55.8,10,4,240,0,C 
24-04-2019,25.6,33.3,29.3,81,8888,4.7,4,240,1,E 
25-04-2019,25.6,32.3,28.6,81,8888,5.2,3,270,1,E 
26-04-2019,26,32.5,28.9,81,8888,2.3,4,230,2,C 
27-04-2019,26.8,33.4,29.2,79,1,6.6,3,310,1,C 
28-04-2019,26.4,31.6,28.4,85,5.7,3.3,3,250,1,C 
29-04-2019,23.6,31.9,27.6,79,107,0,5,250,3,SW
30-04-2019,24,33.4,28.2,78,7.7,2.1,3,300,1,NW
01-05-2019,25.4,33.2,28.9,75,0,8.4,4,300,1,E 
02-05-2019,25.2,28.2,26.8,85,17,6,10,310,2,E 
03-05-2019,25,32.6,28.3,80,32.9,0,4,230,1,SE
04-05-2019,26,32.6,28.5,80,0,4.8,4,250,2,E 
05-05-2019,25,33,28.7,78,0,6.7,4,220,2,SE
06-05-2019,26,32.7,29.5,74,0,6.8,4,290,2,SE
07-05-2019,26,32.8,29.2,74,0,8.3,4,280,2,S 
08-05-2019,26,32.6,29,79,0,9.9,3,240,2,SE
09-05-2019,26,33.6,28.7,76,0,9.8,5,250,2,SE
10-05-2019,25,33.2,29.6,73,0,9.6,4,240,2,SE
11-05-2019,26,32.8,29,75,0,9.7,5,240,2,E 
12-05-2019,26,33.2,29.2,79,0,10,4,290,2,E 
13-05-2019,26,33.4,29.5,77,0,7.2,4,20,2,SE
14-05-2019,27,32.9,29.2,78,0,10.7,4,250,2,W 
15-05-2019,27,32.8,29.3,76,0,9.2,5,230,2,W 
16-05-2019,26,33.4,29,77,0,8.2,4,290,2,E 
17-05-2019,26,33.6,28.7,70,0,10.2,3,250,2,SE
18-05-2019,25,32.6,28.8,73,0.6,9.2,4,230,2,SE
19-05-2019,25,34.5,28.9,72,0,9.8,4,240,2,N 
20-05-2019,26,33.2,29.5,75,0,10.4,4,250,2,SW
21-05-2019,26,33.6,29.7,76,0,10.3,5,230,2,SE
22-05-2019,27,31.4,27.9,85,0,9.4,5,3,1,SE
23-05-2019,25,32.2,28,82,8.9,1.3,4,240,2,SE
24-05-2019,26,32.2,,,0,7.7,4,250,2,W 
25-05-2019,25,33,28.9,76,0,8,4,240,2,SW
26-05-2019,26,32.1,28.6,77,0,11,4,250,2,W 
27-05-2019,26,33.6,29.5,76,0,9.7,6,40,2,NE
28-05-2019,26,33,28.3,79,0,6.6,5,20,2,E 
29-05-2019,26,33.4,28.6,80,0,7.3,4,230,1,SE
30-05-2019,26,32.1,28.8,76,0,8.1,3,240,1,W 
31-05-2019,26,33.1,28.8,72,0,5,4,240,2,S 
01-06-2019,27,33.2,28.5,80,0,8.4,4,340,2,S 
02-06-2019,27,31.4,28.5,81,8888,2.4,2,280,1,E 
03-06-2019,26,31,28.3,80,8888,1.3,6,50,2,W 
04-06-2019,26,31,28.1,80,8888,2.2,5,210,2,E 
05-06-2019,26,31.6,28.3,83,0.2,0,4,250,2,C 
06-06-2019,26,32,28.3,80,0.7,3.2,4,110,2,W 
07-06-2019,26,32,28.3,79,0,8.5,4,230,2,SW
08-06-2019,26,29.4,26.2,92,7.9,9.1,4,30,1,SE
09-06-2019,25,31,27.3,88,46.8,0.6,3,290,0,C 
10-06-2019,25,31.4,27.9,82,0,6.3,5,250,1,SE
11-06-2019,26,31.6,28.3,84,1.9,8.4,2,290,1,W 
12-06-2019,26,30.4,27.8,83,8888,4.5,4,250,2,W 
13-06-2019,26,31.4,27.8,86,2.2,1.2,4,240,1,C 
14-06-2019,26,30.8,28.5,85,8888,3.6,5,320,1,E 
15-06-2019,24,32,27.6,69,1,1.5,3,310,2,SE
16-06-2019,24,31.6,27.5,74,0,9.7,4,240,2,E 
17-06-2019,24,32.5,27.8,79,0,10.4,5,270,2,NW
18-06-2019,25,32.2,28.4,66,0,9,5,10,2,SE
19-06-2019,25,31.8,27.9,73,0,6.8,4,270,2,E 
20-06-2019,25,31.2,27.6,71,0,8.4,3,250,2,W 
21-06-2019,25,31.8,27.7,73,0,8.1,4,300,2,SE
22-06-2019,25,31.9,28.3,74,0,5.8,4,20,2,E 
23-06-2019,25,31.6,28.1,76,0,10.8,4,240,2,E 
24-06-2019,25,32.4,27.9,76,0,8,4,240,2,W 
25-06-2019,25,32.4,28.1,71,0,10.5,4,240,2,W 
26-06-2019,25,31.3,27.5,72,0,10.8,4,250,2,W 
27-06-2019,25,31.5,27.7,74,0,7.2,4,230,2,SE
28-06-2019,24,32.3,27.2,70,0,10.6,4,240,2,E 
29-06-2019,22,31.6,26.6,66,0,8.6,4,240,2,E 
30-06-2019,24,31,27,65,0,10.5,3,280,1,W 
01-07-2019,26,30.6,27.4,76,0,3.4,3,280,1,W 
02-07-2019,24,29.4,27,84,0.2,1.3,2,270,1,C 
03-07-2019,26,30.8,27,85,0.1,1.5,4,240,1,W 
04-07-2019,25,31,27.4,84,0,5,6,110,2,E 
05-07-2019,25,31.6,27.8,76,,9.7,4,20,2,SE
06-07-2019,24,31.8,28,72,0,10.7,5,30,2,E 
07-07-2019,22,31.8,26.2,68,0,10.5,4,230,2,E 
08-07-2019,22,31.6,26.3,73,0,10.2,4,230,2,SE
09-07-2019,24,31.8,26.6,79,0,10.2,3,230,2,SE
10-07-2019,24,31.4,27.6,75,0,9.5,4,240,2,E 
11-07-2019,24,31.4,27.3,74,0,9.3,4,230,2,SW
12-07-2019,25,31.8,27.6,78,0,10.5,4,300,2,E 
13-07-2019,25,31.6,27.8,68,0,9.5,4,20,2,E 
14-07-2019,24,31,27.2,69,0,8.9,3,240,2,SE
15-07-2019,23,31.2,26.9,69,0,9,4,240,2,E 
16-07-2019,24,32.2,27.4,68,0,8.3,6,230,2,SE
17-07-2019,24,32.4,27.8,72,0,9.1,5,240,2,SW
18-07-2019,26,31.2,28.7,72,0,10,5,240,2,W 
19-07-2019,26,33.6,28.9,74,2,8,5,40,2,NE
20-07-2019,26,33.2,28.6,77,0,8.3,4,240,2,E 
21-07-2019,25,32.5,28.1,70,0,10,4,237,2,SE
22-07-2019,23,30.2,26.2,72,0,10.4,5,250,2,SE
23-07-2019,22,30.8,26.3,66,0,10.7,4,240,2,NE
24-07-2019,23,31.4,26.9,68,0,9.9,4,230,2,E 
25-07-2019,23,31.4,26.5,71,0,10.8,4,270,1,E 
26-07-2019,23,31,26.5,71,0,9.3,6,240,2,SW
27-07-2019,24,31.1,27.6,76,0,10.7,4,240,2,SE
28-07-2019,23,30.6,27,71,0,9.6,4,260,2,SE
29-07-2019,23,32.3,27.3,68,0,10.6,5,240,2,SE
30-07-2019,23,33,28.5,54,0,9.8,4,270,2,E 
31-07-2019,23,31,26.6,67,0,9.1,4,230,2,SE
01-08-2019,23,30.6,26.5,65,0,10.4,4,240,2,SE
02-08-2019,23,,26.6,68,0,9.4,5,210,2,E 
03-08-2019,22,32,26.4,65,0,10.3,4,270,2,SE
04-08-2019,23,32.5,26.7,71,0,10,4,270,2,E 
05-08-2019,23,32,26.9,69,0,8.7,4,240,2,SE
06-08-2019,23,31.8,27.2,70,0,9.6,4,240,2,E 
07-08-2019,23,33.2,27.3,71,0,9.8,4,210,2,SW
08-08-2019,24,33,27.6,68,0,10.2,4,230,2,SW
09-08-2019,23,32.2,27.4,70,0,9.9,4,240,1,C 
10-08-2019,21,32,27.6,73,0,8,5,230,2,SE
11-08-2019,24,32.1,27.3,75,0,9.1,5,230,2,SW
12-08-2019,24,,27.6,78,0,9.4,4,240,2,W 
13-08-2019,25,32.2,27.9,74,0,9.6,4,230,2,SW
14-08-2019,24,32.4,28.3,60,0,9.7,4,230,2,E 
15-08-2019,24,33.1,27.5,64,0,9.4,4,250,2,SE
16-08-2019,24,32.7,27.9,70,0,9.5,5,230,2,SW
17-08-2019,24,33.6,28.4,69,0,9.4,4,240,2,SW
18-08-2019,25,,28.1,66,0,9.5,4,230,2,SW
19-08-2019,26,32.6,27.3,78,0,9.5,4,220,2,SW
20-08-2019,,31.8,27.6,76,0,4.7,9,5,2,E 
21-08-2019,25,,28.6,60,0,6.6,6,80,3,NE
22-08-2019,,32.5,27.1,69,0,9.2,5,240,2,E 
23-08-2019,25,30.8,27.9,67,0,9.3,4,250,2,W 
24-08-2019,25,32.4,28.5,72,0,8.2,5,230,2,SE
25-08-2019,25,31.8,27.9,74,0,9.1,4,280,2,W 
26-08-2019,24,33.7,28.8,62,0,9.2,4,230,2,E 
27-08-2019,25,32.4,27.8,62,0,9.4,5,20,2,E 
28-08-2019,23,32.8,27.4,60,0,3.3,4,50,2,E 
29-08-2019,22,30.8,26.7,61,0,9.3,5,240,2,E 
30-08-2019,23,32.4,27.4,79,0,9.3,5,230,2,SE
31-08-2019,24,34.2,27.8,81,0,9.5,4,230,2,SE
01-09-2019,25,31.8,27.7,82,0,9.2,4,240,2,E 
02-09-2019,25,33.2,27.7,85,0,9.4,5,240,2,E 
03-09-2019,23,31.5,26.3,83,0,9.1,4,230,2,SE
04-09-2019,22,32,26.9,82,0,9.8,4,230,2,SW
05-09-2019,23,32.4,27.3,84,0,9.6,5,220,2,SE
06-09-2019,21,30.2,27.6,74,0,9.1,4,240,2,E 
07-09-2019,26,34,29.4,76,0,2.6,4,230,2,SW
08-09-2019,26,31,27.9,80,0,9.3,4,240,2,W 
09-09-2019,24,32.2,27.5,75,0,9.5,5,230,2,SW
10-09-2019,23,32.2,27.1,72,0,9.7,5,230,2,SE
11-09-2019,22,31.3,26.3,72,0,9.8,5,220,2,SW
12-09-2019,23,30.7,26.8,79,0,9.8,5,250,2,E 
13-09-2019,23,31.2,26.4,72,0,9.9,4,250,2,W 
14-09-2019,23,31.4,27,75,0,10,4,250,2,W 
15-09-2019,23,31.9,27.7,75,0,9.9,5,40,2,W 
16-09-2019,24,31.5,27.4,84,0,9.8,4,50,2,E 
17-09-2019,24,32.6,27.4,83,0,10,5,240,2,E 
18-09-2019,,32.1,,,,9.8,5,240,2,W 
19-09-2019,,,28.4,78,0,9.3,4,220,2,SE
20-09-2019,26,32.8,29.3,79,0,10.1,5,240,2,SW
21-09-2019,,34.1,29.3,78,0,9.2,4,210,2,SW
22-09-2019,27,33.6,29.7,80,0,9.8,4,230,2,N 
23-09-2019,25,33.4,29,82,0,9.2,5,240,2,SE
24-09-2019,24,33.5,28.3,80,0,9.8,5,250,2,W 
25-09-2019,25,31.6,29.2,80,0,10.2,5,250,2,W 
26-09-2019,25,33.4,29,84,0,10.3,4,220,2,W 
27-09-2019,25,31.8,28.2,81,0,10.2,5,250,2,W 
28-09-2019,25,34.5,29.3,75,0,7.8,4,230,2,SW
29-09-2019,26,33.4,28.9,65,0,9.1,4,220,2,SE
30-09-2019,,33.6,28.1,74,0,10,5,240,2,SE
01-10-2019,26,34.4,29.9,66,0,10.2,4,210,2,SW
02-10-2019,26,34.5,28.9,75,0,10.1,5,250,2,W 
03-10-2019,26,31.6,28.1,76,0,9.8,5,3,2,W 
04-10-2019,25,33.8,28.7,70,0,10.2,4,270,2,W 
05-10-2019,25,32,28.5,69,0,10.2,5,240,2,W 
06-10-2019,26,31.6,29,66,0,10.2,4,240,2,SW
07-10-2019,25,32.7,28.9,64,0,8.4,6,270,2,W 
08-10-2019,25,33.4,28.9,70,0,10.2,5,240,2,W 
09-10-2019,25,33.4,29.3,70,0,10.2,6,220,2,SW
10-10-2019,26,,29,75,0,9.8,5,240,2,SW
11-10-2019,25,33.8,29.4,72,0,10.2,5,230,2,SE
12-10-2019,25,33.2,28.5,72,0,10.3,4,240,2,S 
13-10-2019,,32.8,29.1,76,0,10.3,4,320,2,NW
14-10-2019,,34.4,,,0,8.9,6,220,2,SW
15-10-2019,25,34.2,,,0,10.9,4,240,2,SW
16-10-2019,25,34,29.2,70,,10.6,4,230,2,SE
17-10-2019,26,33.8,29.7,76,0,10.4,4,250,2,SE
18-10-2019,26,33.4,29.9,74,0,9.1,4,250,2,C 
19-10-2019,,34.4,30.2,69,0,10.2,5,220,2,N 
20-10-2019,26,34.4,30.2,70,0,10.4,5,120,3,SW
21-10-2019,26,34,30.1,62,0,10.4,6,350,2,W 
22-10-2019,25,33.6,30.1,64,0,10.9,12,220,3,SE
23-10-2019,,33.1,29.3,64,0,10.2,4,250,2,SE
24-10-2019,,33.6,,,0,10.3,4,240,2,SW
25-10-2019,26,34.6,30.4,68,0,9.3,4,220,2,SE
26-10-2019,26,33.3,,,0,10.3,4,230,2,SE
27-10-2019,25,34,28.8,72,0,8.6,5,220,2,SW
28-10-2019,,34,,,0,7,4,240,2,SW
29-10-2019,,34.2,,,0,9.6,5,220,2,SE
30-10-2019,26,34,29.8,73,0,10.2,7,120,2,SE
31-10-2019,26,34.2,29.5,72,0,9.1,5,230,2,NE
01-11-2019,26,34.2,28.8,78,0,8.6,5,250,2,E 
02-11-2019,25,33.6,28.7,78,0,6.8,4,270,2,E 
03-11-2019,25,33.8,29.4,73,0,7.6,4,210,2,SE
04-11-2019,22,33.6,29.8,71,0,10.5,7,5,2,SE
05-11-2019,26,33.4,28.5,76,,9.1,5,230,2,E 
06-11-2019,25,,29.3,74,1,9.3,5,220,2,S 
07-11-2019,26,,29,78,0,10.6,5,220,2,SW
08-11-2019,25,34,28.8,82,61,8.2,3,180,2,S 
09-11-2019,25,32.8,28.4,76,0,7.8,5,220,2,E 
10-11-2019,26,32.9,29.3,78,4.8,4.7,4,240,2,SE
11-11-2019,26,33.5,29.3,75,7.7,7.3,7,350,3,SW
12-11-2019,26,30.4,27.6,84,7.7,7.5,7,350,2,N 
13-11-2019,26,33,30,75,0.5,4.5,4,270,2,SE
14-11-2019,26,32.6,29.1,76,0,10.5,5,250,2,SE
15-11-2019,25,33.6,29,74,0,9.4,4,220,2,SE
16-11-2019,25,33.8,29.3,76,8888,7.9,5,250,2,SW
17-11-2019,25,33.4,30.1,73,0,10.4,5,230,2,SE
18-11-2019,26,34.4,29.8,73,0,10.4,5,240,2,SW
19-11-2019,27,33.8,29.8,71,0,10.2,5,240,2,SW
20-11-2019,26,33.2,29.3,69,0,10.3,5,240,2,E 
21-11-2019,26,34.2,30,69,0,10.6,4,250,2,E 
22-11-2019,26,34.2,30.1,70,0,10.5,5,230,2,E 
23-11-2019,26,33.2,,,0,10.4,4,250,2,E 
24-11-2019,26,33.2,29.7,73,0,10.3,5,230,2,E 
25-11-2019,,33.8,29.6,74,0,10.2,4,150,2,E 
26-11-2019,26,33,,,0,10.5,5,240,2,E 
27-11-2019,26,33.7,,,1.5,10,5,280,2,SE
28-11-2019,26,32.8,29.5,76,0,9.4,4,280,2,E 
29-11-2019,26,34.2,29.7,74,0,8.6,5,240,2,E 
30-11-2019,,33.4,,,0,10.3,4,250,2,W 
01-12-2019,27,33.5,29.9,74,8888,10.2,6,150,2,SE
02-12-2019,28,33.8,29.9,78,0,10.1,4,230,2,E 
03-12-2019,27,33.8,29.4,79,0,6.1,4,280,2,C 
04-12-2019,26,32,28.6,81,25.9,7.5,5,4,1,E 
05-12-2019,26,33.2,29.5,78,7.2,1.6,6,220,2,SE
06-12-2019,,33.4,,,0.5,9.1,4,240,2,E 
07-12-2019,27,33.7,30,80,1,9.9,4,280,2,E 
08-12-2019,26,34,,,1,5.4,4,240,2,E 
09-12-2019,26,33.4,29.2,79,11,7.3,4,280,2,E 
10-12-2019,,33.8,28.6,80,8888,6.1,5,290,2,E 
11-12-2019,26,32.7,,,25.5,4.9,5,230,2,E 
12-12-2019,,32.8,29.5,77,0,8.9,8,290,2,W 
13-12-2019,26,32.8,,,0,6.1,9,290,2,E 
14-12-2019,27,32,28.3,81,15.4,7.1,5,300,0,C 
15-12-2019,25,33.2,,,0.2,0.5,6,320,2,E 
16-12-2019,25,33,28.2,80,14.2,7.3,5,270,2,E 
17-12-2019,26,33,28.3,84,1.8,8.2,5,280,2,E 
18-12-2019,26,32.2,28.8,82,62,6.2,5,300,2,NW
19-12-2019,27,32.4,29,80,3,8.9,4,310,2,E 
20-12-2019,26,32.8,28.7,82,,5.3,4,290,1,C 
21-12-2019,26,33.2,29.2,76,0,7.7,5,270,2,E 
22-12-2019,26,32.7,28.8,80,27,,5,300,2,E 
23-12-2019,26,31,28.1,81,3.9,4.8,4,310,1,NW
24-12-2019,26,32.6,29.7,73,0,1.4,5,290,2,E 
25-12-2019,27,33,29.3,78,0,9.4,5,290,2,E 
26-12-2019,25,33,28.4,80,8.3,8.3,6,290,2,E 
27-12-2019,25,33.2,29.3,82,1.5,9.8,5,300,2,NW
28-12-2019,25,33,29.5,83,0.1,7.5,7,290,3,NW
29-12-2019,26,30.2,27.9,88,40.7,5.3,6,350,2,N 
30-12-2019,25,33.3,29.1,80,29.5,1.4,4,300,2,E 
31-12-2019,26,33.4,28.6,80,0,6.8,7,290,2,NW
01-01-2020,25.2,31.4,28.3,83,47.9,4.7,5,240,3,W 
02-01-2020,25.2,28.8,25.7,94,22,3.8,5,230,2,E 
03-01-2020,24.6,26.8,25.5,90,89.1,0,6,260,3,E 
04-01-2020,24.3,30.8,27.6,84,34.4,0,6,290,4,NW
05-01-2020,26,31,26.8,84,6.9,1.2,8,340,3,NE
06-01-2020,24,28.4,26.3,90,47.7,0.9,7,270,2,N 
07-01-2020,25.4,30.3,27.6,84,35.8,0,8,310,2,NW
08-01-2020,25.1,31.2,28.9,85,35.9,0.6,7,300,3,NW
09-01-2020,24.9,31.2,27.1,91,9.8,0.3,6,320,2,E 
10-01-2020,25,32.7,,,18.1,0,6,240,2,E 
11-01-2020,25.2,32,27.2,90,23.4,9,7,250,3,W 
12-01-2020,24.4,28.4,25.3,94,56.5,4,7,240,3,E 
13-01-2020,24.8,31,27.8,85,84.6,0,4,310,2,E 
14-01-2020,24.8,33.8,29.2,78,8888,7,3,30,2,NW
15-01-2020,25.3,33.8,28.2,81,0,9.5,3,270,1,E 
16-01-2020,25.4,33.2,28.8,81,0.1,,9,310,2,E 
17-01-2020,25.2,33.1,28.9,80,0,8.7,4,290,2,W 
18-01-2020,26,33.4,29.1,79,4.6,10.6,3,300,1,W 
19-01-2020,26,33.8,29.4,79,0.3,9.5,3,310,1,W 
20-01-2020,26.4,33.5,,,0.2,10.5,6,320,2,NW
21-01-2020,25.4,32.8,28.9,82,32.8,5.2,3,290,2,NW
22-01-2020,26.2,34.1,29.6,80,8888,6.2,4,250,2,SE
23-01-2020,26.5,32.9,29.3,82,0,10.3,4,250,2,E 
24-01-2020,25.9,33.8,28.9,77,1.4,9.7,4,250,2,E 
25-01-2020,25,33.7,29.6,79,0,8.9,4,300,2,SE
26-01-2020,26,31.4,,,8.5,8.9,3,250,1,E 
27-01-2020,27.2,33.5,29.6,80,8888,1.8,4,280,2,W 
28-01-2020,26.6,34.2,29.7,76,0,8.5,4,280,2,E 
29-01-2020,27.2,33.9,29.9,78,8888,7.7,5,300,3,NW
30-01-2020,28.1,33.9,30.1,79,0,10.4,9,280,4,W 
31-01-2020,27.1,29.2,27.7,84,13,9.7,5,300,2,E 
01-02-2020,24.4,28,25.6,91,42.8,0,3,50,2,NE
02-02-2020,24.8,32.6,28.5,84,10.8,0,4,290,2,NW
03-02-2020,26.2,32.7,28.8,82,8888,6.2,15,16,2,NW
04-02-2020,25.2,32,27.8,86,50.2,5.8,4,330,2,E 
05-02-2020,25.6,31.4,28.3,84,16.3,4.6,8,310,3,NW
06-02-2020,26.4,32.9,29.7,83,18.7,6.6,7,320,4,NW
07-02-2020,26.2,27.6,26.2,94,7.8,7.8,6,310,2,E 
08-02-2020,25,30.2,27.5,86,35.6,0,6,280,1,N 
09-02-2020,24,30.2,25.1,92,42,0,6,240,2,SW
10-02-2020,25,30.2,27.3,88,26.3,0.1,4,320,2,SE
11-02-2020,25,32.4,28,86,19.8,0,3,280,2,E 
12-02-2020,25.2,30.3,27.8,86,1.3,4.4,4,250,1,E 
13-02-2020,25.6,33.3,28.7,83,8888,0.1,3,260,1,W 
14-02-2020,26.2,32.8,28.8,81,2,7.9,3,270,2,SE
15-02-2020,26.2,33.4,29.3,78,,8.9,4,250,2,SW
16-02-2020,26.4,32.6,28.8,82,,6.9,4,290,2,W 
17-02-2020,25.8,31.5,27.4,89,7.7,6.1,6,240,2,E 
18-02-2020,24.8,31.4,25.4,94,54.3,1.2,6,290,2,E 
19-02-2020,24.2,28.7,25.6,94,95.1,0,5,230,1,E 
20-02-2020,25,30.8,26.2,91,13.7,0,4,260,2,E 
21-02-2020,24.8,33,28.2,85,28.8,0,5,300,2,E 
22-02-2020,25.2,29.6,27.3,84,10.3,4.6,4,290,1,C 
23-02-2020,25.4,30.4,,,7.5,0.9,6,330,2,NW
24-02-2020,25.6,33.5,28.8,81,5.6,0,11,130,3,SW
25-02-2020,26.1,32.3,28.9,83,22.8,4.6,4,250,2,E 
26-02-2020,26.5,32.4,28.8,85,2.3,7.5,3,230,1,SE
27-02-2020,25.6,29.7,,,6.6,4.9,3,350,2,SE
28-02-2020,25.8,31.2,28.1,84,3.6,0.5,4,20,1,C 
29-02-2020,26.4,32.6,,,6.3,1.4,5,310,2,NW
01-03-2020,26,32,28.5,81,0,5.6,6,200,2,NW
02-03-2020,26.2,33.2,,,4.5,2.3,5,300,2,NW
03-03-2020,25.8,32.8,28.3,86,7.9,7,4,300,2,NW
04-03-2020,,32.5,,,18.4,6.9,5,320,2,E 
05-03-2020,25.6,29,27,88,23,2.3,8,330,4,NW
06-03-2020,24.4,28.1,25.4,95,56.7,,4,220,1,E 
07-03-2020,24.3,30.5,26.9,89,35.2,0,10,290,2,E 
08-03-2020,24.7,29.6,25.6,92,23,1.1,3,280,1,E 
09-03-2020,25.1,32.2,28,80,25.7,1.9,3,310,1,NW
10-03-2020,25.2,32,28.3,78,3,8.7,5,20,2,E 
11-03-2020,26.7,34.5,29.7,77,,5.1,4,280,2,SE
12-03-2020,26.2,33.6,29.4,74,,8.6,3,10,1,SE
13-03-2020,25.6,33.6,29.2,76,0,6.5,5,250,2,W 
14-03-2020,26,30.3,27.2,84,16,9,4,10,2,NW
15-03-2020,25.4,32.6,28.4,79,8888,2,4,300,2,NW
16-03-2020,,32.8,29.1,78,8888,9.3,4,250,2,SE
17-03-2020,26.2,33.9,,,0,9.2,4,230,2,SE
18-03-2020,25.6,34,29.1,76,,9.2,3,300,2,E 
19-03-2020,26,33.5,28.7,78,0,9.2,3,290,2,E 
20-03-2020,26.1,32.2,27.7,83,0.3,6.8,7,310,3,NE
21-03-2020,25,32,28.5,78,21,6.5,8,300,3,NW
22-03-2020,25.2,32.2,28.2,79,4.3,8,4,250,1,SE
23-03-2020,25.1,33.5,28.7,77,0,4.1,3,300,2,SE
24-03-2020,25.8,32,28.9,80,0.3,5.6,6,320,3,NW
25-03-2020,25.4,33,28.7,70,8888,7.5,4,280,2,W 
26-03-2020,25.2,33.6,29.3,76,,10.1,4,20,1,SE
27-03-2020,27,33.6,29.3,79,8888,8.7,4,320,1,NW
28-03-2020,26.7,33.4,29.3,76,0,4.9,6,250,2,W 
29-03-2020,,31.9,28.2,81,24.2,4.2,3,130,1,E 
30-03-2020,,32.9,,,1.4,2.2,3,320,2,SE
31-03-2020,25.6,32.9,28.4,77,0,6.9,4,310,2,NW
01-04-2020,24.9,28.8,26.6,87,17.4,7.7,4,30,2,E 
02-04-2020,25.2,33.6,28.7,78,9.5,0,3,300,1,E 
03-04-2020,26.3,34,29.3,78,0,8.3,4,280,2,W 
04-04-2020,26.5,33.4,28.9,81,6.8,8.7,5,270,2,SE
05-04-2020,25.6,,,,0.7,5.6,3,260,2,W 
06-04-2020,27,33.5,,,,9.8,4,240,2,E 
07-04-2020,,,,,,,,,,
08-04-2020,,28,,,3.4,7,4,30,2,E 
09-04-2020,24.3,32.4,28.2,78,14.5,0,4,310,2,NW
10-04-2020,25.6,,,,0,8.6,3,250,2,W 
11-04-2020,25.2,32.6,,,0,9.7,7,300,2,E 
12-04-2020,25.9,30.4,27.7,83,11.5,3.1,3,320,1,SE
13-04-2020,26,32.3,28.6,81,9.4,0.4,4,250,2,E 
14-04-2020,25.4,33,,,0,2.8,17,160,2,E 
15-04-2020,26.6,33.3,29.1,81,0,9.3,4,290,2,SE
16-04-2020,,,,,,,,,,
17-04-2020,,,,,,,,,,
18-04-2020,,,,,,,,,,
19-04-2020,26.1,32.7,28,84,8888,6.6,4,300,2,E 
20-04-2020,24.6,32.6,28.3,81,35.7,6.7,5,170,2,SE
21-04-2020,25.2,33,28.6,75,0,9.4,4,10,2,W 
22-04-2020,,,,,,,,,,
23-04-2020,,,,,,,,,,
24-04-2020,26,32.9,28.5,78,0.3,9,5,150,2,SE
25-04-2020,25.7,,,,1.8,2.3,3,260,2,W 
26-04-2020,26,32.8,29.1,80,8888,5.7,4,230,2,SE
27-04-2020,,,,,,,,,,
28-04-2020,26.2,33.4,29.2,75,0,9.1,4,250,2,SE
29-04-2020,26.2,33,28.8,77,0,9.3,3,300,2,SE
30-04-2020,25.8,32.8,28.7,74,0,6.7,3,260,2,W 
01-05-2020,26.4,,,,0,9.5,4,220,2,E 
02-05-2020,26.2,33,,,0,3.6,5,230,2,SE
03-05-2020,27,33.4,29.5,76,0,9.9,4,250,2,E 
04-05-2020,27,33.8,29.6,78,0,9.4,5,30,2,NE
05-05-2020,,,,,,,,,,
06-05-2020,27.8,,,,,7.6,5,240,3,SW
07-05-2020,27.2,,,,8888,4.6,3,290,2,E 
08-05-2020,26,33.5,,,0.5,1.6,3,260,2,SE
09-05-2020,26.1,32.8,28.7,80,8888,6.9,4,250,2,SE
10-05-2020,25.8,33.4,28.9,78,8888,6.5,4,310,2,SE
11-05-2020,25.8,33.6,29.4,74,0,9.7,4,240,1,SE
12-05-2020,,,,,,,,,,
13-05-2020,26,,,,0,9.9,2,300,2,E 
14-05-2020,26.4,33.5,,,0,8.7,4,250,1,E 
15-05-2020,27.8,33,30.2,75,0,6.6,3,250,2,W 
16-05-2020,27.4,33.4,30,76,0,8.5,3,280,2,W 
17-05-2020,,,,,,,,,,
18-05-2020,27.9,33.8,,,0,8.5,4,10,2,E 
19-05-2020,26.4,,,,28.2,3.4,7,300,3,NW
20-05-2020,26.4,33,,,0,0,4,60,2,SE
21-05-2020,,,,,,,,,,
22-05-2020,24.2,31,,,122.9,3.9,6,160,1,SE
23-05-2020,24.6,32.6,28.5,78,1,0,3,280,1,W 
24-05-2020,26.2,32.8,,,0,8.6,5,90,1,E 
25-05-2020,26,32.3,28.4,84,15,8.5,4,330,2,E 
26-05-2020,25.6,31.4,,,4,8.5,3,260,2,W 
27-05-2020,26.4,30.1,28.2,86,0,8.1,3,140,1,SE
28-05-2020,26,33,28.9,76,0,0.8,3,250,2,SE
29-05-2020,26.4,33.9,29.3,78,8888,8.2,3,100,2,SE
30-05-2020,25.8,33.8,29.4,76,8888,6.3,4,300,2,SE
31-05-2020,27.1,32.4,28,83,0.5,10.1,4,250,2,SE
01-06-2020,25,32.4,28,82,50.6,4.1,5,280,2,W 
02-06-2020,26.4,33.2,29.3,78,0,8.8,4,250,2,W 
03-06-2020,26.2,33.4,29.2,70,0,10.2,4,240,2,W 
04-06-2020,25.4,33.6,28.6,71,0,9.9,8,50,2,E 
05-06-2020,25.9,,,,0,9.4,3,280,2,W 
06-06-2020,27,31.2,28.8,75,0,8.3,3,310,2,SE
07-06-2020,26,33.6,,,8888,1.4,4,20,2,SE
08-06-2020,26.3,32.4,28.8,76,0,8.5,3,240,2,E 
09-06-2020,25.6,32.6,28.5,76,0,7.3,3,280,2,SE
10-06-2020,24.8,32.6,28.2,75,0,9.4,6,250,2,W 
11-06-2020,25.2,33,28.6,76,0,10.2,4,250,1,E 
12-06-2020,26.4,,,,0,9.8,3,180,2,W 
13-06-2020,24.8,31,26.6,86,11.2,5,3,30,1,SE
14-06-2020,,33.2,29,76,4.1,0,3,290,1,W 
15-06-2020,25.8,32.3,28.2,78,1.8,8.4,3,230,2,E 
16-06-2020,26,32.4,28.4,80,0.2,4.5,5,240,1,C 
17-06-2020,26,32.4,28.6,79,3.2,6.1,4,240,2,W 
18-06-2020,26.5,33,30,65,1,6.4,4,250,2,NE
19-06-2020,27.4,32.2,28.6,76,,,3,300,1,NW
20-06-2020,26.6,32.4,28.5,79,0.1,2.5,4,280,1,E 
21-06-2020,26,32,28.7,78,0.9,4.2,3,300,2,W 
22-06-2020,25,32.9,28.5,73,0,9.4,4,40,1,C 
23-06-2020,24.8,32.6,28.3,71,0,9.8,4,240,2,SE
24-06-2020,24.7,32.8,28.5,70,0,9.7,4,240,2,SE
25-06-2020,24.4,32.6,,,0,10.7,4,300,2,SE
26-06-2020,25.8,31.8,28.2,78,8888,9,5,100,2,W 
27-06-2020,24.8,32.2,27.5,76,0,6.9,3,250,2,SE
28-06-2020,24,32.2,27.5,68,0,,3,150,2,W 
29-06-2020,25.6,31.9,27.8,80,0,6.6,3,250,1,SE
30-06-2020,24.7,32,27.9,82,0,2.7,3,260,1,SE
01-07-2020,25.2,32.3,28,80,8888,6.8,4,20,2,SE
02-07-2020,25.2,31.6,28,83,0,6.2,4,20,2,W 
03-07-2020,25.2,32.7,28.2,76,0,7.8,4,110,1,E 
04-07-2020,24.8,32.2,28,76,8888,3.2,4,250,2,W 
05-07-2020,25.4,31.4,28.2,77,0,10.3,4,240,2,E 
06-07-2020,25,31.4,27.8,82,2.1,2.5,5,260,2,W 
07-07-2020,25.2,32,,,0,4.1,4,250,2,W 
08-07-2020,25,31.8,28.4,79,1.1,9,4,290,2,W 
09-07-2020,26.5,32,28.5,81,0,6.3,4,280,2,W 
10-07-2020,27,32,29,80,8888,5.1,3,280,2,W 
11-07-2020,,31.8,28.6,80,0,6.4,4,320,2,SE
12-07-2020,25.4,32.8,,,0,4.1,4,4,2,W 
13-07-2020,25.4,31.8,28,77,1.7,7.6,4,310,2,E 
14-07-2020,26,33.8,28.9,75,0,3.7,4,80,2,SW
15-07-2020,,,,,0,8.5,4,60,3,W 
16-07-2020,25.8,32,28.4,77,0,8.5,4,250,2,NW
17-07-2020,26,32.6,28.6,80,0,4.7,3,280,1,SE
18-07-2020,25.7,31.2,28,85,2,8.6,4,250,1,SE
19-07-2020,25.8,32,28.1,82,1.5,4.1,4,250,2,SE
20-07-2020,24.7,32,,,0,8.5,3,280,2,SE
21-07-2020,24.5,32.4,,,0,10.1,3,240,2,SE
22-07-2020,26,33.3,29.3,75,0,10.1,3,250,1,W 
23-07-2020,25.9,32.6,28.7,74,0,9.5,4,40,2,E 
24-07-2020,24.7,32.2,28,74,0,10.2,3,250,2,SE
25-07-2020,24,33.4,27.5,72,0,10.1,4,300,2,SE
26-07-2020,23.2,31.4,27.2,70,0,8.4,3,250,2,W 
27-07-2020,24,32,28,73,,8.2,4,250,2,W 
28-07-2020,23.8,33.7,28.1,70,,8.8,4,250,2,SE
29-07-2020,23,33.6,27.7,68,0,9,4,300,2,SE
30-07-2020,24,32,27.5,68,0,9.8,3,280,2,SE
31-07-2020,25.2,32.9,28.1,70,0,7.8,4,290,2,SE
01-08-2020,24.6,32,27.8,74,0,7.5,5,20,2,W 
02-08-2020,25,31.8,28.1,73,0,9.5,3,290,2,W 
03-08-2020,25.5,32.6,28.3,72,0,9.7,4,220,2,SE
04-08-2020,26,32.7,29.1,75,8888,9.3,4,10,2,SE
05-08-2020,26.6,33,29.2,76,,4.3,4,250,2,S 
06-08-2020,26.3,33.2,29.1,69,0,7.5,4,240,2,E 
07-08-2020,25.1,32.2,27.9,75,0,6.3,4,250,2,E 
08-08-2020,26.4,33.5,29.2,74,,10.4,4,240,2,E 
09-08-2020,26.3,33,,,,8.3,4,240,2,N 
10-08-2020,26.6,32.4,,,0,10.3,4,250,1,SE
11-08-2020,26,32,28.2,83,16,7,6,10,3,N 
12-08-2020,25.8,33.8,28.7,80,0.4,6.3,4,230,2,E 
13-08-2020,25.8,32.3,29.1,77,,7.7,4,250,2,W 
14-08-2020,25.3,32.6,28.8,72,,8.9,5,250,2,SE
15-08-2020,25,32.4,28.5,70,0,10.3,8,1,2,E 
16-08-2020,25.9,31.4,28.5,70,,9.5,4,250,2,SE
17-08-2020,25.6,32,28.4,72,,4.2,5,50,2,SE
18-08-2020,24,32,,,0,9.7,5,2,2,W 
19-08-2020,23.9,31.5,27.4,70,0,10.6,4,240,2,SE
20-08-2020,23.5,32,27.4,66,,10.6,4,260,2,W 
21-08-2020,24.4,32.9,28.2,69,,10.7,4,240,2,NW
22-08-2020,25.2,32.2,28.1,74,,10,5,250,2,W 
23-08-2020,24.5,32.5,28.9,65,,10.4,8,50,3,W 
24-08-2020,24.9,33.2,29.2,60,,10.3,5,30,2,SW
25-08-2020,25.6,33.6,29.1,63,,10.6,4,280,2,W 
26-08-2020,24.5,33.6,28.4,65,,10.5,5,290,2,W 
27-08-2020,24.7,33.2,28.7,62,0,10.7,5,240,2,SW
28-08-2020,25.6,32.6,28.6,74,,10.4,4,240,2,W 
29-08-2020,26.2,32.4,29.1,75,0,10.5,5,280,2,W 
30-08-2020,26,33.4,28.7,70,,10.1,4,220,2,SW
31-08-2020,26,33.4,29.7,63,0,10.3,6,70,3,W 
01-09-2020,27.6,31.8,28.2,80,8888,10.3,4,280,2,C 
02-09-2020,25.8,31.9,28.6,78,1.1,1.8,4,250,2,W 
03-09-2020,25.8,32,28.7,78,4,8.7,5,250,2,W 
04-09-2020,25.8,33,29.3,67,,10.1,6,30,2,W 
05-09-2020,25.4,32.2,28.9,67,,8.7,5,250,2,W 
06-09-2020,25.2,32.3,28.9,68,0,9.9,4,270,2,W 
07-09-2020,24.6,32.3,29.1,67,0,10.2,5,50,2,W 
08-09-2020,26.2,32.5,29.4,70,0.2,8.7,3,250,2,W 
09-09-2020,26.8,33,29.4,70,0,4.4,5,250,2,E 
10-09-2020,25.8,32.4,29.5,67,0,10.1,4,280,2,W 
11-09-2020,25.6,33.4,29.6,63,0,10.1,10,120,2,SE
12-09-2020,26,32.9,29.5,60,,9.2,5,260,2,E 
13-09-2020,26.2,34,29.6,65,,10.1,4,260,2,W 
14-09-2020,25,33.4,29,57,,8.4,5,250,2,E 
15-09-2020,24.7,31.8,28.5,59,,10.1,4,280,2,W 
16-09-2020,24.2,32.4,28.7,62,0,10.1,4,240,2,W 
17-09-2020,24.7,32.3,29.5,67,0,9.9,4,250,2,N 
18-09-2020,26.8,34.2,30.1,71,8888,5.4,5,10,2,SW
19-09-2020,27.2,33.5,29.8,72,0,6.5,4,230,2,SW
20-09-2020,26.2,32.2,27.9,82,0,4.8,4,250,2,SE
21-09-2020,25,34.2,29.2,79,11.5,4.2,5,230,1,SE
22-09-2020,25.8,33.2,29.6,74,1.8,5.9,5,240,2,SE
23-09-2020,26.2,33.8,30.3,69,0.2,8.4,5,290,2,W 
24-09-2020,26.6,34.6,29.4,73,0,9,4,230,2,SE
25-09-2020,26.6,34.6,29.2,72,8888,7.6,4,240,2,S 
26-09-2020,26.1,33.3,30,70,,9.2,6,20,2,W 
27-09-2020,26.2,33.8,29.8,73,8888,9.2,4,230,2,SW
28-09-2020,26.3,32.7,29.3,70,4.3,4.9,5,290,2,SE
29-09-2020,26,32.7,28.8,72,0,10,5,280,2,SE
30-09-2020,26.2,32.9,29.2,76,0,3.1,5,270,2,W 
01-10-2020,26.7,32.2,29.7,74,0,6.7,5,290,2,W 
02-10-2020,26.6,32,29.9,66,,10.1,6,50,2,E 
03-10-2020,25.6,32.6,28.5,70,,10.2,5,260,2,SE
04-10-2020,25,34.2,29.3,66,,10.3,4,280,2,SE
05-10-2020,25.2,33.7,29.3,64,0,7.3,4,280,2,S 
06-10-2020,26.4,33,29.2,73,0,10.3,5,230,2,SE
07-10-2020,26,33.8,30.2,70,0,7.7,4,220,2,SW
08-10-2020,27.5,34.4,29.9,72,0,6.7,3,260,1,E 
09-10-2020,25.6,31.4,27.4,86,19.7,4.4,6,320,3,NW
10-10-2020,26,31,28.5,83,3.3,3.9,4,290,2,SE
11-10-2020,25.2,32.6,29.2,76,8888,7.9,4,270,2,W 
12-10-2020,24.8,33.7,29.7,61,,10.1,5,260,2,W 
13-10-2020,25.2,32.8,28.7,69,,10.3,4,280,2,W 
14-10-2020,26.1,33.3,29.6,73,,10.3,5,20,2,W 
15-10-2020,27.5,34.5,30.6,72,8888,4.9,6,320,3,W 
16-10-2020,26.6,34.9,30,70,,7.2,4,260,2,E 
17-10-2020,26.8,33.6,29.5,73,,8.3,5,320,2,W 
18-10-2020,27.4,32.8,28.5,75,,5.2,5,80,2,SE
19-10-2020,25.8,32.2,27.3,82,0.1,5.5,8,300,2,E 
20-10-2020,23.8,33.4,28.7,72,21,7,5,250,2,SE
21-10-2020,25.4,33.2,29.3,66,0,10.2,4,240,2,SE
22-10-2020,25.5,,29.8,67,0,10.3,5,260,3,SW
23-10-2020,25.2,34,,,0,8.5,4,230,2,SE
24-10-2020,,,,,,,,,,
25-10-2020,,33.8,,,0.3,8.1,4,280,2,SE
26-10-2020,25.3,34,29.5,70,8888,9.1,4,230,2,E 
27-10-2020,26,34,28.5,74,0,10.4,5,40,2,E 
28-10-2020,25,33.2,29.2,73,,6.9,4,30,2,W 
29-10-2020,,34.2,30.1,69,0,9,7,320,3,W 
30-10-2020,26.6,33.4,29.4,80,9.3,10.6,7,320,2,E 
31-10-2020,25.8,33,29.2,74,,5.3,4,250,2,E 
01-11-2020,26.4,33.4,28.7,76,0,8.5,3,280,2,E 
02-11-2020,,33.1,29.4,72,3.2,7.6,4,210,2,SE
03-11-2020,25.6,32.8,,,1.5,8.3,3,290,1,E 
04-11-2020,26.5,33.1,29,81,8888,5,3,290,1,SE
05-11-2020,26.2,32.4,28.8,76,1,4.4,4,290,2,SE
06-11-2020,26.4,33,29.3,77,8888,4.1,5,190,2,SE
07-11-2020,25.6,35,30.2,72,0,6.8,4,230,2,E 
08-11-2020,25.4,33.3,29.5,73,,9.5,4,260,2,SE
09-11-2020,25.2,33.6,27.8,79,,8.5,5,240,2,E 
10-11-2020,25.2,33.4,29.9,75,23.6,6.1,5,260,2,SW
11-11-2020,27.5,33.7,30.3,72,0,9.3,4,270,2,E 
12-11-2020,26.1,33.9,29.7,75,0.2,9.9,4,250,2,SE
13-11-2020,26.7,33.4,30.2,74,0,10.4,4,270,2,E 
14-11-2020,25.8,32.2,29.2,73,0,10.3,4,290,2,E 
15-11-2020,26.2,32.6,,,0,5.3,5,50,2,E 
16-11-2020,,33.6,29.5,76,21.1,3.5,5,250,2,SE
17-11-2020,26.4,33.3,30.1,74,0,9.4,5,250,2,W 
18-11-2020,26.8,33.4,30.1,74,0,10.5,5,30,2,E 
19-11-2020,27,32.4,29.4,80,0,8.9,4,250,2,E 
20-11-2020,26,32.7,28.9,80,3,0.5,4,230,2,E 
21-11-2020,26,32.6,28.1,84,3.2,1.1,5,320,2,E 
22-11-2020,26.8,32.9,,,58.1,6.6,4,230,2,E 
23-11-2020,25.8,32.7,28.6,83,8888,2.6,5,290,2,E 
24-11-2020,26,32,27.7,85,3.7,6,4,290,2,E 
25-11-2020,24.8,32,28.3,82,41.5,6.6,5,300,2,E 
26-11-2020,25.8,31.7,27.9,86,15.1,7.7,4,290,2,SE
27-11-2020,25,31.6,27.9,82,31,5.3,6,280,2,E 
28-11-2020,25.2,32,28.4,80,25,2.5,5,310,2,E 
29-11-2020,26.1,32.5,29.5,78,1.2,6.8,5,90,2,NW
30-11-2020,24.4,28.4,25.8,86,15.5,8.6,4,320,2,E 
01-12-2020,25.3,26.9,26.3,93,19.4,0,4,40,1,E 
02-12-2020,24.7,29.8,26.6,86,27.5,0,3,40,2,E 
03-12-2020,25.2,32.1,28.1,85,95.1,4.2,5,290,2,NW
04-12-2020,24.8,28.5,25.9,91,42.1,3.3,4,290,2,E 
05-12-2020,24.6,29.6,25.7,94,39.5,0,6,310,2,E 
06-12-2020,24.4,29.2,26.2,88,61.8,0,2,70,1,SE
07-12-2020,24.4,31.5,28,81,8.1,0.8,6,290,2,E 
08-12-2020,24.8,31.2,28,79,9.8,5.7,7,270,2,SE
09-12-2020,25,32.8,28.4,80,10.6,5.2,10,280,2,E 
10-12-2020,25,33.6,30.2,72,8888,3,2,310,1,SE
11-12-2020,25.8,33.1,29.7,75,0,9.1,5,350,2,E 
12-12-2020,25.8,31.2,27.5,82,8888,6.9,9,300,2,E 
13-12-2020,24.7,29.8,27.3,85,4.5,0.7,7,260,2,E 
14-12-2020,25.6,29.2,27.2,85,0.1,0.5,7,300,2,E 
15-12-2020,24.7,30.9,26.9,89,42.4,0,5,300,2,NW
16-12-2020,25.1,30.5,27.4,86,23.4,3.1,4,320,2,NW
17-12-2020,24.8,27.8,25.7,91,88.4,2.7,9,310,3,E 
18-12-2020,24.1,27.4,25.9,91,85.7,0,7,280,3,W 
19-12-2020,24.5,27.2,25.3,91,53.1,0,8,250,4,W 
20-12-2020,24.4,28,26.3,91,84.9,0,7,300,2,E 
21-12-2020,24.2,31.1,26.8,90,69.9,0,7,290,3,E 
22-12-2020,24.2,28.6,25.9,91,50.4,2.7,4,40,2,N 
23-12-2020,24.2,31,27.2,84,4,0,3,320,2,E 
24-12-2020,24.8,31,27.5,86,0.5,3.2,4,320,2,SE
25-12-2020,25.5,32.5,28.4,81,0.7,5.7,4,300,2,W 
26-12-2020,25.6,30.8,28.2,84,8888,8.2,4,320,2,E 
27-12-2020,25.8,32,,,0.9,3.7,4,300,2,NW
28-12-2020,25.8,31.4,26.4,88,12.3,9,7,290,2,E 
29-12-2020,24.4,27.6,25.8,89,34.3,3,7,240,2,E 
30-12-2020,24.4,31,26.9,84,11.2,0,5,250,3,E 
31-12-2020,24.5,28.9,25.2,95,61.8,4.3,5,10,2,E 
01-01-2021,24.4,31.2,27.4,87,76,0,4,320,2,W 
02-01-2021,24.4,30.4,26.9,88,31.5,4.4,3,320,1,E 
03-01-2021,24.6,31,27.6,85,3,3.5,5,290,2,E 
04-01-2021,25.4,31.2,27.1,87,49.8,7.7,4,330,2,E 
05-01-2021,25.2,26.4,25.6,94,57.8,0.6,6,290,2,W 
06-01-2021,24.2,30.8,27,86,66,0,3,320,2,NW
07-01-2021,,31.2,27.3,82,0.7,3.1,7,320,2,W 
08-01-2021,24.4,29.4,26.9,85,93.3,2.8,5,30,2,E 
09-01-2021,24.4,31.4,,,5.8,2.9,4,300,2,E 
10-01-2021,,32.4,28.3,84,0.8,7.6,6,20,2,NW
11-01-2021,25.6,30.3,28,84,11,4.6,6,60,2,NW
12-01-2021,26.1,32.4,28.4,83,1.8,1.5,4,290,2,E 
13-01-2021,25.8,31.8,,,8888,4.6,3,320,2,W 
14-01-2021,25.4,32.2,27.6,84,0.8,8.9,6,310,3,E 
15-01-2021,25.1,27.8,25.5,92,54.6,5.5,4,280,2,E 
16-01-2021,24.2,27.5,25.5,94,109.4,0,5,240,2,E 
17-01-2021,24.3,27.8,26.3,91,42.1,0,6,300,3,NW
18-01-2021,24.3,27.2,24.8,94,61.9,0,6,250,2,SW
19-01-2021,24,30,26.2,85,111,0,6,250,3,SW
20-01-2021,,31.5,28.3,82,12.6,0.5,6,290,3,W 
21-01-2021,24.8,28.4,25.9,93,27.7,3.4,5,30,2,NE
22-01-2021,25,30,26.7,87,61.9,0,5,320,2,E 
23-01-2021,21.8,28.4,25.8,90,11.7,2.8,5,300,2,E 
24-01-2021,,31.4,27.5,85,19.1,0,6,230,3,W 
25-01-2021,24.4,30.2,26.4,88,100.9,2.6,4,240,2,W 
26-01-2021,,31.8,27.3,86,5.4,0,5,310,2,W 
27-01-2021,25,31.6,27.7,85,19,3.5,6,258,4,NW
28-01-2021,25.2,28.6,26.1,88,47.1,5.5,8,310,3,E 
29-01-2021,25,28.9,26.1,90,49.3,0,7,290,3,NW
30-01-2021,23,29.8,25.6,90,51.9,0.4,5,270,2,E 
31-01-2021,25,30.6,27.3,87,11.1,0.2,5,230,2,NW
01-02-2021,24.1,30,26.7,88,24.9,1.1,5,310,2,E 
02-02-2021,24.4,32,28,86,3.5,0,5,310,2,NW
03-02-2021,26,31,,,0,6.9,5,290,2,W 
04-02-2021,25.4,28.7,26.6,88,15.2,0.9,3,260,1,E 
05-02-2021,24.4,30.9,26.9,89,32.4,0.3,5,280,2,NW
06-02-2021,25,31.4,,,0.1,5.5,3,260,1,SE
07-02-2021,25,32.2,28.1,77,0,5.9,3,300,1,NW
08-02-2021,25.4,32,28.7,80,0,9.2,3,230,2,W 
09-02-2021,26.2,32.4,29,81,0.2,8.4,3,300,1,E 
10-02-2021,26.6,32.8,28.9,80,0,8.7,4,300,2,NW
11-02-2021,26.4,33.2,29,78,0,6.1,3,320,2,W 
12-02-2021,26.6,33,29.2,77,0,9.9,3,280,2,SW
13-02-2021,26.8,31,27.2,88,8888,7.6,7,220,2,E 
14-02-2021,25,32.5,26.1,91,19.2,0.3,7,300,3,E 
15-02-2021,24,28.6,24.7,93,24.1,0,13,270,2,E 
16-02-2021,24.5,31.6,27.6,84,73.8,0,3,290,2,W 
17-02-2021,25.4,32,28,84,0.7,9.1,5,280,3,W 
18-02-2021,27.8,30.3,,,8888,8,8,290,5,NW
19-02-2021,26,31.2,28.7,80,5.1,3.1,7,240,4,W 
20-02-2021,25.2,27.5,26,88,0.3,2.5,8,300,2,SE
21-02-2021,25,31.4,27.7,80,16.5,0,4,250,2,E 
22-02-2021,23.8,29.4,26.1,90,38.6,3.5,4,230,1,E 
23-02-2021,24.2,29.6,26.3,89,58.1,0,5,310,2,E 
24-02-2021,25,30.1,26.6,90,11.3,0,10,290,3,E 
25-02-2021,24,31.7,,,28.1,0.3,2,300,1,E 
26-02-2021,24.8,31.8,27.8,80,0,6.4,2,90,1,W 
27-02-2021,26.4,29.4,27.1,89,,6.7,4,230,2,NE
28-02-2021,24.2,27.6,25.6,92,82.2,6.7,4,20,2,E 
01-03-2021,24,31,26.9,87,29.2,0,5,300,2,NW
02-03-2021,24.6,32.8,27.6,86,0.5,7.4,4,30,2,SE
03-03-2021,25,31.8,28,80,,6.7,3,10,2,E 
04-03-2021,25.8,31.6,28.3,84,0.9,7.7,6,30,2,NW
05-03-2021,,30.4,27,87,72.4,7.8,5,320,2,NW
06-03-2021,24.9,31.7,28,82,0.8,3.9,3,310,1,SE
07-03-2021,25.4,29.4,26.2,86,6.5,8,6,240,2,E 
08-03-2021,24.2,31,27,82,38.3,0.5,6,280,2,E 
09-03-2021,24.4,27.4,25.6,88,3.7,5.7,6,260,4,W 
10-03-2021,24.6,26,24.7,96,153.7,0.2,5,310,2,E 
11-03-2021,23,28.7,25.4,90,92.6,0,4,30,1,E 
12-03-2021,,31.5,26.4,86,1.6,1.8,3,310,2,SE
13-03-2021,24.5,31.4,27.4,84,5.5,6.1,4,280,1,E 
14-03-2021,25.2,31,27.4,83,8888,4.7,3,310,2,NW
15-03-2021,26.2,32,28.4,84,1.5,8.1,5,300,2,NW
16-03-2021,25,32.6,28.1,82,0.8,7.4,5,290,2,SE
17-03-2021,25.6,32.2,28.2,82,0,6.5,3,250,2,E 
18-03-2021,25.8,32.6,28.8,83,,5.5,4,310,2,NW
19-03-2021,26.2,29.8,27.7,81,11.2,6.5,8,290,2,E 
20-03-2021,24,32.2,27.7,85,35.2,0.8,5,340,2,E 
21-03-2021,25.8,32.5,29.1,82,3.3,8.1,4,300,2,NW
22-03-2021,26.4,32.8,28.9,82,,9.9,4,80,2,W 
23-03-2021,24.6,32,27.8,84,40.8,9.8,4,320,2,E 
24-03-2021,25.4,30.5,28.1,87,13.2,7.6,4,300,2,NW
25-03-2021,25.2,33,27.9,84,3.9,4.7,5,290,2,E 
26-03-2021,25.3,30.6,27.2,89,3.6,7.3,4,310,2,E 
27-03-2021,25.2,31.8,27.6,88,0.1,1.9,5,20,2,E 
28-03-2021,25.6,31.6,28.2,86,5.1,3.4,4,310,2,E 
29-03-2021,24.7,32.3,27.7,85,61.4,1.6,4,250,2,E 
30-03-2021,25,32.4,28.5,86,0,5.3,4,300,2,SE
31-03-2021,24.8,28.7,25.7,95,94.1,6.5,5,300,2,E 
01-04-2021,24.8,27.7,,,59.1,0,12,300,3,E 
02-04-2021,24.8,26.8,25.9,94,135.8,0,6,240,2,E 
03-04-2021,24.8,30.6,27.9,86,32.8,0,5,310,2,NW
04-04-2021,25,31.4,28.4,86,0.1,0.1,5,290,3,W 
05-04-2021,26.5,29.6,27.8,90,0,2.2,9,270,3,E 
06-04-2021,23.9,30,27.2,89,91.4,0,6,320,3,NW
07-04-2021,24.2,32.1,25.9,92,18.9,3.6,14,240,2,E 
08-04-2021,24.2,31,27.6,83,59.4,5.1,11,200,2,E 
09-04-2021,23.8,31.2,26.4,88,27.4,4.4,7,230,2,E 
10-04-2021,24,32.4,,,5,5,3,250,1,SE
11-04-2021,25.4,33.3,28.4,82,,3.9,4,230,2,SE
12-04-2021,24.4,33.2,27.7,80,,6.9,4,260,2,SE
13-04-2021,24.8,32.2,27.8,83,8888,9.4,3,260,2,E 
14-04-2021,25.2,31.1,28.2,82,,7.2,3,280,2,SE
15-04-2021,24.8,33,28.6,77,0,9.1,4,240,2,SE
16-04-2021,24.5,33.2,28.7,74,,9.8,4,230,2,SE
17-04-2021,24.7,32.2,28.1,76,,9.9,3,250,2,SE
18-04-2021,25,33.4,28.1,77,,10.1,4,230,2,E 
19-04-2021,25,33,28.8,78,0,8.5,4,250,2,SE
20-04-2021,25.2,33.2,28.4,78,8888,10.2,4,230,2,S 
21-04-2021,24.4,32.9,28,78,,8,4,240,2,S 
22-04-2021,24.7,33.4,28.8,78,0,8.9,4,230,2,SE
23-04-2021,25.1,33,28.5,78,,10.4,4,250,2,SE
24-04-2021,24.8,32.9,28.4,79,,10.1,4,240,2,E 
25-04-2021,25.4,32.5,29.1,79,,9.8,4,250,2,W 
26-04-2021,25.2,33.2,29.1,78,,10.1,5,240,2,SE
27-04-2021,25.4,33.8,29.6,78,,11,4,250,2,SE
28-04-2021,26.6,33.7,29.1,85,,9.5,4,240,2,E 
29-04-2021,25,33.4,28.2,87,8888,7.2,3,300,2,E 
30-04-2021,25,32.2,,,0.5,7.6,3,260,2,E 
01-05-2021,24.8,33.8,28.9,78,,10,3,290,2,E 
02-05-2021,25.2,32.2,29.1,81,0,10,4,250,2,SE
03-05-2021,,32,29,84,0,10.3,4,260,2,SE
04-05-2021,26,33.7,29.1,76,0,9.2,4,260,2,W 
05-05-2021,26.8,32.9,28.2,85,,10.3,5,40,2,SE
06-05-2021,23.7,29.6,26,86,43.5,4.4,4,320,2,NW
07-05-2021,24.3,28.3,26.4,87,11.5,0.2,4,300,2,E 
08-05-2021,24.9,30.8,27.4,87,6.8,0,4,300,2,SE
09-05-2021,25,32.7,27.4,82,0.2,2.6,3,240,2,SE
10-05-2021,25,31.6,27.8,82,0,6.3,3,290,2,W 
11-05-2021,25.8,32.7,28.8,80,,7,4,270,2,SW
12-05-2021,26.3,33.8,29.6,76,,8,4,230,1,C 
13-05-2021,23,32.9,29.4,72,,7,4,260,1,W 
14-05-2021,27.1,32.5,28.9,79,,8.5,4,40,2,NW
15-05-2021,27.4,32.6,30.2,75,8888,3.3,4,260,1,C 
16-05-2021,26.8,32.5,29.1,76,,7.9,4,360,2,E 
17-05-2021,26.2,32.8,28.7,76,1.8,4.3,4,250,1,SE
18-05-2021,26,31.8,27.4,81,,3.7,3,40,1,E 
19-05-2021,26,32.2,28.7,77,0.8,4.2,4,280,2,SE
20-05-2021,26.2,32.6,28.8,76,8888,4.2,4,250,1,SE
21-05-2021,25,32,27.9,77,8888,4.6,3,240,1,SE
22-05-2021,25.6,33.6,28.9,77,0,6,4,230,1,SE
23-05-2021,26.6,32.2,28.9,81,0,9.3,4,250,2,E 
24-05-2021,26.8,32.5,28.4,81,8888,3.5,4,240,2,E 
25-05-2021,25.4,32.7,28.5,74,0.4,4.7,3,250,2,W 
26-05-2021,26.1,33,29,73,0,10.3,4,240,2,W 
27-05-2021,26.4,34,29.1,77,,8.1,5,30,1,SW
28-05-2021,26,32.8,29.3,76,,8.3,4,250,2,E 
29-05-2021,25.6,33,28.7,73,,10.5,5,260,2,E 
30-05-2021,25.8,32.1,28.2,75,0,10.2,3,240,2,SE
31-05-2021,25.3,,,,0,9.6,3,240,2,E 
01-06-2021,25.4,32.6,,,0,7.9,4,250,2,E 
02-06-2021,25.4,32.4,28.2,73,0,9.8,4,240,2,SE
03-06-2021,24.2,32.1,28,71,,11,4,260,2,W 
04-06-2021,25.8,32.2,28.8,76,,10.6,3,260,2,W 
05-06-2021,26.6,33.9,29.1,76,,8,4,250,2,E 
06-06-2021,27.2,32.4,29.3,70,,9.2,5,250,2,W 
07-06-2021,25.4,32.4,28.6,70,0,10.2,4,260,2,SE
08-06-2021,25.1,32.4,28.3,75,,10.3,4,250,2,E 
09-06-2021,25.2,33.2,28.3,71,,10.5,4,230,2,SW
10-06-2021,25.1,33.2,28.8,71,,10.2,4,260,2,E 
11-06-2021,25.4,33.1,28.8,76,,10,5,240,2,SE
12-06-2021,26.1,32.2,28.2,78,,8.9,3,50,1,E 
13-06-2021,25.9,32.4,28.3,81,5.5,3.3,4,240,2,SW
14-06-2021,26.2,31.4,28.2,87,16.1,7.3,4,250,2,E 
15-06-2021,25.4,31.6,27.6,84,5.5,6.7,3,300,2,SE
16-06-2021,25.8,31.4,27.8,85,,2.2,4,310,2,SE
17-06-2021,26.1,32.2,28.6,76,5.1,5.5,4,250,2,W 
18-06-2021,25.5,32.2,,,8888,8.9,4,260,2,E 
19-06-2021,25.7,32.4,28.1,82,0.9,9.6,5,280,2,SE
20-06-2021,24.6,32.2,27.2,77,8888,9.4,5,110,2,E 
21-06-2021,25.2,31.6,27.8,92,15.5,5.6,5,290,2,E 
22-06-2021,25,31.8,27.3,86,1.3,6.7,3,300,2,E 
23-06-2021,23.9,32,27.8,85,1.6,7.1,3,320,2,SE
24-06-2021,25.2,32.3,28,86,,9.3,4,300,2,E 
25-06-2021,25.5,31.4,27.8,86,4.9,5.1,4,320,1,SE
26-06-2021,24.4,31.4,26.9,84,13,5.1,4,80,2,E 
27-06-2021,24.8,32,28.1,81,5.8,8.4,5,310,2,SE
28-06-2021,25.4,33,28.7,81,8888,5.7,4,250,2,E 
29-06-2021,26.8,31.1,27.9,82,0.2,5.6,5,30,1,E 
30-06-2021,25.9,31.3,28.1,81,8888,0.1,4,260,1,SE
01-07-2021,25.9,33.4,28.7,78,1,3,4,130,2,S 
02-07-2021,26,31.3,28.4,81,8888,9.8,3,270,1,SE
03-07-2021,25.8,32.2,28.1,82,0.7,,3,260,2,SE
04-07-2021,24.4,32.3,27.7,77,8888,5.2,3,260,1,E 
05-07-2021,24.1,31.8,27.6,75,,9.2,4,250,2,E 
06-07-2021,24,31,27.4,78,,4.5,3,230,1,W 
07-07-2021,25.1,32.8,28.2,78,,2.9,4,250,2,SE
08-07-2021,24.6,29.7,26.7,88,7.1,7.9,4,330,2,E 
09-07-2021,24.5,30.3,26.3,87,24.9,5,4,280,2,SE
10-07-2021,24.4,33,28,81,0.2,2.1,4,230,2,SW
11-07-2021,25.8,33.3,29,70,8888,10.1,5,70,2,E 
12-07-2021,25.6,31.6,27.9,78,0.4,7.2,4,280,2,W 
13-07-2021,25.1,32.9,28.7,78,8888,7.9,3,250,2,SE
14-07-2021,25.5,32.6,27.9,82,8888,8.3,4,240,2,SE
15-07-2021,25.6,34,28,81,0,6.9,5,150,2,SE
16-07-2021,25.5,31,27.1,86,1.7,6.5,6,360,2,N 
17-07-2021,23.6,28.8,25.9,88,4.6,4.2,3,120,1,SE
18-07-2021,24.4,31.8,27.7,81,8888,0,3,280,2,SE
19-07-2021,25.2,32.6,28.6,85,0,8.2,3,230,2,SW
20-07-2021,24.6,31.9,,,,10.4,3,250,2,W 
21-07-2021,26,31.2,27.6,84,8888,7.8,3,80,1,E 
22-07-2021,25.8,29.2,27.2,88,2.2,2,2,250,1,C 
23-07-2021,25.2,32.9,28.4,88,0.2,0,4,320,2,SE
24-07-2021,24.5,30.6,27,82,,0,3,270,1,SE
25-07-2021,22.4,32.5,27,80,,,3,250,2,W 
26-07-2021,23.6,32.4,27,82,,,4,250,2,SE
27-07-2021,23.6,32.2,27,84,,,4,240,2,SW
28-07-2021,24.2,32.6,28.5,82,0,0,5,240,2,SW
29-07-2021,24.9,31.4,28,87,,0,4,290,2,NW
30-07-2021,26,32.9,28.7,82,,7.7,4,240,2,SW
31-07-2021,25.9,33,28.5,80,,7.2,4,300,2,SE
01-08-2021,26,31.5,28.3,80,8888,8.4,4,280,2,SE
02-08-2021,26,31.6,28.5,78,8888,3.9,3,270,2,W 
03-08-2021,23.8,33,28.3,73,0,8,4,240,2,E 
04-08-2021,25.7,32.3,28.5,71,0,9,4,260,2,E 
05-08-2021,25.9,32.4,28.2,75,0,7.6,4,240,2,W 
06-08-2021,26,32.8,28.5,78,8888,7.6,5,250,2,E 
07-08-2021,25.7,32,28.2,78,0,5.2,4,260,2,W 
08-08-2021,25.6,31.4,28.1,78,0,8.6,5,250,2,SE
09-08-2021,25.6,34.4,28.5,73,0,10.3,4,230,2,SE
10-08-2021,24.8,33.4,27.6,74,0,10,5,260,2,E 
11-08-2021,25,32.2,28.6,74,1.7,8.8,5,260,2,W 
12-08-2021,26.8,33,29.3,74,0,10.2,5,260,2,NW
13-08-2021,26.2,32.6,28.5,81,1,9.8,5,260,2,W 
14-08-2021,25.9,33.6,29.3,69,1,9.6,5,280,2,W 
15-08-2021,25.8,33.8,28.7,71,0,10.1,5,250,2,W 
16-08-2021,26,34.1,28.7,72,0,10.3,6,20,2,E 
17-08-2021,27,32.6,28.3,78,0,9.3,3,230,2,E 
18-08-2021,25.4,31,27.9,82,6.5,5,5,280,2,W 
19-08-2021,25.2,31.4,27.7,79,0,8.5,5,30,2,W 
20-08-2021,25.6,32,28.8,76,0,7.2,5,310,2,W 
21-08-2021,25.6,31.8,28,78,0,10.1,4,330,1,C 
22-08-2021,25,31.4,28,77,0.4,7.1,4,260,2,W 
23-08-2021,25,31.8,28.2,71,0,9.9,5,250,2,E 
24-08-2021,25,33.2,28.2,76,0,10,4,240,2,S 
25-08-2021,25.6,33.4,28.4,72,0,9.5,4,220,1,S 
26-08-2021,24.2,31.4,27.1,79,11,7.4,4,290,1,NW
27-08-2021,25.4,30.6,27,83,0,7.2,3,230,2,S 
28-08-2021,23.9,30.2,,,30.4,2.6,5,240,2,E 
29-08-2021,24.2,31.1,28,77,8888,1.6,4,250,2,W 
30-08-2021,25.8,31.4,28.1,80,12,9.5,4,240,2,W 
31-08-2021,25.6,32.6,28.4,75,,9.2,4,250,2,SE
01-09-2021,24.8,33,28.8,72,0,8.8,4,250,2,W 
02-09-2021,26,33,29,80,0,9.1,4,230,2,SE
03-09-2021,26.3,31.9,28.8,75,1.1,7.3,3,240,1,SE
04-09-2021,26,31,,,4,4.3,4,250,2,SE
05-09-2021,26.6,30.5,,,1.3,6.8,3,230,1,NW
06-09-2021,26.2,31.8,28.4,82,1.5,2.5,4,240,2,SE
07-09-2021,25.3,31.6,28.1,77,0,4.8,4,250,2,W 
08-09-2021,25.2,32.8,28.3,76,0.2,7.2,4,230,2,E 
09-09-2021,26.2,31.8,28.4,76,0,9.7,5,280,2,E 
10-09-2021,26.4,32.7,29.3,74,0,5.2,4,240,1,S 
11-09-2021,26.2,30.6,27.6,86,0.4,8.8,3,280,1,W 
12-09-2021,26.7,31.4,27,86,8888,3.5,4,310,2,E 
13-09-2021,25,31.4,27.4,86,58.1,3.2,3,260,1,SE
14-09-2021,25.6,32.2,28.5,80,8888,4.7,4,260,2,W 
15-09-2021,26,32.2,28.7,76,8888,9.3,4,280,2,SE
16-09-2021,25.8,32,28.6,77,0,5.5,4,230,2,E 
17-09-2021,26,32.4,28.8,78,0,6.7,3,250,2,W 
18-09-2021,24.8,32,27.9,75,0,7.8,4,250,2,W 
19-09-2021,23.8,32,27.5,70,0,7.9,4,280,2,W 
20-09-2021,24.8,30.8,28.2,76,8888,8.5,3,30,1,W 
21-09-2021,26.4,32.6,28.8,74,8888,1.2,5,20,2,W 
22-09-2021,25.6,32.6,27.9,71,0,2.3,5,40,2,NE
23-09-2021,24.2,32.4,28.8,74,12.5,6.9,5,40,2,NE
24-09-2021,24.8,32.2,28.9,76,0,2.6,4,290,2,E 
25-09-2021,24.4,31.8,28.5,78,35.5,5.2,4,280,2,E 
26-09-2021,26.2,32.8,29,72,0,9,6,30,2,SE
27-09-2021,25.8,32.6,28.9,74,0,10.1,4,250,2,SE
28-09-2021,25.4,33.2,28.9,76,0,10,5,250,2,W 
29-09-2021,26.2,33.6,29.7,70,0,10.1,4,240,2,W 
30-09-2021,25.5,34.2,29.8,75,0,9.4,4,240,2,SE
01-10-2021,26.4,34,29.7,77,1.6,9.2,5,40,2,SW
02-10-2021,26.2,33.2,29.2,78,4.5,6.8,4,230,2,SE
03-10-2021,25.9,33,28.7,80,8888,8.4,4,220,2,S 
04-10-2021,26,32.4,28.8,77,0,4.8,4,230,2,SE
05-10-2021,25.4,34.2,28.7,77,0,10,4,230,2,S 
06-10-2021,25.4,33.2,28.8,74,0,8.5,4,230,2,S 
07-10-2021,24.4,33.7,29.3,78,3.3,7.1,4,230,2,SE
08-10-2021,26.2,34,29.8,72,0,9.9,5,230,2,S 
09-10-2021,26.1,33.8,,,8888,7.1,4,230,2,S 
10-10-2021,25.8,33.4,28.7,78,0.1,7.5,4,250,2,E 
11-10-2021,27.2,34,29.8,76,0,9.7,5,160,2,SW
12-10-2021,27.6,32.6,29.3,79,0,7.1,6,150,2,SE
13-10-2021,25.6,33.2,29,80,1.5,5.8,4,250,2,W 
14-10-2021,24,30.4,27,87,8888,9.9,4,260,1,E 
15-10-2021,25,31.8,28.2,82,9,0.5,3,280,2,W 
16-10-2021,25.6,32,28.4,81,0,6.1,4,290,1,E 
17-10-2021,24.8,33.8,28.1,80,0.8,5.1,4,240,2,E 
18-10-2021,25.3,32.2,28,84,4.5,6.9,5,230,2,E 
19-10-2021,25.6,31.6,27.8,82,2,4.1,4,300,2,E 
20-10-2021,24.5,33.2,28.5,75,6,5.5,4,260,2,S 
21-10-2021,25.4,33.4,28.6,75,8888,10.8,4,300,2,SE
22-10-2021,25.8,32.7,29.1,75,0,9.1,4,280,2,E 
23-10-2021,26,32.4,28.7,82,8888,8.7,3,270,2,E 
24-10-2021,25.6,33,29,76,1.1,10,4,250,2,E 
25-10-2021,25.8,33.4,28.8,78,8888,8.7,3,80,1,E 
26-10-2021,26.6,33,28.1,82,1.1,6.6,5,290,1,E 
27-10-2021,25.5,32.5,,,22.5,7,4,240,1,SE
28-10-2021,25.5,32.6,27.9,86,18.6,5.3,3,260,1,SE
29-10-2021,25,32.8,27.9,81,3.3,4.9,4,260,1,E 
30-10-2021,25,31.2,27.3,85,12.5,7.6,5,300,3,E 
31-10-2021,25.4,32,28,79,15.3,6.8,4,280,2,SE
01-11-2021,24.4,34.1,28.4,76,0,6.5,4,230,2,E 
02-11-2021,25.4,33.4,28.6,77,8888,8.4,3,280,2,E 
03-11-2021,26,32.8,28.6,78,8888,7.4,3,280,1,SE
04-11-2021,26,32.9,28.7,80,3.1,7,4,280,2,NW
05-11-2021,25.5,31,27.2,86,0.3,7.8,4,290,2,SE
06-11-2021,24.6,31.6,28.1,83,12.8,2.5,3,310,1,E 
07-11-2021,25.8,32.2,28.4,84,8888,4.4,4,300,2,E 
08-11-2021,25.5,31.4,27.7,85,2,7.2,6,280,2,E 
09-11-2021,25.4,32.2,28.1,83,48.6,5.8,4,290,2,E 
10-11-2021,26.2,32.4,28.7,83,0.9,7,4,290,2,E 
11-11-2021,25.6,31.8,28,85,1.1,8,5,310,2,E 
12-11-2021,25.9,31.6,28.1,82,2.5,7.2,6,300,3,NW
13-11-2021,25,31.1,,,34.6,7.3,8,310,3,E 
14-11-2021,25,31.2,,,7.7,5.5,4,340,1,W 
15-11-2021,25.2,32,28.1,80,0.1,0,9,250,2,E 
16-11-2021,24.3,28.4,26.8,84,44.6,3.6,3,20,1,C 
17-11-2021,24.4,31.7,,,7.8,1.6,4,300,2,SE
18-11-2021,25.4,32.2,27.6,84,4.5,6.4,4,160,1,E 
19-11-2021,25,32.4,27.9,82,8888,5.7,3,250,2,E 
20-11-2021,26.2,32.4,28.5,82,8888,6.9,9,320,2,NW
21-11-2021,24.8,30.7,27.8,80,49.8,2,4,340,2,NW
22-11-2021,25.8,32.6,28.2,80,0,5.3,4,310,2,E 
23-11-2021,25.8,32.8,29.2,78,6.2,8.4,4,300,2,SE
24-11-2021,26.4,32.8,29.3,75,0,10.3,3,270,2,W 
25-11-2021,26.4,31.6,28.7,81,8.7,10.1,4,280,2,E 
26-11-2021,26.2,31.6,27.8,82,11.4,7,7,280,2,E 
27-11-2021,25.2,31.8,27.8,82,10.5,4.5,5,50,2,E 
28-11-2021,25.6,32.2,27.1,87,21.5,7.7,5,290,2,NE
29-11-2021,24,31.5,27.6,81,47.8,4.3,5,240,2,SE
30-11-2021,25,31.6,27.7,82,1.2,3.3,9,300,3,NW
01-12-2021,25.3,30.2,27.5,82,24.3,2.1,4,60,1,SE
02-12-2021,25,32.2,29.1,75,5.6,2,2,320,1,C 
03-12-2021,25,32.5,28.7,78,0,9.1,5,60,2,E 
04-12-2021,24.9,30.4,27.3,84,43.6,10.1,6,280,3,NW
05-12-2021,24.4,28.8,24.8,93,93.3,4.2,6,250,3,E 
06-12-2021,23.2,25.4,24.6,96,145.9,0,5,260,2,E 
07-12-2021,23.9,27,25.4,92,218.8,0,3,30,1,NE
08-12-2021,24.4,28.4,25.7,90,17.9,1.1,3,320,2,E 
09-12-2021,24.8,30,27.8,86,12.9,1.1,4,320,2,N 
10-12-2021,25.6,31.6,27.9,82,0.7,5.6,4,250,2,E 
11-12-2021,25.6,31,28.2,83,0.6,5.1,5,280,3,W 
12-12-2021,24.8,28.9,25.2,92,41.7,4.2,4,70,1,E 
13-12-2021,24.2,30.2,27.9,85,91.5,0,4,10,2,N 
14-12-2021,25.8,30.4,27.9,84,0.2,4.6,4,310,2,NW
15-12-2021,26.4,31.4,28.9,80,8888,0,5,300,2,NW
16-12-2021,25,32.2,29.2,80,0,7.6,4,310,2,NW
17-12-2021,26.5,32.2,29.7,78,0,5.3,3,260,2,SE
18-12-2021,26.8,33,28.9,80,0,5.8,4,240,2,E 
19-12-2021,26.1,31.6,28.5,82,1,8.1,3,240,1,SW
20-12-2021,26.4,31.2,28.4,82,8888,3,11,200,4,NW
21-12-2021,24.8,32.3,26.4,88,67.4,2.7,4,350,2,E 
22-12-2021,24.4,31.8,28.9,82,26.2,0,7,300,2,NW
23-12-2021,26.4,29.6,25.6,91,8888,1.1,7,310,2,E 
24-12-2021,24.1,31.2,29.2,78,92.3,0,5,310,4,NW
25-12-2021,27,30.8,29.1,78,0.6,6.4,7,300,4,NW
26-12-2021,27.8,30.4,26.3,87,1.5,3.3,6,300,3,NW
27-12-2021,24,29,27.3,84,32.9,2.9,6,320,3,NW
28-12-2021,24,28.6,25.7,87,10.9,0,5,210,1,E 
29-12-2021,24,28.8,27,86,3.1,0,3,310,1,E 
30-12-2021,24.3,29,27.1,86,29.4,0.9,10,310,2,NW
31-12-2021,25.4,31,26.2,89,1.7,0,4,10,2,E 
01-01-2022,23.6,28,25.6,90,110.4,4.5,3,40,1,E 
02-01-2022,24,27.8,26.3,88,12.4,0.8,7,290,2,E 
03-01-2022,24.2,31.2,27.4,86,27.9,0,6,300,2,NW
04-01-2022,25,28.8,26.5,86,11.7,3.4,5,310,2,E 
05-01-2022,24.6,31.6,27.5,80,0.9,0,3,300,2,E 
06-01-2022,23.6,30,26.7,87,50.2,4.3,4,320,2,NW
07-01-2022,25,29.6,27.3,84,4,6.1,5,320,2,E 
08-01-2022,25.2,31,,,2.6,2.8,5,310,2,NW
09-01-2022,25.6,31.2,28.3,82,0.1,9.2,5,320,2,N 
10-01-2022,25.6,30.5,27.6,81,2,5.2,5,20,2,N 
11-01-2022,25.2,32.2,28,78,0.3,4.5,5,300,3,NW
12-01-2022,24.2,30.6,26.4,86,29,4.8,5,300,3,E 
13-01-2022,24.7,30.3,27.1,83,4.2,6.9,6,290,2,E 
14-01-2022,24.3,27.4,25.2,88,38.5,5.4,7,290,2,E 
15-01-2022,24,28.6,26.5,86,24.7,1,14,250,4,E 
16-01-2022,24.2,29.8,26.6,86,48.8,1.5,8,310,3,W 
17-01-2022,25,30.8,28.3,82,0.1,5.3,5,300,2,NW
18-01-2022,25.3,28.6,26.2,89,6.2,5.2,5,280,2,W 
19-01-2022,24.2,27,25.5,91,91.9,0,5,270,2,E 
20-01-2022,23.2,25.9,24.2,96,123.1,0,6,260,2,E 
21-01-2022,23.8,26.4,24.6,94,99.3,0.2,6,360,2,NE
22-01-2022,24.2,30.6,26.8,88,20.3,0,5,310,2,E 
23-01-2022,24.6,30.8,27.2,86,4.8,1.2,7,300,3,NW
24-01-2022,25.6,31.7,28.7,80,0.7,9.7,5,310,3,NW
25-01-2022,26.6,31.8,28.7,82,0,9.6,6,310,3,NW
26-01-2022,26,32,28.6,80,0,10,4,320,2,E 
27-01-2022,24.6,32.2,28.5,78,0,10.6,3,250,2,W 
28-01-2022,24.6,29.4,25.7,87,27.3,8.5,7,290,2,E 
29-01-2022,24.6,31.2,27.2,79,23.6,0.4,3,30,2,E 
30-01-2022,25,31.3,27.7,80,8888,8,4,310,2,NW
31-01-2022,25,32.2,27.8,85,0,9.6,7,300,3,W 
01-02-2022,25.2,31,,,8.3,2.8,5,310,2,NW
02-02-2022,25.6,32.1,28.3,81,2,3,4,300,2,W 
03-02-2022,24.5,28.6,25.1,93,28.4,6,5,310,1,E 
04-02-2022,24,30.8,27.3,84,47.8,0.5,3,320,2,NW
05-02-2022,25.3,31.2,28.7,82,13.8,8,6,310,2,NW
06-02-2022,24.4,31,27.7,86,7.3,5.1,4,310,2,NW
07-02-2022,25.6,30.1,27.1,84,13.9,4.9,5,280,2,W 
08-02-2022,24.6,31,27.2,83,52,3.8,4,310,2,W 
09-02-2022,24.7,30.8,26.5,87,32.3,8.2,5,320,2,NE
10-02-2022,25,29,25.6,92,2.9,1.2,4,220,1,E 
11-02-2022,24.8,30.2,27,85,39.5,0,4,300,2,NW
12-02-2022,24.6,28.6,26,90,2.1,1.7,5,320,2,E 
13-02-2022,24.2,31,27,85,22.6,0,3,260,1,SE
14-02-2022,25.4,32.8,28.1,80,0,4.8,4,230,2,SE
15-02-2022,25.9,33,27.2,84,8888,8.2,5,290,2,N 
16-02-2022,22.2,30,26.5,88,41.1,5.7,7,320,3,SE
17-02-2022,24.8,33.2,28.4,78,17.2,5.3,4,240,2,SW
18-02-2022,25.4,31.6,28.3,82,0,9,4,260,2,W 
19-02-2022,25.1,31.9,27.9,82,20,7,3,300,2,W 
20-02-2022,25.6,30.1,,,0.5,10.1,8,270,5,W 
21-02-2022,24.3,28,26,86,155.3,1.7,7,240,4,W 
22-02-2022,24.2,27.2,25.3,86,12.4,0,7,240,2,E 
23-02-2022,23,27.1,24.1,93,95.9,0.1,4,40,1,E 
24-02-2022,23.2,31.4,27.3,83,16,0,6,310,4,NW
25-02-2022,24.6,30.7,28.3,80,8.4,6.9,7,310,4,NW
26-02-2022,26,30.9,27.8,83,0.7,8.5,5,320,3,NW
27-02-2022,26.5,30.6,27.2,86,7.1,6.7,6,300,4,NW
28-02-2022,26.2,31.6,,,12.8,0.8,5,300,3,NW
01-03-2022,27.2,32,29.2,78,0,10.5,5,310,2,NW
02-03-2022,26,31,27.5,81,0,10.3,8,300,3,E 
03-03-2022,25.4,31.8,28.4,80,26.3,4.7,4,320,2,NW
04-03-2022,25.2,31.2,27.7,84,28.5,10.1,7,130,2,SE
05-03-2022,25.8,31.2,,,0.1,8.5,5,300,2,E 
06-03-2022,25.6,30.4,27.2,86,7.8,5.4,4,310,2,E 
07-03-2022,24.8,30.8,27.3,85,9.9,0.3,7,300,3,NW
08-03-2022,23.2,31,27.1,83,36,4,4,310,2,E 
09-03-2022,24.8,31,28.1,87,4.8,7.4,4,300,2,NW
10-03-2022,25.6,32,28.5,77,0,4.6,3,280,2,W 
11-03-2022,26.2,,,,8888,9.3,4,280,2,W 
12-03-2022,26,32.8,,,0,8.4,4,290,2,W 
13-03-2022,26.8,31.5,27.6,84,8888,7.8,5,310,2,E 
14-03-2022,25,31.6,27.5,84,13.7,1.3,4,280,2,SE
15-03-2022,24.8,32,27.4,84,0.8,5.9,3,280,1,E 
16-03-2022,25.2,32.3,27.4,88,0.8,6.4,5,310,2,E 
17-03-2022,25.8,32.1,28.7,86,19.8,7.4,4,300,2,E 
18-03-2022,26,30.8,27.7,87,8888,6.7,5,290,2,NW
19-03-2022,26.3,31.3,,,8,8.9,9,300,2,E 
20-03-2022,24.8,30.1,26.7,88,31.6,0,6,310,2,E 
21-03-2022,25.2,31.5,28,82,1.2,5,3,320,1,N 
22-03-2022,25.8,30.8,26.7,89,0,3.4,11,320,3,E 
23-03-2022,25,31.4,28.1,85,8,4,3,320,2,NW
24-03-2022,25.6,32.2,28.5,76,8888,2.9,4,310,2,SE
25-03-2022,25.2,32.8,28.5,76,0,7,4,310,2,NW
26-03-2022,26.4,32.5,29,77,0,10,3,300,2,NW
27-03-2022,25.7,31.8,28.1,81,3.1,9.4,4,310,2,E 
28-03-2022,24.6,26.3,25.1,90,17.9,5.2,9,280,2,E 
29-03-2022,24.2,30.8,26.7,82,17.9,0,5,260,2,SE
30-03-2022,24.7,30.8,27.6,78,8888,0.7,3,310,2,SE
31-03-2022,25.4,32.4,27.9,82,0,3.5,4,260,2,SE
01-04-2022,25,31.4,27.1,85,0.1,5.9,5,300,2,E 
02-04-2022,24.6,31.5,27.6,89,3.6,4.1,4,250,2,SE
03-04-2022,26.2,32.2,28.6,86,0,8.6,5,310,2,SE
04-04-2022,25.4,31.4,26.8,85,0,8.5,6,320,2,E 
05-04-2022,24.6,31.4,27.8,84,10.2,6.3,4,280,2,E 
06-04-2022,24.6,32,28,79,0,5.2,5,300,2,E 
07-04-2022,25.3,31.5,28.2,79,0,8.7,4,290,2,E 
08-04-2022,25.2,32.4,28.6,81,0,6.9,4,300,2,SE
09-04-2022,25.4,32.4,28.3,78,0,7.6,4,100,2,SE
10-04-2022,24.9,32.6,28,81,8888,5.7,4,240,2,E 
11-04-2022,24.4,33,28.5,74,1,7.2,5,230,2,E 
12-04-2022,24.6,33.3,28.4,74,0,9.8,4,240,2,SE
13-04-2022,25.5,33,29.1,75,0,10.1,4,230,2,S 
14-04-2022,26,,,,0,9,4,240,3,W 
15-04-2022,25.2,32.8,,,0,8.5,4,280,2,SE
16-04-2022,25.3,32.6,27.9,82,0,7.7,4,50,2,E 
17-04-2022,25.2,30.7,27.9,83,1.4,4,3,300,1,E 
18-04-2022,25.8,32.4,29.3,78,0.2,3.4,4,250,2,W 
19-04-2022,26.9,32.7,28.5,81,0,7.2,5,240,2,E 
20-04-2022,26,32,28.2,81,11.6,4.5,4,130,2,E 
21-04-2022,25.2,31.9,28.3,78,0,8.4,5,70,2,E 
22-04-2022,25.4,32.4,28.3,82,10.3,6.9,4,300,2,E 
23-04-2022,25.4,32.4,28.9,77,24.3,9.2,3,310,2,W 
24-04-2022,26.4,32.8,29.2,78,0,8.7,4,290,2,E 
25-04-2022,26.2,32.1,28.4,83,0,3.9,6,320,3,W 
26-04-2022,25.9,32.1,28.1,80,8888,4.3,4,250,2,SE
27-04-2022,26.2,32.3,28.2,80,8888,6.1,7,290,2,E 
28-04-2022,25.4,33.4,28.7,76,0.5,6.2,3,300,2,E 
29-04-2022,25.6,33.2,29.4,76,0,8.9,4,290,2,NW
30-04-2022,27,33.4,29.5,78,0.1,9.8,4,310,2,SE
01-05-2022,25.4,33.6,29.1,75,2,9.1,4,230,2,SE
02-05-2022,26.4,32.9,29.5,74,0,9.3,4,300,2,W 
03-05-2022,25.8,34.4,,,0,8.9,4,250,2,SE
04-05-2022,25.4,32.8,29,76,8888,10.3,4,250,2,E 
05-05-2022,27.2,32,28.3,83,8888,9.4,3,140,2,E 
06-05-2022,25.5,33.8,28.8,79,0.4,3.5,4,250,2,SE
07-05-2022,26.2,33.1,28.1,81,8888,9,6,100,2,E 
08-05-2022,25.9,32,28.1,84,25.8,7.5,4,300,1,SE
09-05-2022,26.2,31.9,28.2,83,0.4,2.9,4,300,2,W 
10-05-2022,26.8,30.2,28.3,86,3.5,3.8,6,320,2,SE
11-05-2022,25.5,32.4,28.9,78,27.9,3.1,4,250,2,W 
12-05-2022,26,33.4,29,80,6.2,8.3,4,300,2,SE
13-05-2022,25.8,33,29,81,8888,7,4,310,2,E 
14-05-2022,26,,,,9.2,9.8,4,280,2,SE
15-05-2022,25.4,33.2,,,17.4,8.8,4,240,2,E 
16-05-2022,26.2,30.2,27.9,83,0,10,5,320,2,E 
17-05-2022,25.1,33.1,27.5,81,0,1,5,70,2,E 
18-05-2022,25.6,33,28.4,81,40.5,5.7,4,220,2,E 
19-05-2022,25.8,32.8,28.1,82,0,8.5,5,110,2,E 
20-05-2022,25.2,32.4,28.6,78,23.6,8.6,3,260,2,E 
21-05-2022,25.5,32.5,28.9,76,0,9.8,4,250,2,E 
22-05-2022,25.6,33.4,28.7,76,0,4.9,4,260,2,SE
23-05-2022,26,33.4,29.3,75,0,9.9,3,280,2,W 
24-05-2022,26.4,32.1,28.8,79,0,6.2,5,350,2,W 
25-05-2022,27.4,32.5,28.5,82,8888,2.9,4,180,2,E 
26-05-2022,,,,,,,,,,
27-05-2022,23.2,27,24.5,91,147.6,4.6,4,240,2,E 
28-05-2022,23.5,31.5,26.8,84,3.8,0.2,3,70,1,E 
29-05-2022,24.8,32.2,28,79,0,6.1,3,300,2,NW
30-05-2022,26,32.3,28.5,78,8888,7.3,4,30,2,E 
31-05-2022,26.2,33,29.2,77,0,5.4,4,320,2,E 
01-06-2022,25.4,32.9,29,74,0,8.6,3,300,2,E 
02-06-2022,25.8,33.2,28.8,74,0,9.3,4,250,2,SE
03-06-2022,25.6,32.2,28.1,79,0,10.1,4,310,2,E 
04-06-2022,25.6,31.8,27,87,7.5,7.1,4,290,2,SE
05-06-2022,24,32.2,27,82,6.6,3.9,4,250,2,E 
06-06-2022,24.5,32.2,27.9,85,0.9,9.3,5,240,2,E 
07-06-2022,25.4,32.6,28.3,81,8888,9.5,4,240,2,SE
08-06-2022,25.4,33.1,28.9,76,8888,6,6,300,2,W 
09-06-2022,25.9,32,27.7,85,0.7,10.4,4,320,2,E 
10-06-2022,25.2,32.8,,,10,5.8,4,230,2,E 
11-06-2022,25.4,32.5,28.1,79,8888,9,5,300,2,SE
12-06-2022,25.5,31.6,26.8,88,0.6,7.9,7,130,3,N 
13-06-2022,25,31.6,27.1,82,14,2.9,6,300,2,E 
14-06-2022,,,,,,,,,,
15-06-2022,25.5,30.2,27.1,87,19.3,6,3,20,1,SE
16-06-2022,25.7,32.4,28.4,82,0.4,0.7,4,240,1,S 
17-06-2022,25.4,32.2,28.3,79,2.5,5.9,4,310,2,W 
18-06-2022,26,29.5,27.1,85,2.3,5.6,3,80,1,SE
19-06-2022,24.5,32,27.1,85,4.5,0,4,290,2,SE
20-06-2022,24.8,32.6,28.3,76,1.5,7.7,4,310,2,SE
21-06-2022,24.5,,28.2,75,0,8.5,4,250,2,W 
22-06-2022,25.4,32.2,28.2,78,5,9.8,6,30,2,NE
23-06-2022,26.4,30.8,28.2,79,0,7.5,4,290,2,W 
24-06-2022,23.5,32,27.2,83,2.7,3.4,4,240,1,SE
25-06-2022,24.4,31.6,26.6,86,7.2,5.3,4,250,2,SE
26-06-2022,23,32.7,27.7,80,10,8.3,4,230,2,SE
27-06-2022,23,32.6,28.2,80,0,9.6,5,230,2,E 
28-06-2022,24.2,31.4,27.5,80,7.6,6.8,4,250,2,W 
29-06-2022,25,32,27.5,83,,10,3,250,1,E 
30-06-2022,25.8,32.6,28.3,78,1.3,7.1,3,320,1,SE
01-07-2022,26.2,32.2,28.7,79,0,4.8,4,260,2,W 
02-07-2022,26,32.6,28.9,78,0,7.5,5,30,2,W 
03-07-2022,26,32.4,28.5,79,0,10.3,4,250,2,E 
04-07-2022,26.2,32.6,28,82,0.2,4.2,4,240,2,SE
05-07-2022,25.3,32.5,28.2,77,0,5.8,5,240,2,E 
06-07-2022,25.6,33.2,29.6,70,0,9.4,4,290,2,S 
07-07-2022,25.4,32.6,28.2,76,0,10,4,240,2,S 
08-07-2022,25,31.2,27.2,78,0,6.9,4,170,2,SE
09-07-2022,26,31.2,,,0,0.9,4,280,2,E 
10-07-2022,25.5,31.2,27.8,79,0.2,0.4,4,50,2,E 
11-07-2022,26.2,32,28.4,80,8888,0,5,240,2,W 
12-07-2022,26.4,32.2,28.8,78,8888,6.5,4,250,1,SE
13-07-2022,25.7,31.9,28.3,77,0,7.6,4,260,2,W 
14-07-2022,26,30.8,27.9,84,0,6.2,5,300,2,NW
15-07-2022,24.6,32,27.6,81,4.1,0.4,4,310,1,E 
16-07-2022,25,32.3,28.2,79,0,4.2,5,240,2,E 
17-07-2022,25.5,31.8,28,77,0,8.1,7,360,3,W 
18-07-2022,25,32.2,28,78,0.1,8.9,4,300,2,SE
19-07-2022,25,31.4,28,74,0,1.6,4,280,2,SE
20-07-2022,25.4,32.6,28.4,75,0,5.6,4,240,2,W 
21-07-2022,25.8,33.2,27.7,82,0,10.4,3,230,1,SE
22-07-2022,25,31.2,27.6,81,3,10.4,5,280,2,W 
23-07-2022,25.2,32.4,28.7,78,0,7.8,4,290,2,SE
24-07-2022,24.2,33.6,27.6,70,0,8.2,4,240,2,E 
25-07-2022,23.5,33,27.4,69,0,9.9,4,240,2,SE
26-07-2022,24,32,28,80,0,10.3,3,280,2,SE
27-07-2022,24.8,31.9,28.4,75,0,4.7,4,250,2,SE
28-07-2022,24.6,33,28.7,72,0,9.4,4,250,2,W 
29-07-2022,25,31.8,28.2,72,0,9.8,5,250,2,W 
30-07-2022,24.8,34,28.4,76,0,8.5,5,250,2,W 
31-07-2022,26.2,31.8,28.3,77,0,9.7,3,270,2,E 
01-08-2022,25.2,31.6,27.8,84,6.7,4.1,4,250,2,W 
02-08-2022,26,31.6,28.3,81,0,8.8,4,260,2,SE
03-08-2022,24.4,32.4,28.2,75,2.6,5.5,4,260,2,W 
04-08-2022,24.4,33.4,28.3,73,0,10.3,4,280,2,E 
05-08-2022,24.2,33.2,27.9,71,0,10.1,4,240,2,SE
06-08-2022,24.4,32.8,27.6,74,0,11.2,5,230,2,S 
07-08-2022,24.6,31.8,27.7,77,0,8.7,5,220,2,S 
08-08-2022,25.2,32.6,27.3,80,0,4.4,5,230,2,SE
09-08-2022,25.5,32.2,28,80,6.9,7.1,4,250,2,W 
10-08-2022,25.4,31.4,27.8,78,0,6.2,8,310,3,E 
11-08-2022,25,,,,13.4,7.7,5,310,3,NW
12-08-2022,25.2,31.2,,,0,4.4,4,280,1,E 
13-08-2022,25.6,31.2,28,80,0.3,4.1,4,270,2,SE
14-08-2022,25.6,32.2,28,78,8888,6.2,5,250,2,E 
15-08-2022,24.2,32,27.4,71,6,9.1,4,270,2,W 
16-08-2022,24.4,31.6,27.7,74,0,9,4,230,2,E 
17-08-2022,25.5,32.6,28.5,68,0,9.7,5,230,2,E 
18-08-2022,26,31.6,28.4,73,0,4.6,4,250,2,W 
19-08-2022,26,,,,0,6.7,5,240,3,SW
20-08-2022,25.8,32.2,,,0,10.5,5,270,2,SE
21-08-2022,24.2,32.4,28.8,67,0,9.5,5,240,2,E 
22-08-2022,24.6,33,28.7,70,0,9.1,4,280,2,E 
23-08-2022,24.8,32.8,28.1,74,0,9.8,5,250,2,W 
24-08-2022,24.4,32,27.5,72,0,10.3,4,250,2,W 
25-08-2022,25,30.6,27.7,75,8888,6.5,4,240,1,W 
26-08-2022,25.8,31.4,28.3,75,0,4.5,5,240,2,W 
27-08-2022,25.2,31.6,27.5,77,0,10.1,4,310,2,W 
28-08-2022,25.3,32.6,28.4,74,1.5,5.2,5,250,2,W 
29-08-2022,26,31.6,28.3,76,0,7.9,5,50,2,W 
30-08-2022,25.9,31.2,27.3,83,1,9.8,4,310,2,SE
31-08-2022,24.2,32,27.9,79,3.3,2.7,5,240,2,E 
01-09-2022,25,32,28,76,8888,9.9,5,250,2,W 
02-09-2022,25,31.4,28.3,77,0,10,5,250,2,W 
03-09-2022,26.5,32.2,28.7,78,8888,7.8,5,240,2,E 
04-09-2022,25.8,31.7,28.3,79,1.2,6.3,5,40,2,W 
05-09-2022,26.2,31.8,28.6,76,8888,8.8,5,240,3,W 
06-09-2022,26.2,32.4,,,8888,6.2,5,240,2,E 
07-09-2022,24.8,32.9,27.9,74,0.4,7.3,5,230,2,E 
08-09-2022,24.6,33.2,28.2,78,8888,3.1,7,20,2,E 
09-09-2022,25.2,,,,0.3,5.1,4,270,2,SE
10-09-2022,24.5,31.6,28.2,75,0,8.7,4,300,2,S 
11-09-2022,24.6,33.2,28.1,69,0,9.6,4,240,2,E 
12-09-2022,25.2,33.3,28.2,72,0,10,4,270,2,W 
13-09-2022,26.6,32,28.9,74,0,9.9,6,290,2,NW
14-09-2022,25.8,32,28.6,74,0,8.4,4,250,2,W 
15-09-2022,26.6,31,28.5,72,8888,9.1,4,290,2,W 
16-09-2022,25.5,34.8,29.7,67,0,0.8,5,230,2,SE
17-09-2022,25.8,33,28.5,74,0,9.9,4,220,2,SW
18-09-2022,26.2,34,29.2,72,0,9.7,4,260,2,SE
19-09-2022,25.2,32,28.1,72,0,7.6,6,280,2,SE
20-09-2022,26.2,31.6,27.7,82,0.4,7.2,5,320,2,E 
21-09-2022,26.2,32.5,27.9,84,34.6,1.6,4,240,2,SE
22-09-2022,25.4,32.6,27.4,83,4.2,7.2,4,20,2,SE
23-09-2022,25.7,32,28.8,78,2.8,3.2,4,290,2,SE
24-09-2022,25.4,33.4,28.7,78,0,6.5,4,240,2,SW
25-09-2022,25.8,33.4,29.2,71,0,10,5,220,2,SE
26-09-2022,25.2,32.4,28.4,77,0,9.5,5,220,2,SE
27-09-2022,25.2,34.2,29.1,69,0,6.9,4,220,2,E 
28-09-2022,25.8,33,28.6,70,0,10,4,240,2,E 
29-09-2022,26,32.4,28.4,77,8888,7.9,8,10,2,N 
30-09-2022,24.8,32.4,28.1,80,4,6.4,4,300,2,SE
01-10-2022,25,,28.7,77,0,7.2,4,250,2,E 
02-10-2022,25.4,33,28.6,75,13.5,7.6,5,150,2,E 
03-10-2022,25.5,33.2,27.6,80,1,10,4,250,2,E 
04-10-2022,24.8,32.8,28.2,76,8.3,7.5,5,30,2,E 
05-10-2022,25.9,32,28.2,79,3.7,7.4,7,240,2,E 
06-10-2022,25.6,30.2,26.4,90,36,6.3,5,290,2,E 
07-10-2022,24,32,27.9,82,101.6,3,3,260,2,SE
08-10-2022,26.5,32.6,29.1,81,0,7.2,5,280,2,SE
09-10-2022,26.4,31.8,28.1,82,0.3,6.3,6,220,2,E 
10-10-2022,25.8,31.5,27.8,85,26.3,5.2,8,300,3,E 
11-10-2022,25.2,31.6,26.9,87,17,8.4,5,30,2,E 
12-10-2022,25.2,32.4,27.2,86,50.2,3.8,5,280,2,E 
13-10-2022,24.6,32,27,82,0.5,6.9,5,250,2,E 
14-10-2022,24.4,31.8,27.2,83,26.3,7.5,3,280,2,SE
15-10-2022,24.6,33.5,28.2,77,0.2,6,5,310,2,E 
16-10-2022,26.2,32,27.5,85,2.4,7.8,4,330,2,SE
17-10-2022,24.8,31.2,27.9,80,17,3.9,3,320,1,C 
18-10-2022,25.6,32.4,27.6,87,8888,4.5,7,300,2,E 
19-10-2022,25,31.7,27.6,84,41.6,5.5,3,280,2,E 
20-10-2022,25.7,33.3,29.1,78,1.9,3.6,4,220,2,E 
21-10-2022,25.2,32.3,29.2,78,8888,10.9,3,90,1,E 
22-10-2022,25.2,32.4,27.9,84,8888,3.2,5,320,2,E 
23-10-2022,24.6,32.2,28.2,81,6.2,6.9,4,280,2,E 
24-10-2022,25.8,32.2,28.8,81,0.6,8.3,5,280,2,E 
25-10-2022,25,32.4,29.1,79,0,10.5,5,310,2,E 
26-10-2022,25,31.5,28.8,80,0,9.2,5,290,3,W 
27-10-2022,26.4,,,,8888,4.1,5,330,4,N 
28-10-2022,25.1,30.2,,,35,1.5,4,290,2,SE
29-10-2022,25.4,33.4,28,75,0,0,4,240,2,E 
30-10-2022,25.6,34.2,29.3,72,8888,7,5,220,2,S 
31-10-2022,26.8,34.2,29.8,70,0,7.9,5,220,2,SE
01-11-2022,26.6,33,29,76,8888,4.9,5,20,2,SE
02-11-2022,,,,,,,,,,
03-11-2022,,,,,,,,,,
04-11-2022,26,32.4,28.2,80,0.8,9.4,3,280,2,E 
05-11-2022,25.8,31.2,27.3,86,11.7,4.1,5,300,2,E 
06-11-2022,24.6,32.2,27.8,84,22.5,4.4,6,330,2,E 
07-11-2022,26,31.6,26.6,85,1.3,6.2,5,220,2,E 
08-11-2022,24.3,32.4,26.8,84,54.9,4.5,4,120,2,E 
09-11-2022,24.6,32.3,27.7,82,10,3.8,4,270,2,E 
10-11-2022,24.3,32.4,27.4,83,4.7,7.1,4,250,2,E 
11-11-2022,24.6,33.2,27.8,80,13.5,7.2,4,240,2,E 
12-11-2022,24.4,32.2,27.9,81,2.4,6.5,4,300,2,E 
13-11-2022,25.2,32.6,27.9,79,7.1,7.7,4,280,2,E 
14-11-2022,25.5,32.2,27.7,84,8888,6.2,5,280,2,E 
15-11-2022,25.7,32.2,27.4,86,4.1,7.6,6,280,2,E 
16-11-2022,25.2,30.4,27.8,84,8.7,5.5,9,280,3,W 
17-11-2022,24.6,32,28,78,17.3,2.4,4,300,1,SE
18-11-2022,23,30.2,26,91,39.1,6.9,11,250,4,W 
19-11-2022,24.4,29.8,26.6,88,30.2,0,5,20,2,E 
20-11-2022,25.2,28.8,,,0,1.5,5,220,2,NE
21-11-2022,25.3,32.2,28.3,76,8,0,4,310,2,E 
22-11-2022,26,32.2,28.9,76,8888,6.5,10,290,2,NW
23-11-2022,23,32.4,27.8,80,35.6,5.9,3,50,2,E 
24-11-2022,24.6,31.4,27.2,83,21,1.4,8,310,2,N 
25-11-2022,25,34.6,27.5,80,8888,4.4,5,280,3,W 
26-11-2022,26,31.8,28.3,81,8888,4.2,6,290,3,E 
27-11-2022,24.6,29.2,26.9,84,8.3,5.9,3,40,1,N 
28-11-2022,24.2,31.8,28.4,77,6,0,4,300,2,C 
29-11-2022,24.5,32,27.2,84,6.5,7.7,4,310,2,E 
30-11-2022,24.8,33.6,27.5,85,23.4,8.3,6,300,2,E 
01-12-2022,25,30,26.5,88,25.7,2.8,4,230,2,E 
02-12-2022,25,30,26.8,87,37.7,1.4,5,360,2,E 
03-12-2022,24.7,31.4,28.1,77,14.2,7.3,4,300,2,SE
04-12-2022,25,31.4,27.8,78,0,7.6,7,300,2,SE
05-12-2022,25.2,32.2,27.8,78,0,6.2,5,280,2,E 
06-12-2022,25,32.3,28,73,1,8.6,4,240,2,SE
07-12-2022,25,33.4,29.1,72,0,8.3,5,240,2,E 
08-12-2022,25.2,33.6,28.5,72,0,10.6,4,250,2,E 
09-12-2022,25,32.6,28.6,73,9,8.6,4,230,2,E 
10-12-2022,25.9,33,28.8,74,0,6.9,4,250,2,E 
11-12-2022,25.7,32.4,29,78,0,7.8,5,330,2,E 
12-12-2022,26.8,31.7,28.2,80,2.3,3.8,4,310,2,E 
13-12-2022,24.2,32,27.3,84,12.4,5.4,5,10,2,E 
14-12-2022,25.6,31.6,28,82,8.6,2.4,6,300,2,E 
15-12-2022,25.2,31.6,26.2,87,4.9,5,7,270,2,E 
16-12-2022,24.6,29.6,26.1,87,1.5,3,5,280,2,E 
17-12-2022,24.5,27,25.2,93,22.7,0.1,5,300,2,E 
18-12-2022,23.6,28.2,25.8,90,70.4,0,4,10,1,E 
19-12-2022,24.2,30.8,27.2,80,37.8,0,6,310,2,E 
20-12-2022,24.4,31.8,27.5,81,0,7,3,240,2,E 
21-12-2022,24.2,32,27.7,78,0,6.2,4,310,2,E 
22-12-2022,24.2,31,27.3,82,0,10.7,8,240,4,SW
23-12-2022,25.1,28.6,27.1,88,70.8,5.8,9,240,6,W 
24-12-2022,24.8,27.5,26.5,85,75.7,0,11,250,4,W 
25-12-2022,23.8,28.8,25.7,90,49.3,0,8,310,3,NE
26-12-2022,24,29.7,27,83,35.5,0,11,250,3,W 
27-12-2022,24.6,28.4,25.2,86,37.4,0,9,290,3,E 
28-12-2022,23.6,27,24.6,95,102,0,6,230,2,E 
29-12-2022,23.6,27,24.7,93,35.2,0,6,270,2,E 
30-12-2022,24.2,29.8,25.3,92,56.8,0,8,240,2,E 
31-12-2022,23.6,31.9,27.3,84,40.2,0,6,280,3,NW
01-01-2023,24.8,31.2,28,84,1,9,5,300,3,W 
02-01-2023,27,31.8,29.3,82,0,7.6,7,230,4,NW
03-01-2023,25.6,31.9,26.3,89,9.6,6.6,10,280,5,W 
04-01-2023,24.6,29,26.1,89,42.1,0,8,280,4,W 
05-01-2023,24,28,26.4,90,90.7,0,7,270,2,E 
06-01-2023,24.4,29.2,26.5,88,28,0,8,280,2,N 
07-01-2023,24.4,29.4,26.9,88,27.8,0,4,350,2,E 
08-01-2023,24.9,31.8,27.9,87,22.6,0,7,300,4,NW
09-01-2023,25.4,29.2,26.7,85,12.5,3,3,300,2,E 
10-01-2023,24.1,28.3,25.7,88,30.5,0,5,30,2,N 
11-01-2023,24.2,31.4,27.2,82,10.3,1,5,270,2,W 
12-01-2023,25.8,31.8,28.4,79,8888,8.6,4,310,2,NW
13-01-2023,24.2,31.7,28.2,77,0,6.6,4,310,2,NW
14-01-2023,25.6,31.8,28.1,81,0,7,5,300,3,W 
15-01-2023,26,32,29.1,81,2,9.9,4,270,2,W 
16-01-2023,26.9,32,29,79,0,8,6,320,2,NW
17-01-2023,24.6,32.4,28.7,75,8888,7.6,4,260,2,W 
18-01-2023,25.2,29.8,26.3,87,18.6,7.8,7,290,3,NW
19-01-2023,23.9,29,26.1,89,87.9,1.7,7,300,2,E 
20-01-2023,24.1,30.6,26.8,84,6.6,0,7,250,1,E 
21-01-2023,24,30.2,27.5,84,16.3,4,5,20,2,N 
22-01-2023,26,30.8,27.8,84,0.4,3.8,11,120,3,NW
23-01-2023,25.6,30.2,26.8,88,7.3,7.5,8,300,2,E 
24-01-2023,25,30.4,27.2,86,19.2,0.7,7,310,2,E 
25-01-2023,24.2,31,27.4,86,14.3,3.2,7,300,3,E 
26-01-2023,24.8,29.8,27,86,9.1,7.5,7,320,3,NW
27-01-2023,24.3,30,26.5,87,30.4,2.9,6,290,3,E 
28-01-2023,24.5,29.1,26.5,90,34,4.2,8,280,3,NW
29-01-2023,24.2,27.2,25.4,93,45.7,0,5,320,2,E 
30-01-2023,24.6,28.4,24.9,94,38.5,0,5,240,2,E 
31-01-2023,24.4,29.2,26.6,88,42.9,0,3,310,2,E 
01-02-2023,25.2,31.2,26.9,87,0,0.8,5,310,2,NE
02-02-2023,24.2,28.1,26.1,86,200,8,5,270,2,W 
03-02-2023,24,28.7,25.6,88,61,0,5,20,2,NE
04-02-2023,23.5,30.6,26.4,83,24,0,4,160,2,N 
05-02-2023,23.7,31.6,27,82,3,1.6,5,310,2,NW
06-02-2023,24,31.2,27.2,82,0,4.5,8,318,3,E 
07-02-2023,24.8,34.8,28,79,22,,6,310,3,NW
08-02-2023,25.7,30.2,27.6,81,0.8,8.4,11,310,2,N 
09-02-2023,24.4,29.2,26.6,87,17.2,3.2,6,320,2,N 
10-02-2023,25,31,26.2,87,1.2,4,6,270,2,E 
11-02-2023,24.6,31.8,27.1,79,19.2,1.4,5,320,2,SE
12-02-2023,25,30.9,26.9,85,21.8,6.3,7,280,2,E 
13-02-2023,24,27.8,25.3,94,200,2.7,10,270,6,W 
14-02-2023,23.6,29.8,27.1,83,183,0,10,280,6,W 
15-02-2023,24.8,28.2,25.8,91,39.9,0.5,9,290,3,W 
16-02-2023,24.4,26.5,25.1,94,44.4,0.4,5,310,2,E 
17-02-2023,24.4,28.9,26.4,89,90,0,7,300,3,NW
18-02-2023,24.8,30.1,26.4,92,37.7,1.9,3,30,1,E 
19-02-2023,25.1,31.4,27.8,85,7.7,0.8,5,300,2,E 
20-02-2023,25,31.2,27.3,87,63.4,3.8,7,300,4,NW
21-02-2023,26.6,29.4,27.4,87,4.7,7.2,7,280,2,E 
22-02-2023,24.8,30.2,27,88,25.7,0,10,250,3,N 
23-02-2023,24.4,30.8,27.1,83,15.8,4.1,3,210,2,E 
24-02-2023,24.9,31.2,27.6,86,1,2.3,6,350,2,SE
25-02-2023,25.7,30.4,27.4,86,1,8.8,8,320,4,NW
26-02-2023,25.4,29,26.5,90,2.4,5.5,10,270,3,W 
27-02-2023,24.2,31.6,27.3,84,13.9,0,3,280,1,SE
28-02-2023,25.6,31.8,27.8,82,0,6.6,5,270,2,W 
01-03-2023,23.8,28,25.2,91,28.1,7.5,10,290,4,E 
02-03-2023,24,30.7,26.1,84,51.8,0,6,240,2,E 
03-03-2023,24.9,30.6,27.3,83,28.9,4.9,3,100,1,W 
04-03-2023,25,29.9,27.1,85,0,4.8,5,300,2,N 
05-03-2023,26.3,30.6,27.5,81,8888,4.8,7,300,4,NW
06-03-2023,25.1,28.4,26.4,88,36.3,6.8,8,240,2,E 
07-03-2023,24.2,29.6,26.5,85,2.5,0,4,330,2,E 
08-03-2023,24.6,31.8,27.9,82,6.3,2.6,4,300,2,NW
09-03-2023,25.2,31.6,28,79,8888,8.9,4,280,2,W 
10-03-2023,25.5,31.5,28,78,0,8.9,3,290,2,W 
11-03-2023,25.7,31.8,28.4,80,0,9.8,4,250,2,W 
12-03-2023,25.6,31.9,28.4,76,0,9.9,3,260,2,E 
13-03-2023,23.2,30.8,27.9,77,8888,9.8,5,290,2,NW
14-03-2023,25.4,31,26.9,86,2.9,5.8,4,300,2,E 
15-03-2023,25.6,31.6,27.6,84,8888,1.9,5,290,2,SE
16-03-2023,24.9,32.8,28.1,80,4.1,6.6,3,220,2,S 
17-03-2023,26.2,32.2,28.6,82,,10,6,330,2,SE
18-03-2023,22.8,,,,0,9.3,4,330,3,N 
19-03-2023,,32.5,,,0.6,3.5,4,300,2,E 
20-03-2023,26.3,32.2,28.3,83,0,8.4,7,10,2,E 
21-03-2023,23,30.6,27.9,80,8888,4.2,6,300,2,E 
22-03-2023,25.8,32.2,28.6,79,8888,1.2,5,300,2,SE
23-03-2023,22,32.8,28.7,78,0,6.5,4,300,2,SE
24-03-2023,26.2,33,28.5,81,0,8.5,5,250,2,E 
25-03-2023,26,32.2,28.2,82,0.2,7,5,290,2,W 
26-03-2023,25.6,31,27.7,84,8888,5.2,6,270,2,E 
27-03-2023,24.8,32,27.9,80,12.4,3.1,3,300,2,E 
28-03-2023,26,30.4,27.1,87,5.9,7.2,8,280,2,E 
29-03-2023,24,30.4,27.1,85,8.9,0.3,6,240,1,SE
30-03-2023,24.2,32.6,27.5,82,0.8,1.2,5,260,2,E 
31-03-2023,25.9,31.4,27.3,83,0.6,7.2,8,280,2,E 
01-04-2023,25,30.2,25.8,90,12.4,6.5,5,240,2,E 
02-04-2023,23,30.8,27.4,84,6.7,1.6,6,30,2,E 
03-04-2023,23.8,31,26.8,83,34,4.5,4,40,1,E 
04-04-2023,24,30.2,27.4,84,1,4.3,7,310,3,E 
05-04-2023,24.9,30.6,27.2,80,3.5,1.5,4,310,2,SE
06-04-2023,25,32.6,28.1,77,8888,1,4,300,2,W 
07-04-2023,26,30.2,26.4,86,0,8.8,8,300,2,E 
08-04-2023,24.6,30.8,,,41.4,2.5,5,40,2,E 
09-04-2023,24.2,30.7,26.4,89,29.7,1.3,7,280,2,E 
10-04-2023,24.6,29,26.2,90,26.1,0.7,7,300,3,E 
11-04-2023,24.6,30,26.7,95,51,0,6,320,2,E 
12-04-2023,25.4,31,27.4,92,33.7,0,4,40,2,E 
13-04-2023,26,32.8,28.5,86,3,7.6,4,300,2,E 
14-04-2023,26.2,31.6,28.4,85,0,8.8,3,280,2,E 
15-04-2023,26.8,33,29,81,8888,8.8,4,310,2,NW
16-04-2023,26.2,31.8,28.3,84,0,0,3,300,2,SE
17-04-2023,26.5,32.8,28.6,90,8888,0,4,290,2,SE
18-04-2023,26,33.2,29,83,0,6.8,4,300,2,SE
19-04-2023,26.2,32.8,28.7,85,0,6.8,4,250,2,SE
20-04-2023,,,,,,,,,,
21-04-2023,26.8,33.8,29.4,81,0,10,4,250,2,SE
22-04-2023,25,33,,,0,8.1,4,300,2,NW
23-04-2023,25,33.6,29.3,81,0,10.1,4,280,2,E 
24-04-2023,26.2,33.4,29.3,78,0,10.1,5,270,2,E 
25-04-2023,26.4,33.2,29,75,0,10.2,5,300,2,E 
26-04-2023,26.2,34,28.6,80,0,8.6,4,260,2,E 
27-04-2023,25.1,32.8,28.6,83,1,8.1,3,30,2,SE
28-04-2023,26.4,32.4,28.8,76,0.5,5.1,3,250,2,E 
29-04-2023,26.8,32.6,28.6,83,0,5.9,4,290,2,SE
30-04-2023,25.8,32.4,28.3,77,1,3,3,280,2,E 
01-05-2023,26,33.6,29.2,76,0,8,4,240,2,SE
02-05-2023,25.4,33,29.4,78,0,9.1,4,250,2,E 
03-05-2023,26.2,33.9,29.4,74,0,7.9,4,240,2,SW
04-05-2023,26.7,30.2,27.8,86,0.9,9,4,290,1,E 
05-05-2023,26.2,32.9,29.2,77,2.5,0.1,3,300,2,E 
06-05-2023,26.5,33.4,29.4,76,,6,5,250,2,SE
07-05-2023,26.7,34.2,29.7,74,19.5,10.3,5,240,2,NE
08-05-2023,26.5,31.8,28.1,86,8888,9.3,4,320,2,N 
09-05-2023,25.6,32.2,28.6,81,34.6,1.9,3,230,1,SE
10-05-2023,26.1,32.4,27.9,86,0.5,2.5,5,310,2,SE
11-05-2023,25.4,33.4,28.6,82,10.3,6.1,5,250,2,SE
12-05-2023,26.4,33.2,29.6,73,8888,6.6,4,250,2,SE
13-05-2023,25.2,33.8,28.9,72,0,10.3,3,260,2,SE
14-05-2023,26,34,29.3,74,8888,9.5,5,220,3,S 
15-05-2023,26.4,33.6,29.3,74,0,6.7,5,220,2,S 
16-05-2023,26.5,33.2,28.7,79,0,5.4,5,220,2,E 
17-05-2023,26.6,32,29.1,77,0,5,4,240,2,SE
18-05-2023,25.4,32.2,,,0,6.4,4,240,2,E 
19-05-2023,26.2,32.8,29,78,0,10.1,5,240,2,E 
20-05-2023,26,32.6,28.7,73,0,10.2,4,240,2,SE
21-05-2023,26,33.2,29,71,0,7.8,4,240,2,SE
22-05-2023,25.9,32.2,28.3,78,0,10.2,4,300,2,SE
23-05-2023,25.6,31,28,74,0,7.2,3,30,1,SE
24-05-2023,25.3,33.8,28.7,74,0,1.1,5,240,2,E 
25-05-2023,27,32.2,29.4,76,0,8.3,4,280,2,W 
26-05-2023,27.3,32.6,29.3,76,0,6.7,4,290,2,W 
27-05-2023,26,33,29.1,72,0,10.4,4,280,2,E 
28-05-2023,26.2,33.4,29.1,73,0,8.9,5,40,2,E 
29-05-2023,25,33.2,28.7,66,0,9.5,4,250,2,E 
30-05-2023,24.8,33.2,28.7,69,0,9.2,4,290,2,W 
31-05-2023,26.4,32.2,29.6,73,8888,10.7,3,270,1,C 
01-06-2023,27,33.8,29.7,75,0.1,5.5,5,240,2,SW
02-06-2023,26.4,33.6,28.9,81,8888,7.4,4,230,2,SE
03-06-2023,26.8,33.6,29.8,72,15.4,6.5,4,240,2,SE
04-06-2023,26.8,32.2,28.7,78,0,5.2,5,50,2,E 
05-06-2023,26.4,33.4,28.9,79,0,1.8,4,230,2,W 
06-06-2023,26.1,33,29.1,74,0,8,4,250,2,W 
07-06-2023,25.2,33,28.3,72,0,10.6,4,230,2,SE
08-06-2023,24.4,32.6,29,73,0,10.4,11,120,2,SE
09-06-2023,25.5,32.7,28.3,78,0,10.6,4,220,2,SE
10-06-2023,23.9,31.2,28.2,78,8888,2.5,3,280,1,E 
11-06-2023,,32.2,,,7.3,1.1,3,310,1,C 
12-06-2023,25,32.2,28.7,74,0,0,4,280,2,W 
13-06-2023,26.1,33.6,28.4,75,0,8.6,4,250,2,W 
14-06-2023,26.9,32,29.1,74,0,5.5,5,250,2,E 
15-06-2023,26.6,33.8,28.8,72,0,4.9,4,240,2,SE
16-06-2023,24.2,31.9,27.7,72,0,9.5,4,250,2,SE
17-06-2023,25,31.8,28.9,73,0,10.2,4,300,2,E 
18-06-2023,26.6,31.8,28.3,77,0,6.7,5,240,2,E 
19-06-2023,26,32.4,28.2,76,0,3.1,5,250,2,E 
20-06-2023,25.9,31.5,28.1,80,0,5.7,4,240,2,NE
21-06-2023,25.7,34.6,29.2,67,0,4.7,4,270,2,S 
22-06-2023,25.2,32.2,28,74,0,8.7,4,250,2,W 
23-06-2023,25.5,31.5,28,74,0,10.1,3,110,1,E 
24-06-2023,25.8,32,28.5,76,0,4.5,3,250,2,E 
25-06-2023,26.2,32,28.6,76,0,6,4,290,2,C 
26-06-2023,26.3,32,27.7,83,0,1.8,4,250,2,W 
27-06-2023,25.4,32.4,27.3,82,11.6,8.1,5,310,2,E 
28-06-2023,25.1,31,27.1,84,5.8,6.2,3,220,1,E 
29-06-2023,25.1,33.2,27.9,80,8888,0,3,120,2,SE
30-06-2023,25.1,32.4,28.7,79,0,8.6,5,250,2,E 
01-07-2023,27.2,32.6,29.2,78,0,10.2,3,300,2,E 
02-07-2023,26.4,33.7,28.1,81,8888,7,4,230,2,E 
03-07-2023,26,31.5,27.6,84,8888,8.1,4,290,2,W 
04-07-2023,25.7,30.6,27.8,82,17.6,4.1,3,20,1,E 
05-07-2023,25.4,32.8,28.6,77,0,0,4,280,2,E 
06-07-2023,26.4,32.2,29.1,78,0,9.5,4,250,2,W 
07-07-2023,26.5,32.3,29.1,78,1.3,10.1,3,260,1,W 
08-07-2023,27.1,33.4,29.5,71,0,5.6,5,40,2,SE
09-07-2023,25.1,32.2,28.5,77,1,4.5,5,250,2,W 
10-07-2023,25.6,34,28.8,74,0,8.5,5,230,2,SE
11-07-2023,24.8,33.6,27.8,71,0,8,4,280,2,SE
12-07-2023,26,32,28.2,76,0,8.1,4,310,2,W 
13-07-2023,25.4,29.4,27.1,89,11.1,5.9,3,320,1,SE
14-07-2023,25.2,30.4,27.7,80,0,0.1,4,260,2,SE
15-07-2023,24.4,32.4,27.8,78,0,0,4,240,2,SE
16-07-2023,24.6,33,27.1,78,0,9.5,5,220,2,SE
17-07-2023,22.8,32.9,27.2,69,35.7,4.4,5,290,2,NW
18-07-2023,23.5,33.2,28.4,73,0,9.5,4,240,2,SE
19-07-2023,25.4,31.6,28,75,0,4.5,3,250,2,W 
20-07-2023,25.4,34.6,28.6,71,0,10.1,4,220,2,SE
21-07-2023,25.8,35,28.9,74,0,8.8,4,220,2,SE
22-07-2023,25.6,32.3,28.8,71,8888,10.2,4,290,2,E 
23-07-2023,25.3,32,28,73,0,9.9,4,280,2,W 
24-07-2023,24.6,31.2,27.4,70,0,10.1,4,250,2,W 
25-07-2023,24.4,32.4,27.5,72,0,8.8,5,230,2,E 
26-07-2023,24.2,32,27.4,71,0,9.4,5,230,2,E 
27-07-2023,24.1,34.2,27.9,70,0,10,5,30,2,E 
28-07-2023,24,32.4,27.4,70,,9.8,4,280,2,W 
29-07-2023,23.7,32.2,27.8,68,0,10.1,5,250,2,SE
30-07-2023,24.4,32.2,27.8,74,0,10.2,4,240,2,W 
31-07-2023,24.8,32.4,28,72,0,10.1,5,240,2,W 
01-08-2023,24.8,32,28.1,75,0,10.2,5,250,2,W 
02-08-2023,24.8,32.2,27.5,72,0,10.3,5,240,2,W 
03-08-2023,24.3,33,27.9,78,0,9.3,5,240,2,SE
04-08-2023,24.7,31,27.9,85,,9.3,4,250,2,C 
05-08-2023,26.6,31.4,28.4,76,0,9.2,4,270,2,SE
06-08-2023,25.2,32.1,28,72,0,9.2,5,240,2,E 
07-08-2023,24.3,31,27.4,72,0,10.3,5,250,2,E 
08-08-2023,23.6,31.4,26.6,68,0,10.1,5,240,2,W 
09-08-2023,24,32.4,27.9,66,0,10.5,5,270,2,E 
10-08-2023,24.2,32.2,27.6,69,0,10.3,6,20,2,E 
11-08-2023,24.3,30.8,27.6,68,0,10.3,6,280,2,W 
12-08-2023,24.2,31.4,27.4,64,0,10.1,5,250,2,SE
13-08-2023,23.6,30.8,26.9,70,0,10.1,5,250,2,W 
14-08-2023,23.7,31.3,27.2,68,0,10.1,5,250,2,W 
15-08-2023,24.5,32,28,65,0,9.2,5,250,2,W 
16-08-2023,25,31.4,27.7,71,0,9.7,5,250,2,W 
17-08-2023,24.6,32.8,27.5,69,0,10.1,5,240,2,SE
18-08-2023,24.6,32.9,27.9,70,0,7.6,5,230,2,E 
19-08-2023,24.6,31.4,27.6,64,0,10.1,5,60,2,W 
20-08-2023,25.2,31.8,27.8,68,0,7.4,5,250,3,SE
21-08-2023,24.5,32,28.3,62,0,10.3,5,220,2,E 
22-08-2023,23.8,32.8,27.9,64,0,10.2,5,230,2,SE
23-08-2023,,,,,,,,,,
24-08-2023,26.9,32.2,29,76,0,9.7,5,240,2,W 
25-08-2023,26,32,28.3,70,0,9.3,5,290,2,E 
26-08-2023,25.2,33,28.2,65,0,10.3,5,250,2,C 
27-08-2023,24.6,32.6,27.6,71,0,10,5,250,2,W 
28-08-2023,24.6,32,28,64,0,10.1,5,270,2,W 
29-08-2023,24.2,32.2,27.7,68,0,10.2,5,260,2,W 
30-08-2023,24.7,33,28.2,67,0,10.2,6,40,2,W 
31-08-2023,24,32.6,28,62,0,10.1,5,260,2,E 
01-09-2023,23.7,32.2,27.5,61,0,10.1,6,250,2,SE
02-09-2023,25,32.8,28,58,0,10.5,6,250,2,E 
03-09-2023,24,32.4,28.2,58,0,10,4,260,2,W 
04-09-2023,24.2,33.8,28.1,65,0,10.1,6,260,2,W 
05-09-2023,25.4,31.6,28.3,72,0,10,5,260,2,W 
06-09-2023,25.3,34,28.8,65,0,10,5,240,2,E 
07-09-2023,25.4,32.4,,,0,10,5,250,2,SE
08-09-2023,25.4,33.7,28.4,65,0,9.8,5,240,2,SW
09-09-2023,25,33.2,29.1,65,0,10,5,220,2,C 
10-09-2023,24.6,32,28.6,72,0,9,5,250,2,SW
11-09-2023,26.4,34.2,29.6,70,0,8.8,7,60,3,E 
12-09-2023,28.1,34,29.9,66,0,9.9,5,240,2,E 
13-09-2023,24.8,33.2,28.8,62,0,6.1,5,220,2,E 
14-09-2023,26.2,33.6,29.3,62,0,9.9,5,250,2,W 
15-09-2023,25.2,32.3,28.9,66,0,9.9,5,250,2,W 
16-09-2023,26.2,33.2,29.1,68,0,9.7,5,260,3,W 
17-09-2023,25,32.4,29.1,68,0,9.8,5,260,2,W 
18-09-2023,26.1,33.8,29.1,62,0,10,5,250,2,SW
19-09-2023,25.8,33.2,29.2,65,0,9.9,4,240,2,E 
20-09-2023,26.2,34.2,29.7,60,0,10,4,260,2,E 
21-09-2023,25.2,33,29,66,0,10,7,320,2,SE
22-09-2023,25,34.8,29.2,54,0,10,5,30,2,SE
23-09-2023,25.2,33,29,67,0,10,4,240,2,SE
24-09-2023,25,33.6,28.9,68,0,10,4,220,2,S 
25-09-2023,25,33.8,29.1,58,0,10,4,240,2,SW
26-09-2023,24,32.8,28.3,61,0,10.1,5,280,2,W 
27-09-2023,24.2,32.4,28.2,64,0,10,5,250,2,W 
28-09-2023,25.1,33.4,28.4,67,0,10.2,5,250,2,W 
29-09-2023,24.6,33.2,28.2,65,0,10.1,5,250,2,SE
30-09-2023,24,34,29.6,62,0,,5,230,2,SW
01-10-2023,25.2,34.8,28.7,64,0,10.3,4,260,2,SE
02-10-2023,24.8,34.2,28.8,66,0,9.5,5,220,2,SW
03-10-2023,25,35.3,,,0,10.2,4,240,2,SW
04-10-2023,26.8,34.3,29.9,72,0,10,5,220,2,SW
05-10-2023,26.6,33.6,29.5,71,0,10.2,5,230,2,SW
06-10-2023,25.6,33.8,29.2,71,0,10.2,5,240,2,NE
07-10-2023,25.5,34.2,29.1,68,0,10.1,5,230,2,SW
08-10-2023,26.2,32.9,29.3,70,0,10.1,4,250,2,W 
09-10-2023,26.2,33.5,29.4,68,0,10.2,5,240,2,W 
10-10-2023,25.8,35,29.5,67,0,9.9,5,250,2,SW
11-10-2023,26.3,33,28.8,72,0,9.6,5,250,2,W 
12-10-2023,25.8,34,29,68,0,10.3,5,250,2,W 
13-10-2023,25.3,34.2,29.5,69,0,10.2,4,240,2,SW
14-10-2023,25.4,34.2,30.1,70,,10.7,5,240,2,W 
15-10-2023,27,34.2,30.3,69,0,10.5,5,240,2,SW
16-10-2023,26.6,34,29.2,69,0,10.4,5,260,2,W 
17-10-2023,26.1,34.1,29.5,71,0,10.3,4,220,2,W 
18-10-2023,26.4,34.4,29.7,71,0,10.5,4,240,2,SW
19-10-2023,26.8,34,,,,8.2,4,220,2,SW
20-10-2023,25.8,34.2,29.7,72,0,5,5,230,2,SW
21-10-2023,26.1,34.2,29.6,66,0,10.5,4,230,2,E 
22-10-2023,26.4,34.2,29.9,64,0,10.9,4,220,2,SE
23-10-2023,,,,,,,,,,
24-10-2023,25.2,34.3,29,72,7.5,8.2,5,240,2,E 
25-10-2023,25.4,34.4,29.3,69,0,9.3,5,220,2,SE
26-10-2023,25.1,34.8,29.1,68,0,10.4,4,230,2,SE
27-10-2023,25.2,33.2,,,0,10.5,4,250,2,SE
28-10-2023,25.6,34.6,29.2,73,0,10.6,5,250,2,W 
29-10-2023,26.6,34.6,30,67,0,10.9,5,260,3,E 
30-10-2023,26.2,34.8,30.9,69,0,10.2,5,230,3,SW
31-10-2023,27.2,35.1,30.2,69,0,9.7,5,250,2,E 
01-11-2023,26,35.5,31.5,66,0,8.9,4,230,2,SW
02-11-2023,28.2,34.2,29,77,0,10.7,5,250,2,E 
03-11-2023,26,34.4,29,78,0,6.4,5,230,2,E 
04-11-2023,26.6,32.4,27.6,80,0,7.6,4,280,2,E 
05-11-2023,24.6,34.4,29.9,71,1.8,6.5,4,250,2,E 
06-11-2023,25.4,34.7,30.5,67,0,10.6,4,230,2,E 
07-11-2023,26.7,33.5,30,73,0,,4,260,2,E 
08-11-2023,26.4,34.4,30.2,72,0,10.6,5,230,2,SE
09-11-2023,26.8,35,30.6,71,0,10.6,5,220,2,SW
10-11-2023,27,34,31,68,0,9.1,4,260,2,SW
11-11-2023,27.6,33.2,30.2,71,0,9.5,5,310,2,SE
12-11-2023,,33.9,30.4,73,0,9.5,4,260,2,SE
13-11-2023,27,34.2,30.6,71,0,9.5,4,260,2,E 
14-11-2023,27,33.2,29.3,76,8888,9.4,5,300,2,SE
15-11-2023,24.8,34,30,75,0,7.4,4,310,2,E 
16-11-2023,26.8,33.8,29.8,76,8.5,9,4,310,2,E 
17-11-2023,26.8,33.5,29.8,77,8888,8.2,4,310,2,E 
18-11-2023,26.9,32.8,29.1,77,1.3,8.7,4,260,2,E 
19-11-2023,26,32.7,29,77,0,5.3,4,260,2,SE
20-11-2023,25.9,33,29.6,74,0.6,5.8,6,230,2,C 
21-11-2023,26.2,32.7,29.5,74,0,8.2,6,20,3,N 
22-11-2023,26.5,33.8,29.8,75,0,10.3,5,280,2,W 
23-11-2023,26.6,33.5,29.5,78,0,10.1,6,280,3,W 
24-11-2023,26.2,30.1,27,85,2.6,9.5,5,90,2,E 
25-11-2023,25,32.3,27.6,86,14.2,9999,5,290,2,E 
26-11-2023,25,32,26.8,87,18.4,5.8,5,300,2,E 
27-11-2023,24.4,31.9,27.2,87,14.2,5,5,300,2,E 
28-11-2023,25.1,31.9,27.5,80,26.4,5.6,4,320,2,E 
29-11-2023,25,30.5,27.5,81,4.4,5.4,4,320,2,SE
30-11-2023,24.7,31.6,27.2,83,0,5.4,5,300,2,SE
01-12-2023,24.2,32,28,84,0.2,3.9,4,280,2,E 
02-12-2023,24.8,30.4,26.1,88,1.2,7.5,6,310,2,SE
03-12-2023,23.5,30.6,26.4,89,6.4,6,5,290,2,E 
04-12-2023,24.6,30.7,26.4,86,46,7,4,280,2,E 
05-12-2023,24.1,30.4,27,84,63.2,7.6,3,320,1,E 
06-12-2023,24.7,31,26.6,87,0,5.9,6,290,2,E 
07-12-2023,23.9,30.9,27.1,85,2,5.5,5,340,3,E 
08-12-2023,24.2,31.8,27.9,80,12.3,4.2,5,300,2,NW
09-12-2023,25.3,29.5,26,87,8888,5.3,5,20,1,E 
10-12-2023,24.2,31,26.2,87,8.2,1.9,10,330,3,SE
11-12-2023,23.1,30.6,27.9,84,25.6,4.5,5,310,3,NW
12-12-2023,25.3,28.6,26.8,85,2,4.9,7,300,3,E 
13-12-2023,24.4,31.2,27.1,85,0.2,1.5,7,30,3,SE
14-12-2023,25.1,31.7,28.4,80,2.2,3.7,5,300,2,NW
15-12-2023,25.5,30.6,28,83,8888,5.4,7,310,4,NW
16-12-2023,25.7,30.3,28.2,81,0.4,6,6,320,3,NW
17-12-2023,25.9,31.2,25.5,88,0,5.3,10,290,2,E 
18-12-2023,24.2,30.9,27.1,80,9.2,3,4,280,2,SE
19-12-2023,24.1,31.4,27.5,77,,,5,240,2,SE
20-12-2023,24.4,30.9,27.5,76,0.2,3.8,4,290,2,SE
21-12-2023,23.9,31.2,28.2,72,0,9.4,4,300,2,SE
22-12-2023,24.6,31.8,28.5,77,0,11.7,4,290,2,SE
23-12-2023,25.4,30.4,26.9,84,2,9.2,7,300,2,SE
24-12-2023,24.1,30.5,27.2,78,7,5.1,6,320,2,SE
25-12-2023,24.8,32.3,28.5,79,0,4.3,4,60,2,W 
26-12-2023,25,31.1,27.7,81,8888,9.3,7,320,3,NW
27-12-2023,25.6,31.3,28.1,81,0.2,7.2,4,320,2,NW
28-12-2023,25.2,32.1,27.4,79,0,8.4,5,300,2,SE
29-12-2023,24.6,31.3,28.5,79,0,7.9,5,230,2,E 
30-12-2023,25.9,31.5,27.3,88,0.2,11.5,5,300,2,SE
31-12-2023,25.1,31.5,28.1,82,2,4.8,5,80,2,E 
01-01-2024,25.6,31.2,26.9,85,13.2,3,4,290,2,E 
02-01-2024,24.7,30.7,27.9,82,4,6.4,5,20,2,NW
03-01-2024,25.1,31.1,27.5,84,2.4,4.6,4,290,2,E 
04-01-2024,24.9,32.3,26.7,85,6.8,7,4,240,2,E 
05-01-2024,23.7,31.2,26.2,87,24,4.2,6,20,3,E 
06-01-2024,23.5,29.9,26.8,84,35.8,7,4,290,2,SE
07-01-2024,24.3,31.5,27,86,0,7.2,5,300,2,E 
08-01-2024,24.5,30.6,25.5,91,34,7.7,7,270,3,E 
09-01-2024,23.3,29.7,26.3,86,12,3,3,310,2,E 
10-01-2024,24,31.5,27.6,84,19.2,3,5,300,2,E 
11-01-2024,25.2,31.6,26.3,89,0,5.6,10,310,3,E 
12-01-2024,24.3,29.7,25.1,94,33.2,0.6,8,320,3,E 
13-01-2024,23.4,30.3,25.2,92,37,0,7,280,3,E 
14-01-2024,23.4,27.3,25.6,92,26.9,3.1,10,320,3,NW
15-01-2024,24.6,28.9,25.9,93,8888,0,11,280,4,W 
16-01-2024,24.6,29.1,25.4,92,33.2,0.4,12,310,3,E 
17-01-2024,23.7,28.1,25.3,94,34.8,0,6,300,2,SE
18-01-2024,23.8,29,27,87,34.8,0,8,310,3,NW
19-01-2024,24.8,29.5,26.8,87,4.2,0.4,12,300,7,NW
20-01-2024,23.2,25.1,23.9,92,39.9,3.3,4,60,2,E 
21-01-2024,23,28.1,26,88,22.2,0,9,270,5,NW
22-01-2024,23.7,30.9,26.7,85,21.2,0,11,280,5,NW
23-01-2024,23.8,29,25.9,90,16.8,6,10,290,5,NW
24-01-2024,23.3,29,27.1,86,51.4,0,10,320,6,NW
25-01-2024,24.5,32.4,28.4,84,0.8,1.4,6,310,4,NW
26-01-2024,26.2,28.4,24.9,90,0,6.1,11,290,3,E 
27-01-2024,22.6,,27.8,82,34.5,0,4,30,2,NW
28-01-2024,24.3,30.5,27.5,85,1.7,6.1,5,320,2,NW
29-01-2024,23.9,25.4,24,94,2.2,5.8,3,160,2,SE
30-01-2024,23.2,30.8,26.6,83,9.8,0,5,290,2,SE
31-01-2024,23.9,30.2,26.8,84,8888,4.8,5,10,2,E 
01-02-2024,23.5,29.8,25.8,89,1,2,6,320,2,E 
02-02-2024,23.4,29.7,26.8,85,1.2,0,5,320,2,NW
03-02-2024,24,29.4,26.5,88,8.3,3.2,8,320,3,NW
04-02-2024,23,30.1,25,91,43.5,3.2,5,240,3,W 
05-02-2024,22.6,24.1,23.5,95,66.9,0,6,30,1,SE
06-02-2024,22.4,30,24.3,91,24.6,,5,230,2,E 
07-02-2024,22.8,26.9,24.4,92,42.8,2.6,11,280,3,E 
08-02-2024,22.6,30,25.7,89,33.2,0,5,30,2,E 
09-02-2024,23.1,30.4,27.4,84,3,4.1,5,320,2,NW
10-02-2024,24.3,30,27.2,87,0,9.3,6,310,4,NW
11-02-2024,24,29,25,91,31,2.5,10,280,4,E 
12-02-2024,23.5,28.1,24.6,92,29,0,8,310,3,NW
13-02-2024,22.8,31.2,26.9,84,53.7,0.8,3,300,1,W 
14-02-2024,24.2,32.6,28.4,80,0,1.2,4,310,2,NW
15-02-2024,25.9,30.5,27.4,83,8888,3.5,5,285,2,E 
16-02-2024,24.3,31.4,27.3,83,1.2,,4,290,2,NE
17-02-2024,23.9,31.2,26.7,84,0,3.2,6,360,2,E 
18-02-2024,23.5,31.2,28.3,79,38.2,5.6,5,310,2,W 
19-02-2024,25.6,32.5,28.7,78,0,6.2,4,280,2,NW
20-02-2024,25.5,31,28.4,81,0,10.1,4,300,2,NW
21-02-2024,25,32,28.7,80,,10.5,6,300,3,NW
22-02-2024,25.5,30.7,28,81,8888,9.6,6,290,3,E 
23-02-2024,25.4,32,28.1,80,0,3.6,4,300,2,NW
24-02-2024,25,32.3,27.7,79,0,5.5,8,320,2,SE
25-02-2024,24.8,32,26.5,86,0,6.6,5,250,2,E 
26-02-2024,22.8,30.2,25.2,87,43.6,3.8,10,280,3,E 
27-02-2024,23.4,30.3,25.3,87,36,0.7,6,290,2,SE
28-02-2024,22.8,31.4,29.3,77,8.4,1,3,290,2,W 
29-02-2024,26.3,31.4,28,82,,9.2,4,240,2,S 
01-03-2024,24.7,31.5,27.5,84,0,1.3,4,280,2,W 
02-03-2024,24.2,31.5,27.8,82,4.8,7.8,5,300,2,E 
03-03-2024,24.5,29.7,26.4,86,9.6,8.5,5,280,2,SE
04-03-2024,24.1,30.9,26.8,85,1,1.7,4,250,2,E 
05-03-2024,24.8,29.9,26.7,88,0.6,4.8,5,310,2,NW
06-03-2024,23.3,30,27.4,84,33,5.1,3,300,2,NE
07-03-2024,25.5,31.1,26.8,86,8888,4.1,10,300,2,E 
08-03-2024,24.5,31.4,27.5,85,3,5.2,6,310,2,NW
09-03-2024,23.9,27.2,25.7,91,16.6,4,9,280,5,NW
10-03-2024,24,26,25,85,54.6,0,10,290,4,E 
11-03-2024,23.9,31.6,26.8,83,4.2,0,3,320,2,NW
12-03-2024,23.7,32.1,27.2,82,0,1.3,6,290,3,NW
13-03-2024,,30,27.5,82,4.6,5.2,9,310,4,NW
14-03-2024,25.4,29.4,27.2,85,0,1.2,6,320,2,NW
15-03-2024,25.1,31,26.6,85,0,5.4,5,220,3,NW
16-03-2024,22.5,30,26.3,87,14.5,,5,310,2,NW
17-03-2024,22.7,31.3,27.2,82,7,0,7,300,3,NW
18-03-2024,23.1,31.6,25.3,83,6,9.9,7,240,2,NW
19-03-2024,21.7,28.6,24.1,81,0.4,3.9,3,70,1,N 
20-03-2024,21.3,28,23.4,78,1.6,2.5,4,320,2,NW
21-03-2024,20.1,29.6,26.7,90,23,9.9,6,320,2,E 
22-03-2024,25.3,31.6,27.3,86,7.8,0,6,300,1,C 
23-03-2024,,33.3,29.8,80,11,2.8,5,290,2,W 
24-03-2024,26.1,32.4,29.3,80,0,6.4,4,310,1,NW
25-03-2024,24.6,32.2,27.7,82,0,10.2,6,250,2,SE
26-03-2024,25.1,33,28.7,80,0.8,5.7,5,230,2,SE
27-03-2024,26.1,31.3,27.3,86,15.4,7.5,5,270,2,SE
28-03-2024,,30.6,26.2,87,4.9,6.6,6,320,2,E 
29-03-2024,24,31,26.9,88,4.8,2.1,5,20,2,E 
30-03-2024,24.6,31.8,28.1,86,28,7.5,5,240,2,E 
31-03-2024,26.3,31.2,28.2,86,5,7.1,6,300,2,E 
01-04-2024,26.5,29.8,27.7,86,1.6,6.4,6,290,2,SE
02-04-2024,25.6,31.6,28,83,3.6,5.3,5,290,2,E 
03-04-2024,25.9,32.6,28.3,81,5.8,5.4,3,330,1,SE
04-04-2024,24.6,33,28.6,78,0,0,5,320,2,NW
05-04-2024,25.3,,32.3,68,0,5.8,4,230,3,W 
06-04-2024,26.7,33.2,29.3,78,0,10.7,4,300,2,NW
07-04-2024,26.1,31.7,27.1,83,8888,8.3,6,300,1,E 
08-04-2024,25.2,31.4,28.1,83,10,0.3,6,250,2,SE
09-04-2024,25.2,33.5,27.3,83,0,6,8,290,3,SE
10-04-2024,24.3,31.6,28.5,82,13,5.9,4,280,2,E 
11-04-2024,25.1,32.5,27.4,84,0.8,4,5,280,2,E 
12-04-2024,24.8,30.3,27,86,33,5.3,3,310,2,SE
13-04-2024,25.5,33.3,27.8,80,14.4,1.5,5,240,2,SE
14-04-2024,25.2,32.8,28.2,82,0,6,4,280,2,E 
15-04-2024,25.2,32.4,27.8,81,2.2,4.7,3,310,1,SE
16-04-2024,24.6,33.2,27.2,83,0.6,4.8,5,110,2,SE
17-04-2024,24.8,32.2,28.6,82,14.2,,4,90,2,C 
18-04-2024,26.3,33.2,28.1,79,8888,7.3,3,270,2,SE
19-04-2024,25.2,32.5,29.5,78,0,8.2,3,280,2,S 
20-04-2024,25,34,29.2,77,0,10.1,4,240,2,E 
21-04-2024,26.1,32.3,29,79,0,9.1,4,280,2,SE
22-04-2024,26,32.1,28.9,81,8888,4.7,5,330,1,W 
23-04-2024,26.7,33,29.6,76,0.6,3,6,250,2,SE
24-04-2024,26.2,30.2,26.7,76,0,10.3,3,50,1,SE
25-04-2024,23.4,32.1,28,77,0,8.5,5,230,2,W 
26-04-2024,24.7,32.2,29.3,81,8888,9,3,280,2,E 
27-04-2024,24.6,31.6,28.5,78,,10.8,5,300,2,W 
28-04-2024,25.2,32.2,28.4,76,0,9.4,3,250,1,W 
29-04-2024,24.3,29.2,26.1,82,7.2,7.2,3,10,1,E 
30-04-2024,23.9,32.2,28.7,83,8888,0.2,5,280,2,W 
01-05-2024,26.4,32.6,29,77,0,8.5,3,270,1,W 
02-05-2024,25.8,31.6,28.5,85,0,7,3,130,1,E 
03-05-2024,26,28.6,27.1,88,9,3.8,2,280,1,SE
04-05-2024,25.5,32,27.4,87,2.6,0.4,3,160,1,SE
05-05-2024,25.4,31.7,27.8,84,1.4,0.1,4,300,1,C 
06-05-2024,25.7,31.7,28.8,80,8888,8.5,5,230,1,C 
07-05-2024,26.1,31.8,28.7,80,0,4.9,4,280,2,SE
08-05-2024,25.7,32,29,81,0,6.6,4,280,2,W 
09-05-2024,26,32.3,28.4,80,0,10.9,4,290,1,C 
10-05-2024,25.6,32,28.1,83,8888,2.6,5,250,2,W 
11-05-2024,25.1,33.5,29.3,77,8888,8.9,5,240,1,SW
12-05-2024,25.4,33.4,28.3,80,0,7.9,5,230,2,S 
13-05-2024,24,32,28.2,78,0.2,7.8,5,240,2,SE
14-05-2024,24,31.7,28.5,83,,5.1,5,280,1,C 
15-05-2024,25.1,31.5,28.4,87,0,7.2,3,280,2,W 
16-05-2024,26.1,31.5,27.9,85,,,4,290,2,W 
17-05-2024,25,31.8,28.6,82,2.4,1.5,4,260,2,W 
18-05-2024,25.3,32.7,29.4,72,0,4.1,4,280,1,W 
19-05-2024,25.8,31.6,28.3,79,,7,3,250,2,W 
20-05-2024,24.8,33,29.3,73,0,5,3,270,1,W 
21-05-2024,25.7,32.3,28.6,76,0,10,3,280,2,W 
22-05-2024,25.5,32.8,28.8,80,0,9.2,4,240,1,W 
23-05-2024,25,30.5,28.3,82,0.2,8.2,4,280,1,W 
24-05-2024,26.3,33.4,29.2,81,0,0,4,280,2,W 
25-05-2024,25.6,32.6,28.7,82,0,8.9,3,310,1,NW
26-05-2024,26.6,30.9,27.6,87,8888,6.8,5,20,1,W 
27-05-2024,24.9,32.6,28.3,81,8888,4,3,280,1,C 
28-05-2024,25.5,31.3,27.9,81,0,8.3,4,250,2,E 
29-05-2024,25.7,32.4,29.2,79,8888,2.4,3,280,1,W 
30-05-2024,27,32.9,28.1,84,0,5,6,240,2,SE
31-05-2024,24.9,32.9,27.5,85,0,6.6,5,250,2,SE
01-06-2024,24.3,32,29.1,80,8888,6.1,3,280,1,W 
02-06-2024,25.4,28.4,26.3,91,5.4,7.7,3,170,1,SE
03-06-2024,24.1,31.6,26.6,89,5.8,0,4,240,1,C 
04-06-2024,24.6,31.6,28.1,84,7.2,0.7,4,250,1,W 
05-06-2024,25.2,32,28.4,78,0,6.1,4,280,1,NW
06-06-2024,24.7,30.8,28.4,76,0,,3,270,1,W 
07-06-2024,24.8,31.8,28.8,81,0,3.5,4,230,2,E 
08-06-2024,25.2,32,28.1,85,8888,6.8,4,280,2,SE
09-06-2024,24.8,32.7,28.2,81,0,5.8,3,40,2,E 
10-06-2024,24.4,33,28.6,78,0,6.7,3,20,1,E 
11-06-2024,24.8,32.4,28.6,79,0,7.2,4,270,2,W 
12-06-2024,26,31.3,27,86,0,9.1,3,140,1,E 
13-06-2024,24.6,31.5,28.4,76,23.6,4,4,280,1,E 
14-06-2024,24.6,31,27.7,84,0,6,4,270,2,E 
15-06-2024,24.4,31.9,27.8,72,0,9.3,3,280,1,SE
16-06-2024,24.3,31,28.2,78,0,8.7,3,300,2,W 
17-06-2024,25.3,31.4,27.6,75,0,8.2,4,290,2,W 
18-06-2024,24,31.4,27.3,72,0,9.1,5,250,2,SE
19-06-2024,23.7,31.3,27.2,68,0,10.3,4,280,2,W 
20-06-2024,22.4,30.9,27,69,0,10.1,3,260,1,SE
21-06-2024,22.8,32.4,28.3,70,0,8.4,5,250,2,W 
22-06-2024,25.1,32,27.9,77,0,9.3,4,280,1,SE
23-06-2024,24.5,31.2,27,84,0,4.8,6,330,2,SE
24-06-2024,24.5,32.3,27.7,77,1.6,3.6,5,20,2,W 
25-06-2024,23.7,31.1,28.1,78,8888,7.1,4,310,2,E 
26-06-2024,25.1,31.8,28.7,75,0,7.9,3,300,1,W 
27-06-2024,24.8,32.4,29,78,0,10.4,3,260,1,W 
28-06-2024,25.3,32.3,29.5,74,0,10.2,3,260,1,W 
29-06-2024,26.5,32.4,28.6,79,0,10.4,4,150,2,E 
30-06-2024,25.6,30.7,27.8,83,4,3.8,4,170,2,SE
