2025-05-19 19:39:12,701 - INFO - Loading and preprocessing data...
2025-05-19 19:39:12,710 - INFO - 
Initial data shape: (5295, 11)
2025-05-19 19:39:12,710 - INFO - 
First few rows:
2025-05-19 19:39:12,710 - INFO -       Tanggal    Tn    Tx  Tavg  RH_avg      RR   ss  ff_x  ddd_x  ff_avg ddd_car
0  01-01-2010  24.6  30.9  27.9    84.0     6.0  1.9   9.0  315.0     2.0      NW
1  02-01-2010  26.3  32.4  28.8    82.0  8888.0  6.4   8.0  315.0     3.0      E 
2  03-01-2010  26.6  33.4  29.3    80.0  8888.0  6.0   8.0  315.0     3.0      NW
3  04-01-2010  25.0  30.0  27.2    84.0  8888.0  0.0  12.0  315.0     3.0      E 
4  05-01-2010  25.0  28.0  25.5    90.0    39.0  0.0  14.0  315.0     3.0      E 
2025-05-19 19:39:12,742 - INFO - 
Processed data shape: (5295, 11)
2025-05-19 19:39:12,743 - INFO - 
Processed data types:
2025-05-19 19:39:12,743 - INFO - Tanggal    datetime64[ns]
Tn                float64
Tx                float64
Tavg              float64
RH_avg            float64
RR                float64
ss                float64
ff_x              float64
ddd_x             float64
ff_avg            float64
ddd_car            object
dtype: object
2025-05-19 19:39:12,745 - INFO - 
Training data shape: (4236, 7)
2025-05-19 19:39:12,745 - INFO - Testing data shape: (1059, 7)
2025-05-19 19:39:12,745 - INFO - Training date range: 2010-01-01T00:00:00.000000000 to 2021-08-06T00:00:00.000000000
2025-05-19 19:39:12,745 - INFO - Testing date range: 2021-08-07T00:00:00.000000000 to 2024-06-30T00:00:00.000000000
2025-05-19 19:39:26,579 - INFO - Model saved to gbm\models\gbm_model_20250519_193912.pkl
2025-05-19 19:39:26,580 - INFO - 
==================================================
2025-05-19 19:39:26,580 - INFO - MODEL PERFORMANCE METRICS
2025-05-19 19:39:26,580 - INFO - ==================================================
2025-05-19 19:39:26,580 - INFO - MAE: 8.8393
2025-05-19 19:39:26,581 - INFO - RMSE: 17.2952
2025-05-19 19:39:26,581 - INFO - R2: 0.3592
2025-05-19 19:42:38,168 - INFO - Loading and preprocessing data...
2025-05-19 19:42:38,176 - INFO - 
Initial data shape: (5295, 11)
2025-05-19 19:42:38,177 - INFO - 
First few rows:
2025-05-19 19:42:38,177 - INFO -       Tanggal    Tn    Tx  Tavg  RH_avg      RR   ss  ff_x  ddd_x  ff_avg ddd_car
0  01-01-2010  24.6  30.9  27.9    84.0     6.0  1.9   9.0  315.0     2.0      NW
1  02-01-2010  26.3  32.4  28.8    82.0  8888.0  6.4   8.0  315.0     3.0      E 
2  03-01-2010  26.6  33.4  29.3    80.0  8888.0  6.0   8.0  315.0     3.0      NW
3  04-01-2010  25.0  30.0  27.2    84.0  8888.0  0.0  12.0  315.0     3.0      E 
4  05-01-2010  25.0  28.0  25.5    90.0    39.0  0.0  14.0  315.0     3.0      E 
2025-05-19 19:42:38,210 - INFO - 
Processed data shape: (5295, 11)
2025-05-19 19:42:38,211 - INFO - 
Processed data types:
2025-05-19 19:42:38,211 - INFO - Tanggal    datetime64[ns]
Tn                float64
Tx                float64
Tavg              float64
RH_avg            float64
RR                float64
ss                float64
ff_x              float64
ddd_x             float64
ff_avg            float64
ddd_car            object
dtype: object
2025-05-19 19:42:38,213 - INFO - 
Training data shape: (4236, 7)
2025-05-19 19:42:38,214 - INFO - Testing data shape: (1059, 7)
2025-05-19 19:42:38,214 - INFO - Training date range: 2010-01-01T00:00:00.000000000 to 2021-08-06T00:00:00.000000000
2025-05-19 19:42:38,214 - INFO - Testing date range: 2021-08-07T00:00:00.000000000 to 2024-06-30T00:00:00.000000000
2025-05-19 19:42:52,085 - INFO - Model saved to gbm\models\gbm_model_20250519_194238.pkl
2025-05-19 19:42:52,085 - INFO - 
==================================================
2025-05-19 19:42:52,085 - INFO - MODEL PERFORMANCE METRICS
2025-05-19 19:42:52,085 - INFO - ==================================================
2025-05-19 19:42:52,085 - INFO - MAE: 8.8393
2025-05-19 19:42:52,086 - INFO - RMSE: 17.2952
2025-05-19 19:42:52,086 - INFO - R2: 0.3592
2025-05-19 19:46:19,478 - INFO - Loading and preprocessing data...
2025-05-19 19:46:19,491 - INFO - 
Initial data shape: (5295, 11)
2025-05-19 19:46:19,492 - INFO - 
First few rows:
2025-05-19 19:46:19,493 - INFO -       Tanggal    Tn    Tx  Tavg  RH_avg      RR   ss  ff_x  ddd_x  ff_avg ddd_car
0  01-01-2010  24.6  30.9  27.9    84.0     6.0  1.9   9.0  315.0     2.0      NW
1  02-01-2010  26.3  32.4  28.8    82.0  8888.0  6.4   8.0  315.0     3.0      E 
2  03-01-2010  26.6  33.4  29.3    80.0  8888.0  6.0   8.0  315.0     3.0      NW
3  04-01-2010  25.0  30.0  27.2    84.0  8888.0  0.0  12.0  315.0     3.0      E 
4  05-01-2010  25.0  28.0  25.5    90.0    39.0  0.0  14.0  315.0     3.0      E 
2025-05-19 19:46:19,540 - INFO - 
Processed data shape: (5295, 11)
2025-05-19 19:46:19,541 - INFO - 
Processed data types:
2025-05-19 19:46:19,541 - INFO - Tanggal    datetime64[ns]
Tn                float64
Tx                float64
Tavg              float64
RH_avg            float64
RR                float64
ss                float64
ff_x              float64
ddd_x             float64
ff_avg            float64
ddd_car            object
dtype: object
2025-05-19 19:46:19,543 - INFO - 
Training data shape: (4236, 7)
2025-05-19 19:46:19,544 - INFO - Testing data shape: (1059, 7)
2025-05-19 19:46:19,544 - INFO - Training date range: 2010-01-01T00:00:00.000000000 to 2021-08-06T00:00:00.000000000
2025-05-19 19:46:19,544 - INFO - Testing date range: 2021-08-07T00:00:00.000000000 to 2024-06-30T00:00:00.000000000
2025-05-19 19:46:33,472 - INFO - Model saved to gbm\models\gbm_model_20250519_194618.pkl
2025-05-19 19:46:33,472 - INFO - 
==================================================
2025-05-19 19:46:33,473 - INFO - MODEL PERFORMANCE METRICS
2025-05-19 19:46:33,473 - INFO - ==================================================
2025-05-19 19:46:33,473 - INFO - MAE: 8.8393
2025-05-19 19:46:33,473 - INFO - RMSE: 17.2952
2025-05-19 19:46:33,473 - INFO - R2: 0.3592
2025-05-19 19:47:29,505 - INFO - Loading and preprocessing data...
2025-05-19 19:47:29,514 - INFO - 
Initial data shape: (5295, 11)
2025-05-19 19:47:29,514 - INFO - 
First few rows:
2025-05-19 19:47:29,514 - INFO -       Tanggal    Tn    Tx  Tavg  RH_avg      RR   ss  ff_x  ddd_x  ff_avg ddd_car
0  01-01-2010  24.6  30.9  27.9    84.0     6.0  1.9   9.0  315.0     2.0      NW
1  02-01-2010  26.3  32.4  28.8    82.0  8888.0  6.4   8.0  315.0     3.0      E 
2  03-01-2010  26.6  33.4  29.3    80.0  8888.0  6.0   8.0  315.0     3.0      NW
3  04-01-2010  25.0  30.0  27.2    84.0  8888.0  0.0  12.0  315.0     3.0      E 
4  05-01-2010  25.0  28.0  25.5    90.0    39.0  0.0  14.0  315.0     3.0      E 
2025-05-19 19:47:29,531 - INFO - Initial dataset size: 5295
2025-05-19 19:47:29,941 - INFO - 
Outliers removed: 52 rows
2025-05-19 19:47:29,942 - INFO - Dates with extreme rainfall (>100mm):
2025-05-19 19:47:29,945 - INFO - Date: 2010-01-15 00:00:00, Rainfall: 110.0mm
2025-05-19 19:47:29,946 - INFO - Date: 2010-02-20 00:00:00, Rainfall: 180.0mm
2025-05-19 19:47:29,946 - INFO - Date: 2011-02-05 00:00:00, Rainfall: 113.0mm
2025-05-19 19:47:29,947 - INFO - Date: 2011-02-06 00:00:00, Rainfall: 122.0mm
2025-05-19 19:47:29,947 - INFO - Date: 2012-03-15 00:00:00, Rainfall: 141.0mm
2025-05-19 19:47:29,947 - INFO - Date: 2012-05-13 00:00:00, Rainfall: 125.0mm
2025-05-19 19:47:29,948 - INFO - Date: 2013-01-02 00:00:00, Rainfall: 120.8mm
2025-05-19 19:47:29,948 - INFO - Date: 2013-01-04 00:00:00, Rainfall: 103.5mm
2025-05-19 19:47:29,948 - INFO - Date: 2014-01-13 00:00:00, Rainfall: 105.2mm
2025-05-19 19:47:29,949 - INFO - Date: 2014-04-08 00:00:00, Rainfall: 137.9mm
2025-05-19 19:47:29,949 - INFO - Date: 2014-12-06 00:00:00, Rainfall: 137.4mm
2025-05-19 19:47:29,950 - INFO - Date: 2014-12-07 00:00:00, Rainfall: 105.4mm
2025-05-19 19:47:29,950 - INFO - Date: 2015-01-22 00:00:00, Rainfall: 160.3mm
2025-05-19 19:47:29,951 - INFO - Date: 2015-03-03 00:00:00, Rainfall: 127.6mm
2025-05-19 19:47:29,951 - INFO - Date: 2015-12-18 00:00:00, Rainfall: 130.7mm
2025-05-19 19:47:29,952 - INFO - Date: 2015-12-19 00:00:00, Rainfall: 112.4mm
2025-05-19 19:47:29,952 - INFO - Date: 2016-01-22 00:00:00, Rainfall: 160.3mm
2025-05-19 19:47:29,952 - INFO - Date: 2016-02-28 00:00:00, Rainfall: 103.4mm
2025-05-19 19:47:29,953 - INFO - Date: 2016-10-10 00:00:00, Rainfall: 127.4mm
2025-05-19 19:47:29,953 - INFO - Date: 2016-10-25 00:00:00, Rainfall: 188.7mm
2025-05-19 19:47:29,953 - INFO - Date: 2016-12-13 00:00:00, Rainfall: 101.0mm
2025-05-19 19:47:29,954 - INFO - Date: 2016-12-30 00:00:00, Rainfall: 115.3mm
2025-05-19 19:47:29,954 - INFO - Date: 2017-01-26 00:00:00, Rainfall: 107.9mm
2025-05-19 19:47:29,954 - INFO - Date: 2017-02-17 00:00:00, Rainfall: 120.3mm
2025-05-19 19:47:29,955 - INFO - Date: 2017-12-13 00:00:00, Rainfall: 106.0mm
2025-05-19 19:47:29,955 - INFO - Date: 2017-12-20 00:00:00, Rainfall: 101.4mm
2025-05-19 19:47:29,955 - INFO - Date: 2017-12-21 00:00:00, Rainfall: 109.3mm
2025-05-19 19:47:29,956 - INFO - Date: 2017-12-22 00:00:00, Rainfall: 156.0mm
2025-05-19 19:47:29,956 - INFO - Date: 2018-01-12 00:00:00, Rainfall: 124.6mm
2025-05-19 19:47:29,956 - INFO - Date: 2018-01-13 00:00:00, Rainfall: 104.5mm
2025-05-19 19:47:29,956 - INFO - Date: 2018-02-16 00:00:00, Rainfall: 112.8mm
2025-05-19 19:47:29,957 - INFO - Date: 2018-03-14 00:00:00, Rainfall: 152.1mm
2025-05-19 19:47:29,957 - INFO - Date: 2018-12-23 00:00:00, Rainfall: 108.7mm
2025-05-19 19:47:29,957 - INFO - Date: 2018-12-28 00:00:00, Rainfall: 140.3mm
2025-05-19 19:47:29,958 - INFO - Date: 2019-04-29 00:00:00, Rainfall: 107.0mm
2025-05-19 19:47:29,958 - INFO - Date: 2020-05-22 00:00:00, Rainfall: 122.9mm
2025-05-19 19:47:29,958 - INFO - Date: 2021-01-16 00:00:00, Rainfall: 109.4mm
2025-05-19 19:47:29,958 - INFO - Date: 2021-01-19 00:00:00, Rainfall: 111.0mm
2025-05-19 19:47:29,958 - INFO - Date: 2021-01-25 00:00:00, Rainfall: 100.9mm
2025-05-19 19:47:29,959 - INFO - Date: 2021-03-10 00:00:00, Rainfall: 153.7mm
2025-05-19 19:47:29,959 - INFO - Date: 2021-04-02 00:00:00, Rainfall: 135.8mm
2025-05-19 19:47:29,959 - INFO - Date: 2021-12-06 00:00:00, Rainfall: 145.9mm
2025-05-19 19:47:29,960 - INFO - Date: 2021-12-07 00:00:00, Rainfall: 218.8mm
2025-05-19 19:47:29,960 - INFO - Date: 2022-01-01 00:00:00, Rainfall: 110.4mm
2025-05-19 19:47:29,960 - INFO - Date: 2022-01-20 00:00:00, Rainfall: 123.1mm
2025-05-19 19:47:29,961 - INFO - Date: 2022-02-21 00:00:00, Rainfall: 155.3mm
2025-05-19 19:47:29,961 - INFO - Date: 2022-05-27 00:00:00, Rainfall: 147.6mm
2025-05-19 19:47:29,961 - INFO - Date: 2022-10-07 00:00:00, Rainfall: 101.6mm
2025-05-19 19:47:29,961 - INFO - Date: 2022-12-28 00:00:00, Rainfall: 102.0mm
2025-05-19 19:47:29,962 - INFO - Date: 2023-02-02 00:00:00, Rainfall: 200.0mm
2025-05-19 19:47:29,962 - INFO - Date: 2023-02-13 00:00:00, Rainfall: 200.0mm
2025-05-19 19:47:29,962 - INFO - Date: 2023-02-14 00:00:00, Rainfall: 183.0mm
2025-05-19 19:47:30,120 - INFO - 
Final dataset size: 3657
2025-05-19 19:47:30,120 - INFO - Total rows removed: 1638
2025-05-19 19:47:30,120 - INFO - 
Rainfall Statistics After Outlier Removal:
2025-05-19 19:47:30,120 - INFO - Mean: 10.00mm
2025-05-19 19:47:30,122 - INFO - Median: 1.00mm
2025-05-19 19:47:30,122 - INFO - Std Dev: 17.62mm
2025-05-19 19:47:30,123 - INFO - Max: 100.00mm
2025-05-19 19:47:30,123 - INFO - 
Processed data shape: (3657, 11)
2025-05-19 19:47:30,123 - INFO - 
Processed data types:
2025-05-19 19:47:30,124 - INFO - Tanggal    datetime64[ns]
Tn                float64
Tx                float64
Tavg              float64
RH_avg            float64
RR                float64
ss                float64
ff_x              float64
ddd_x             float64
ff_avg            float64
ddd_car            object
dtype: object
2025-05-19 19:47:30,125 - INFO - 
Training data shape: (2925, 7)
2025-05-19 19:47:30,126 - INFO - Testing data shape: (732, 7)
2025-05-19 19:47:30,126 - INFO - Training date range: 2010-01-01T00:00:00.000000000 to 2022-03-10T00:00:00.000000000
2025-05-19 19:47:30,126 - INFO - Testing date range: 2022-03-12T00:00:00.000000000 to 2024-06-30T00:00:00.000000000
2025-05-19 19:47:41,167 - INFO - Model saved to gbm\models\gbm_model_20250519_194729.pkl
2025-05-19 19:47:41,168 - INFO - 
==================================================
2025-05-19 19:47:41,168 - INFO - MODEL PERFORMANCE METRICS
2025-05-19 19:47:41,168 - INFO - ==================================================
2025-05-19 19:47:41,168 - INFO - MAE: 6.7585
2025-05-19 19:47:41,169 - INFO - RMSE: 11.5378
2025-05-19 19:47:41,169 - INFO - R2: 0.3413
2025-05-19 19:48:28,737 - INFO - Loading and preprocessing data...
2025-05-19 19:48:28,745 - INFO - 
Initial data shape: (5295, 11)
2025-05-19 19:48:28,746 - INFO - 
First few rows:
2025-05-19 19:48:28,746 - INFO -       Tanggal    Tn    Tx  Tavg  RH_avg      RR   ss  ff_x  ddd_x  ff_avg ddd_car
0  01-01-2010  24.6  30.9  27.9    84.0     6.0  1.9   9.0  315.0     2.0      NW
1  02-01-2010  26.3  32.4  28.8    82.0  8888.0  6.4   8.0  315.0     3.0      E 
2  03-01-2010  26.6  33.4  29.3    80.0  8888.0  6.0   8.0  315.0     3.0      NW
3  04-01-2010  25.0  30.0  27.2    84.0  8888.0  0.0  12.0  315.0     3.0      E 
4  05-01-2010  25.0  28.0  25.5    90.0    39.0  0.0  14.0  315.0     3.0      E 
2025-05-19 19:48:28,792 - INFO - 
Processed data shape: (5295, 39)
2025-05-19 19:48:28,792 - INFO - 
Processed data types:
2025-05-19 19:48:28,793 - INFO - Tanggal                  datetime64[ns]
Tn                              float64
Tx                              float64
Tavg                            float64
RH_avg                          float64
RR                              float64
ss                              float64
ff_x                            float64
ddd_x                           float64
ff_avg                          float64
ddd_car                          object
Month                             int32
Day                               int32
DayOfWeek                         int32
Season                            int32
ddd_car_deg                     float64
Temp_Range                      float64
RH_Temp_Interaction             float64
RR_Rolling_Mean_3d              float64
RR_Rolling_Std_3d               float64
Temp_Rolling_Mean_3d            float64
RR_Rolling_Mean_7d              float64
RR_Rolling_Std_7d               float64
Temp_Rolling_Mean_7d            float64
RR_Rolling_Mean_14d             float64
RR_Rolling_Std_14d              float64
Temp_Rolling_Mean_14d           float64
RR_Lag_1                        float64
Temp_Lag_1                      float64
RH_Lag_1                        float64
RR_Lag_2                        float64
Temp_Lag_2                      float64
RH_Lag_2                        float64
RR_Lag_3                        float64
Temp_Lag_3                      float64
RH_Lag_3                        float64
RR_Lag_7                        float64
Temp_Lag_7                      float64
RH_Lag_7                        float64
dtype: object
2025-05-19 19:48:28,801 - INFO - 
Training data shape: (4236, 35)
2025-05-19 19:48:28,801 - INFO - Testing data shape: (1059, 35)
2025-05-19 19:48:28,802 - INFO - Training date range: 2010-01-01T00:00:00.000000000 to 2021-08-06T00:00:00.000000000
2025-05-19 19:48:28,802 - INFO - Testing date range: 2021-08-07T00:00:00.000000000 to 2024-06-30T00:00:00.000000000
2025-05-19 19:48:28,802 - INFO - Starting GridSearchCV...
2025-05-19 19:53:36,138 - INFO - Loading and preprocessing data...
2025-05-19 19:53:36,147 - INFO - 
Initial data shape: (5295, 11)
2025-05-19 19:53:36,148 - INFO - Initial dataset size: 5295
2025-05-19 19:53:36,579 - INFO - 
Outliers removed: 52 rows
2025-05-19 19:53:36,579 - INFO - Dates with extreme rainfall (>100mm):
2025-05-19 19:53:36,580 - INFO - Date: 2010-01-15 00:00:00, Rainfall: 110.0mm
2025-05-19 19:53:36,581 - INFO - Date: 2010-02-20 00:00:00, Rainfall: 180.0mm
2025-05-19 19:53:36,581 - INFO - Date: 2011-02-05 00:00:00, Rainfall: 113.0mm
2025-05-19 19:53:36,582 - INFO - Date: 2011-02-06 00:00:00, Rainfall: 122.0mm
2025-05-19 19:53:36,582 - INFO - Date: 2012-03-15 00:00:00, Rainfall: 141.0mm
2025-05-19 19:53:36,582 - INFO - Date: 2012-05-13 00:00:00, Rainfall: 125.0mm
2025-05-19 19:53:36,583 - INFO - Date: 2013-01-02 00:00:00, Rainfall: 120.8mm
2025-05-19 19:53:36,583 - INFO - Date: 2013-01-04 00:00:00, Rainfall: 103.5mm
2025-05-19 19:53:36,583 - INFO - Date: 2014-01-13 00:00:00, Rainfall: 105.2mm
2025-05-19 19:53:36,584 - INFO - Date: 2014-04-08 00:00:00, Rainfall: 137.9mm
2025-05-19 19:53:36,584 - INFO - Date: 2014-12-06 00:00:00, Rainfall: 137.4mm
2025-05-19 19:53:36,585 - INFO - Date: 2014-12-07 00:00:00, Rainfall: 105.4mm
2025-05-19 19:53:36,585 - INFO - Date: 2015-01-22 00:00:00, Rainfall: 160.3mm
2025-05-19 19:53:36,585 - INFO - Date: 2015-03-03 00:00:00, Rainfall: 127.6mm
2025-05-19 19:53:36,587 - INFO - Date: 2015-12-18 00:00:00, Rainfall: 130.7mm
2025-05-19 19:53:36,587 - INFO - Date: 2015-12-19 00:00:00, Rainfall: 112.4mm
2025-05-19 19:53:36,587 - INFO - Date: 2016-01-22 00:00:00, Rainfall: 160.3mm
2025-05-19 19:53:36,588 - INFO - Date: 2016-02-28 00:00:00, Rainfall: 103.4mm
2025-05-19 19:53:36,588 - INFO - Date: 2016-10-10 00:00:00, Rainfall: 127.4mm
2025-05-19 19:53:36,588 - INFO - Date: 2016-10-25 00:00:00, Rainfall: 188.7mm
2025-05-19 19:53:36,589 - INFO - Date: 2016-12-13 00:00:00, Rainfall: 101.0mm
2025-05-19 19:53:36,589 - INFO - Date: 2016-12-30 00:00:00, Rainfall: 115.3mm
2025-05-19 19:53:36,589 - INFO - Date: 2017-01-26 00:00:00, Rainfall: 107.9mm
2025-05-19 19:53:36,590 - INFO - Date: 2017-02-17 00:00:00, Rainfall: 120.3mm
2025-05-19 19:53:36,590 - INFO - Date: 2017-12-13 00:00:00, Rainfall: 106.0mm
2025-05-19 19:53:36,590 - INFO - Date: 2017-12-20 00:00:00, Rainfall: 101.4mm
2025-05-19 19:53:36,590 - INFO - Date: 2017-12-21 00:00:00, Rainfall: 109.3mm
2025-05-19 19:53:36,592 - INFO - Date: 2017-12-22 00:00:00, Rainfall: 156.0mm
2025-05-19 19:53:36,592 - INFO - Date: 2018-01-12 00:00:00, Rainfall: 124.6mm
2025-05-19 19:53:36,592 - INFO - Date: 2018-01-13 00:00:00, Rainfall: 104.5mm
2025-05-19 19:53:36,593 - INFO - Date: 2018-02-16 00:00:00, Rainfall: 112.8mm
2025-05-19 19:53:36,593 - INFO - Date: 2018-03-14 00:00:00, Rainfall: 152.1mm
2025-05-19 19:53:36,593 - INFO - Date: 2018-12-23 00:00:00, Rainfall: 108.7mm
2025-05-19 19:53:36,593 - INFO - Date: 2018-12-28 00:00:00, Rainfall: 140.3mm
2025-05-19 19:53:36,594 - INFO - Date: 2019-04-29 00:00:00, Rainfall: 107.0mm
2025-05-19 19:53:36,594 - INFO - Date: 2020-05-22 00:00:00, Rainfall: 122.9mm
2025-05-19 19:53:36,594 - INFO - Date: 2021-01-16 00:00:00, Rainfall: 109.4mm
2025-05-19 19:53:36,595 - INFO - Date: 2021-01-19 00:00:00, Rainfall: 111.0mm
2025-05-19 19:53:36,595 - INFO - Date: 2021-01-25 00:00:00, Rainfall: 100.9mm
2025-05-19 19:53:36,595 - INFO - Date: 2021-03-10 00:00:00, Rainfall: 153.7mm
2025-05-19 19:53:36,595 - INFO - Date: 2021-04-02 00:00:00, Rainfall: 135.8mm
2025-05-19 19:53:36,596 - INFO - Date: 2021-12-06 00:00:00, Rainfall: 145.9mm
2025-05-19 19:53:36,596 - INFO - Date: 2021-12-07 00:00:00, Rainfall: 218.8mm
2025-05-19 19:53:36,596 - INFO - Date: 2022-01-01 00:00:00, Rainfall: 110.4mm
2025-05-19 19:53:36,597 - INFO - Date: 2022-01-20 00:00:00, Rainfall: 123.1mm
2025-05-19 19:53:36,597 - INFO - Date: 2022-02-21 00:00:00, Rainfall: 155.3mm
2025-05-19 19:53:36,597 - INFO - Date: 2022-05-27 00:00:00, Rainfall: 147.6mm
2025-05-19 19:53:36,597 - INFO - Date: 2022-10-07 00:00:00, Rainfall: 101.6mm
2025-05-19 19:53:36,598 - INFO - Date: 2022-12-28 00:00:00, Rainfall: 102.0mm
2025-05-19 19:53:36,598 - INFO - Date: 2023-02-02 00:00:00, Rainfall: 200.0mm
2025-05-19 19:53:36,598 - INFO - Date: 2023-02-13 00:00:00, Rainfall: 200.0mm
2025-05-19 19:53:36,598 - INFO - Date: 2023-02-14 00:00:00, Rainfall: 183.0mm
2025-05-19 19:53:36,878 - INFO - 
Rows dropped due to NaN values: 42
2025-05-19 19:53:36,879 - INFO - 
Final dataset size: 3615
2025-05-19 19:53:36,879 - INFO - Total rows removed: 1680
2025-05-19 19:53:36,879 - INFO - 
Rainfall Statistics After Processing:
2025-05-19 19:53:36,880 - INFO - Mean: 9.97mm
2025-05-19 19:53:36,880 - INFO - Median: 1.00mm
2025-05-19 19:53:36,881 - INFO - Std Dev: 17.62mm
2025-05-19 19:53:36,881 - INFO - Max: 100.00mm
2025-05-19 19:53:36,882 - INFO - 
No NaN values remain in the dataset.
2025-05-19 19:53:36,882 - INFO - 
Final feature list (21 features):
2025-05-19 19:53:36,883 - INFO - Tn, Tx, Tavg, RH_avg, ss, ff_x, ff_avg, ddd_x, Month, Day, DayOfWeek, Season, Temp_Range, RR_Rolling_Mean_3d, Tavg_Rolling_Mean_3d, RR_Rolling_Mean_7d, Tavg_Rolling_Mean_7d, RR_Lag_1, Tavg_Lag_1, RR_Lag_3, Tavg_Lag_3
2025-05-19 19:53:36,883 - INFO - 
Processed data shape: (3615, 25)
2025-05-19 19:53:36,886 - INFO - 
Training data shape: (2892, 21)
2025-05-19 19:53:36,886 - INFO - Testing data shape: (723, 21)
2025-05-19 19:53:36,886 - INFO - Training date range: 2010-01-07T00:00:00.000000000 to 2022-03-07T00:00:00.000000000
2025-05-19 19:53:36,886 - INFO - Testing date range: 2022-03-08T00:00:00.000000000 to 2024-06-30T00:00:00.000000000
2025-05-19 19:53:36,887 - INFO - Training GradientBoostingRegressor...
2025-05-19 19:53:37,694 - INFO - 
Plotting correlations for top 15 features: RR_Rolling_Mean_3d, RR_Rolling_Mean_7d, Tx, Tavg, RH_avg, Tavg_Rolling_Mean_3d, Tavg_Lag_1, Tavg_Rolling_Mean_7d, RR_Lag_1, Temp_Range, Season, ff_x, Tn, RR_Lag_3, Tavg_Lag_3
2025-05-19 19:53:40,368 - INFO - Model saved to gbm\models\gbm_model_20250519_195336.pkl
2025-05-19 19:53:40,370 - INFO - 
==================================================
2025-05-19 19:53:40,370 - INFO - MODEL PERFORMANCE METRICS
2025-05-19 19:53:40,370 - INFO - ==================================================
2025-05-19 19:53:40,371 - INFO - MAE: 4.2084
2025-05-19 19:53:40,371 - INFO - RMSE: 7.3122
2025-05-19 19:53:40,371 - INFO - R2: 0.7395
2025-05-19 22:30:57,518 - INFO - Loading and preprocessing data...
2025-05-19 22:30:57,526 - INFO - 
Initial data shape: (5295, 11)
2025-05-19 22:30:57,527 - INFO - Initial dataset size: 5295
2025-05-19 22:30:58,475 - INFO - 
Outliers removed: 52 rows
2025-05-19 22:30:58,476 - INFO - Dates with extreme rainfall (>100mm):
2025-05-19 22:30:58,477 - INFO - Date: 2010-01-15 00:00:00, Rainfall: 110.0mm
2025-05-19 22:30:58,478 - INFO - Date: 2010-02-20 00:00:00, Rainfall: 180.0mm
2025-05-19 22:30:58,478 - INFO - Date: 2011-02-05 00:00:00, Rainfall: 113.0mm
2025-05-19 22:30:58,479 - INFO - Date: 2011-02-06 00:00:00, Rainfall: 122.0mm
2025-05-19 22:30:58,479 - INFO - Date: 2012-03-15 00:00:00, Rainfall: 141.0mm
2025-05-19 22:30:58,480 - INFO - Date: 2012-05-13 00:00:00, Rainfall: 125.0mm
2025-05-19 22:30:58,480 - INFO - Date: 2013-01-02 00:00:00, Rainfall: 120.8mm
2025-05-19 22:30:58,481 - INFO - Date: 2013-01-04 00:00:00, Rainfall: 103.5mm
2025-05-19 22:30:58,481 - INFO - Date: 2014-01-13 00:00:00, Rainfall: 105.2mm
2025-05-19 22:30:58,482 - INFO - Date: 2014-04-08 00:00:00, Rainfall: 137.9mm
2025-05-19 22:30:58,482 - INFO - Date: 2014-12-06 00:00:00, Rainfall: 137.4mm
2025-05-19 22:30:58,482 - INFO - Date: 2014-12-07 00:00:00, Rainfall: 105.4mm
2025-05-19 22:30:58,483 - INFO - Date: 2015-01-22 00:00:00, Rainfall: 160.3mm
2025-05-19 22:30:58,483 - INFO - Date: 2015-03-03 00:00:00, Rainfall: 127.6mm
2025-05-19 22:30:58,483 - INFO - Date: 2015-12-18 00:00:00, Rainfall: 130.7mm
2025-05-19 22:30:58,485 - INFO - Date: 2015-12-19 00:00:00, Rainfall: 112.4mm
2025-05-19 22:30:58,485 - INFO - Date: 2016-01-22 00:00:00, Rainfall: 160.3mm
2025-05-19 22:30:58,485 - INFO - Date: 2016-02-28 00:00:00, Rainfall: 103.4mm
2025-05-19 22:30:58,486 - INFO - Date: 2016-10-10 00:00:00, Rainfall: 127.4mm
2025-05-19 22:30:58,486 - INFO - Date: 2016-10-25 00:00:00, Rainfall: 188.7mm
2025-05-19 22:30:58,487 - INFO - Date: 2016-12-13 00:00:00, Rainfall: 101.0mm
2025-05-19 22:30:58,487 - INFO - Date: 2016-12-30 00:00:00, Rainfall: 115.3mm
2025-05-19 22:30:58,487 - INFO - Date: 2017-01-26 00:00:00, Rainfall: 107.9mm
2025-05-19 22:30:58,489 - INFO - Date: 2017-02-17 00:00:00, Rainfall: 120.3mm
2025-05-19 22:30:58,489 - INFO - Date: 2017-12-13 00:00:00, Rainfall: 106.0mm
2025-05-19 22:30:58,489 - INFO - Date: 2017-12-20 00:00:00, Rainfall: 101.4mm
2025-05-19 22:30:58,490 - INFO - Date: 2017-12-21 00:00:00, Rainfall: 109.3mm
2025-05-19 22:30:58,490 - INFO - Date: 2017-12-22 00:00:00, Rainfall: 156.0mm
2025-05-19 22:30:58,490 - INFO - Date: 2018-01-12 00:00:00, Rainfall: 124.6mm
2025-05-19 22:30:58,491 - INFO - Date: 2018-01-13 00:00:00, Rainfall: 104.5mm
2025-05-19 22:30:58,491 - INFO - Date: 2018-02-16 00:00:00, Rainfall: 112.8mm
2025-05-19 22:30:58,491 - INFO - Date: 2018-03-14 00:00:00, Rainfall: 152.1mm
2025-05-19 22:30:58,492 - INFO - Date: 2018-12-23 00:00:00, Rainfall: 108.7mm
2025-05-19 22:30:58,492 - INFO - Date: 2018-12-28 00:00:00, Rainfall: 140.3mm
2025-05-19 22:30:58,492 - INFO - Date: 2019-04-29 00:00:00, Rainfall: 107.0mm
2025-05-19 22:30:58,493 - INFO - Date: 2020-05-22 00:00:00, Rainfall: 122.9mm
2025-05-19 22:30:58,493 - INFO - Date: 2021-01-16 00:00:00, Rainfall: 109.4mm
2025-05-19 22:30:58,494 - INFO - Date: 2021-01-19 00:00:00, Rainfall: 111.0mm
2025-05-19 22:30:58,494 - INFO - Date: 2021-01-25 00:00:00, Rainfall: 100.9mm
2025-05-19 22:30:58,494 - INFO - Date: 2021-03-10 00:00:00, Rainfall: 153.7mm
2025-05-19 22:30:58,495 - INFO - Date: 2021-04-02 00:00:00, Rainfall: 135.8mm
2025-05-19 22:30:58,495 - INFO - Date: 2021-12-06 00:00:00, Rainfall: 145.9mm
2025-05-19 22:30:58,495 - INFO - Date: 2021-12-07 00:00:00, Rainfall: 218.8mm
2025-05-19 22:30:58,495 - INFO - Date: 2022-01-01 00:00:00, Rainfall: 110.4mm
2025-05-19 22:30:58,496 - INFO - Date: 2022-01-20 00:00:00, Rainfall: 123.1mm
2025-05-19 22:30:58,496 - INFO - Date: 2022-02-21 00:00:00, Rainfall: 155.3mm
2025-05-19 22:30:58,496 - INFO - Date: 2022-05-27 00:00:00, Rainfall: 147.6mm
2025-05-19 22:30:58,497 - INFO - Date: 2022-10-07 00:00:00, Rainfall: 101.6mm
2025-05-19 22:30:58,497 - INFO - Date: 2022-12-28 00:00:00, Rainfall: 102.0mm
2025-05-19 22:30:58,497 - INFO - Date: 2023-02-02 00:00:00, Rainfall: 200.0mm
2025-05-19 22:30:58,498 - INFO - Date: 2023-02-13 00:00:00, Rainfall: 200.0mm
2025-05-19 22:30:58,498 - INFO - Date: 2023-02-14 00:00:00, Rainfall: 183.0mm
2025-05-19 22:30:58,782 - INFO - 
Rows dropped due to NaN values: 42
2025-05-19 22:30:58,783 - INFO - 
Final dataset size: 3615
2025-05-19 22:30:58,783 - INFO - Total rows removed: 1680
2025-05-19 22:30:58,783 - INFO - 
Rainfall Statistics After Processing:
2025-05-19 22:30:58,783 - INFO - Mean: 9.97mm
2025-05-19 22:30:58,785 - INFO - Median: 1.00mm
2025-05-19 22:30:58,785 - INFO - Std Dev: 17.62mm
2025-05-19 22:30:58,785 - INFO - Max: 100.00mm
2025-05-19 22:30:58,787 - INFO - 
No NaN values remain in the dataset.
2025-05-19 22:30:58,787 - INFO - 
Final feature list (21 features):
2025-05-19 22:30:58,787 - INFO - Tn, Tx, Tavg, RH_avg, ss, ff_x, ff_avg, ddd_x, Month, Day, DayOfWeek, Season, Temp_Range, RR_Rolling_Mean_3d, Tavg_Rolling_Mean_3d, RR_Rolling_Mean_7d, Tavg_Rolling_Mean_7d, RR_Lag_1, Tavg_Lag_1, RR_Lag_3, Tavg_Lag_3
2025-05-19 22:30:58,787 - INFO - 
Processed data shape: (3615, 25)
2025-05-19 22:30:58,791 - INFO - 
Training data shape: (2892, 21)
2025-05-19 22:30:58,791 - INFO - Testing data shape: (723, 21)
2025-05-19 22:30:58,791 - INFO - Training date range: 2010-01-07T00:00:00.000000000 to 2022-03-07T00:00:00.000000000
2025-05-19 22:30:58,792 - INFO - Testing date range: 2022-03-08T00:00:00.000000000 to 2024-06-30T00:00:00.000000000
2025-05-19 22:30:58,792 - INFO - Training GradientBoostingRegressor...
2025-05-19 22:30:59,606 - INFO - 
Plotting correlations for top 15 features: RR_Rolling_Mean_3d, RR_Rolling_Mean_7d, Tx, Tavg, RH_avg, Tavg_Rolling_Mean_3d, Tavg_Lag_1, Tavg_Rolling_Mean_7d, RR_Lag_1, Temp_Range, Season, ff_x, Tn, RR_Lag_3, Tavg_Lag_3
2025-05-19 22:31:02,335 - INFO - Model saved to gbm\models\gbm_model_20250519_223057.pkl
2025-05-19 22:31:02,335 - INFO - 
==================================================
2025-05-19 22:31:02,335 - INFO - MODEL PERFORMANCE METRICS
2025-05-19 22:31:02,336 - INFO - ==================================================
2025-05-19 22:31:02,336 - INFO - MAE: 4.2084
2025-05-19 22:31:02,336 - INFO - RMSE: 7.3122
2025-05-19 22:31:02,336 - INFO - R2: 0.7395
2025-05-19 23:32:36,166 - INFO - Loading dataset...
2025-05-19 23:32:36,176 - INFO - Preprocessing data...
2025-05-19 23:32:36,177 - INFO - Initial dataset size: 5295
2025-05-19 23:32:36,565 - INFO - 
Outliers removed: 52 rows
2025-05-19 23:32:36,566 - INFO - Dates with extreme rainfall (>100mm):
2025-05-19 23:32:36,567 - INFO - Date: 2010-01-15 00:00:00, Rainfall: 110.0mm
2025-05-19 23:32:36,567 - INFO - Date: 2010-02-20 00:00:00, Rainfall: 180.0mm
2025-05-19 23:32:36,568 - INFO - Date: 2011-02-05 00:00:00, Rainfall: 113.0mm
2025-05-19 23:32:36,568 - INFO - Date: 2011-02-06 00:00:00, Rainfall: 122.0mm
2025-05-19 23:32:36,568 - INFO - Date: 2012-03-15 00:00:00, Rainfall: 141.0mm
2025-05-19 23:32:36,569 - INFO - Date: 2012-05-13 00:00:00, Rainfall: 125.0mm
2025-05-19 23:32:36,569 - INFO - Date: 2013-01-02 00:00:00, Rainfall: 120.8mm
2025-05-19 23:32:36,570 - INFO - Date: 2013-01-04 00:00:00, Rainfall: 103.5mm
2025-05-19 23:32:36,570 - INFO - Date: 2014-01-13 00:00:00, Rainfall: 105.2mm
2025-05-19 23:32:36,571 - INFO - Date: 2014-04-08 00:00:00, Rainfall: 137.9mm
2025-05-19 23:32:36,571 - INFO - Date: 2014-12-06 00:00:00, Rainfall: 137.4mm
2025-05-19 23:32:36,572 - INFO - Date: 2014-12-07 00:00:00, Rainfall: 105.4mm
2025-05-19 23:32:36,573 - INFO - Date: 2015-01-22 00:00:00, Rainfall: 160.3mm
2025-05-19 23:32:36,574 - INFO - Date: 2015-03-03 00:00:00, Rainfall: 127.6mm
2025-05-19 23:32:36,574 - INFO - Date: 2015-12-18 00:00:00, Rainfall: 130.7mm
2025-05-19 23:32:36,575 - INFO - Date: 2015-12-19 00:00:00, Rainfall: 112.4mm
2025-05-19 23:32:36,575 - INFO - Date: 2016-01-22 00:00:00, Rainfall: 160.3mm
2025-05-19 23:32:36,575 - INFO - Date: 2016-02-28 00:00:00, Rainfall: 103.4mm
2025-05-19 23:32:36,577 - INFO - Date: 2016-10-10 00:00:00, Rainfall: 127.4mm
2025-05-19 23:32:36,577 - INFO - Date: 2016-10-25 00:00:00, Rainfall: 188.7mm
2025-05-19 23:32:36,577 - INFO - Date: 2016-12-13 00:00:00, Rainfall: 101.0mm
2025-05-19 23:32:36,578 - INFO - Date: 2016-12-30 00:00:00, Rainfall: 115.3mm
2025-05-19 23:32:36,578 - INFO - Date: 2017-01-26 00:00:00, Rainfall: 107.9mm
2025-05-19 23:32:36,579 - INFO - Date: 2017-02-17 00:00:00, Rainfall: 120.3mm
2025-05-19 23:32:36,579 - INFO - Date: 2017-12-13 00:00:00, Rainfall: 106.0mm
2025-05-19 23:32:36,579 - INFO - Date: 2017-12-20 00:00:00, Rainfall: 101.4mm
2025-05-19 23:32:36,580 - INFO - Date: 2017-12-21 00:00:00, Rainfall: 109.3mm
2025-05-19 23:32:36,580 - INFO - Date: 2017-12-22 00:00:00, Rainfall: 156.0mm
2025-05-19 23:32:36,581 - INFO - Date: 2018-01-12 00:00:00, Rainfall: 124.6mm
2025-05-19 23:32:36,581 - INFO - Date: 2018-01-13 00:00:00, Rainfall: 104.5mm
2025-05-19 23:32:36,581 - INFO - Date: 2018-02-16 00:00:00, Rainfall: 112.8mm
2025-05-19 23:32:36,582 - INFO - Date: 2018-03-14 00:00:00, Rainfall: 152.1mm
2025-05-19 23:32:36,582 - INFO - Date: 2018-12-23 00:00:00, Rainfall: 108.7mm
2025-05-19 23:32:36,582 - INFO - Date: 2018-12-28 00:00:00, Rainfall: 140.3mm
2025-05-19 23:32:36,583 - INFO - Date: 2019-04-29 00:00:00, Rainfall: 107.0mm
2025-05-19 23:32:36,583 - INFO - Date: 2020-05-22 00:00:00, Rainfall: 122.9mm
2025-05-19 23:32:36,583 - INFO - Date: 2021-01-16 00:00:00, Rainfall: 109.4mm
2025-05-19 23:32:36,583 - INFO - Date: 2021-01-19 00:00:00, Rainfall: 111.0mm
2025-05-19 23:32:36,584 - INFO - Date: 2021-01-25 00:00:00, Rainfall: 100.9mm
2025-05-19 23:32:36,584 - INFO - Date: 2021-03-10 00:00:00, Rainfall: 153.7mm
2025-05-19 23:32:36,584 - INFO - Date: 2021-04-02 00:00:00, Rainfall: 135.8mm
2025-05-19 23:32:36,585 - INFO - Date: 2021-12-06 00:00:00, Rainfall: 145.9mm
2025-05-19 23:32:36,585 - INFO - Date: 2021-12-07 00:00:00, Rainfall: 218.8mm
2025-05-19 23:32:36,585 - INFO - Date: 2022-01-01 00:00:00, Rainfall: 110.4mm
2025-05-19 23:32:36,586 - INFO - Date: 2022-01-20 00:00:00, Rainfall: 123.1mm
2025-05-19 23:32:36,586 - INFO - Date: 2022-02-21 00:00:00, Rainfall: 155.3mm
2025-05-19 23:32:36,586 - INFO - Date: 2022-05-27 00:00:00, Rainfall: 147.6mm
2025-05-19 23:32:36,587 - INFO - Date: 2022-10-07 00:00:00, Rainfall: 101.6mm
2025-05-19 23:32:36,587 - INFO - Date: 2022-12-28 00:00:00, Rainfall: 102.0mm
2025-05-19 23:32:36,588 - INFO - Date: 2023-02-02 00:00:00, Rainfall: 200.0mm
2025-05-19 23:32:36,588 - INFO - Date: 2023-02-13 00:00:00, Rainfall: 200.0mm
2025-05-19 23:32:36,588 - INFO - Date: 2023-02-14 00:00:00, Rainfall: 183.0mm
2025-05-19 23:32:36,871 - INFO - 
Rows dropped due to NaN values: 42
2025-05-19 23:32:36,872 - INFO - 
Final dataset size: 3615
2025-05-19 23:32:36,873 - INFO - Total rows removed: 1680
2025-05-19 23:32:36,873 - INFO - 
Rainfall Statistics After Processing:
2025-05-19 23:32:36,873 - INFO - Mean: 9.97mm
2025-05-19 23:32:36,873 - INFO - Median: 1.00mm
2025-05-19 23:32:36,874 - INFO - Std Dev: 17.62mm
2025-05-19 23:32:36,874 - INFO - Max: 100.00mm
2025-05-19 23:32:36,876 - INFO - 
No NaN values remain in the dataset.
2025-05-19 23:32:36,876 - INFO - 
Final feature list (21 features):
2025-05-19 23:32:36,876 - INFO - Tn, Tx, Tavg, RH_avg, ss, ff_x, ff_avg, ddd_x, Month, Day, DayOfWeek, Season, Temp_Range, RR_Rolling_Mean_3d, Tavg_Rolling_Mean_3d, RR_Rolling_Mean_7d, Tavg_Rolling_Mean_7d, RR_Lag_1, Tavg_Lag_1, RR_Lag_3, Tavg_Lag_3
2025-05-19 23:32:36,879 - INFO - 
Plotting correlations for top 15 features: RR_Rolling_Mean_3d, RR_Rolling_Mean_7d, Tx, Tavg, RH_avg, Tavg_Rolling_Mean_3d, Tavg_Lag_1, Tavg_Rolling_Mean_7d, RR_Lag_1, Temp_Range, Season, ff_x, Tn, RR_Lag_3, Tavg_Lag_3
2025-05-19 23:32:39,080 - INFO - Training and evaluating model...
2025-05-19 23:32:39,081 - INFO - 
Feature matrix shape: (3615, 21)
2025-05-19 23:32:39,086 - INFO - 
Training Gradient Boosting model...
2025-05-19 23:32:41,101 - INFO - Making predictions...
2025-05-19 23:32:41,105 - INFO - 
Model evaluation metrics:
2025-05-19 23:32:41,105 - INFO - Mean Squared Error (MSE): 56.3111
2025-05-19 23:32:41,105 - INFO - Root Mean Squared Error (RMSE): 7.5041
2025-05-19 23:32:41,105 - INFO - Mean Absolute Error (MAE): 4.1094
2025-05-19 23:32:41,106 - INFO - R-squared (R²): 0.7256
2025-05-19 23:32:41,320 - INFO - Computing permutation importance (this may take a while)...
2025-05-19 23:32:44,158 - INFO - 
Feature Importance (top 10):
2025-05-19 23:32:44,158 - INFO - RR_Rolling_Mean_3d: 1.5667
2025-05-19 23:32:44,158 - INFO - RR_Lag_1: 0.2576
2025-05-19 23:32:44,158 - INFO - Tavg_Rolling_Mean_3d: 0.1526
2025-05-19 23:32:44,158 - INFO - Tavg_Lag_1: 0.0786
2025-05-19 23:32:44,159 - INFO - Tn: 0.0647
2025-05-19 23:32:44,159 - INFO - Tavg_Lag_3: 0.0544
2025-05-19 23:32:44,159 - INFO - Tavg: 0.0538
2025-05-19 23:32:44,159 - INFO - Tx: 0.0488
2025-05-19 23:32:44,159 - INFO - RH_avg: 0.0408
2025-05-19 23:32:44,160 - INFO - Tavg_Rolling_Mean_7d: 0.0233
2025-05-19 23:32:44,380 - INFO - 
Preparing multi-day forecasting dataset...
2025-05-19 23:32:44,390 - INFO - 
Training multi-day forecasting models...
2025-05-19 23:32:44,391 - INFO - 
--- Training model for 1-day ahead prediction ---
2025-05-19 23:32:46,387 - INFO - MSE: 153.1441
2025-05-19 23:32:46,388 - INFO - RMSE: 12.3751
2025-05-19 23:32:46,388 - INFO - MAE: 7.6016
2025-05-19 23:32:46,388 - INFO - R²: 0.2538
2025-05-19 23:32:46,390 - INFO - 
--- Training model for 2-day ahead prediction ---
2025-05-19 23:32:48,446 - INFO - MSE: 188.7314
2025-05-19 23:32:48,446 - INFO - RMSE: 13.7380
2025-05-19 23:32:48,446 - INFO - MAE: 8.8927
2025-05-19 23:32:48,446 - INFO - R²: 0.0804
2025-05-19 23:32:48,449 - INFO - 
--- Training model for 3-day ahead prediction ---
2025-05-19 23:32:50,542 - INFO - MSE: 180.4233
2025-05-19 23:32:50,542 - INFO - RMSE: 13.4322
2025-05-19 23:32:50,542 - INFO - MAE: 8.7367
2025-05-19 23:32:50,543 - INFO - R²: 0.1209
2025-05-19 23:32:50,544 - INFO - 
--- Training model for 4-day ahead prediction ---
2025-05-19 23:32:52,604 - INFO - MSE: 193.2886
2025-05-19 23:32:52,604 - INFO - RMSE: 13.9028
2025-05-19 23:32:52,605 - INFO - MAE: 9.1083
2025-05-19 23:32:52,605 - INFO - R²: 0.0582
2025-05-19 23:32:52,608 - INFO - 
--- Training model for 5-day ahead prediction ---
2025-05-19 23:32:54,759 - INFO - MSE: 200.9402
2025-05-19 23:32:54,760 - INFO - RMSE: 14.1753
2025-05-19 23:32:54,760 - INFO - MAE: 9.1376
2025-05-19 23:32:54,760 - INFO - R²: 0.0168
2025-05-19 23:32:56,220 - INFO - Saved model for 1-day ahead prediction
2025-05-19 23:32:56,228 - INFO - Saved model for 2-day ahead prediction
2025-05-19 23:32:56,237 - INFO - Saved model for 3-day ahead prediction
2025-05-19 23:32:56,246 - INFO - Saved model for 4-day ahead prediction
2025-05-19 23:32:56,254 - INFO - Saved model for 5-day ahead prediction
2025-05-19 23:32:56,258 - INFO - 
Model saved to gbm\models\gbm_model.pkl
2025-05-19 23:32:56,259 - INFO - Scaler saved to gbm\models\scaler.pkl
2025-05-19 23:32:56,259 - INFO - Feature list saved to gbm\models\feature_columns.pkl
2025-05-19 23:32:56,259 - INFO - Process completed successfully.
2025-05-19 23:35:50,508 - INFO - Loading dataset...
2025-05-19 23:35:50,517 - INFO - Preprocessing data...
2025-05-19 23:35:50,517 - INFO - Initial dataset size: 5295
2025-05-19 23:35:50,907 - INFO - 
Outliers removed: 52 rows
2025-05-19 23:35:50,908 - INFO - Dates with extreme rainfall (>100mm):
2025-05-19 23:35:50,909 - INFO - Date: 2010-01-15 00:00:00, Rainfall: 110.0mm
2025-05-19 23:35:50,909 - INFO - Date: 2010-02-20 00:00:00, Rainfall: 180.0mm
2025-05-19 23:35:50,910 - INFO - Date: 2011-02-05 00:00:00, Rainfall: 113.0mm
2025-05-19 23:35:50,910 - INFO - Date: 2011-02-06 00:00:00, Rainfall: 122.0mm
2025-05-19 23:35:50,911 - INFO - Date: 2012-03-15 00:00:00, Rainfall: 141.0mm
2025-05-19 23:35:50,911 - INFO - Date: 2012-05-13 00:00:00, Rainfall: 125.0mm
2025-05-19 23:35:50,912 - INFO - Date: 2013-01-02 00:00:00, Rainfall: 120.8mm
2025-05-19 23:35:50,912 - INFO - Date: 2013-01-04 00:00:00, Rainfall: 103.5mm
2025-05-19 23:35:50,913 - INFO - Date: 2014-01-13 00:00:00, Rainfall: 105.2mm
2025-05-19 23:35:50,914 - INFO - Date: 2014-04-08 00:00:00, Rainfall: 137.9mm
2025-05-19 23:35:50,914 - INFO - Date: 2014-12-06 00:00:00, Rainfall: 137.4mm
2025-05-19 23:35:50,915 - INFO - Date: 2014-12-07 00:00:00, Rainfall: 105.4mm
2025-05-19 23:35:50,916 - INFO - Date: 2015-01-22 00:00:00, Rainfall: 160.3mm
2025-05-19 23:35:50,916 - INFO - Date: 2015-03-03 00:00:00, Rainfall: 127.6mm
2025-05-19 23:35:50,916 - INFO - Date: 2015-12-18 00:00:00, Rainfall: 130.7mm
2025-05-19 23:35:50,917 - INFO - Date: 2015-12-19 00:00:00, Rainfall: 112.4mm
2025-05-19 23:35:50,917 - INFO - Date: 2016-01-22 00:00:00, Rainfall: 160.3mm
2025-05-19 23:35:50,917 - INFO - Date: 2016-02-28 00:00:00, Rainfall: 103.4mm
2025-05-19 23:35:50,917 - INFO - Date: 2016-10-10 00:00:00, Rainfall: 127.4mm
2025-05-19 23:35:50,919 - INFO - Date: 2016-10-25 00:00:00, Rainfall: 188.7mm
2025-05-19 23:35:50,919 - INFO - Date: 2016-12-13 00:00:00, Rainfall: 101.0mm
2025-05-19 23:35:50,920 - INFO - Date: 2016-12-30 00:00:00, Rainfall: 115.3mm
2025-05-19 23:35:50,920 - INFO - Date: 2017-01-26 00:00:00, Rainfall: 107.9mm
2025-05-19 23:35:50,920 - INFO - Date: 2017-02-17 00:00:00, Rainfall: 120.3mm
2025-05-19 23:35:50,921 - INFO - Date: 2017-12-13 00:00:00, Rainfall: 106.0mm
2025-05-19 23:35:50,921 - INFO - Date: 2017-12-20 00:00:00, Rainfall: 101.4mm
2025-05-19 23:35:50,921 - INFO - Date: 2017-12-21 00:00:00, Rainfall: 109.3mm
2025-05-19 23:35:50,922 - INFO - Date: 2017-12-22 00:00:00, Rainfall: 156.0mm
2025-05-19 23:35:50,922 - INFO - Date: 2018-01-12 00:00:00, Rainfall: 124.6mm
2025-05-19 23:35:50,922 - INFO - Date: 2018-01-13 00:00:00, Rainfall: 104.5mm
2025-05-19 23:35:50,923 - INFO - Date: 2018-02-16 00:00:00, Rainfall: 112.8mm
2025-05-19 23:35:50,923 - INFO - Date: 2018-03-14 00:00:00, Rainfall: 152.1mm
2025-05-19 23:35:50,923 - INFO - Date: 2018-12-23 00:00:00, Rainfall: 108.7mm
2025-05-19 23:35:50,924 - INFO - Date: 2018-12-28 00:00:00, Rainfall: 140.3mm
2025-05-19 23:35:50,924 - INFO - Date: 2019-04-29 00:00:00, Rainfall: 107.0mm
2025-05-19 23:35:50,924 - INFO - Date: 2020-05-22 00:00:00, Rainfall: 122.9mm
2025-05-19 23:35:50,925 - INFO - Date: 2021-01-16 00:00:00, Rainfall: 109.4mm
2025-05-19 23:35:50,925 - INFO - Date: 2021-01-19 00:00:00, Rainfall: 111.0mm
2025-05-19 23:35:50,925 - INFO - Date: 2021-01-25 00:00:00, Rainfall: 100.9mm
2025-05-19 23:35:50,927 - INFO - Date: 2021-03-10 00:00:00, Rainfall: 153.7mm
2025-05-19 23:35:50,927 - INFO - Date: 2021-04-02 00:00:00, Rainfall: 135.8mm
2025-05-19 23:35:50,927 - INFO - Date: 2021-12-06 00:00:00, Rainfall: 145.9mm
2025-05-19 23:35:50,928 - INFO - Date: 2021-12-07 00:00:00, Rainfall: 218.8mm
2025-05-19 23:35:50,928 - INFO - Date: 2022-01-01 00:00:00, Rainfall: 110.4mm
2025-05-19 23:35:50,929 - INFO - Date: 2022-01-20 00:00:00, Rainfall: 123.1mm
2025-05-19 23:35:50,929 - INFO - Date: 2022-02-21 00:00:00, Rainfall: 155.3mm
2025-05-19 23:35:50,929 - INFO - Date: 2022-05-27 00:00:00, Rainfall: 147.6mm
2025-05-19 23:35:50,929 - INFO - Date: 2022-10-07 00:00:00, Rainfall: 101.6mm
2025-05-19 23:35:50,930 - INFO - Date: 2022-12-28 00:00:00, Rainfall: 102.0mm
2025-05-19 23:35:50,930 - INFO - Date: 2023-02-02 00:00:00, Rainfall: 200.0mm
2025-05-19 23:35:50,931 - INFO - Date: 2023-02-13 00:00:00, Rainfall: 200.0mm
2025-05-19 23:35:50,931 - INFO - Date: 2023-02-14 00:00:00, Rainfall: 183.0mm
2025-05-19 23:35:51,764 - INFO - 
Rows dropped due to NaN values: 42
2025-05-19 23:35:51,765 - INFO - 
Final dataset size: 3615
2025-05-19 23:35:51,767 - INFO - Total rows removed: 1680
2025-05-19 23:35:51,767 - INFO - 
Rainfall Statistics After Processing:
2025-05-19 23:35:51,767 - INFO - Mean: 9.97mm
2025-05-19 23:35:51,768 - INFO - Median: 1.00mm
2025-05-19 23:35:51,768 - INFO - Std Dev: 17.62mm
2025-05-19 23:35:51,768 - INFO - Max: 100.00mm
2025-05-19 23:35:51,770 - INFO - 
No NaN values remain in the dataset.
2025-05-19 23:35:51,770 - INFO - 
Final feature list (21 features):
2025-05-19 23:35:51,771 - INFO - Tn, Tx, Tavg, RH_avg, ss, ff_x, ff_avg, ddd_x, Month, Day, DayOfWeek, Season, Temp_Range, RR_Rolling_Mean_3d, Tavg_Rolling_Mean_3d, RR_Rolling_Mean_7d, Tavg_Rolling_Mean_7d, RR_Lag_1, Tavg_Lag_1, RR_Lag_3, Tavg_Lag_3
2025-05-19 23:35:51,774 - INFO - 
Plotting correlations for top 15 features: RR_Rolling_Mean_3d, RR_Rolling_Mean_7d, Tx, Tavg, RH_avg, Tavg_Rolling_Mean_3d, Tavg_Lag_1, Tavg_Rolling_Mean_7d, RR_Lag_1, Temp_Range, Season, ff_x, Tn, RR_Lag_3, Tavg_Lag_3
2025-05-19 23:35:53,998 - INFO - Training and evaluating model...
2025-05-19 23:35:53,999 - INFO - 
Feature matrix shape: (3615, 21)
2025-05-19 23:35:54,004 - INFO - 
Training Gradient Boosting model...
2025-05-19 23:35:55,993 - INFO - Making predictions...
2025-05-19 23:35:55,997 - INFO - 
Model evaluation metrics:
2025-05-19 23:35:55,997 - INFO - Mean Squared Error (MSE): 56.3111
2025-05-19 23:35:55,998 - INFO - Root Mean Squared Error (RMSE): 7.5041
2025-05-19 23:35:55,998 - INFO - Mean Absolute Error (MAE): 4.1094
2025-05-19 23:35:55,999 - INFO - R-squared (R²): 0.7256
2025-05-19 23:35:56,196 - INFO - Computing permutation importance (this may take a while)...
2025-05-19 23:35:58,927 - INFO - 
Feature Importance (top 10):
2025-05-19 23:35:58,928 - INFO - RR_Rolling_Mean_3d: 1.5667
2025-05-19 23:35:58,928 - INFO - RR_Lag_1: 0.2576
2025-05-19 23:35:58,929 - INFO - Tavg_Rolling_Mean_3d: 0.1526
2025-05-19 23:35:58,929 - INFO - Tavg_Lag_1: 0.0786
2025-05-19 23:35:58,929 - INFO - Tn: 0.0647
2025-05-19 23:35:58,929 - INFO - Tavg_Lag_3: 0.0544
2025-05-19 23:35:58,929 - INFO - Tavg: 0.0538
2025-05-19 23:35:58,930 - INFO - Tx: 0.0488
2025-05-19 23:35:58,930 - INFO - RH_avg: 0.0408
2025-05-19 23:35:58,930 - INFO - Tavg_Rolling_Mean_7d: 0.0233
2025-05-19 23:35:59,134 - INFO - 
Preparing multi-day forecasting dataset...
2025-05-19 23:35:59,142 - INFO - 
Training multi-day forecasting models...
2025-05-19 23:35:59,143 - INFO - 
--- Training model for 1-day ahead prediction ---
2025-05-19 23:36:01,121 - INFO - MSE: 153.1441
2025-05-19 23:36:01,122 - INFO - RMSE: 12.3751
2025-05-19 23:36:01,122 - INFO - MAE: 7.6016
2025-05-19 23:36:01,122 - INFO - R²: 0.2538
2025-05-19 23:36:01,124 - INFO - 
--- Training model for 2-day ahead prediction ---
2025-05-19 23:36:03,144 - INFO - MSE: 188.7314
2025-05-19 23:36:03,144 - INFO - RMSE: 13.7380
2025-05-19 23:36:03,145 - INFO - MAE: 8.8927
2025-05-19 23:36:03,145 - INFO - R²: 0.0804
2025-05-19 23:36:03,147 - INFO - 
--- Training model for 3-day ahead prediction ---
2025-05-19 23:36:05,207 - INFO - MSE: 180.4233
2025-05-19 23:36:05,207 - INFO - RMSE: 13.4322
2025-05-19 23:36:05,207 - INFO - MAE: 8.7367
2025-05-19 23:36:05,207 - INFO - R²: 0.1209
2025-05-19 23:36:05,209 - INFO - 
--- Training model for 4-day ahead prediction ---
2025-05-19 23:36:07,247 - INFO - MSE: 193.2886
2025-05-19 23:36:07,248 - INFO - RMSE: 13.9028
2025-05-19 23:36:07,248 - INFO - MAE: 9.1083
2025-05-19 23:36:07,248 - INFO - R²: 0.0582
2025-05-19 23:36:07,250 - INFO - 
--- Training model for 5-day ahead prediction ---
2025-05-19 23:36:09,384 - INFO - MSE: 200.9402
2025-05-19 23:36:09,385 - INFO - RMSE: 14.1753
2025-05-19 23:36:09,385 - INFO - MAE: 9.1376
2025-05-19 23:36:09,385 - INFO - R²: 0.0168
2025-05-19 23:36:11,096 - INFO - Saved model for 1-day ahead prediction
2025-05-19 23:36:11,104 - INFO - Saved model for 2-day ahead prediction
2025-05-19 23:36:11,112 - INFO - Saved model for 3-day ahead prediction
2025-05-19 23:36:11,120 - INFO - Saved model for 4-day ahead prediction
2025-05-19 23:36:11,128 - INFO - Saved model for 5-day ahead prediction
2025-05-19 23:36:11,133 - INFO - 
Model saved to gbm\models\gbm_model.pkl
2025-05-19 23:36:11,133 - INFO - Scaler saved to gbm\models\scaler.pkl
2025-05-19 23:36:11,133 - INFO - Feature list saved to gbm\models\feature_columns.pkl
2025-05-19 23:36:11,134 - INFO - Process completed successfully.
2025-05-19 23:40:22,160 - INFO - Loading dataset...
2025-05-19 23:40:22,168 - INFO - Preprocessing data...
2025-05-19 23:40:22,168 - INFO - Initial dataset size: 5295
2025-05-19 23:40:22,560 - INFO - 
Outliers removed: 52 rows
2025-05-19 23:40:22,561 - INFO - Dates with extreme rainfall (>100mm):
2025-05-19 23:40:22,561 - INFO - Date: 2010-01-15 00:00:00, Rainfall: 110.0mm
2025-05-19 23:40:22,562 - INFO - Date: 2010-02-20 00:00:00, Rainfall: 180.0mm
2025-05-19 23:40:22,562 - INFO - Date: 2011-02-05 00:00:00, Rainfall: 113.0mm
2025-05-19 23:40:22,564 - INFO - Date: 2011-02-06 00:00:00, Rainfall: 122.0mm
2025-05-19 23:40:22,564 - INFO - Date: 2012-03-15 00:00:00, Rainfall: 141.0mm
2025-05-19 23:40:22,564 - INFO - Date: 2012-05-13 00:00:00, Rainfall: 125.0mm
2025-05-19 23:40:22,565 - INFO - Date: 2013-01-02 00:00:00, Rainfall: 120.8mm
2025-05-19 23:40:22,565 - INFO - Date: 2013-01-04 00:00:00, Rainfall: 103.5mm
2025-05-19 23:40:22,566 - INFO - Date: 2014-01-13 00:00:00, Rainfall: 105.2mm
2025-05-19 23:40:22,566 - INFO - Date: 2014-04-08 00:00:00, Rainfall: 137.9mm
2025-05-19 23:40:22,567 - INFO - Date: 2014-12-06 00:00:00, Rainfall: 137.4mm
2025-05-19 23:40:22,567 - INFO - Date: 2014-12-07 00:00:00, Rainfall: 105.4mm
2025-05-19 23:40:22,568 - INFO - Date: 2015-01-22 00:00:00, Rainfall: 160.3mm
2025-05-19 23:40:22,568 - INFO - Date: 2015-03-03 00:00:00, Rainfall: 127.6mm
2025-05-19 23:40:22,569 - INFO - Date: 2015-12-18 00:00:00, Rainfall: 130.7mm
2025-05-19 23:40:22,569 - INFO - Date: 2015-12-19 00:00:00, Rainfall: 112.4mm
2025-05-19 23:40:22,571 - INFO - Date: 2016-01-22 00:00:00, Rainfall: 160.3mm
2025-05-19 23:40:22,571 - INFO - Date: 2016-02-28 00:00:00, Rainfall: 103.4mm
2025-05-19 23:40:22,572 - INFO - Date: 2016-10-10 00:00:00, Rainfall: 127.4mm
2025-05-19 23:40:22,572 - INFO - Date: 2016-10-25 00:00:00, Rainfall: 188.7mm
2025-05-19 23:40:22,572 - INFO - Date: 2016-12-13 00:00:00, Rainfall: 101.0mm
2025-05-19 23:40:22,573 - INFO - Date: 2016-12-30 00:00:00, Rainfall: 115.3mm
2025-05-19 23:40:22,573 - INFO - Date: 2017-01-26 00:00:00, Rainfall: 107.9mm
2025-05-19 23:40:22,573 - INFO - Date: 2017-02-17 00:00:00, Rainfall: 120.3mm
2025-05-19 23:40:22,574 - INFO - Date: 2017-12-13 00:00:00, Rainfall: 106.0mm
2025-05-19 23:40:22,574 - INFO - Date: 2017-12-20 00:00:00, Rainfall: 101.4mm
2025-05-19 23:40:22,574 - INFO - Date: 2017-12-21 00:00:00, Rainfall: 109.3mm
2025-05-19 23:40:22,576 - INFO - Date: 2017-12-22 00:00:00, Rainfall: 156.0mm
2025-05-19 23:40:22,576 - INFO - Date: 2018-01-12 00:00:00, Rainfall: 124.6mm
2025-05-19 23:40:22,577 - INFO - Date: 2018-01-13 00:00:00, Rainfall: 104.5mm
2025-05-19 23:40:22,577 - INFO - Date: 2018-02-16 00:00:00, Rainfall: 112.8mm
2025-05-19 23:40:22,577 - INFO - Date: 2018-03-14 00:00:00, Rainfall: 152.1mm
2025-05-19 23:40:22,578 - INFO - Date: 2018-12-23 00:00:00, Rainfall: 108.7mm
2025-05-19 23:40:22,578 - INFO - Date: 2018-12-28 00:00:00, Rainfall: 140.3mm
2025-05-19 23:40:22,578 - INFO - Date: 2019-04-29 00:00:00, Rainfall: 107.0mm
2025-05-19 23:40:22,579 - INFO - Date: 2020-05-22 00:00:00, Rainfall: 122.9mm
2025-05-19 23:40:22,579 - INFO - Date: 2021-01-16 00:00:00, Rainfall: 109.4mm
2025-05-19 23:40:22,580 - INFO - Date: 2021-01-19 00:00:00, Rainfall: 111.0mm
2025-05-19 23:40:22,580 - INFO - Date: 2021-01-25 00:00:00, Rainfall: 100.9mm
2025-05-19 23:40:22,580 - INFO - Date: 2021-03-10 00:00:00, Rainfall: 153.7mm
2025-05-19 23:40:22,581 - INFO - Date: 2021-04-02 00:00:00, Rainfall: 135.8mm
2025-05-19 23:40:22,581 - INFO - Date: 2021-12-06 00:00:00, Rainfall: 145.9mm
2025-05-19 23:40:22,581 - INFO - Date: 2021-12-07 00:00:00, Rainfall: 218.8mm
2025-05-19 23:40:22,582 - INFO - Date: 2022-01-01 00:00:00, Rainfall: 110.4mm
2025-05-19 23:40:22,582 - INFO - Date: 2022-01-20 00:00:00, Rainfall: 123.1mm
2025-05-19 23:40:22,582 - INFO - Date: 2022-02-21 00:00:00, Rainfall: 155.3mm
2025-05-19 23:40:22,583 - INFO - Date: 2022-05-27 00:00:00, Rainfall: 147.6mm
2025-05-19 23:40:22,583 - INFO - Date: 2022-10-07 00:00:00, Rainfall: 101.6mm
2025-05-19 23:40:22,583 - INFO - Date: 2022-12-28 00:00:00, Rainfall: 102.0mm
2025-05-19 23:40:22,583 - INFO - Date: 2023-02-02 00:00:00, Rainfall: 200.0mm
2025-05-19 23:40:22,584 - INFO - Date: 2023-02-13 00:00:00, Rainfall: 200.0mm
2025-05-19 23:40:22,584 - INFO - Date: 2023-02-14 00:00:00, Rainfall: 183.0mm
2025-05-19 23:40:22,886 - INFO - 
Rows dropped due to NaN values: 42
2025-05-19 23:40:22,887 - INFO - 
Final dataset size: 3615
2025-05-19 23:40:22,887 - INFO - Total rows removed: 1680
2025-05-19 23:40:22,888 - INFO - 
Rainfall Statistics After Processing:
2025-05-19 23:40:22,888 - INFO - Mean: 9.97mm
2025-05-19 23:40:22,888 - INFO - Median: 1.00mm
2025-05-19 23:40:22,889 - INFO - Std Dev: 17.62mm
2025-05-19 23:40:22,889 - INFO - Max: 100.00mm
2025-05-19 23:40:22,891 - INFO - 
No NaN values remain in the dataset.
2025-05-19 23:40:22,891 - INFO - 
Final feature list (21 features):
2025-05-19 23:40:22,891 - INFO - Tn, Tx, Tavg, RH_avg, ss, ff_x, ff_avg, ddd_x, Month, Day, DayOfWeek, Season, Temp_Range, RR_Rolling_Mean_3d, Tavg_Rolling_Mean_3d, RR_Rolling_Mean_7d, Tavg_Rolling_Mean_7d, RR_Lag_1, Tavg_Lag_1, RR_Lag_3, Tavg_Lag_3
2025-05-19 23:40:22,894 - INFO - 
Plotting correlations for top 15 features: RR_Rolling_Mean_3d, RR_Rolling_Mean_7d, Tx, Tavg, RH_avg, Tavg_Rolling_Mean_3d, Tavg_Lag_1, Tavg_Rolling_Mean_7d, RR_Lag_1, Temp_Range, Season, ff_x, Tn, RR_Lag_3, Tavg_Lag_3
2025-05-19 23:40:25,177 - INFO - Training and evaluating model...
2025-05-19 23:40:25,178 - INFO - 
Feature matrix shape: (3615, 21)
2025-05-19 23:40:25,182 - INFO - 
Training Gradient Boosting model...
2025-05-19 23:40:27,198 - INFO - Making predictions...
2025-05-19 23:40:27,201 - INFO - 
Model evaluation metrics:
2025-05-19 23:40:27,202 - INFO - Mean Squared Error (MSE): 56.3111
2025-05-19 23:40:27,202 - INFO - Root Mean Squared Error (RMSE): 7.5041
2025-05-19 23:40:27,203 - INFO - Mean Absolute Error (MAE): 4.1094
2025-05-19 23:40:27,203 - INFO - R-squared (R²): 0.7256
2025-05-19 23:40:27,412 - INFO - Computing permutation importance (this may take a while)...
2025-05-19 23:40:30,084 - INFO - 
Feature Importance (top 10):
2025-05-19 23:40:30,086 - INFO - RR_Rolling_Mean_3d: 1.5667
2025-05-19 23:40:30,086 - INFO - RR_Lag_1: 0.2576
2025-05-19 23:40:30,086 - INFO - Tavg_Rolling_Mean_3d: 0.1526
2025-05-19 23:40:30,086 - INFO - Tavg_Lag_1: 0.0786
2025-05-19 23:40:30,087 - INFO - Tn: 0.0647
2025-05-19 23:40:30,087 - INFO - Tavg_Lag_3: 0.0544
2025-05-19 23:40:30,087 - INFO - Tavg: 0.0538
2025-05-19 23:40:30,087 - INFO - Tx: 0.0488
2025-05-19 23:40:30,087 - INFO - RH_avg: 0.0408
2025-05-19 23:40:30,088 - INFO - Tavg_Rolling_Mean_7d: 0.0233
2025-05-19 23:40:30,298 - INFO - 
Preparing multi-day forecasting dataset...
2025-05-19 23:40:30,307 - INFO - 
Training multi-day forecasting models...
2025-05-19 23:40:30,308 - INFO - 
--- Training model for 0-day ahead prediction ---
2025-05-19 23:40:32,323 - INFO - MSE: 56.3111
2025-05-19 23:40:32,323 - INFO - RMSE: 7.5041
2025-05-19 23:40:32,324 - INFO - MAE: 4.1094
2025-05-19 23:40:32,324 - INFO - R²: 0.7256
2025-05-19 23:40:32,326 - INFO - 
--- Training model for 1-day ahead prediction ---
2025-05-19 23:40:34,358 - INFO - MSE: 153.1441
2025-05-19 23:40:34,358 - INFO - RMSE: 12.3751
2025-05-19 23:40:34,358 - INFO - MAE: 7.6016
2025-05-19 23:40:34,359 - INFO - R²: 0.2538
2025-05-19 23:40:34,361 - INFO - 
--- Training model for 2-day ahead prediction ---
2025-05-19 23:40:36,480 - INFO - MSE: 188.7314
2025-05-19 23:40:36,480 - INFO - RMSE: 13.7380
2025-05-19 23:40:36,480 - INFO - MAE: 8.8927
2025-05-19 23:40:36,481 - INFO - R²: 0.0804
2025-05-19 23:40:36,482 - INFO - 
--- Training model for 3-day ahead prediction ---
2025-05-19 23:40:38,592 - INFO - MSE: 180.4233
2025-05-19 23:40:38,592 - INFO - RMSE: 13.4322
2025-05-19 23:40:38,593 - INFO - MAE: 8.7367
2025-05-19 23:40:38,593 - INFO - R²: 0.1209
2025-05-19 23:40:38,594 - INFO - 
--- Training model for 4-day ahead prediction ---
2025-05-19 23:40:40,734 - INFO - MSE: 193.2886
2025-05-19 23:40:40,734 - INFO - RMSE: 13.9028
2025-05-19 23:40:40,734 - INFO - MAE: 9.1083
2025-05-19 23:40:40,735 - INFO - R²: 0.0582
2025-05-19 23:40:40,738 - INFO - 
--- Training model for 5-day ahead prediction ---
2025-05-19 23:40:42,859 - INFO - MSE: 200.9402
2025-05-19 23:40:42,859 - INFO - RMSE: 14.1753
2025-05-19 23:40:42,859 - INFO - MAE: 9.1376
2025-05-19 23:40:42,860 - INFO - R²: 0.0168
2025-05-19 23:40:44,740 - INFO - Saved model for 0-day ahead prediction
2025-05-19 23:40:44,750 - INFO - Saved model for 1-day ahead prediction
2025-05-19 23:40:44,759 - INFO - Saved model for 2-day ahead prediction
2025-05-19 23:40:44,768 - INFO - Saved model for 3-day ahead prediction
2025-05-19 23:40:44,778 - INFO - Saved model for 4-day ahead prediction
2025-05-19 23:40:44,788 - INFO - Saved model for 5-day ahead prediction
2025-05-19 23:40:44,794 - INFO - 
Model saved to gbm\models\gbm_model.pkl
2025-05-19 23:40:44,794 - INFO - Scaler saved to gbm\models\scaler.pkl
2025-05-19 23:40:44,794 - INFO - Feature list saved to gbm\models\feature_columns.pkl
2025-05-19 23:40:44,796 - INFO - Process completed successfully.
2025-05-19 23:54:00,884 - INFO - Loading dataset...
2025-05-19 23:54:00,894 - INFO - Preprocessing data...
2025-05-19 23:54:00,894 - INFO - Initial dataset size: 5295
2025-05-19 23:54:01,301 - INFO - 
Outliers removed: 52 rows
2025-05-19 23:54:01,302 - INFO - Dates with extreme rainfall (>100mm):
2025-05-19 23:54:01,303 - INFO - Date: 2010-01-15 00:00:00, Rainfall: 110.0mm
2025-05-19 23:54:01,303 - INFO - Date: 2010-02-20 00:00:00, Rainfall: 180.0mm
2025-05-19 23:54:01,304 - INFO - Date: 2011-02-05 00:00:00, Rainfall: 113.0mm
2025-05-19 23:54:01,304 - INFO - Date: 2011-02-06 00:00:00, Rainfall: 122.0mm
2025-05-19 23:54:01,304 - INFO - Date: 2012-03-15 00:00:00, Rainfall: 141.0mm
2025-05-19 23:54:01,305 - INFO - Date: 2012-05-13 00:00:00, Rainfall: 125.0mm
2025-05-19 23:54:01,305 - INFO - Date: 2013-01-02 00:00:00, Rainfall: 120.8mm
2025-05-19 23:54:01,306 - INFO - Date: 2013-01-04 00:00:00, Rainfall: 103.5mm
2025-05-19 23:54:01,306 - INFO - Date: 2014-01-13 00:00:00, Rainfall: 105.2mm
2025-05-19 23:54:01,307 - INFO - Date: 2014-04-08 00:00:00, Rainfall: 137.9mm
2025-05-19 23:54:01,307 - INFO - Date: 2014-12-06 00:00:00, Rainfall: 137.4mm
2025-05-19 23:54:01,308 - INFO - Date: 2014-12-07 00:00:00, Rainfall: 105.4mm
2025-05-19 23:54:01,308 - INFO - Date: 2015-01-22 00:00:00, Rainfall: 160.3mm
2025-05-19 23:54:01,309 - INFO - Date: 2015-03-03 00:00:00, Rainfall: 127.6mm
2025-05-19 23:54:01,309 - INFO - Date: 2015-12-18 00:00:00, Rainfall: 130.7mm
2025-05-19 23:54:01,309 - INFO - Date: 2015-12-19 00:00:00, Rainfall: 112.4mm
2025-05-19 23:54:01,310 - INFO - Date: 2016-01-22 00:00:00, Rainfall: 160.3mm
2025-05-19 23:54:01,311 - INFO - Date: 2016-02-28 00:00:00, Rainfall: 103.4mm
2025-05-19 23:54:01,311 - INFO - Date: 2016-10-10 00:00:00, Rainfall: 127.4mm
2025-05-19 23:54:01,311 - INFO - Date: 2016-10-25 00:00:00, Rainfall: 188.7mm
2025-05-19 23:54:01,312 - INFO - Date: 2016-12-13 00:00:00, Rainfall: 101.0mm
2025-05-19 23:54:01,312 - INFO - Date: 2016-12-30 00:00:00, Rainfall: 115.3mm
2025-05-19 23:54:01,312 - INFO - Date: 2017-01-26 00:00:00, Rainfall: 107.9mm
2025-05-19 23:54:01,313 - INFO - Date: 2017-02-17 00:00:00, Rainfall: 120.3mm
2025-05-19 23:54:01,313 - INFO - Date: 2017-12-13 00:00:00, Rainfall: 106.0mm
2025-05-19 23:54:01,313 - INFO - Date: 2017-12-20 00:00:00, Rainfall: 101.4mm
2025-05-19 23:54:01,314 - INFO - Date: 2017-12-21 00:00:00, Rainfall: 109.3mm
2025-05-19 23:54:01,314 - INFO - Date: 2017-12-22 00:00:00, Rainfall: 156.0mm
2025-05-19 23:54:01,314 - INFO - Date: 2018-01-12 00:00:00, Rainfall: 124.6mm
2025-05-19 23:54:01,314 - INFO - Date: 2018-01-13 00:00:00, Rainfall: 104.5mm
2025-05-19 23:54:01,316 - INFO - Date: 2018-02-16 00:00:00, Rainfall: 112.8mm
2025-05-19 23:54:01,316 - INFO - Date: 2018-03-14 00:00:00, Rainfall: 152.1mm
2025-05-19 23:54:01,317 - INFO - Date: 2018-12-23 00:00:00, Rainfall: 108.7mm
2025-05-19 23:54:01,317 - INFO - Date: 2018-12-28 00:00:00, Rainfall: 140.3mm
2025-05-19 23:54:01,317 - INFO - Date: 2019-04-29 00:00:00, Rainfall: 107.0mm
2025-05-19 23:54:01,317 - INFO - Date: 2020-05-22 00:00:00, Rainfall: 122.9mm
2025-05-19 23:54:01,318 - INFO - Date: 2021-01-16 00:00:00, Rainfall: 109.4mm
2025-05-19 23:54:01,318 - INFO - Date: 2021-01-19 00:00:00, Rainfall: 111.0mm
2025-05-19 23:54:01,318 - INFO - Date: 2021-01-25 00:00:00, Rainfall: 100.9mm
2025-05-19 23:54:01,319 - INFO - Date: 2021-03-10 00:00:00, Rainfall: 153.7mm
2025-05-19 23:54:01,319 - INFO - Date: 2021-04-02 00:00:00, Rainfall: 135.8mm
2025-05-19 23:54:01,320 - INFO - Date: 2021-12-06 00:00:00, Rainfall: 145.9mm
2025-05-19 23:54:01,320 - INFO - Date: 2021-12-07 00:00:00, Rainfall: 218.8mm
2025-05-19 23:54:01,320 - INFO - Date: 2022-01-01 00:00:00, Rainfall: 110.4mm
2025-05-19 23:54:01,320 - INFO - Date: 2022-01-20 00:00:00, Rainfall: 123.1mm
2025-05-19 23:54:01,321 - INFO - Date: 2022-02-21 00:00:00, Rainfall: 155.3mm
2025-05-19 23:54:01,321 - INFO - Date: 2022-05-27 00:00:00, Rainfall: 147.6mm
2025-05-19 23:54:01,321 - INFO - Date: 2022-10-07 00:00:00, Rainfall: 101.6mm
2025-05-19 23:54:01,322 - INFO - Date: 2022-12-28 00:00:00, Rainfall: 102.0mm
2025-05-19 23:54:01,322 - INFO - Date: 2023-02-02 00:00:00, Rainfall: 200.0mm
2025-05-19 23:54:01,322 - INFO - Date: 2023-02-13 00:00:00, Rainfall: 200.0mm
2025-05-19 23:54:01,323 - INFO - Date: 2023-02-14 00:00:00, Rainfall: 183.0mm
2025-05-19 23:54:01,621 - INFO - 
Rows dropped due to NaN values: 42
2025-05-19 23:54:01,622 - INFO - 
Final dataset size: 3615
2025-05-19 23:54:01,622 - INFO - Total rows removed: 1680
2025-05-19 23:54:01,622 - INFO - 
Rainfall Statistics After Processing:
2025-05-19 23:54:01,622 - INFO - Mean: 9.97mm
2025-05-19 23:54:01,623 - INFO - Median: 1.00mm
2025-05-19 23:54:01,623 - INFO - Std Dev: 17.62mm
2025-05-19 23:54:01,623 - INFO - Max: 100.00mm
2025-05-19 23:54:01,625 - INFO - 
No NaN values remain in the dataset.
2025-05-19 23:54:01,625 - INFO - 
Final feature list (21 features):
2025-05-19 23:54:01,625 - INFO - Tn, Tx, Tavg, RH_avg, ss, ff_x, ff_avg, ddd_x, Month, Day, DayOfWeek, Season, Temp_Range, RR_Rolling_Mean_3d, Tavg_Rolling_Mean_3d, RR_Rolling_Mean_7d, Tavg_Rolling_Mean_7d, RR_Lag_1, Tavg_Lag_1, RR_Lag_3, Tavg_Lag_3
2025-05-19 23:54:01,627 - INFO - 
Plotting correlations for top 15 features: RR_Rolling_Mean_3d, RR_Rolling_Mean_7d, Tx, Tavg, RH_avg, Tavg_Rolling_Mean_3d, Tavg_Lag_1, Tavg_Rolling_Mean_7d, RR_Lag_1, Temp_Range, Season, ff_x, Tn, RR_Lag_3, Tavg_Lag_3
2025-05-19 23:54:03,993 - INFO - Training and evaluating model...
2025-05-19 23:54:03,996 - INFO - 
Feature matrix shape: (3615, 21)
2025-05-19 23:54:04,000 - INFO - 
Training Gradient Boosting model...
2025-05-19 23:54:06,013 - INFO - Making predictions...
2025-05-19 23:54:06,017 - INFO - 
Model evaluation metrics:
2025-05-19 23:54:06,018 - INFO - Mean Squared Error (MSE): 56.3111
2025-05-19 23:54:06,018 - INFO - Root Mean Squared Error (RMSE): 7.5041
2025-05-19 23:54:06,018 - INFO - Mean Absolute Error (MAE): 4.1094
2025-05-19 23:54:06,018 - INFO - R-squared (R²): 0.7256
2025-05-19 23:54:06,224 - INFO - Computing permutation importance (this may take a while)...
2025-05-19 23:54:08,916 - INFO - 
Feature Importance (top 10):
2025-05-19 23:54:08,917 - INFO - RR_Rolling_Mean_3d: 1.5667
2025-05-19 23:54:08,917 - INFO - RR_Lag_1: 0.2576
2025-05-19 23:54:08,917 - INFO - Tavg_Rolling_Mean_3d: 0.1526
2025-05-19 23:54:08,917 - INFO - Tavg_Lag_1: 0.0786
2025-05-19 23:54:08,917 - INFO - Tn: 0.0647
2025-05-19 23:54:08,917 - INFO - Tavg_Lag_3: 0.0544
2025-05-19 23:54:08,918 - INFO - Tavg: 0.0538
2025-05-19 23:54:08,918 - INFO - Tx: 0.0488
2025-05-19 23:54:08,919 - INFO - RH_avg: 0.0408
2025-05-19 23:54:08,919 - INFO - Tavg_Rolling_Mean_7d: 0.0233
2025-05-19 23:54:09,130 - INFO - 
Preparing multi-day forecasting dataset...
2025-05-19 23:54:09,253 - INFO - 
Training multi-day forecasting models...
2025-05-19 23:54:09,255 - INFO - 
--- Training model for 0-day ahead prediction ---
2025-05-19 23:54:09,271 - ERROR - Error in model training and evaluation: Input X contains NaN.
GradientBoostingRegressor does not accept missing values encoded as NaN natively. For supervised learning, you might want to consider sklearn.ensemble.HistGradientBoostingClassifier and Regressor which accept missing values encoded as NaNs natively. Alternatively, it is possible to preprocess the data, for instance by using an imputer transformer in a pipeline or drop samples with missing values. See https://scikit-learn.org/stable/modules/impute.html You can find a list of all estimators that handle NaN values at the following page: https://scikit-learn.org/stable/modules/impute.html#estimators-that-handle-nan-values
2025-05-19 23:54:09,271 - ERROR - Error in main process: Input X contains NaN.
GradientBoostingRegressor does not accept missing values encoded as NaN natively. For supervised learning, you might want to consider sklearn.ensemble.HistGradientBoostingClassifier and Regressor which accept missing values encoded as NaNs natively. Alternatively, it is possible to preprocess the data, for instance by using an imputer transformer in a pipeline or drop samples with missing values. See https://scikit-learn.org/stable/modules/impute.html You can find a list of all estimators that handle NaN values at the following page: https://scikit-learn.org/stable/modules/impute.html#estimators-that-handle-nan-values
2025-05-19 23:56:39,384 - INFO - Loading dataset...
2025-05-19 23:56:39,394 - INFO - Preprocessing data...
2025-05-19 23:56:39,394 - INFO - Initial dataset size: 5295
2025-05-19 23:56:39,830 - INFO - 
Outliers removed: 52 rows
2025-05-19 23:56:39,830 - INFO - Dates with extreme rainfall (>100mm):
2025-05-19 23:56:39,831 - INFO - Date: 2010-01-15 00:00:00, Rainfall: 110.0mm
2025-05-19 23:56:39,831 - INFO - Date: 2010-02-20 00:00:00, Rainfall: 180.0mm
2025-05-19 23:56:39,832 - INFO - Date: 2011-02-05 00:00:00, Rainfall: 113.0mm
2025-05-19 23:56:39,832 - INFO - Date: 2011-02-06 00:00:00, Rainfall: 122.0mm
2025-05-19 23:56:39,832 - INFO - Date: 2012-03-15 00:00:00, Rainfall: 141.0mm
2025-05-19 23:56:39,833 - INFO - Date: 2012-05-13 00:00:00, Rainfall: 125.0mm
2025-05-19 23:56:39,833 - INFO - Date: 2013-01-02 00:00:00, Rainfall: 120.8mm
2025-05-19 23:56:39,833 - INFO - Date: 2013-01-04 00:00:00, Rainfall: 103.5mm
2025-05-19 23:56:39,834 - INFO - Date: 2014-01-13 00:00:00, Rainfall: 105.2mm
2025-05-19 23:56:39,834 - INFO - Date: 2014-04-08 00:00:00, Rainfall: 137.9mm
2025-05-19 23:56:39,834 - INFO - Date: 2014-12-06 00:00:00, Rainfall: 137.4mm
2025-05-19 23:56:39,834 - INFO - Date: 2014-12-07 00:00:00, Rainfall: 105.4mm
2025-05-19 23:56:39,835 - INFO - Date: 2015-01-22 00:00:00, Rainfall: 160.3mm
2025-05-19 23:56:39,835 - INFO - Date: 2015-03-03 00:00:00, Rainfall: 127.6mm
2025-05-19 23:56:39,835 - INFO - Date: 2015-12-18 00:00:00, Rainfall: 130.7mm
2025-05-19 23:56:39,836 - INFO - Date: 2015-12-19 00:00:00, Rainfall: 112.4mm
2025-05-19 23:56:39,836 - INFO - Date: 2016-01-22 00:00:00, Rainfall: 160.3mm
2025-05-19 23:56:39,836 - INFO - Date: 2016-02-28 00:00:00, Rainfall: 103.4mm
2025-05-19 23:56:39,837 - INFO - Date: 2016-10-10 00:00:00, Rainfall: 127.4mm
2025-05-19 23:56:39,837 - INFO - Date: 2016-10-25 00:00:00, Rainfall: 188.7mm
2025-05-19 23:56:39,837 - INFO - Date: 2016-12-13 00:00:00, Rainfall: 101.0mm
2025-05-19 23:56:39,838 - INFO - Date: 2016-12-30 00:00:00, Rainfall: 115.3mm
2025-05-19 23:56:39,838 - INFO - Date: 2017-01-26 00:00:00, Rainfall: 107.9mm
2025-05-19 23:56:39,838 - INFO - Date: 2017-02-17 00:00:00, Rainfall: 120.3mm
2025-05-19 23:56:39,839 - INFO - Date: 2017-12-13 00:00:00, Rainfall: 106.0mm
2025-05-19 23:56:39,839 - INFO - Date: 2017-12-20 00:00:00, Rainfall: 101.4mm
2025-05-19 23:56:39,839 - INFO - Date: 2017-12-21 00:00:00, Rainfall: 109.3mm
2025-05-19 23:56:39,840 - INFO - Date: 2017-12-22 00:00:00, Rainfall: 156.0mm
2025-05-19 23:56:39,840 - INFO - Date: 2018-01-12 00:00:00, Rainfall: 124.6mm
2025-05-19 23:56:39,840 - INFO - Date: 2018-01-13 00:00:00, Rainfall: 104.5mm
2025-05-19 23:56:39,841 - INFO - Date: 2018-02-16 00:00:00, Rainfall: 112.8mm
2025-05-19 23:56:39,841 - INFO - Date: 2018-03-14 00:00:00, Rainfall: 152.1mm
2025-05-19 23:56:39,842 - INFO - Date: 2018-12-23 00:00:00, Rainfall: 108.7mm
2025-05-19 23:56:39,842 - INFO - Date: 2018-12-28 00:00:00, Rainfall: 140.3mm
2025-05-19 23:56:39,843 - INFO - Date: 2019-04-29 00:00:00, Rainfall: 107.0mm
2025-05-19 23:56:39,843 - INFO - Date: 2020-05-22 00:00:00, Rainfall: 122.9mm
2025-05-19 23:56:39,843 - INFO - Date: 2021-01-16 00:00:00, Rainfall: 109.4mm
2025-05-19 23:56:39,844 - INFO - Date: 2021-01-19 00:00:00, Rainfall: 111.0mm
2025-05-19 23:56:39,844 - INFO - Date: 2021-01-25 00:00:00, Rainfall: 100.9mm
2025-05-19 23:56:39,844 - INFO - Date: 2021-03-10 00:00:00, Rainfall: 153.7mm
2025-05-19 23:56:39,844 - INFO - Date: 2021-04-02 00:00:00, Rainfall: 135.8mm
2025-05-19 23:56:39,844 - INFO - Date: 2021-12-06 00:00:00, Rainfall: 145.9mm
2025-05-19 23:56:39,846 - INFO - Date: 2021-12-07 00:00:00, Rainfall: 218.8mm
2025-05-19 23:56:39,846 - INFO - Date: 2022-01-01 00:00:00, Rainfall: 110.4mm
2025-05-19 23:56:39,846 - INFO - Date: 2022-01-20 00:00:00, Rainfall: 123.1mm
2025-05-19 23:56:39,847 - INFO - Date: 2022-02-21 00:00:00, Rainfall: 155.3mm
2025-05-19 23:56:39,847 - INFO - Date: 2022-05-27 00:00:00, Rainfall: 147.6mm
2025-05-19 23:56:39,847 - INFO - Date: 2022-10-07 00:00:00, Rainfall: 101.6mm
2025-05-19 23:56:39,848 - INFO - Date: 2022-12-28 00:00:00, Rainfall: 102.0mm
2025-05-19 23:56:39,848 - INFO - Date: 2023-02-02 00:00:00, Rainfall: 200.0mm
2025-05-19 23:56:39,848 - INFO - Date: 2023-02-13 00:00:00, Rainfall: 200.0mm
2025-05-19 23:56:39,849 - INFO - Date: 2023-02-14 00:00:00, Rainfall: 183.0mm
2025-05-19 23:56:40,181 - INFO - 
Rows dropped due to NaN values: 42
2025-05-19 23:56:40,182 - INFO - 
Final dataset size: 3615
2025-05-19 23:56:40,182 - INFO - Total rows removed: 1680
2025-05-19 23:56:40,183 - INFO - 
Rainfall Statistics After Processing:
2025-05-19 23:56:40,183 - INFO - Mean: 9.97mm
2025-05-19 23:56:40,183 - INFO - Median: 1.00mm
2025-05-19 23:56:40,183 - INFO - Std Dev: 17.62mm
2025-05-19 23:56:40,184 - INFO - Max: 100.00mm
2025-05-19 23:56:40,185 - INFO - 
No NaN values remain in the dataset.
2025-05-19 23:56:40,185 - INFO - 
Final feature list (21 features):
2025-05-19 23:56:40,185 - INFO - Tn, Tx, Tavg, RH_avg, ss, ff_x, ff_avg, ddd_x, Month, Day, DayOfWeek, Season, Temp_Range, RR_Rolling_Mean_3d, Tavg_Rolling_Mean_3d, RR_Rolling_Mean_7d, Tavg_Rolling_Mean_7d, RR_Lag_1, Tavg_Lag_1, RR_Lag_3, Tavg_Lag_3
2025-05-19 23:56:40,188 - INFO - 
Plotting correlations for top 15 features: RR_Rolling_Mean_3d, RR_Rolling_Mean_7d, Tx, Tavg, RH_avg, Tavg_Rolling_Mean_3d, Tavg_Lag_1, Tavg_Rolling_Mean_7d, RR_Lag_1, Temp_Range, Season, ff_x, Tn, RR_Lag_3, Tavg_Lag_3
2025-05-19 23:56:42,486 - INFO - Training and evaluating model...
2025-05-19 23:56:42,488 - INFO - 
Feature matrix shape: (3615, 21)
2025-05-19 23:56:42,494 - INFO - 
Training Gradient Boosting model...
2025-05-19 23:56:44,514 - INFO - Making predictions...
2025-05-19 23:56:44,518 - INFO - 
Model evaluation metrics:
2025-05-19 23:56:44,518 - INFO - Mean Squared Error (MSE): 56.3111
2025-05-19 23:56:44,518 - INFO - Root Mean Squared Error (RMSE): 7.5041
2025-05-19 23:56:44,518 - INFO - Mean Absolute Error (MAE): 4.1094
2025-05-19 23:56:44,519 - INFO - R-squared (R²): 0.7256
2025-05-19 23:56:44,722 - INFO - Computing permutation importance (this may take a while)...
2025-05-19 23:56:47,351 - INFO - 
Feature Importance (top 10):
2025-05-19 23:56:47,351 - INFO - RR_Rolling_Mean_3d: 1.5667
2025-05-19 23:56:47,352 - INFO - RR_Lag_1: 0.2576
2025-05-19 23:56:47,352 - INFO - Tavg_Rolling_Mean_3d: 0.1526
2025-05-19 23:56:47,352 - INFO - Tavg_Lag_1: 0.0786
2025-05-19 23:56:47,352 - INFO - Tn: 0.0647
2025-05-19 23:56:47,352 - INFO - Tavg_Lag_3: 0.0544
2025-05-19 23:56:47,353 - INFO - Tavg: 0.0538
2025-05-19 23:56:47,353 - INFO - Tx: 0.0488
2025-05-19 23:56:47,353 - INFO - RH_avg: 0.0408
2025-05-19 23:56:47,353 - INFO - Tavg_Rolling_Mean_7d: 0.0233
2025-05-19 23:56:47,571 - INFO - 
Preparing multi-day forecasting dataset...
2025-05-19 23:56:47,573 - INFO - 
Initial data shape: (3615, 25)
2025-05-19 23:56:47,575 - INFO - Initial NaN counts:
Tanggal                 0
Tn                      0
Tx                      0
Tavg                    0
RH_avg                  0
RR                      0
ss                      0
ff_x                    0
ddd_x                   0
ff_avg                  0
ddd_car                 0
ddd_car_deg             0
Month                   0
Day                     0
DayOfWeek               0
Season                  0
Temp_Range              0
RR_Rolling_Mean_3d      0
Tavg_Rolling_Mean_3d    0
RR_Rolling_Mean_7d      0
Tavg_Rolling_Mean_7d    0
RR_Lag_1                0
Tavg_Lag_1              0
RR_Lag_3                0
Tavg_Lag_3              0
dtype: int64
2025-05-19 23:56:47,602 - INFO - 
After adding historical features - shape: (3615, 130)
2025-05-19 23:56:47,665 - INFO - NaN counts after historical features:
Tanggal               0
Tn                    0
Tx                    0
Tavg                  0
RH_avg                0
                     ..
Tavg_Lag_3_past_1d    1
Tavg_Lag_3_past_2d    2
Tavg_Lag_3_past_3d    3
Tavg_Lag_3_past_4d    4
Tavg_Lag_3_past_5d    5
Length: 130, dtype: int64
2025-05-19 23:56:47,794 - INFO - 
After handling missing values - shape: (3615, 130)
2025-05-19 23:56:47,799 - INFO - NaN counts after handling missing values:
Tanggal               0
Tn                    0
Tx                    0
Tavg                  0
RH_avg                0
                     ..
Tavg_Lag_3_past_1d    0
Tavg_Lag_3_past_2d    0
Tavg_Lag_3_past_3d    0
Tavg_Lag_3_past_4d    0
Tavg_Lag_3_past_5d    0
Length: 130, dtype: int64
2025-05-19 23:56:47,827 - INFO - 
Day 1 dataset - shape before dropping NaN: 3614
2025-05-19 23:56:47,829 - INFO - Number of NaN values in day 1 dataset: 0
2025-05-19 23:56:47,829 - INFO - Final size of day 1 dataset: 3614
2025-05-19 23:56:47,838 - INFO - 
Day 2 dataset - shape before dropping NaN: 3613
2025-05-19 23:56:47,841 - INFO - Number of NaN values in day 2 dataset: 0
2025-05-19 23:56:47,841 - INFO - Final size of day 2 dataset: 3613
2025-05-19 23:56:47,848 - INFO - 
Day 3 dataset - shape before dropping NaN: 3612
2025-05-19 23:56:47,849 - INFO - Number of NaN values in day 3 dataset: 0
2025-05-19 23:56:47,850 - INFO - Final size of day 3 dataset: 3612
2025-05-19 23:56:47,858 - INFO - 
Day 4 dataset - shape before dropping NaN: 3611
2025-05-19 23:56:47,859 - INFO - Number of NaN values in day 4 dataset: 0
2025-05-19 23:56:47,860 - INFO - Final size of day 4 dataset: 3611
2025-05-19 23:56:47,867 - INFO - 
Day 5 dataset - shape before dropping NaN: 3610
2025-05-19 23:56:47,869 - INFO - Number of NaN values in day 5 dataset: 0
2025-05-19 23:56:47,869 - INFO - Final size of day 5 dataset: 3610
2025-05-19 23:56:47,870 - INFO - 
Training multi-day forecasting models...
2025-05-19 23:56:47,870 - INFO - 
--- Training model for 0-day ahead prediction ---
2025-05-19 23:56:59,704 - INFO - MSE: 8.2566
2025-05-19 23:56:59,705 - INFO - RMSE: 2.8734
2025-05-19 23:56:59,705 - INFO - MAE: 1.4044
2025-05-19 23:56:59,706 - INFO - R²: 0.9598
2025-05-19 23:57:00,374 - INFO - 
Top 5 most important features for 0-day ahead prediction:
2025-05-19 23:57:00,374 - INFO - RR_Rolling_Mean_3d: 0.6214
2025-05-19 23:57:00,375 - INFO - RR_Rolling_Mean_3d_past_1d: 0.1826
2025-05-19 23:57:00,375 - INFO - RR_Lag_1: 0.0412
2025-05-19 23:57:00,375 - INFO - RR_Lag_1_past_1d: 0.0384
2025-05-19 23:57:00,375 - INFO - Tx: 0.0161
2025-05-19 23:57:00,377 - INFO - 
--- Training model for 1-day ahead prediction ---
2025-05-19 23:57:12,015 - INFO - MSE: 145.5417
2025-05-19 23:57:12,016 - INFO - RMSE: 12.0641
2025-05-19 23:57:12,016 - INFO - MAE: 7.6076
2025-05-19 23:57:12,016 - INFO - R²: 0.2908
2025-05-19 23:57:12,661 - INFO - 
Top 5 most important features for 1-day ahead prediction:
2025-05-19 23:57:12,661 - INFO - RH_avg: 0.1996
2025-05-19 23:57:12,662 - INFO - Tx: 0.0349
2025-05-19 23:57:12,662 - INFO - ff_x: 0.0293
2025-05-19 23:57:12,662 - INFO - Tavg: 0.0287
2025-05-19 23:57:12,662 - INFO - Temp_Range: 0.0248
2025-05-19 23:57:12,664 - INFO - 
--- Training model for 2-day ahead prediction ---
2025-05-19 23:57:24,271 - INFO - MSE: 189.9385
2025-05-19 23:57:24,271 - INFO - RMSE: 13.7818
2025-05-19 23:57:24,271 - INFO - MAE: 8.7082
2025-05-19 23:57:24,272 - INFO - R²: 0.0745
2025-05-19 23:57:25,014 - INFO - 
Top 5 most important features for 2-day ahead prediction:
2025-05-19 23:57:25,015 - INFO - RR_Rolling_Mean_7d: 0.0546
2025-05-19 23:57:25,015 - INFO - Season_past_5d: 0.0398
2025-05-19 23:57:25,015 - INFO - Season_past_1d: 0.0267
2025-05-19 23:57:25,016 - INFO - RR_Rolling_Mean_7d_past_2d: 0.0259
2025-05-19 23:57:25,016 - INFO - Temp_Range: 0.0200
2025-05-19 23:57:25,018 - INFO - 
--- Training model for 3-day ahead prediction ---
2025-05-19 23:57:36,549 - INFO - MSE: 203.6529
2025-05-19 23:57:36,549 - INFO - RMSE: 14.2707
2025-05-19 23:57:36,549 - INFO - MAE: 8.9946
2025-05-19 23:57:36,549 - INFO - R²: 0.0077
2025-05-19 23:57:37,194 - INFO - 
Top 5 most important features for 3-day ahead prediction:
2025-05-19 23:57:37,194 - INFO - Season_past_5d: 0.0703
2025-05-19 23:57:37,194 - INFO - Season: 0.0357
2025-05-19 23:57:37,195 - INFO - RR_Rolling_Mean_7d: 0.0332
2025-05-19 23:57:37,195 - INFO - RR_Rolling_Mean_7d_past_1d: 0.0318
2025-05-19 23:57:37,195 - INFO - RR_Rolling_Mean_7d_past_5d: 0.0247
2025-05-19 23:57:37,197 - INFO - 
--- Training model for 4-day ahead prediction ---
2025-05-19 23:57:48,936 - INFO - MSE: 209.2403
2025-05-19 23:57:48,936 - INFO - RMSE: 14.4651
2025-05-19 23:57:48,936 - INFO - MAE: 9.0631
2025-05-19 23:57:48,936 - INFO - R²: -0.0195
2025-05-19 23:57:49,597 - INFO - 
Top 5 most important features for 4-day ahead prediction:
2025-05-19 23:57:49,598 - INFO - Season_past_5d: 0.0979
2025-05-19 23:57:49,598 - INFO - RR_Rolling_Mean_7d: 0.0448
2025-05-19 23:57:49,598 - INFO - RR_Rolling_Mean_7d_past_2d: 0.0219
2025-05-19 23:57:49,598 - INFO - RR_Rolling_Mean_7d_past_4d: 0.0211
2025-05-19 23:57:49,598 - INFO - RR_Rolling_Mean_3d_past_1d: 0.0179
2025-05-19 23:57:49,600 - INFO - 
--- Training model for 5-day ahead prediction ---
2025-05-19 23:58:01,501 - INFO - MSE: 230.1552
2025-05-19 23:58:01,501 - INFO - RMSE: 15.1709
2025-05-19 23:58:01,502 - INFO - MAE: 9.4334
2025-05-19 23:58:01,502 - INFO - R²: -0.1261
2025-05-19 23:58:02,271 - INFO - 
Top 5 most important features for 5-day ahead prediction:
2025-05-19 23:58:02,271 - INFO - Season_past_4d: 0.0568
2025-05-19 23:58:02,272 - INFO - Season_past_5d: 0.0467
2025-05-19 23:58:02,272 - INFO - RR_Rolling_Mean_3d: 0.0232
2025-05-19 23:58:02,272 - INFO - RR_Rolling_Mean_7d_past_1d: 0.0222
2025-05-19 23:58:02,272 - INFO - RR_Rolling_Mean_7d_past_5d: 0.0197
2025-05-19 23:58:04,189 - INFO - Saved model for 0-day ahead prediction
2025-05-19 23:58:04,197 - INFO - Saved model for 1-day ahead prediction
2025-05-19 23:58:04,209 - INFO - Saved model for 2-day ahead prediction
2025-05-19 23:58:04,218 - INFO - Saved model for 3-day ahead prediction
2025-05-19 23:58:04,227 - INFO - Saved model for 4-day ahead prediction
2025-05-19 23:58:04,235 - INFO - Saved model for 5-day ahead prediction
2025-05-19 23:58:04,240 - INFO - 
Model saved to gbm\models\gbm_model.pkl
2025-05-19 23:58:04,242 - INFO - Scaler saved to gbm\models\scaler.pkl
2025-05-19 23:58:04,242 - INFO - Feature list saved to gbm\models\feature_columns.pkl
2025-05-19 23:58:04,242 - INFO - Process completed successfully.
2025-05-20 00:07:58,762 - INFO - Loading dataset...
2025-05-20 00:07:58,778 - INFO - Preprocessing data...
2025-05-20 00:07:58,778 - INFO - Initial dataset size: 5295
2025-05-20 00:07:59,251 - INFO - 
Outliers removed: 52 rows
2025-05-20 00:07:59,252 - INFO - Dates with extreme rainfall (>100mm):
2025-05-20 00:07:59,253 - INFO - Date: 2010-01-15 00:00:00, Rainfall: 110.0mm
2025-05-20 00:07:59,253 - INFO - Date: 2010-02-20 00:00:00, Rainfall: 180.0mm
2025-05-20 00:07:59,253 - INFO - Date: 2011-02-05 00:00:00, Rainfall: 113.0mm
2025-05-20 00:07:59,253 - INFO - Date: 2011-02-06 00:00:00, Rainfall: 122.0mm
2025-05-20 00:07:59,254 - INFO - Date: 2012-03-15 00:00:00, Rainfall: 141.0mm
2025-05-20 00:07:59,254 - INFO - Date: 2012-05-13 00:00:00, Rainfall: 125.0mm
2025-05-20 00:07:59,254 - INFO - Date: 2013-01-02 00:00:00, Rainfall: 120.8mm
2025-05-20 00:07:59,255 - INFO - Date: 2013-01-04 00:00:00, Rainfall: 103.5mm
2025-05-20 00:07:59,255 - INFO - Date: 2014-01-13 00:00:00, Rainfall: 105.2mm
2025-05-20 00:07:59,255 - INFO - Date: 2014-04-08 00:00:00, Rainfall: 137.9mm
2025-05-20 00:07:59,255 - INFO - Date: 2014-12-06 00:00:00, Rainfall: 137.4mm
2025-05-20 00:07:59,258 - INFO - Date: 2014-12-07 00:00:00, Rainfall: 105.4mm
2025-05-20 00:07:59,258 - INFO - Date: 2015-01-22 00:00:00, Rainfall: 160.3mm
2025-05-20 00:07:59,259 - INFO - Date: 2015-03-03 00:00:00, Rainfall: 127.6mm
2025-05-20 00:07:59,259 - INFO - Date: 2015-12-18 00:00:00, Rainfall: 130.7mm
2025-05-20 00:07:59,259 - INFO - Date: 2015-12-19 00:00:00, Rainfall: 112.4mm
2025-05-20 00:07:59,260 - INFO - Date: 2016-01-22 00:00:00, Rainfall: 160.3mm
2025-05-20 00:07:59,260 - INFO - Date: 2016-02-28 00:00:00, Rainfall: 103.4mm
2025-05-20 00:07:59,260 - INFO - Date: 2016-10-10 00:00:00, Rainfall: 127.4mm
2025-05-20 00:07:59,261 - INFO - Date: 2016-10-25 00:00:00, Rainfall: 188.7mm
2025-05-20 00:07:59,261 - INFO - Date: 2016-12-13 00:00:00, Rainfall: 101.0mm
2025-05-20 00:07:59,261 - INFO - Date: 2016-12-30 00:00:00, Rainfall: 115.3mm
2025-05-20 00:07:59,262 - INFO - Date: 2017-01-26 00:00:00, Rainfall: 107.9mm
2025-05-20 00:07:59,262 - INFO - Date: 2017-02-17 00:00:00, Rainfall: 120.3mm
2025-05-20 00:07:59,263 - INFO - Date: 2017-12-13 00:00:00, Rainfall: 106.0mm
2025-05-20 00:07:59,263 - INFO - Date: 2017-12-20 00:00:00, Rainfall: 101.4mm
2025-05-20 00:07:59,263 - INFO - Date: 2017-12-21 00:00:00, Rainfall: 109.3mm
2025-05-20 00:07:59,264 - INFO - Date: 2017-12-22 00:00:00, Rainfall: 156.0mm
2025-05-20 00:07:59,264 - INFO - Date: 2018-01-12 00:00:00, Rainfall: 124.6mm
2025-05-20 00:07:59,265 - INFO - Date: 2018-01-13 00:00:00, Rainfall: 104.5mm
2025-05-20 00:07:59,265 - INFO - Date: 2018-02-16 00:00:00, Rainfall: 112.8mm
2025-05-20 00:07:59,265 - INFO - Date: 2018-03-14 00:00:00, Rainfall: 152.1mm
2025-05-20 00:07:59,266 - INFO - Date: 2018-12-23 00:00:00, Rainfall: 108.7mm
2025-05-20 00:07:59,266 - INFO - Date: 2018-12-28 00:00:00, Rainfall: 140.3mm
2025-05-20 00:07:59,267 - INFO - Date: 2019-04-29 00:00:00, Rainfall: 107.0mm
2025-05-20 00:07:59,267 - INFO - Date: 2020-05-22 00:00:00, Rainfall: 122.9mm
2025-05-20 00:07:59,267 - INFO - Date: 2021-01-16 00:00:00, Rainfall: 109.4mm
2025-05-20 00:07:59,267 - INFO - Date: 2021-01-19 00:00:00, Rainfall: 111.0mm
2025-05-20 00:07:59,268 - INFO - Date: 2021-01-25 00:00:00, Rainfall: 100.9mm
2025-05-20 00:07:59,269 - INFO - Date: 2021-03-10 00:00:00, Rainfall: 153.7mm
2025-05-20 00:07:59,269 - INFO - Date: 2021-04-02 00:00:00, Rainfall: 135.8mm
2025-05-20 00:07:59,269 - INFO - Date: 2021-12-06 00:00:00, Rainfall: 145.9mm
2025-05-20 00:07:59,269 - INFO - Date: 2021-12-07 00:00:00, Rainfall: 218.8mm
2025-05-20 00:07:59,270 - INFO - Date: 2022-01-01 00:00:00, Rainfall: 110.4mm
2025-05-20 00:07:59,270 - INFO - Date: 2022-01-20 00:00:00, Rainfall: 123.1mm
2025-05-20 00:07:59,271 - INFO - Date: 2022-02-21 00:00:00, Rainfall: 155.3mm
2025-05-20 00:07:59,271 - INFO - Date: 2022-05-27 00:00:00, Rainfall: 147.6mm
2025-05-20 00:07:59,271 - INFO - Date: 2022-10-07 00:00:00, Rainfall: 101.6mm
2025-05-20 00:07:59,271 - INFO - Date: 2022-12-28 00:00:00, Rainfall: 102.0mm
2025-05-20 00:07:59,272 - INFO - Date: 2023-02-02 00:00:00, Rainfall: 200.0mm
2025-05-20 00:07:59,272 - INFO - Date: 2023-02-13 00:00:00, Rainfall: 200.0mm
2025-05-20 00:07:59,272 - INFO - Date: 2023-02-14 00:00:00, Rainfall: 183.0mm
2025-05-20 00:08:00,972 - INFO - 
Rows dropped due to NaN values: 53
2025-05-20 00:08:00,975 - INFO - 
Final dataset size: 3604
2025-05-20 00:08:00,975 - INFO - Total rows removed: 1691
2025-05-20 00:08:00,975 - INFO - 
Rainfall Statistics After Processing:
2025-05-20 00:08:00,975 - INFO - Mean: 9.88mm
2025-05-20 00:08:00,976 - INFO - Median: 1.00mm
2025-05-20 00:08:00,976 - INFO - Std Dev: 17.50mm
2025-05-20 00:08:00,977 - INFO - Max: 100.00mm
2025-05-20 00:08:00,980 - INFO - 
No NaN values remain in the dataset.
2025-05-20 00:08:00,980 - INFO - 
Final feature list (55 features):
2025-05-20 00:08:00,981 - INFO - Tn, Tx, Tavg, RH_avg, ss, ff_x, ff_avg, ddd_x, Month, Day, DayOfWeek, Season, Temp_Range, Month_sin, Month_cos, Day_sin, Day_cos, DayOfYear_sin, DayOfYear_cos, Temp_Humidity, Temp_Range_RH, Dew_Point, Heat_Index, Rain_Streak, Dry_Streak, RR_Rolling_Mean_3d, RR_Rolling_Std_3d, Tavg_Rolling_Mean_3d, RH_Rolling_Mean_3d, RR_Rolling_Mean_7d, RR_Rolling_Std_7d, Tavg_Rolling_Mean_7d, RH_Rolling_Mean_7d, RR_Rolling_Mean_14d, RR_Rolling_Std_14d, Tavg_Rolling_Mean_14d, RH_Rolling_Mean_14d, RR_Lag_1, Tavg_Lag_1, Rain_Binary_Lag_1, RR_Lag_2, Tavg_Lag_2, Rain_Binary_Lag_2, RR_Lag_3, Tavg_Lag_3, Rain_Binary_Lag_3, RR_Lag_5, Tavg_Lag_5, Rain_Binary_Lag_5, RR_Lag_7, Tavg_Lag_7, Rain_Binary_Lag_7, RR_Lag_14, Tavg_Lag_14, Rain_Binary_Lag_14
2025-05-20 00:08:00,992 - INFO - 
Plotting correlations for top 15 features: RR_Rolling_Mean_3d, RR_Rolling_Std_3d, RR_Rolling_Mean_7d, RR_Rolling_Std_7d, Tx, RR_Rolling_Mean_14d, RH_avg, Tavg, RH_Rolling_Mean_3d, RR_Rolling_Std_14d, Tavg_Rolling_Mean_3d, Tavg_Lag_1, RH_Rolling_Mean_7d, Heat_Index, DayOfYear_cos
2025-05-20 00:08:03,622 - INFO - Training and evaluating model...
2025-05-20 00:08:03,624 - INFO - 
Feature matrix shape: (3604, 55)
2025-05-20 00:08:03,634 - INFO - 
Training Gradient Boosting model...
2025-05-20 00:08:09,471 - INFO - Making predictions...
2025-05-20 00:08:09,475 - INFO - 
Model evaluation metrics:
2025-05-20 00:08:09,476 - INFO - Mean Squared Error (MSE): 5.6175
2025-05-20 00:08:09,477 - INFO - Root Mean Squared Error (RMSE): 2.3701
2025-05-20 00:08:09,477 - INFO - Mean Absolute Error (MAE): 1.0219
2025-05-20 00:08:09,478 - INFO - R-squared (R²): 0.9726
2025-05-20 00:08:09,694 - INFO - Computing permutation importance (this may take a while)...
2025-05-20 00:08:13,046 - INFO - 
Feature Importance (top 10):
2025-05-20 00:08:13,047 - INFO - RR_Rolling_Mean_3d: 3.1787
2025-05-20 00:08:13,047 - INFO - RR_Lag_2: 0.6252
2025-05-20 00:08:13,047 - INFO - RR_Lag_1: 0.5478
2025-05-20 00:08:13,047 - INFO - RR_Rolling_Std_3d: 0.0833
2025-05-20 00:08:13,048 - INFO - Tx: 0.0134
2025-05-20 00:08:13,048 - INFO - Rain_Streak: 0.0037
2025-05-20 00:08:13,048 - INFO - Dry_Streak: 0.0034
2025-05-20 00:08:13,048 - INFO - Tn: 0.0022
2025-05-20 00:08:13,049 - INFO - RR_Rolling_Std_7d: 0.0021
2025-05-20 00:08:13,049 - INFO - Tavg_Lag_2: 0.0020
2025-05-20 00:08:13,263 - INFO - 
Preparing multi-day forecasting dataset...
2025-05-20 00:08:13,265 - INFO - 
Initial data shape: (3604, 61)
2025-05-20 00:08:13,268 - INFO - Initial NaN counts:
Tanggal               0
Tn                    0
Tx                    0
Tavg                  0
RH_avg                0
                     ..
Tavg_Lag_14           0
Rain_Binary_Lag_14    0
RainToday             0
Rain_Streak           0
Dry_Streak            0
Length: 61, dtype: int64
2025-05-20 00:08:13,404 - INFO - 
After adding historical features - shape: (3604, 336)
2025-05-20 00:08:13,413 - INFO - NaN counts after historical features:
Tanggal                       0
Tn                            0
Tx                            0
Tavg                          0
RH_avg                        0
                             ..
Rain_Binary_Lag_14_past_1d    1
Rain_Binary_Lag_14_past_2d    2
Rain_Binary_Lag_14_past_3d    3
Rain_Binary_Lag_14_past_4d    4
Rain_Binary_Lag_14_past_5d    5
Length: 336, dtype: int64
2025-05-20 00:08:13,705 - INFO - 
After handling missing values - shape: (3604, 336)
2025-05-20 00:08:13,713 - INFO - NaN counts after handling missing values:
Tanggal                       0
Tn                            0
Tx                            0
Tavg                          0
RH_avg                        0
                             ..
Rain_Binary_Lag_14_past_1d    0
Rain_Binary_Lag_14_past_2d    0
Rain_Binary_Lag_14_past_3d    0
Rain_Binary_Lag_14_past_4d    0
Rain_Binary_Lag_14_past_5d    0
Length: 336, dtype: int64
2025-05-20 00:08:13,768 - INFO - 
Day 1 dataset - shape before dropping NaN: 3603
2025-05-20 00:08:13,770 - INFO - Number of NaN values in day 1 dataset: 0
2025-05-20 00:08:13,771 - INFO - Final size of day 1 dataset: 3603
2025-05-20 00:08:13,792 - INFO - 
Day 2 dataset - shape before dropping NaN: 3602
2025-05-20 00:08:13,794 - INFO - Number of NaN values in day 2 dataset: 0
2025-05-20 00:08:13,794 - INFO - Final size of day 2 dataset: 3602
2025-05-20 00:08:13,816 - INFO - 
Day 3 dataset - shape before dropping NaN: 3601
2025-05-20 00:08:13,818 - INFO - Number of NaN values in day 3 dataset: 0
2025-05-20 00:08:13,818 - INFO - Final size of day 3 dataset: 3601
2025-05-20 00:08:13,840 - INFO - 
Day 4 dataset - shape before dropping NaN: 3600
2025-05-20 00:08:13,842 - INFO - Number of NaN values in day 4 dataset: 0
2025-05-20 00:08:13,843 - INFO - Final size of day 4 dataset: 3600
2025-05-20 00:08:13,865 - INFO - 
Day 5 dataset - shape before dropping NaN: 3599
2025-05-20 00:08:13,867 - INFO - Number of NaN values in day 5 dataset: 0
2025-05-20 00:08:13,868 - INFO - Final size of day 5 dataset: 3599
2025-05-20 00:08:13,868 - INFO - 
Training multi-day forecasting models...
2025-05-20 00:08:13,869 - INFO - 
--- Training models for 0-day ahead prediction ---
2025-05-20 00:08:13,897 - INFO - Training gbm model for day 0...
2025-05-20 00:08:47,933 - INFO - gbm - MSE: 8.0377, RMSE: 2.8351, MAE: 1.2798, R²: 0.9607
2025-05-20 00:08:47,935 - INFO - Training rf model for day 0...
2025-05-20 00:08:53,773 - INFO - rf - MSE: 17.5697, RMSE: 4.1916, MAE: 1.8498, R²: 0.9141
2025-05-20 00:08:53,773 - INFO - Training ridge model for day 0...
2025-05-20 00:08:53,820 - INFO - ridge - MSE: 3.0442, RMSE: 1.7448, MAE: 0.2682, R²: 0.9851
2025-05-20 00:08:53,821 - INFO - Training mlp model for day 0...
2025-05-20 00:08:59,700 - INFO - mlp - MSE: 65305.8734, RMSE: 255.5501, MAE: 22.5698, R²: -318.1083
2025-05-20 00:08:59,701 - INFO - Ensemble - MSE: 4078.1876, RMSE: 63.8607, MAE: 6.2354, R²: -18.9275
2025-05-20 00:08:59,701 - INFO - Best model for day 0: ridge with R²: 0.9851
2025-05-20 00:09:03,344 - INFO - 
Top 10 most important features for 0-day ahead prediction:
2025-05-20 00:09:03,344 - INFO - RR_Rolling_Mean_3d: 6.2991
2025-05-20 00:09:03,345 - INFO - RR_Lag_1: 1.3345
2025-05-20 00:09:03,345 - INFO - RR_Rolling_Mean_7d: 1.3142
2025-05-20 00:09:03,345 - INFO - RR_Lag_2: 0.6634
2025-05-20 00:09:03,345 - INFO - RR_Rolling_Mean_14d: 0.3826
2025-05-20 00:09:03,345 - INFO - RR_Rolling_Mean_3d_past_1d: 0.1156
2025-05-20 00:09:03,345 - INFO - Tavg_Rolling_Mean_7d: 0.1155
2025-05-20 00:09:03,345 - INFO - RR_Rolling_Mean_7d_past_1d: 0.0972
2025-05-20 00:09:03,345 - INFO - RR_Rolling_Mean_14d_past_1d: 0.0699
2025-05-20 00:09:03,345 - INFO - RR_Lag_1_past_1d: 0.0664
2025-05-20 00:09:03,347 - INFO - 
--- Training models for 1-day ahead prediction ---
2025-05-20 00:09:03,374 - INFO - Training gbm model for day 1...
2025-05-20 00:09:36,612 - INFO - gbm - MSE: 162.8805, RMSE: 12.7625, MAE: 8.1653, R²: 0.2041
2025-05-20 00:09:36,612 - INFO - Training rf model for day 1...
2025-05-20 00:09:43,589 - INFO - rf - MSE: 141.4514, RMSE: 11.8933, MAE: 7.5351, R²: 0.3088
2025-05-20 00:09:43,590 - INFO - Training ridge model for day 1...
2025-05-20 00:09:43,599 - INFO - ridge - MSE: 11919.6903, RMSE: 109.1773, MAE: 16.9833, R²: -57.2440
2025-05-20 00:09:43,599 - INFO - Training mlp model for day 1...
2025-05-20 00:09:44,444 - INFO - mlp - MSE: 4933.0467, RMSE: 70.2357, MAE: 12.4374, R²: -23.1047
2025-05-20 00:09:44,445 - INFO - Ensemble - MSE: 1079.7421, RMSE: 32.8594, MAE: 9.6929, R²: -4.2760
2025-05-20 00:09:44,445 - INFO - Best model for day 1: rf with R²: 0.3088
2025-05-20 00:09:45,841 - INFO - 
Top 10 most important features for 1-day ahead prediction:
2025-05-20 00:09:45,841 - INFO - RH_avg: 0.2281
2025-05-20 00:09:45,842 - INFO - Tx: 0.0547
2025-05-20 00:09:45,842 - INFO - DayOfYear_cos_past_5d: 0.0494
2025-05-20 00:09:45,842 - INFO - ff_x: 0.0172
2025-05-20 00:09:45,842 - INFO - Heat_Index: 0.0140
2025-05-20 00:09:45,842 - INFO - Tavg: 0.0135
2025-05-20 00:09:45,842 - INFO - Temp_Range_RH: 0.0128
2025-05-20 00:09:45,843 - INFO - DayOfYear_cos_past_4d: 0.0117
2025-05-20 00:09:45,843 - INFO - DayOfYear_cos_past_3d: 0.0113
2025-05-20 00:09:45,843 - INFO - ff_avg: 0.0110
2025-05-20 00:09:45,843 - INFO - 
--- Training models for 2-day ahead prediction ---
2025-05-20 00:09:45,867 - INFO - Training gbm model for day 2...
2025-05-20 00:10:22,375 - INFO - gbm - MSE: 190.8265, RMSE: 13.8140, MAE: 8.9908, R²: 0.0676
2025-05-20 00:10:22,375 - INFO - Training rf model for day 2...
2025-05-20 00:10:30,232 - INFO - rf - MSE: 191.0832, RMSE: 13.8233, MAE: 9.1212, R²: 0.0663
2025-05-20 00:10:30,232 - INFO - Training ridge model for day 2...
2025-05-20 00:10:30,245 - INFO - ridge - MSE: 28549.0602, RMSE: 168.9647, MAE: 24.2179, R²: -138.5011
2025-05-20 00:10:30,245 - INFO - Training mlp model for day 2...
2025-05-20 00:10:31,164 - INFO - mlp - MSE: 4373.7526, RMSE: 66.1344, MAE: 13.0331, R²: -20.3718
2025-05-20 00:10:31,165 - INFO - Ensemble - MSE: 2101.3784, RMSE: 45.8408, MAE: 11.9869, R²: -9.2681
2025-05-20 00:10:31,165 - INFO - Best model for day 2: gbm with R²: 0.0676
2025-05-20 00:10:32,730 - INFO - 
Top 10 most important features for 2-day ahead prediction:
2025-05-20 00:10:32,732 - INFO - DayOfYear_cos_past_5d: 0.1023
2025-05-20 00:10:32,732 - INFO - RR_Rolling_Mean_14d_past_2d: 0.0174
2025-05-20 00:10:32,732 - INFO - Season_past_2d: 0.0167
2025-05-20 00:10:32,732 - INFO - Temp_Range_RH_past_1d: 0.0147
2025-05-20 00:10:32,732 - INFO - RR_Rolling_Mean_7d: 0.0147
2025-05-20 00:10:32,732 - INFO - Temp_Humidity: 0.0131
2025-05-20 00:10:32,732 - INFO - RR_Rolling_Std_3d_past_4d: 0.0123
2025-05-20 00:10:32,733 - INFO - Rain_Streak: 0.0120
2025-05-20 00:10:32,733 - INFO - RR_Lag_7_past_5d: 0.0117
2025-05-20 00:10:32,733 - INFO - Tavg_Lag_14_past_2d: 0.0109
2025-05-20 00:10:32,733 - INFO - 
--- Training models for 3-day ahead prediction ---
2025-05-20 00:10:32,766 - INFO - Training gbm model for day 3...
2025-05-20 00:11:08,655 - INFO - gbm - MSE: 206.8526, RMSE: 14.3824, MAE: 9.3718, R²: -0.0108
2025-05-20 00:11:08,656 - INFO - Training rf model for day 3...
2025-05-20 00:11:16,054 - INFO - rf - MSE: 193.3988, RMSE: 13.9068, MAE: 9.1802, R²: 0.0550
2025-05-20 00:11:16,055 - INFO - Training ridge model for day 3...
2025-05-20 00:11:16,069 - INFO - ridge - MSE: 34415.1669, RMSE: 185.5133, MAE: 24.6581, R²: -167.1651
2025-05-20 00:11:16,069 - INFO - Training mlp model for day 3...
2025-05-20 00:11:16,809 - INFO - mlp - MSE: 3618.7961, RMSE: 60.1564, MAE: 12.7390, R²: -16.6828
2025-05-20 00:11:16,810 - INFO - Ensemble - MSE: 2327.0592, RMSE: 48.2396, MAE: 12.2226, R²: -10.3709
2025-05-20 00:11:16,811 - INFO - Best model for day 3: rf with R²: 0.0550
2025-05-20 00:11:18,547 - INFO - 
Top 10 most important features for 3-day ahead prediction:
2025-05-20 00:11:18,548 - INFO - DayOfYear_cos_past_5d: 0.1775
2025-05-20 00:11:18,548 - INFO - RR_Rolling_Mean_14d: 0.0239
2025-05-20 00:11:18,548 - INFO - RR_Rolling_Mean_14d_past_1d: 0.0174
2025-05-20 00:11:18,549 - INFO - DayOfYear_cos_past_4d: 0.0166
2025-05-20 00:11:18,549 - INFO - Temp_Range_RH: 0.0134
2025-05-20 00:11:18,549 - INFO - RR_Rolling_Mean_7d_past_5d: 0.0108
2025-05-20 00:11:18,549 - INFO - Temp_Range: 0.0106
2025-05-20 00:11:18,549 - INFO - DayOfYear_cos: 0.0085
2025-05-20 00:11:18,550 - INFO - RR_Rolling_Std_3d_past_3d: 0.0082
2025-05-20 00:11:18,550 - INFO - RR_Rolling_Std_7d: 0.0082
2025-05-20 00:11:18,551 - INFO - 
--- Training models for 4-day ahead prediction ---
2025-05-20 00:11:18,584 - INFO - Training gbm model for day 4...
2025-05-20 00:11:54,968 - INFO - gbm - MSE: 200.1692, RMSE: 14.1481, MAE: 9.1926, R²: 0.0229
2025-05-20 00:11:54,968 - INFO - Training rf model for day 4...
2025-05-20 00:12:02,001 - INFO - rf - MSE: 190.2408, RMSE: 13.7928, MAE: 9.0591, R²: 0.0714
2025-05-20 00:12:02,002 - INFO - Training ridge model for day 4...
2025-05-20 00:12:02,012 - INFO - ridge - MSE: 22588.6440, RMSE: 150.2952, MAE: 21.1938, R²: -109.2635
2025-05-20 00:12:02,012 - INFO - Training mlp model for day 4...
2025-05-20 00:12:02,550 - INFO - mlp - MSE: 3673.3137, RMSE: 60.6079, MAE: 12.6012, R²: -16.9308
2025-05-20 00:12:02,551 - INFO - Ensemble - MSE: 1779.4238, RMSE: 42.1832, MAE: 11.6659, R²: -7.6860
2025-05-20 00:12:02,551 - INFO - Best model for day 4: rf with R²: 0.0714
2025-05-20 00:12:03,936 - INFO - 
Top 10 most important features for 4-day ahead prediction:
2025-05-20 00:12:03,937 - INFO - DayOfYear_cos_past_5d: 0.1563
2025-05-20 00:12:03,937 - INFO - DayOfYear_cos_past_4d: 0.0463
2025-05-20 00:12:03,937 - INFO - RR_Rolling_Mean_14d: 0.0254
2025-05-20 00:12:03,938 - INFO - Season_past_5d: 0.0113
2025-05-20 00:12:03,938 - INFO - DayOfYear_cos: 0.0098
2025-05-20 00:12:03,938 - INFO - Tavg_Lag_14: 0.0086
2025-05-20 00:12:03,938 - INFO - RR_Rolling_Mean_7d_past_2d: 0.0083
2025-05-20 00:12:03,938 - INFO - Tx_past_2d: 0.0083
2025-05-20 00:12:03,938 - INFO - RR_Rolling_Mean_7d_past_4d: 0.0077
2025-05-20 00:12:03,939 - INFO - Tavg_Lag_14_past_5d: 0.0072
2025-05-20 00:12:03,939 - INFO - 
--- Training models for 5-day ahead prediction ---
2025-05-20 00:12:03,967 - INFO - Training gbm model for day 5...
2025-05-20 00:12:38,028 - INFO - gbm - MSE: 213.7407, RMSE: 14.6199, MAE: 9.2132, R²: -0.0433
2025-05-20 00:12:38,028 - INFO - Training rf model for day 5...
2025-05-20 00:12:45,319 - INFO - rf - MSE: 192.4198, RMSE: 13.8715, MAE: 9.1493, R²: 0.0607
2025-05-20 00:12:45,320 - INFO - Training ridge model for day 5...
2025-05-20 00:12:45,330 - INFO - ridge - MSE: 16024.1094, RMSE: 126.5864, MAE: 20.0149, R²: -77.2196
2025-05-20 00:12:45,330 - INFO - Training mlp model for day 5...
2025-05-20 00:12:45,959 - INFO - mlp - MSE: 4701.3779, RMSE: 68.5666, MAE: 13.5614, R²: -21.9492
2025-05-20 00:12:45,960 - INFO - Ensemble - MSE: 1584.8314, RMSE: 39.8099, MAE: 11.5532, R²: -6.7361
2025-05-20 00:12:45,960 - INFO - Best model for day 5: rf with R²: 0.0607
2025-05-20 00:12:47,389 - INFO - 
Top 10 most important features for 5-day ahead prediction:
2025-05-20 00:12:47,389 - INFO - DayOfYear_cos_past_5d: 0.2170
2025-05-20 00:12:47,391 - INFO - DayOfYear_cos_past_3d: 0.0128
2025-05-20 00:12:47,391 - INFO - RR_Rolling_Mean_14d_past_5d: 0.0101
2025-05-20 00:12:47,391 - INFO - DayOfYear_cos: 0.0099
2025-05-20 00:12:47,392 - INFO - DayOfYear_cos_past_4d: 0.0099
2025-05-20 00:12:47,392 - INFO - RR_Rolling_Mean_7d_past_3d: 0.0081
2025-05-20 00:12:47,392 - INFO - RR_Rolling_Mean_14d_past_1d: 0.0076
2025-05-20 00:12:47,392 - INFO - RR_Lag_7_past_5d: 0.0073
2025-05-20 00:12:47,392 - INFO - Tn_past_1d: 0.0072
2025-05-20 00:12:47,393 - INFO - Tx_past_5d: 0.0070
2025-05-20 00:12:49,184 - INFO - Saved model for 0-day ahead prediction
2025-05-20 00:12:49,227 - INFO - Saved model for 1-day ahead prediction
2025-05-20 00:12:49,238 - INFO - Saved model for 2-day ahead prediction
2025-05-20 00:12:49,278 - INFO - Saved model for 3-day ahead prediction
2025-05-20 00:12:49,319 - INFO - Saved model for 4-day ahead prediction
2025-05-20 00:12:49,358 - INFO - Saved model for 5-day ahead prediction
2025-05-20 00:12:49,366 - INFO - 
Model saved to gbm\models\gbm_model.pkl
2025-05-20 00:12:49,366 - INFO - Scaler saved to gbm\models\scaler.pkl
2025-05-20 00:12:49,367 - INFO - Feature list saved to gbm\models\feature_columns.pkl
2025-05-20 00:12:49,367 - INFO - Process completed successfully.
2025-05-20 00:20:07,190 - INFO - Loading dataset...
2025-05-20 00:20:07,199 - INFO - Preprocessing data...
2025-05-20 00:20:07,199 - INFO - Initial dataset size: 5295
2025-05-20 00:20:07,636 - INFO - 
Outliers removed: 52 rows
2025-05-20 00:20:07,636 - INFO - Dates with extreme rainfall (>100mm):
2025-05-20 00:20:07,637 - INFO - Date: 2010-01-15 00:00:00, Rainfall: 110.0mm
2025-05-20 00:20:07,638 - INFO - Date: 2010-02-20 00:00:00, Rainfall: 180.0mm
2025-05-20 00:20:07,638 - INFO - Date: 2011-02-05 00:00:00, Rainfall: 113.0mm
2025-05-20 00:20:07,639 - INFO - Date: 2011-02-06 00:00:00, Rainfall: 122.0mm
2025-05-20 00:20:07,639 - INFO - Date: 2012-03-15 00:00:00, Rainfall: 141.0mm
2025-05-20 00:20:07,639 - INFO - Date: 2012-05-13 00:00:00, Rainfall: 125.0mm
2025-05-20 00:20:07,640 - INFO - Date: 2013-01-02 00:00:00, Rainfall: 120.8mm
2025-05-20 00:20:07,641 - INFO - Date: 2013-01-04 00:00:00, Rainfall: 103.5mm
2025-05-20 00:20:07,641 - INFO - Date: 2014-01-13 00:00:00, Rainfall: 105.2mm
2025-05-20 00:20:07,642 - INFO - Date: 2014-04-08 00:00:00, Rainfall: 137.9mm
2025-05-20 00:20:07,642 - INFO - Date: 2014-12-06 00:00:00, Rainfall: 137.4mm
2025-05-20 00:20:07,642 - INFO - Date: 2014-12-07 00:00:00, Rainfall: 105.4mm
2025-05-20 00:20:07,644 - INFO - Date: 2015-01-22 00:00:00, Rainfall: 160.3mm
2025-05-20 00:20:07,644 - INFO - Date: 2015-03-03 00:00:00, Rainfall: 127.6mm
2025-05-20 00:20:07,644 - INFO - Date: 2015-12-18 00:00:00, Rainfall: 130.7mm
2025-05-20 00:20:07,645 - INFO - Date: 2015-12-19 00:00:00, Rainfall: 112.4mm
2025-05-20 00:20:07,645 - INFO - Date: 2016-01-22 00:00:00, Rainfall: 160.3mm
2025-05-20 00:20:07,645 - INFO - Date: 2016-02-28 00:00:00, Rainfall: 103.4mm
2025-05-20 00:20:07,645 - INFO - Date: 2016-10-10 00:00:00, Rainfall: 127.4mm
2025-05-20 00:20:07,647 - INFO - Date: 2016-10-25 00:00:00, Rainfall: 188.7mm
2025-05-20 00:20:07,647 - INFO - Date: 2016-12-13 00:00:00, Rainfall: 101.0mm
2025-05-20 00:20:07,647 - INFO - Date: 2016-12-30 00:00:00, Rainfall: 115.3mm
2025-05-20 00:20:07,648 - INFO - Date: 2017-01-26 00:00:00, Rainfall: 107.9mm
2025-05-20 00:20:07,648 - INFO - Date: 2017-02-17 00:00:00, Rainfall: 120.3mm
2025-05-20 00:20:07,649 - INFO - Date: 2017-12-13 00:00:00, Rainfall: 106.0mm
2025-05-20 00:20:07,649 - INFO - Date: 2017-12-20 00:00:00, Rainfall: 101.4mm
2025-05-20 00:20:07,649 - INFO - Date: 2017-12-21 00:00:00, Rainfall: 109.3mm
2025-05-20 00:20:07,650 - INFO - Date: 2017-12-22 00:00:00, Rainfall: 156.0mm
2025-05-20 00:20:07,650 - INFO - Date: 2018-01-12 00:00:00, Rainfall: 124.6mm
2025-05-20 00:20:07,650 - INFO - Date: 2018-01-13 00:00:00, Rainfall: 104.5mm
2025-05-20 00:20:07,651 - INFO - Date: 2018-02-16 00:00:00, Rainfall: 112.8mm
2025-05-20 00:20:07,651 - INFO - Date: 2018-03-14 00:00:00, Rainfall: 152.1mm
2025-05-20 00:20:07,652 - INFO - Date: 2018-12-23 00:00:00, Rainfall: 108.7mm
2025-05-20 00:20:07,652 - INFO - Date: 2018-12-28 00:00:00, Rainfall: 140.3mm
2025-05-20 00:20:07,652 - INFO - Date: 2019-04-29 00:00:00, Rainfall: 107.0mm
2025-05-20 00:20:07,653 - INFO - Date: 2020-05-22 00:00:00, Rainfall: 122.9mm
2025-05-20 00:20:07,653 - INFO - Date: 2021-01-16 00:00:00, Rainfall: 109.4mm
2025-05-20 00:20:07,653 - INFO - Date: 2021-01-19 00:00:00, Rainfall: 111.0mm
2025-05-20 00:20:07,654 - INFO - Date: 2021-01-25 00:00:00, Rainfall: 100.9mm
2025-05-20 00:20:07,654 - INFO - Date: 2021-03-10 00:00:00, Rainfall: 153.7mm
2025-05-20 00:20:07,654 - INFO - Date: 2021-04-02 00:00:00, Rainfall: 135.8mm
2025-05-20 00:20:07,655 - INFO - Date: 2021-12-06 00:00:00, Rainfall: 145.9mm
2025-05-20 00:20:07,655 - INFO - Date: 2021-12-07 00:00:00, Rainfall: 218.8mm
2025-05-20 00:20:07,656 - INFO - Date: 2022-01-01 00:00:00, Rainfall: 110.4mm
2025-05-20 00:20:07,656 - INFO - Date: 2022-01-20 00:00:00, Rainfall: 123.1mm
2025-05-20 00:20:07,656 - INFO - Date: 2022-02-21 00:00:00, Rainfall: 155.3mm
2025-05-20 00:20:07,657 - INFO - Date: 2022-05-27 00:00:00, Rainfall: 147.6mm
2025-05-20 00:20:07,657 - INFO - Date: 2022-10-07 00:00:00, Rainfall: 101.6mm
2025-05-20 00:20:07,657 - INFO - Date: 2022-12-28 00:00:00, Rainfall: 102.0mm
2025-05-20 00:20:07,658 - INFO - Date: 2023-02-02 00:00:00, Rainfall: 200.0mm
2025-05-20 00:20:07,658 - INFO - Date: 2023-02-13 00:00:00, Rainfall: 200.0mm
2025-05-20 00:20:07,658 - INFO - Date: 2023-02-14 00:00:00, Rainfall: 183.0mm
2025-05-20 00:20:09,222 - INFO - 
Rows dropped due to NaN values: 53
2025-05-20 00:20:09,223 - INFO - 
Final dataset size: 3604
2025-05-20 00:20:09,225 - INFO - Total rows removed: 1691
2025-05-20 00:20:09,225 - INFO - 
Rainfall Statistics After Processing:
2025-05-20 00:20:09,225 - INFO - Mean: 9.88mm
2025-05-20 00:20:09,225 - INFO - Median: 1.00mm
2025-05-20 00:20:09,226 - INFO - Std Dev: 17.50mm
2025-05-20 00:20:09,226 - INFO - Max: 100.00mm
2025-05-20 00:20:09,229 - INFO - 
No NaN values remain in the dataset.
2025-05-20 00:20:09,229 - INFO - 
Final feature list (55 features):
2025-05-20 00:20:09,230 - INFO - Tn, Tx, Tavg, RH_avg, ss, ff_x, ff_avg, ddd_x, Month, Day, DayOfWeek, Season, Temp_Range, Month_sin, Month_cos, Day_sin, Day_cos, DayOfYear_sin, DayOfYear_cos, Temp_Humidity, Temp_Range_RH, Dew_Point, Heat_Index, Rain_Streak, Dry_Streak, RR_Rolling_Mean_3d, RR_Rolling_Std_3d, Tavg_Rolling_Mean_3d, RH_Rolling_Mean_3d, RR_Rolling_Mean_7d, RR_Rolling_Std_7d, Tavg_Rolling_Mean_7d, RH_Rolling_Mean_7d, RR_Rolling_Mean_14d, RR_Rolling_Std_14d, Tavg_Rolling_Mean_14d, RH_Rolling_Mean_14d, RR_Lag_1, Tavg_Lag_1, Rain_Binary_Lag_1, RR_Lag_2, Tavg_Lag_2, Rain_Binary_Lag_2, RR_Lag_3, Tavg_Lag_3, Rain_Binary_Lag_3, RR_Lag_5, Tavg_Lag_5, Rain_Binary_Lag_5, RR_Lag_7, Tavg_Lag_7, Rain_Binary_Lag_7, RR_Lag_14, Tavg_Lag_14, Rain_Binary_Lag_14
2025-05-20 00:20:09,236 - INFO - 
Plotting correlations for top 15 features: RR_Rolling_Mean_3d, RR_Rolling_Std_3d, RR_Rolling_Mean_7d, RR_Rolling_Std_7d, Tx, RR_Rolling_Mean_14d, RH_avg, Tavg, RH_Rolling_Mean_3d, RR_Rolling_Std_14d, Tavg_Rolling_Mean_3d, Tavg_Lag_1, RH_Rolling_Mean_7d, Heat_Index, DayOfYear_cos
2025-05-20 00:20:11,312 - INFO - Training and evaluating model...
2025-05-20 00:20:11,314 - INFO - 
Feature matrix shape: (3604, 55)
2025-05-20 00:20:11,325 - INFO - 
Training Gradient Boosting model...
2025-05-20 00:20:17,060 - INFO - Making predictions...
2025-05-20 00:20:17,064 - INFO - 
Model evaluation metrics:
2025-05-20 00:20:17,064 - INFO - Mean Squared Error (MSE): 5.6175
2025-05-20 00:20:17,065 - INFO - Root Mean Squared Error (RMSE): 2.3701
2025-05-20 00:20:17,065 - INFO - Mean Absolute Error (MAE): 1.0219
2025-05-20 00:20:17,065 - INFO - R-squared (R²): 0.9726
2025-05-20 00:20:17,270 - INFO - Computing permutation importance (this may take a while)...
2025-05-20 00:20:20,619 - INFO - 
Feature Importance (top 10):
2025-05-20 00:20:20,620 - INFO - RR_Rolling_Mean_3d: 3.1787
2025-05-20 00:20:20,620 - INFO - RR_Lag_2: 0.6252
2025-05-20 00:20:20,620 - INFO - RR_Lag_1: 0.5478
2025-05-20 00:20:20,620 - INFO - RR_Rolling_Std_3d: 0.0833
2025-05-20 00:20:20,620 - INFO - Tx: 0.0134
2025-05-20 00:20:20,620 - INFO - Rain_Streak: 0.0037
2025-05-20 00:20:20,620 - INFO - Dry_Streak: 0.0034
2025-05-20 00:20:20,621 - INFO - Tn: 0.0022
2025-05-20 00:20:20,621 - INFO - RR_Rolling_Std_7d: 0.0021
2025-05-20 00:20:20,621 - INFO - Tavg_Lag_2: 0.0020
2025-05-20 00:20:20,850 - INFO - 
Preparing multi-day forecasting dataset...
2025-05-20 00:20:20,853 - INFO - 
Initial data shape: (3604, 61)
2025-05-20 00:20:20,854 - INFO - Initial NaN counts:
Tanggal               0
Tn                    0
Tx                    0
Tavg                  0
RH_avg                0
                     ..
Tavg_Lag_14           0
Rain_Binary_Lag_14    0
RainToday             0
Rain_Streak           0
Dry_Streak            0
Length: 61, dtype: int64
2025-05-20 00:20:20,984 - INFO - 
After adding all features - shape: (3604, 352)
2025-05-20 00:20:20,993 - INFO - NaN counts after features:
Tanggal            0
Tn                 0
Tx                 0
Tavg               0
RH_avg             0
                  ..
RR_cum_7d          6
RainPattern_3d     0
DryPattern_3d      0
RH_Tavg_RR_Lag1    0
Wind_RH_Lag1       0
Length: 352, dtype: int64
2025-05-20 00:20:21,088 - INFO - 
After handling missing values - shape: (3604, 352)
2025-05-20 00:20:21,097 - INFO - NaN counts after handling missing values:
Tanggal            0
Tn                 0
Tx                 0
Tavg               0
RH_avg             0
                  ..
RR_cum_7d          0
RainPattern_3d     0
DryPattern_3d      0
RH_Tavg_RR_Lag1    0
Wind_RH_Lag1       0
Length: 352, dtype: int64
2025-05-20 00:20:21,155 - INFO - 
Day 1 dataset - shape: 3603
2025-05-20 00:20:21,157 - INFO - Number of NaN values in day 1 dataset: 0
2025-05-20 00:20:21,157 - INFO - Final size of day 1 dataset: 3603
2025-05-20 00:20:21,180 - INFO - 
Day 2 dataset - shape: 3602
2025-05-20 00:20:21,182 - INFO - Number of NaN values in day 2 dataset: 0
2025-05-20 00:20:21,183 - INFO - Final size of day 2 dataset: 3602
2025-05-20 00:20:21,207 - INFO - 
Day 3 dataset - shape: 3601
2025-05-20 00:20:21,209 - INFO - Number of NaN values in day 3 dataset: 0
2025-05-20 00:20:21,210 - INFO - Final size of day 3 dataset: 3601
2025-05-20 00:20:21,235 - INFO - 
Day 4 dataset - shape: 3600
2025-05-20 00:20:21,237 - INFO - Number of NaN values in day 4 dataset: 0
2025-05-20 00:20:21,237 - INFO - Final size of day 4 dataset: 3600
2025-05-20 00:20:21,262 - INFO - 
Day 5 dataset - shape: 3599
2025-05-20 00:20:21,265 - INFO - Number of NaN values in day 5 dataset: 0
2025-05-20 00:20:21,265 - INFO - Final size of day 5 dataset: 3599
2025-05-20 00:20:21,266 - INFO - 
Training multi-day forecasting models...
2025-05-20 00:20:21,266 - INFO - 
--- Training models for 0-day ahead prediction ---
2025-05-20 00:20:21,267 - INFO - Using 346 features for day 0 prediction
2025-05-20 00:20:21,303 - INFO - Training gbm model for day 0...
2025-05-20 00:20:24,992 - INFO - gbm - MSE: 5.2043, RMSE: 2.2813, MAE: 1.1903, R²: 0.9746
2025-05-20 00:20:24,992 - INFO - Training rf model for day 0...
2025-05-20 00:20:25,968 - INFO - rf - MSE: 11.8969, RMSE: 3.4492, MAE: 1.8393, R²: 0.9419
2025-05-20 00:20:25,969 - INFO - Training ridge model for day 0...
2025-05-20 00:20:25,982 - INFO - ridge - MSE: 0.5326, RMSE: 0.7298, MAE: 0.1670, R²: 0.9974
2025-05-20 00:20:25,982 - INFO - Training mlp model for day 0...
2025-05-20 00:20:28,742 - INFO - mlp - MSE: 16651.0093, RMSE: 129.0388, MAE: 11.7430, R²: -80.3629
2025-05-20 00:20:28,743 - INFO - Weighted Ensemble - MSE: 53.9748, RMSE: 7.3468, MAE: 1.4976, R²: 0.7363
2025-05-20 00:20:28,744 - INFO -   gbm weight in ensemble: 0.3158
2025-05-20 00:20:28,744 - INFO -   rf weight in ensemble: 0.3022
2025-05-20 00:20:28,744 - INFO -   ridge weight in ensemble: 0.3271
2025-05-20 00:20:28,744 - INFO -   mlp weight in ensemble: 0.0550
2025-05-20 00:20:28,745 - INFO - Best model for day 0: ridge with R²: 0.9974
2025-05-20 00:20:31,244 - INFO - 
Top 10 most important features for 0-day ahead prediction:
2025-05-20 00:20:31,244 - INFO - 1. RR_Rolling_Mean_3d: 0.3117
2025-05-20 00:20:31,244 - INFO - 2. RR_cum_3d: 0.1478
2025-05-20 00:20:31,245 - INFO - 3. RR_1d_change: 0.1459
2025-05-20 00:20:31,245 - INFO - 4. RR_7d_change: 0.1440
2025-05-20 00:20:31,246 - INFO - 5. RR_Lag_1_past_1d: 0.1112
2025-05-20 00:20:31,246 - INFO - 6. RR_Rolling_Mean_3d_past_2d: 0.1092
2025-05-20 00:20:31,246 - INFO - 7. RR_3d_change: 0.0908
2025-05-20 00:20:31,246 - INFO - 8. RR_SameDay_1wk: 0.0790
2025-05-20 00:20:31,246 - INFO - 9. RR_Rolling_Mean_3d_past_3d: 0.0464
2025-05-20 00:20:31,246 - INFO - 10. RR_Rolling_Mean_14d: 0.0355
2025-05-20 00:20:31,597 - INFO - 
--- Training models for 1-day ahead prediction ---
2025-05-20 00:20:31,597 - INFO - Using 219 features for day 1 prediction
2025-05-20 00:20:31,600 - INFO - Test data contains seasons: [2 3 4 1]
2025-05-20 00:20:31,602 - INFO - Season 2 has 720 examples in training data
2025-05-20 00:20:31,603 - INFO - Season 3 has 672 examples in training data
2025-05-20 00:20:31,603 - INFO - Season 4 has 608 examples in training data
2025-05-20 00:20:31,603 - INFO - Season 1 has 882 examples in training data
2025-05-20 00:20:31,619 - INFO - Training gbm model for day 1...
2025-05-20 00:20:34,477 - INFO - gbm - MSE: 144.7562, RMSE: 12.0315, MAE: 7.6286, R²: 0.2927
2025-05-20 00:20:34,477 - INFO - Training rf model for day 1...
2025-05-20 00:20:35,425 - INFO - rf - MSE: 130.4252, RMSE: 11.4204, MAE: 7.4240, R²: 0.3627
2025-05-20 00:20:35,425 - INFO - Training ridge model for day 1...
2025-05-20 00:20:35,442 - INFO - ridge - MSE: 7894.5014, RMSE: 88.8510, MAE: 13.0324, R²: -37.5754
2025-05-20 00:20:35,442 - INFO - Training mlp model for day 1...
2025-05-20 00:20:36,040 - INFO - mlp - MSE: 4891.0587, RMSE: 69.9361, MAE: 11.1378, R²: -22.8995
2025-05-20 00:20:36,041 - INFO - Weighted Ensemble - MSE: 434.2541, RMSE: 20.8388, MAE: 7.9139, R²: -1.1219
2025-05-20 00:20:36,041 - INFO -   gbm weight in ensemble: 0.2502
2025-05-20 00:20:36,041 - INFO -   rf weight in ensemble: 0.3415
2025-05-20 00:20:36,041 - INFO -   ridge weight in ensemble: 0.2042
2025-05-20 00:20:36,041 - INFO -   mlp weight in ensemble: 0.2042
2025-05-20 00:20:36,042 - INFO - Best model for day 1: rf with R²: 0.3627
2025-05-20 00:20:36,291 - INFO - 
Top 10 most important features for 1-day ahead prediction:
2025-05-20 00:20:36,292 - INFO - 1. Tn_past_3d: 0.0421
2025-05-20 00:20:36,292 - INFO - 2. RR_Rolling_Std_3d: 0.0414
2025-05-20 00:20:36,292 - INFO - 3. DayOfYear_cos_past_1d: 0.0301
2025-05-20 00:20:36,292 - INFO - 4. Day_sin_past_4d: 0.0237
2025-05-20 00:20:36,293 - INFO - 5. RR_Rolling_Std_7d: 0.0203
2025-05-20 00:20:36,293 - INFO - 6. Tavg_Rolling_Mean_3d_past_1d: 0.0195
2025-05-20 00:20:36,293 - INFO - 7. Tavg_Lag_2: 0.0171
2025-05-20 00:20:36,293 - INFO - 8. Temp_Humidity_past_3d: 0.0168
2025-05-20 00:20:36,293 - INFO - 9. Rain_Binary_Lag_2: 0.0156
2025-05-20 00:20:36,293 - INFO - 10. ff_avg: 0.0137
2025-05-20 00:20:36,585 - INFO - 
--- Training models for 2-day ahead prediction ---
2025-05-20 00:20:36,585 - INFO - Using 219 features for day 2 prediction
2025-05-20 00:20:36,588 - INFO - Test data contains seasons: [2 3 4 1]
2025-05-20 00:20:36,588 - INFO - Season 2 has 719 examples in training data
2025-05-20 00:20:36,589 - INFO - Season 3 has 672 examples in training data
2025-05-20 00:20:36,589 - INFO - Season 4 has 608 examples in training data
2025-05-20 00:20:36,590 - INFO - Season 1 has 882 examples in training data
2025-05-20 00:20:36,608 - INFO - Training gbm model for day 2...
2025-05-20 00:20:39,538 - INFO - gbm - MSE: 182.3218, RMSE: 13.5027, MAE: 8.8760, R²: 0.1091
2025-05-20 00:20:39,538 - INFO - Training rf model for day 2...
2025-05-20 00:20:40,508 - INFO - rf - MSE: 165.3024, RMSE: 12.8570, MAE: 8.5177, R²: 0.1923
2025-05-20 00:20:40,508 - INFO - Training ridge model for day 2...
2025-05-20 00:20:40,517 - INFO - ridge - MSE: 13077.0675, RMSE: 114.3550, MAE: 16.3251, R²: -62.8993
2025-05-20 00:20:40,517 - INFO - Training mlp model for day 2...
2025-05-20 00:20:41,021 - INFO - mlp - MSE: 4226.7421, RMSE: 65.0134, MAE: 11.6814, R²: -19.6534
2025-05-20 00:20:41,022 - INFO - Weighted Ensemble - MSE: 323.6736, RMSE: 17.9909, MAE: 9.0200, R²: -0.5816
2025-05-20 00:20:41,022 - INFO -   gbm weight in ensemble: 0.2500
2025-05-20 00:20:41,022 - INFO -   rf weight in ensemble: 0.2500
2025-05-20 00:20:41,023 - INFO -   ridge weight in ensemble: 0.2500
2025-05-20 00:20:41,023 - INFO -   mlp weight in ensemble: 0.2500
2025-05-20 00:20:41,023 - INFO - Best model for day 2: rf with R²: 0.1923
2025-05-20 00:20:41,290 - INFO - 
Top 10 most important features for 2-day ahead prediction:
2025-05-20 00:20:41,290 - INFO - 1. Temp_Humidity_past_3d: 0.0232
2025-05-20 00:20:41,290 - INFO - 2. Month_past_2d: 0.0198
2025-05-20 00:20:41,291 - INFO - 3. RR_Rolling_Std_7d_past_5d: 0.0181
2025-05-20 00:20:41,291 - INFO - 4. RR_Rolling_Mean_7d_past_5d: 0.0171
2025-05-20 00:20:41,291 - INFO - 5. ff_avg: 0.0160
2025-05-20 00:20:41,292 - INFO - 6. RR_Rolling_Mean_14d: 0.0153
2025-05-20 00:20:41,292 - INFO - 7. DayOfYear_sin_past_3d: 0.0148
2025-05-20 00:20:41,292 - INFO - 8. RR_Rolling_Std_3d_past_5d: 0.0142
2025-05-20 00:20:41,292 - INFO - 9. RR_Rolling_Std_7d_past_2d: 0.0128
2025-05-20 00:20:41,293 - INFO - 10. ddd_x_past_3d: 0.0120
2025-05-20 00:20:41,585 - INFO - 
--- Training models for 3-day ahead prediction ---
2025-05-20 00:20:41,585 - INFO - Using 172 features for day 3 prediction
2025-05-20 00:20:41,588 - INFO - Test data contains seasons: [2 3 4 1]
2025-05-20 00:20:41,588 - INFO - Season 2 has 718 examples in training data
2025-05-20 00:20:41,588 - INFO - Season 3 has 672 examples in training data
2025-05-20 00:20:41,589 - INFO - Season 4 has 608 examples in training data
2025-05-20 00:20:41,589 - INFO - Season 1 has 882 examples in training data
2025-05-20 00:20:41,603 - INFO - Training gbm model for day 3...
2025-05-20 00:20:44,667 - INFO - gbm - MSE: 201.1269, RMSE: 14.1819, MAE: 9.1402, R²: 0.0172
2025-05-20 00:20:44,668 - INFO - Training rf model for day 3...
2025-05-20 00:20:45,668 - INFO - rf - MSE: 178.9156, RMSE: 13.3759, MAE: 8.9049, R²: 0.1258
2025-05-20 00:20:45,668 - INFO - Training ridge model for day 3...
2025-05-20 00:20:45,674 - INFO - ridge - MSE: 10973.4353, RMSE: 104.7542, MAE: 12.7184, R²: -52.6202
2025-05-20 00:20:45,674 - INFO - Training mlp model for day 3...
2025-05-20 00:20:46,771 - INFO - mlp - MSE: 214.8151, RMSE: 14.6566, MAE: 8.8952, R²: -0.0497
2025-05-20 00:20:46,772 - INFO - Weighted Ensemble - MSE: 790.0877, RMSE: 28.1085, MAE: 9.5483, R²: -2.8607
2025-05-20 00:20:46,772 - INFO -   gbm weight in ensemble: 0.2500
2025-05-20 00:20:46,772 - INFO -   rf weight in ensemble: 0.2500
2025-05-20 00:20:46,772 - INFO -   ridge weight in ensemble: 0.2500
2025-05-20 00:20:46,772 - INFO -   mlp weight in ensemble: 0.2500
2025-05-20 00:20:46,773 - INFO - Best model for day 3: rf with R²: 0.1258
2025-05-20 00:20:47,012 - INFO - 
Top 10 most important features for 3-day ahead prediction:
2025-05-20 00:20:47,012 - INFO - 1. DayOfWeek_past_5d: 0.0331
2025-05-20 00:20:47,013 - INFO - 2. Month_past_3d: 0.0241
2025-05-20 00:20:47,013 - INFO - 3. Heat_Index_past_2d: 0.0188
2025-05-20 00:20:47,014 - INFO - 4. Day_cos: 0.0172
2025-05-20 00:20:47,014 - INFO - 5. ss_past_1d: 0.0169
2025-05-20 00:20:47,014 - INFO - 6. Season_past_1d: 0.0168
2025-05-20 00:20:47,014 - INFO - 7. Dew_Point_past_3d: 0.0153
2025-05-20 00:20:47,014 - INFO - 8. Day_cos_past_2d: 0.0148
2025-05-20 00:20:47,014 - INFO - 9. Rain_Streak_past_2d: 0.0146
2025-05-20 00:20:47,014 - INFO - 10. ss: 0.0138
2025-05-20 00:20:47,299 - INFO - 
--- Training models for 4-day ahead prediction ---
2025-05-20 00:20:47,300 - INFO - Using 172 features for day 4 prediction
2025-05-20 00:20:47,303 - INFO - Test data contains seasons: [2 3 4 1]
2025-05-20 00:20:47,304 - INFO - Season 2 has 718 examples in training data
2025-05-20 00:20:47,304 - INFO - Season 3 has 672 examples in training data
2025-05-20 00:20:47,304 - INFO - Season 4 has 608 examples in training data
2025-05-20 00:20:47,305 - INFO - Season 1 has 882 examples in training data
2025-05-20 00:20:47,318 - INFO - Training gbm model for day 4...
2025-05-20 00:20:50,476 - INFO - gbm - MSE: 214.1950, RMSE: 14.6354, MAE: 9.3401, R²: -0.0456
2025-05-20 00:20:50,476 - INFO - Training rf model for day 4...
2025-05-20 00:20:51,516 - INFO - rf - MSE: 176.7631, RMSE: 13.2952, MAE: 8.8226, R²: 0.1372
2025-05-20 00:20:51,516 - INFO - Training ridge model for day 4...
2025-05-20 00:20:51,523 - INFO - ridge - MSE: 9530.5408, RMSE: 97.6245, MAE: 12.4292, R²: -45.5221
2025-05-20 00:20:51,524 - INFO - Training mlp model for day 4...
2025-05-20 00:20:52,578 - INFO - mlp - MSE: 176.1224, RMSE: 13.2711, MAE: 8.2603, R²: 0.1403
2025-05-20 00:20:52,580 - INFO - Weighted Ensemble - MSE: 751.6294, RMSE: 27.4159, MAE: 9.4579, R²: -2.6690
2025-05-20 00:20:52,580 - INFO -   gbm weight in ensemble: 0.2500
2025-05-20 00:20:52,580 - INFO -   rf weight in ensemble: 0.2500
2025-05-20 00:20:52,580 - INFO -   ridge weight in ensemble: 0.2500
2025-05-20 00:20:52,580 - INFO -   mlp weight in ensemble: 0.2500
2025-05-20 00:20:52,581 - INFO - Best model for day 4: mlp with R²: 0.1403
2025-05-20 00:20:55,660 - INFO - 
Top 10 most important features for 4-day ahead prediction:
2025-05-20 00:20:55,660 - INFO - 1. Temp_Range_past_2d: 0.0098
2025-05-20 00:20:55,660 - INFO - 2. ff_x_past_3d: 0.0082
2025-05-20 00:20:55,661 - INFO - 3. Temp_Range: 0.0069
2025-05-20 00:20:55,661 - INFO - 4. Tavg_past_5d: 0.0058
2025-05-20 00:20:55,661 - INFO - 5. RH_avg_past_4d: 0.0057
2025-05-20 00:20:55,662 - INFO - 6. RR_Rolling_Std_14d: 0.0056
2025-05-20 00:20:55,662 - INFO - 7. Month_sin: 0.0052
2025-05-20 00:20:55,662 - INFO - 8. Temp_Range_RH_past_4d: 0.0052
2025-05-20 00:20:55,662 - INFO - 9. RH_Rolling_Mean_14d: 0.0051
2025-05-20 00:20:55,662 - INFO - 10. Day_cos_past_1d: 0.0050
2025-05-20 00:20:56,135 - INFO - 
--- Training models for 5-day ahead prediction ---
2025-05-20 00:20:56,136 - INFO - Using 172 features for day 5 prediction
2025-05-20 00:20:56,140 - INFO - Test data contains seasons: [2 3 4 1]
2025-05-20 00:20:56,141 - INFO - Season 2 has 717 examples in training data
2025-05-20 00:20:56,141 - INFO - Season 3 has 672 examples in training data
2025-05-20 00:20:56,142 - INFO - Season 4 has 608 examples in training data
2025-05-20 00:20:56,143 - INFO - Season 1 has 882 examples in training data
2025-05-20 00:20:56,159 - INFO - Training gbm model for day 5...
2025-05-20 00:20:59,296 - INFO - gbm - MSE: 192.8282, RMSE: 13.8863, MAE: 8.9153, R²: 0.0587
2025-05-20 00:20:59,298 - INFO - Training rf model for day 5...
2025-05-20 00:21:00,291 - INFO - rf - MSE: 181.0751, RMSE: 13.4564, MAE: 8.9968, R²: 0.1161
2025-05-20 00:21:00,292 - INFO - Training ridge model for day 5...
2025-05-20 00:21:00,298 - INFO - ridge - MSE: 4091.1176, RMSE: 63.9618, MAE: 11.2062, R²: -18.9702
2025-05-20 00:21:00,298 - INFO - Training mlp model for day 5...
2025-05-20 00:21:00,958 - INFO - mlp - MSE: 2496.0746, RMSE: 49.9607, MAE: 9.8029, R²: -11.1843
2025-05-20 00:21:00,959 - INFO - Weighted Ensemble - MSE: 955.8534, RMSE: 30.9169, MAE: 9.5318, R²: -3.6659
2025-05-20 00:21:00,959 - INFO -   gbm weight in ensemble: 0.2500
2025-05-20 00:21:00,960 - INFO -   rf weight in ensemble: 0.2500
2025-05-20 00:21:00,960 - INFO -   ridge weight in ensemble: 0.2500
2025-05-20 00:21:00,960 - INFO -   mlp weight in ensemble: 0.2500
2025-05-20 00:21:00,960 - INFO - Best model for day 5: rf with R²: 0.1161
2025-05-20 00:21:01,260 - INFO - 
Top 10 most important features for 5-day ahead prediction:
2025-05-20 00:21:01,261 - INFO - 1. DayOfWeek_past_5d: 0.0345
2025-05-20 00:21:01,261 - INFO - 2. Month_past_3d: 0.0245
2025-05-20 00:21:01,261 - INFO - 3. Heat_Index_past_2d: 0.0183
2025-05-20 00:21:01,261 - INFO - 4. Season_past_1d: 0.0170
2025-05-20 00:21:01,261 - INFO - 5. Day_cos: 0.0170
2025-05-20 00:21:01,262 - INFO - 6. Dew_Point_past_3d: 0.0165
2025-05-20 00:21:01,262 - INFO - 7. ss_past_1d: 0.0150
2025-05-20 00:21:01,262 - INFO - 8. Rain_Binary_Lag_3: 0.0129
2025-05-20 00:21:01,262 - INFO - 9. Tn_past_5d: 0.0127
2025-05-20 00:21:01,262 - INFO - 10. Day_cos_past_3d: 0.0127
2025-05-20 00:21:02,129 - ERROR - Error in model training and evaluation: 'pred_std'
2025-05-20 00:21:02,129 - ERROR - Error in main process: 'pred_std'
2025-05-20 00:24:42,615 - INFO - Loading dataset...
2025-05-20 00:24:42,623 - INFO - Preprocessing data...
2025-05-20 00:24:42,624 - INFO - Initial dataset size: 5295
2025-05-20 00:24:43,019 - INFO - 
Outliers removed: 52 rows
2025-05-20 00:24:43,019 - INFO - Dates with extreme rainfall (>100mm):
2025-05-20 00:24:43,020 - INFO - Date: 2010-01-15 00:00:00, Rainfall: 110.0mm
2025-05-20 00:24:43,020 - INFO - Date: 2010-02-20 00:00:00, Rainfall: 180.0mm
2025-05-20 00:24:43,021 - INFO - Date: 2011-02-05 00:00:00, Rainfall: 113.0mm
2025-05-20 00:24:43,021 - INFO - Date: 2011-02-06 00:00:00, Rainfall: 122.0mm
2025-05-20 00:24:43,022 - INFO - Date: 2012-03-15 00:00:00, Rainfall: 141.0mm
2025-05-20 00:24:43,022 - INFO - Date: 2012-05-13 00:00:00, Rainfall: 125.0mm
2025-05-20 00:24:43,022 - INFO - Date: 2013-01-02 00:00:00, Rainfall: 120.8mm
2025-05-20 00:24:43,023 - INFO - Date: 2013-01-04 00:00:00, Rainfall: 103.5mm
2025-05-20 00:24:43,023 - INFO - Date: 2014-01-13 00:00:00, Rainfall: 105.2mm
2025-05-20 00:24:43,023 - INFO - Date: 2014-04-08 00:00:00, Rainfall: 137.9mm
2025-05-20 00:24:43,023 - INFO - Date: 2014-12-06 00:00:00, Rainfall: 137.4mm
2025-05-20 00:24:43,024 - INFO - Date: 2014-12-07 00:00:00, Rainfall: 105.4mm
2025-05-20 00:24:43,024 - INFO - Date: 2015-01-22 00:00:00, Rainfall: 160.3mm
2025-05-20 00:24:43,024 - INFO - Date: 2015-03-03 00:00:00, Rainfall: 127.6mm
2025-05-20 00:24:43,024 - INFO - Date: 2015-12-18 00:00:00, Rainfall: 130.7mm
2025-05-20 00:24:43,024 - INFO - Date: 2015-12-19 00:00:00, Rainfall: 112.4mm
2025-05-20 00:24:43,025 - INFO - Date: 2016-01-22 00:00:00, Rainfall: 160.3mm
2025-05-20 00:24:43,026 - INFO - Date: 2016-02-28 00:00:00, Rainfall: 103.4mm
2025-05-20 00:24:43,026 - INFO - Date: 2016-10-10 00:00:00, Rainfall: 127.4mm
2025-05-20 00:24:43,026 - INFO - Date: 2016-10-25 00:00:00, Rainfall: 188.7mm
2025-05-20 00:24:43,028 - INFO - Date: 2016-12-13 00:00:00, Rainfall: 101.0mm
2025-05-20 00:24:43,028 - INFO - Date: 2016-12-30 00:00:00, Rainfall: 115.3mm
2025-05-20 00:24:43,029 - INFO - Date: 2017-01-26 00:00:00, Rainfall: 107.9mm
2025-05-20 00:24:43,029 - INFO - Date: 2017-02-17 00:00:00, Rainfall: 120.3mm
2025-05-20 00:24:43,029 - INFO - Date: 2017-12-13 00:00:00, Rainfall: 106.0mm
2025-05-20 00:24:43,029 - INFO - Date: 2017-12-20 00:00:00, Rainfall: 101.4mm
2025-05-20 00:24:43,030 - INFO - Date: 2017-12-21 00:00:00, Rainfall: 109.3mm
2025-05-20 00:24:43,030 - INFO - Date: 2017-12-22 00:00:00, Rainfall: 156.0mm
2025-05-20 00:24:43,030 - INFO - Date: 2018-01-12 00:00:00, Rainfall: 124.6mm
2025-05-20 00:24:43,031 - INFO - Date: 2018-01-13 00:00:00, Rainfall: 104.5mm
2025-05-20 00:24:43,031 - INFO - Date: 2018-02-16 00:00:00, Rainfall: 112.8mm
2025-05-20 00:24:43,032 - INFO - Date: 2018-03-14 00:00:00, Rainfall: 152.1mm
2025-05-20 00:24:43,032 - INFO - Date: 2018-12-23 00:00:00, Rainfall: 108.7mm
2025-05-20 00:24:43,032 - INFO - Date: 2018-12-28 00:00:00, Rainfall: 140.3mm
2025-05-20 00:24:43,034 - INFO - Date: 2019-04-29 00:00:00, Rainfall: 107.0mm
2025-05-20 00:24:43,034 - INFO - Date: 2020-05-22 00:00:00, Rainfall: 122.9mm
2025-05-20 00:24:43,034 - INFO - Date: 2021-01-16 00:00:00, Rainfall: 109.4mm
2025-05-20 00:24:43,035 - INFO - Date: 2021-01-19 00:00:00, Rainfall: 111.0mm
2025-05-20 00:24:43,035 - INFO - Date: 2021-01-25 00:00:00, Rainfall: 100.9mm
2025-05-20 00:24:43,035 - INFO - Date: 2021-03-10 00:00:00, Rainfall: 153.7mm
2025-05-20 00:24:43,035 - INFO - Date: 2021-04-02 00:00:00, Rainfall: 135.8mm
2025-05-20 00:24:43,035 - INFO - Date: 2021-12-06 00:00:00, Rainfall: 145.9mm
2025-05-20 00:24:43,036 - INFO - Date: 2021-12-07 00:00:00, Rainfall: 218.8mm
2025-05-20 00:24:43,036 - INFO - Date: 2022-01-01 00:00:00, Rainfall: 110.4mm
2025-05-20 00:24:43,036 - INFO - Date: 2022-01-20 00:00:00, Rainfall: 123.1mm
2025-05-20 00:24:43,037 - INFO - Date: 2022-02-21 00:00:00, Rainfall: 155.3mm
2025-05-20 00:24:43,037 - INFO - Date: 2022-05-27 00:00:00, Rainfall: 147.6mm
2025-05-20 00:24:43,038 - INFO - Date: 2022-10-07 00:00:00, Rainfall: 101.6mm
2025-05-20 00:24:43,038 - INFO - Date: 2022-12-28 00:00:00, Rainfall: 102.0mm
2025-05-20 00:24:43,038 - INFO - Date: 2023-02-02 00:00:00, Rainfall: 200.0mm
2025-05-20 00:24:43,039 - INFO - Date: 2023-02-13 00:00:00, Rainfall: 200.0mm
2025-05-20 00:24:43,039 - INFO - Date: 2023-02-14 00:00:00, Rainfall: 183.0mm
2025-05-20 00:24:44,678 - INFO - 
Rows dropped due to NaN values: 53
2025-05-20 00:24:44,679 - INFO - 
Final dataset size: 3604
2025-05-20 00:24:44,680 - INFO - Total rows removed: 1691
2025-05-20 00:24:44,680 - INFO - 
Rainfall Statistics After Processing:
2025-05-20 00:24:44,680 - INFO - Mean: 9.88mm
2025-05-20 00:24:44,681 - INFO - Median: 1.00mm
2025-05-20 00:24:44,681 - INFO - Std Dev: 17.50mm
2025-05-20 00:24:44,681 - INFO - Max: 100.00mm
2025-05-20 00:24:44,683 - INFO - 
No NaN values remain in the dataset.
2025-05-20 00:24:44,683 - INFO - 
Final feature list (55 features):
2025-05-20 00:24:44,683 - INFO - Tn, Tx, Tavg, RH_avg, ss, ff_x, ff_avg, ddd_x, Month, Day, DayOfWeek, Season, Temp_Range, Month_sin, Month_cos, Day_sin, Day_cos, DayOfYear_sin, DayOfYear_cos, Temp_Humidity, Temp_Range_RH, Dew_Point, Heat_Index, Rain_Streak, Dry_Streak, RR_Rolling_Mean_3d, RR_Rolling_Std_3d, Tavg_Rolling_Mean_3d, RH_Rolling_Mean_3d, RR_Rolling_Mean_7d, RR_Rolling_Std_7d, Tavg_Rolling_Mean_7d, RH_Rolling_Mean_7d, RR_Rolling_Mean_14d, RR_Rolling_Std_14d, Tavg_Rolling_Mean_14d, RH_Rolling_Mean_14d, RR_Lag_1, Tavg_Lag_1, Rain_Binary_Lag_1, RR_Lag_2, Tavg_Lag_2, Rain_Binary_Lag_2, RR_Lag_3, Tavg_Lag_3, Rain_Binary_Lag_3, RR_Lag_5, Tavg_Lag_5, Rain_Binary_Lag_5, RR_Lag_7, Tavg_Lag_7, Rain_Binary_Lag_7, RR_Lag_14, Tavg_Lag_14, Rain_Binary_Lag_14
2025-05-20 00:24:44,691 - INFO - 
Plotting correlations for top 15 features: RR_Rolling_Mean_3d, RR_Rolling_Std_3d, RR_Rolling_Mean_7d, RR_Rolling_Std_7d, Tx, RR_Rolling_Mean_14d, RH_avg, Tavg, RH_Rolling_Mean_3d, RR_Rolling_Std_14d, Tavg_Rolling_Mean_3d, Tavg_Lag_1, RH_Rolling_Mean_7d, Heat_Index, DayOfYear_cos
2025-05-20 00:24:46,821 - INFO - Training and evaluating model...
2025-05-20 00:24:46,823 - INFO - 
Feature matrix shape: (3604, 55)
2025-05-20 00:24:46,835 - INFO - 
Training Gradient Boosting model...
2025-05-20 00:24:52,586 - INFO - Making predictions...
2025-05-20 00:24:52,590 - INFO - 
Model evaluation metrics:
2025-05-20 00:24:52,590 - INFO - Mean Squared Error (MSE): 5.6175
2025-05-20 00:24:52,590 - INFO - Root Mean Squared Error (RMSE): 2.3701
2025-05-20 00:24:52,590 - INFO - Mean Absolute Error (MAE): 1.0219
2025-05-20 00:24:52,590 - INFO - R-squared (R²): 0.9726
2025-05-20 00:24:52,787 - INFO - Computing permutation importance (this may take a while)...
2025-05-20 00:24:56,523 - INFO - 
Feature Importance (top 10):
2025-05-20 00:24:56,523 - INFO - RR_Rolling_Mean_3d: 3.1787
2025-05-20 00:24:56,523 - INFO - RR_Lag_2: 0.6252
2025-05-20 00:24:56,525 - INFO - RR_Lag_1: 0.5478
2025-05-20 00:24:56,525 - INFO - RR_Rolling_Std_3d: 0.0833
2025-05-20 00:24:56,525 - INFO - Tx: 0.0134
2025-05-20 00:24:56,525 - INFO - Rain_Streak: 0.0037
2025-05-20 00:24:56,525 - INFO - Dry_Streak: 0.0034
2025-05-20 00:24:56,525 - INFO - Tn: 0.0022
2025-05-20 00:24:56,525 - INFO - RR_Rolling_Std_7d: 0.0021
2025-05-20 00:24:56,525 - INFO - Tavg_Lag_2: 0.0020
2025-05-20 00:24:56,747 - INFO - 
Preparing multi-day forecasting dataset...
2025-05-20 00:24:56,750 - INFO - 
Initial data shape: (3604, 61)
2025-05-20 00:24:56,752 - INFO - Initial NaN counts:
Tanggal               0
Tn                    0
Tx                    0
Tavg                  0
RH_avg                0
                     ..
Tavg_Lag_14           0
Rain_Binary_Lag_14    0
RainToday             0
Rain_Streak           0
Dry_Streak            0
Length: 61, dtype: int64
2025-05-20 00:24:56,886 - INFO - 
After adding all features - shape: (3604, 352)
2025-05-20 00:24:56,894 - INFO - NaN counts after features:
Tanggal            0
Tn                 0
Tx                 0
Tavg               0
RH_avg             0
                  ..
RR_cum_7d          6
RainPattern_3d     0
DryPattern_3d      0
RH_Tavg_RR_Lag1    0
Wind_RH_Lag1       0
Length: 352, dtype: int64
2025-05-20 00:24:56,997 - INFO - 
After handling missing values - shape: (3604, 352)
2025-05-20 00:24:57,006 - INFO - NaN counts after handling missing values:
Tanggal            0
Tn                 0
Tx                 0
Tavg               0
RH_avg             0
                  ..
RR_cum_7d          0
RainPattern_3d     0
DryPattern_3d      0
RH_Tavg_RR_Lag1    0
Wind_RH_Lag1       0
Length: 352, dtype: int64
2025-05-20 00:24:57,067 - INFO - 
Day 1 dataset - shape: 3603
2025-05-20 00:24:57,070 - INFO - Number of NaN values in day 1 dataset: 0
2025-05-20 00:24:57,071 - INFO - Final size of day 1 dataset: 3603
2025-05-20 00:24:57,094 - INFO - 
Day 2 dataset - shape: 3602
2025-05-20 00:24:57,098 - INFO - Number of NaN values in day 2 dataset: 0
2025-05-20 00:24:57,098 - INFO - Final size of day 2 dataset: 3602
2025-05-20 00:24:57,125 - INFO - 
Day 3 dataset - shape: 3601
2025-05-20 00:24:57,127 - INFO - Number of NaN values in day 3 dataset: 0
2025-05-20 00:24:57,128 - INFO - Final size of day 3 dataset: 3601
2025-05-20 00:24:57,154 - INFO - 
Day 4 dataset - shape: 3600
2025-05-20 00:24:57,156 - INFO - Number of NaN values in day 4 dataset: 0
2025-05-20 00:24:57,157 - INFO - Final size of day 4 dataset: 3600
2025-05-20 00:24:57,180 - INFO - 
Day 5 dataset - shape: 3599
2025-05-20 00:24:57,183 - INFO - Number of NaN values in day 5 dataset: 0
2025-05-20 00:24:57,183 - INFO - Final size of day 5 dataset: 3599
2025-05-20 00:24:57,185 - INFO - 
Training multi-day forecasting models...
2025-05-20 00:24:57,185 - INFO - 
--- Training models for 0-day ahead prediction ---
2025-05-20 00:24:57,185 - INFO - Using 346 features for day 0 prediction
2025-05-20 00:25:13,309 - INFO - gbm CV R² scores: 0.9582 ± 0.0107
2025-05-20 00:25:17,900 - INFO - rf CV R² scores: 0.9150 ± 0.0072
2025-05-20 00:25:17,968 - INFO - ridge CV R² scores: 0.9987 ± 0.0009
2025-05-20 00:25:27,096 - INFO - mlp CV R² scores: 0.9886 ± 0.0025
2025-05-20 00:25:27,098 - ERROR - Error in model training and evaluation: 'GBMWeatherPredictor' object has no attribute '_plot_prediction_with_error_bars'
2025-05-20 00:25:27,098 - ERROR - Error in main process: 'GBMWeatherPredictor' object has no attribute '_plot_prediction_with_error_bars'
2025-05-20 00:26:25,021 - INFO - Loading dataset...
2025-05-20 00:26:25,031 - INFO - Preprocessing data...
2025-05-20 00:26:25,032 - INFO - Initial dataset size: 5295
2025-05-20 00:26:25,358 - INFO - 
Outliers removed: 52 rows
2025-05-20 00:26:25,359 - INFO - Dates with extreme rainfall (>100mm):
2025-05-20 00:26:25,359 - INFO - Date: 2010-01-15 00:00:00, Rainfall: 110.0mm
2025-05-20 00:26:25,360 - INFO - Date: 2010-02-20 00:00:00, Rainfall: 180.0mm
2025-05-20 00:26:25,360 - INFO - Date: 2011-02-05 00:00:00, Rainfall: 113.0mm
2025-05-20 00:26:25,360 - INFO - Date: 2011-02-06 00:00:00, Rainfall: 122.0mm
2025-05-20 00:26:25,360 - INFO - Date: 2012-03-15 00:00:00, Rainfall: 141.0mm
2025-05-20 00:26:25,361 - INFO - Date: 2012-05-13 00:00:00, Rainfall: 125.0mm
2025-05-20 00:26:25,361 - INFO - Date: 2013-01-02 00:00:00, Rainfall: 120.8mm
2025-05-20 00:26:25,361 - INFO - Date: 2013-01-04 00:00:00, Rainfall: 103.5mm
2025-05-20 00:26:25,361 - INFO - Date: 2014-01-13 00:00:00, Rainfall: 105.2mm
2025-05-20 00:26:25,362 - INFO - Date: 2014-04-08 00:00:00, Rainfall: 137.9mm
2025-05-20 00:26:25,362 - INFO - Date: 2014-12-06 00:00:00, Rainfall: 137.4mm
2025-05-20 00:26:25,362 - INFO - Date: 2014-12-07 00:00:00, Rainfall: 105.4mm
2025-05-20 00:26:25,362 - INFO - Date: 2015-01-22 00:00:00, Rainfall: 160.3mm
2025-05-20 00:26:25,363 - INFO - Date: 2015-03-03 00:00:00, Rainfall: 127.6mm
2025-05-20 00:26:25,363 - INFO - Date: 2015-12-18 00:00:00, Rainfall: 130.7mm
2025-05-20 00:26:25,363 - INFO - Date: 2015-12-19 00:00:00, Rainfall: 112.4mm
2025-05-20 00:26:25,363 - INFO - Date: 2016-01-22 00:00:00, Rainfall: 160.3mm
2025-05-20 00:26:25,364 - INFO - Date: 2016-02-28 00:00:00, Rainfall: 103.4mm
2025-05-20 00:26:25,364 - INFO - Date: 2016-10-10 00:00:00, Rainfall: 127.4mm
2025-05-20 00:26:25,364 - INFO - Date: 2016-10-25 00:00:00, Rainfall: 188.7mm
2025-05-20 00:26:25,364 - INFO - Date: 2016-12-13 00:00:00, Rainfall: 101.0mm
2025-05-20 00:26:25,366 - INFO - Date: 2016-12-30 00:00:00, Rainfall: 115.3mm
2025-05-20 00:26:25,366 - INFO - Date: 2017-01-26 00:00:00, Rainfall: 107.9mm
2025-05-20 00:26:25,366 - INFO - Date: 2017-02-17 00:00:00, Rainfall: 120.3mm
2025-05-20 00:26:25,367 - INFO - Date: 2017-12-13 00:00:00, Rainfall: 106.0mm
2025-05-20 00:26:25,367 - INFO - Date: 2017-12-20 00:00:00, Rainfall: 101.4mm
2025-05-20 00:26:25,367 - INFO - Date: 2017-12-21 00:00:00, Rainfall: 109.3mm
2025-05-20 00:26:25,367 - INFO - Date: 2017-12-22 00:00:00, Rainfall: 156.0mm
2025-05-20 00:26:25,368 - INFO - Date: 2018-01-12 00:00:00, Rainfall: 124.6mm
2025-05-20 00:26:25,368 - INFO - Date: 2018-01-13 00:00:00, Rainfall: 104.5mm
2025-05-20 00:26:25,368 - INFO - Date: 2018-02-16 00:00:00, Rainfall: 112.8mm
2025-05-20 00:26:25,369 - INFO - Date: 2018-03-14 00:00:00, Rainfall: 152.1mm
2025-05-20 00:26:25,369 - INFO - Date: 2018-12-23 00:00:00, Rainfall: 108.7mm
2025-05-20 00:26:25,369 - INFO - Date: 2018-12-28 00:00:00, Rainfall: 140.3mm
2025-05-20 00:26:25,370 - INFO - Date: 2019-04-29 00:00:00, Rainfall: 107.0mm
2025-05-20 00:26:25,370 - INFO - Date: 2020-05-22 00:00:00, Rainfall: 122.9mm
2025-05-20 00:26:25,370 - INFO - Date: 2021-01-16 00:00:00, Rainfall: 109.4mm
2025-05-20 00:26:25,370 - INFO - Date: 2021-01-19 00:00:00, Rainfall: 111.0mm
2025-05-20 00:26:25,371 - INFO - Date: 2021-01-25 00:00:00, Rainfall: 100.9mm
2025-05-20 00:26:25,371 - INFO - Date: 2021-03-10 00:00:00, Rainfall: 153.7mm
2025-05-20 00:26:25,372 - INFO - Date: 2021-04-02 00:00:00, Rainfall: 135.8mm
2025-05-20 00:26:25,373 - INFO - Date: 2021-12-06 00:00:00, Rainfall: 145.9mm
2025-05-20 00:26:25,373 - INFO - Date: 2021-12-07 00:00:00, Rainfall: 218.8mm
2025-05-20 00:26:25,373 - INFO - Date: 2022-01-01 00:00:00, Rainfall: 110.4mm
2025-05-20 00:26:25,373 - INFO - Date: 2022-01-20 00:00:00, Rainfall: 123.1mm
2025-05-20 00:26:25,374 - INFO - Date: 2022-02-21 00:00:00, Rainfall: 155.3mm
2025-05-20 00:26:25,374 - INFO - Date: 2022-05-27 00:00:00, Rainfall: 147.6mm
2025-05-20 00:26:25,375 - INFO - Date: 2022-10-07 00:00:00, Rainfall: 101.6mm
2025-05-20 00:26:25,375 - INFO - Date: 2022-12-28 00:00:00, Rainfall: 102.0mm
2025-05-20 00:26:25,375 - INFO - Date: 2023-02-02 00:00:00, Rainfall: 200.0mm
2025-05-20 00:26:25,376 - INFO - Date: 2023-02-13 00:00:00, Rainfall: 200.0mm
2025-05-20 00:26:25,376 - INFO - Date: 2023-02-14 00:00:00, Rainfall: 183.0mm
2025-05-20 00:26:26,973 - INFO - 
Rows dropped due to NaN values: 53
2025-05-20 00:26:26,975 - INFO - 
Final dataset size: 3604
2025-05-20 00:26:26,975 - INFO - Total rows removed: 1691
2025-05-20 00:26:26,975 - INFO - 
Rainfall Statistics After Processing:
2025-05-20 00:26:26,976 - INFO - Mean: 9.88mm
2025-05-20 00:26:26,976 - INFO - Median: 1.00mm
2025-05-20 00:26:26,976 - INFO - Std Dev: 17.50mm
2025-05-20 00:26:26,977 - INFO - Max: 100.00mm
2025-05-20 00:26:26,978 - INFO - 
No NaN values remain in the dataset.
2025-05-20 00:26:26,979 - INFO - 
Final feature list (55 features):
2025-05-20 00:26:26,979 - INFO - Tn, Tx, Tavg, RH_avg, ss, ff_x, ff_avg, ddd_x, Month, Day, DayOfWeek, Season, Temp_Range, Month_sin, Month_cos, Day_sin, Day_cos, DayOfYear_sin, DayOfYear_cos, Temp_Humidity, Temp_Range_RH, Dew_Point, Heat_Index, Rain_Streak, Dry_Streak, RR_Rolling_Mean_3d, RR_Rolling_Std_3d, Tavg_Rolling_Mean_3d, RH_Rolling_Mean_3d, RR_Rolling_Mean_7d, RR_Rolling_Std_7d, Tavg_Rolling_Mean_7d, RH_Rolling_Mean_7d, RR_Rolling_Mean_14d, RR_Rolling_Std_14d, Tavg_Rolling_Mean_14d, RH_Rolling_Mean_14d, RR_Lag_1, Tavg_Lag_1, Rain_Binary_Lag_1, RR_Lag_2, Tavg_Lag_2, Rain_Binary_Lag_2, RR_Lag_3, Tavg_Lag_3, Rain_Binary_Lag_3, RR_Lag_5, Tavg_Lag_5, Rain_Binary_Lag_5, RR_Lag_7, Tavg_Lag_7, Rain_Binary_Lag_7, RR_Lag_14, Tavg_Lag_14, Rain_Binary_Lag_14
2025-05-20 00:26:26,985 - INFO - 
Plotting correlations for top 15 features: RR_Rolling_Mean_3d, RR_Rolling_Std_3d, RR_Rolling_Mean_7d, RR_Rolling_Std_7d, Tx, RR_Rolling_Mean_14d, RH_avg, Tavg, RH_Rolling_Mean_3d, RR_Rolling_Std_14d, Tavg_Rolling_Mean_3d, Tavg_Lag_1, RH_Rolling_Mean_7d, Heat_Index, DayOfYear_cos
2025-05-20 00:26:29,442 - INFO - Training and evaluating model...
2025-05-20 00:26:29,444 - INFO - 
Feature matrix shape: (3604, 55)
2025-05-20 00:26:29,458 - INFO - 
Training Gradient Boosting model...
2025-05-20 00:26:36,236 - INFO - Making predictions...
2025-05-20 00:26:36,241 - INFO - 
Model evaluation metrics:
2025-05-20 00:26:36,241 - INFO - Mean Squared Error (MSE): 5.6175
2025-05-20 00:26:36,242 - INFO - Root Mean Squared Error (RMSE): 2.3701
2025-05-20 00:26:36,242 - INFO - Mean Absolute Error (MAE): 1.0219
2025-05-20 00:26:36,242 - INFO - R-squared (R²): 0.9726
2025-05-20 00:26:36,498 - INFO - Computing permutation importance (this may take a while)...
2025-05-20 00:26:39,982 - INFO - 
Feature Importance (top 10):
2025-05-20 00:26:39,982 - INFO - RR_Rolling_Mean_3d: 3.1787
2025-05-20 00:26:39,983 - INFO - RR_Lag_2: 0.6252
2025-05-20 00:26:39,983 - INFO - RR_Lag_1: 0.5478
2025-05-20 00:26:39,983 - INFO - RR_Rolling_Std_3d: 0.0833
2025-05-20 00:26:39,983 - INFO - Tx: 0.0134
2025-05-20 00:26:39,983 - INFO - Rain_Streak: 0.0037
2025-05-20 00:26:39,984 - INFO - Dry_Streak: 0.0034
2025-05-20 00:26:39,984 - INFO - Tn: 0.0022
2025-05-20 00:26:39,984 - INFO - RR_Rolling_Std_7d: 0.0021
2025-05-20 00:26:39,985 - INFO - Tavg_Lag_2: 0.0020
2025-05-20 00:26:40,264 - INFO - 
Preparing multi-day forecasting dataset...
2025-05-20 00:26:40,267 - INFO - 
Initial data shape: (3604, 61)
2025-05-20 00:26:40,270 - INFO - Initial NaN counts:
Tanggal               0
Tn                    0
Tx                    0
Tavg                  0
RH_avg                0
                     ..
Tavg_Lag_14           0
Rain_Binary_Lag_14    0
RainToday             0
Rain_Streak           0
Dry_Streak            0
Length: 61, dtype: int64
2025-05-20 00:26:40,416 - INFO - 
After adding all features - shape: (3604, 352)
2025-05-20 00:26:40,424 - INFO - NaN counts after features:
Tanggal            0
Tn                 0
Tx                 0
Tavg               0
RH_avg             0
                  ..
RR_cum_7d          6
RainPattern_3d     0
DryPattern_3d      0
RH_Tavg_RR_Lag1    0
Wind_RH_Lag1       0
Length: 352, dtype: int64
2025-05-20 00:26:40,533 - INFO - 
After handling missing values - shape: (3604, 352)
2025-05-20 00:26:40,543 - INFO - NaN counts after handling missing values:
Tanggal            0
Tn                 0
Tx                 0
Tavg               0
RH_avg             0
                  ..
RR_cum_7d          0
RainPattern_3d     0
DryPattern_3d      0
RH_Tavg_RR_Lag1    0
Wind_RH_Lag1       0
Length: 352, dtype: int64
2025-05-20 00:26:40,618 - INFO - 
Day 1 dataset - shape: 3603
2025-05-20 00:26:40,623 - INFO - Number of NaN values in day 1 dataset: 0
2025-05-20 00:26:40,623 - INFO - Final size of day 1 dataset: 3603
2025-05-20 00:26:40,652 - INFO - 
Day 2 dataset - shape: 3602
2025-05-20 00:26:40,654 - INFO - Number of NaN values in day 2 dataset: 0
2025-05-20 00:26:40,654 - INFO - Final size of day 2 dataset: 3602
2025-05-20 00:26:40,684 - INFO - 
Day 3 dataset - shape: 3601
2025-05-20 00:26:40,686 - INFO - Number of NaN values in day 3 dataset: 0
2025-05-20 00:26:40,686 - INFO - Final size of day 3 dataset: 3601
2025-05-20 00:26:40,720 - INFO - 
Day 4 dataset - shape: 3600
2025-05-20 00:26:40,722 - INFO - Number of NaN values in day 4 dataset: 0
2025-05-20 00:26:40,723 - INFO - Final size of day 4 dataset: 3600
2025-05-20 00:26:40,749 - INFO - 
Day 5 dataset - shape: 3599
2025-05-20 00:26:40,753 - INFO - Number of NaN values in day 5 dataset: 0
2025-05-20 00:26:40,753 - INFO - Final size of day 5 dataset: 3599
2025-05-20 00:26:40,755 - INFO - 
Training multi-day forecasting models...
2025-05-20 00:26:40,755 - INFO - 
--- Training models for 0-day ahead prediction ---
2025-05-20 00:26:40,755 - INFO - Using 346 features for day 0 prediction
2025-05-20 00:26:59,871 - INFO - gbm CV R² scores: 0.9582 ± 0.0107
2025-05-20 00:27:05,090 - INFO - rf CV R² scores: 0.9150 ± 0.0072
2025-05-20 00:27:05,155 - INFO - ridge CV R² scores: 0.9987 ± 0.0009
2025-05-20 00:27:13,972 - INFO - mlp CV R² scores: 0.9886 ± 0.0025
2025-05-20 00:27:14,829 - INFO - 
--- Training models for 1-day ahead prediction ---
2025-05-20 00:27:14,829 - INFO - Using 225 features for day 1 prediction
2025-05-20 00:27:27,778 - INFO - gbm CV R² scores: 0.3203 ± 0.0351
2025-05-20 00:27:32,315 - INFO - rf CV R² scores: 0.3319 ± 0.0343
2025-05-20 00:27:32,362 - INFO - ridge CV R² scores: 0.2971 ± 0.0203
2025-05-20 00:27:35,689 - INFO - mlp CV R² scores: 0.3363 ± 0.0478
2025-05-20 00:27:36,528 - INFO - 
--- Training models for 2-day ahead prediction ---
2025-05-20 00:27:36,529 - INFO - Using 225 features for day 2 prediction
2025-05-20 00:27:49,279 - INFO - gbm CV R² scores: 0.1547 ± 0.0667
2025-05-20 00:27:53,796 - INFO - rf CV R² scores: 0.1987 ± 0.0534
2025-05-20 00:27:53,837 - INFO - ridge CV R² scores: 0.1257 ± 0.0476
2025-05-20 00:27:56,734 - INFO - mlp CV R² scores: 0.1678 ± 0.0458
2025-05-20 00:27:57,578 - INFO - 
--- Training models for 3-day ahead prediction ---
2025-05-20 00:27:57,579 - INFO - Using 121 features for day 3 prediction
2025-05-20 00:28:08,118 - INFO - gbm CV R² scores: 0.1620 ± 0.0455
2025-05-20 01:16:13,251 - ERROR - Error in main process: module 'numpy' has no attribute 'set_num_threads'
2025-05-20 01:24:08,541 - INFO - Loading dataset...
2025-05-20 01:24:08,550 - INFO - Preprocessing data...
2025-05-20 01:24:08,551 - INFO - Initial dataset size: 5295
2025-05-20 01:24:08,809 - INFO - 
Outliers removed: 52 rows
2025-05-20 01:24:08,809 - INFO - Dates with extreme rainfall (>100mm):
2025-05-20 01:24:08,810 - INFO - Date: 2010-01-15 00:00:00, Rainfall: 110.0mm
2025-05-20 01:24:08,810 - INFO - Date: 2010-02-20 00:00:00, Rainfall: 180.0mm
2025-05-20 01:24:08,811 - INFO - Date: 2011-02-05 00:00:00, Rainfall: 113.0mm
2025-05-20 01:24:08,811 - INFO - Date: 2011-02-06 00:00:00, Rainfall: 122.0mm
2025-05-20 01:24:08,811 - INFO - Date: 2012-03-15 00:00:00, Rainfall: 141.0mm
2025-05-20 01:24:08,811 - INFO - Date: 2012-05-13 00:00:00, Rainfall: 125.0mm
2025-05-20 01:24:08,812 - INFO - Date: 2013-01-02 00:00:00, Rainfall: 120.8mm
2025-05-20 01:24:08,812 - INFO - Date: 2013-01-04 00:00:00, Rainfall: 103.5mm
2025-05-20 01:24:08,812 - INFO - Date: 2014-01-13 00:00:00, Rainfall: 105.2mm
2025-05-20 01:24:08,812 - INFO - Date: 2014-04-08 00:00:00, Rainfall: 137.9mm
2025-05-20 01:24:08,813 - INFO - Date: 2014-12-06 00:00:00, Rainfall: 137.4mm
2025-05-20 01:24:08,813 - INFO - Date: 2014-12-07 00:00:00, Rainfall: 105.4mm
2025-05-20 01:24:08,813 - INFO - Date: 2015-01-22 00:00:00, Rainfall: 160.3mm
2025-05-20 01:24:08,813 - INFO - Date: 2015-03-03 00:00:00, Rainfall: 127.6mm
2025-05-20 01:24:08,814 - INFO - Date: 2015-12-18 00:00:00, Rainfall: 130.7mm
2025-05-20 01:24:08,814 - INFO - Date: 2015-12-19 00:00:00, Rainfall: 112.4mm
2025-05-20 01:24:08,814 - INFO - Date: 2016-01-22 00:00:00, Rainfall: 160.3mm
2025-05-20 01:24:08,816 - INFO - Date: 2016-02-28 00:00:00, Rainfall: 103.4mm
2025-05-20 01:24:08,816 - INFO - Date: 2016-10-10 00:00:00, Rainfall: 127.4mm
2025-05-20 01:24:08,816 - INFO - Date: 2016-10-25 00:00:00, Rainfall: 188.7mm
2025-05-20 01:24:08,816 - INFO - Date: 2016-12-13 00:00:00, Rainfall: 101.0mm
2025-05-20 01:24:08,816 - INFO - Date: 2016-12-30 00:00:00, Rainfall: 115.3mm
2025-05-20 01:24:08,818 - INFO - Date: 2017-01-26 00:00:00, Rainfall: 107.9mm
2025-05-20 01:24:08,818 - INFO - Date: 2017-02-17 00:00:00, Rainfall: 120.3mm
2025-05-20 01:24:08,818 - INFO - Date: 2017-12-13 00:00:00, Rainfall: 106.0mm
2025-05-20 01:24:08,819 - INFO - Date: 2017-12-20 00:00:00, Rainfall: 101.4mm
2025-05-20 01:24:08,819 - INFO - Date: 2017-12-21 00:00:00, Rainfall: 109.3mm
2025-05-20 01:24:08,820 - INFO - Date: 2017-12-22 00:00:00, Rainfall: 156.0mm
2025-05-20 01:24:08,820 - INFO - Date: 2018-01-12 00:00:00, Rainfall: 124.6mm
2025-05-20 01:24:08,821 - INFO - Date: 2018-01-13 00:00:00, Rainfall: 104.5mm
2025-05-20 01:24:08,821 - INFO - Date: 2018-02-16 00:00:00, Rainfall: 112.8mm
2025-05-20 01:24:08,822 - INFO - Date: 2018-03-14 00:00:00, Rainfall: 152.1mm
2025-05-20 01:24:08,822 - INFO - Date: 2018-12-23 00:00:00, Rainfall: 108.7mm
2025-05-20 01:24:08,822 - INFO - Date: 2018-12-28 00:00:00, Rainfall: 140.3mm
2025-05-20 01:24:08,822 - INFO - Date: 2019-04-29 00:00:00, Rainfall: 107.0mm
2025-05-20 01:24:08,824 - INFO - Date: 2020-05-22 00:00:00, Rainfall: 122.9mm
2025-05-20 01:24:08,824 - INFO - Date: 2021-01-16 00:00:00, Rainfall: 109.4mm
2025-05-20 01:24:08,824 - INFO - Date: 2021-01-19 00:00:00, Rainfall: 111.0mm
2025-05-20 01:24:08,825 - INFO - Date: 2021-01-25 00:00:00, Rainfall: 100.9mm
2025-05-20 01:24:08,825 - INFO - Date: 2021-03-10 00:00:00, Rainfall: 153.7mm
2025-05-20 01:24:08,825 - INFO - Date: 2021-04-02 00:00:00, Rainfall: 135.8mm
2025-05-20 01:24:08,825 - INFO - Date: 2021-12-06 00:00:00, Rainfall: 145.9mm
2025-05-20 01:24:08,825 - INFO - Date: 2021-12-07 00:00:00, Rainfall: 218.8mm
2025-05-20 01:24:08,826 - INFO - Date: 2022-01-01 00:00:00, Rainfall: 110.4mm
2025-05-20 01:24:08,826 - INFO - Date: 2022-01-20 00:00:00, Rainfall: 123.1mm
2025-05-20 01:24:08,826 - INFO - Date: 2022-02-21 00:00:00, Rainfall: 155.3mm
2025-05-20 01:24:08,827 - INFO - Date: 2022-05-27 00:00:00, Rainfall: 147.6mm
2025-05-20 01:24:08,827 - INFO - Date: 2022-10-07 00:00:00, Rainfall: 101.6mm
2025-05-20 01:24:08,827 - INFO - Date: 2022-12-28 00:00:00, Rainfall: 102.0mm
2025-05-20 01:24:08,827 - INFO - Date: 2023-02-02 00:00:00, Rainfall: 200.0mm
2025-05-20 01:24:08,828 - INFO - Date: 2023-02-13 00:00:00, Rainfall: 200.0mm
2025-05-20 01:24:08,828 - INFO - Date: 2023-02-14 00:00:00, Rainfall: 183.0mm
2025-05-20 01:24:10,368 - INFO - 
Rows dropped due to NaN values: 53
2025-05-20 01:24:10,370 - INFO - 
Final dataset size: 3604
2025-05-20 01:24:10,370 - INFO - Total rows removed: 1691
2025-05-20 01:24:10,371 - INFO - 
Rainfall Statistics After Processing:
2025-05-20 01:24:10,371 - INFO - Mean: 9.88mm
2025-05-20 01:24:10,371 - INFO - Median: 1.00mm
2025-05-20 01:24:10,372 - INFO - Std Dev: 17.50mm
2025-05-20 01:24:10,372 - INFO - Max: 100.00mm
2025-05-20 01:24:10,375 - INFO - 
No NaN values remain in the dataset.
2025-05-20 01:24:10,375 - INFO - 
Final feature list (55 features):
2025-05-20 01:24:10,375 - INFO - Tn, Tx, Tavg, RH_avg, ss, ff_x, ff_avg, ddd_x, Month, Day, DayOfWeek, Season, Temp_Range, Month_sin, Month_cos, Day_sin, Day_cos, DayOfYear_sin, DayOfYear_cos, Temp_Humidity, Temp_Range_RH, Dew_Point, Heat_Index, Rain_Streak, Dry_Streak, RR_Rolling_Mean_3d, RR_Rolling_Std_3d, Tavg_Rolling_Mean_3d, RH_Rolling_Mean_3d, RR_Rolling_Mean_7d, RR_Rolling_Std_7d, Tavg_Rolling_Mean_7d, RH_Rolling_Mean_7d, RR_Rolling_Mean_14d, RR_Rolling_Std_14d, Tavg_Rolling_Mean_14d, RH_Rolling_Mean_14d, RR_Lag_1, Tavg_Lag_1, Rain_Binary_Lag_1, RR_Lag_2, Tavg_Lag_2, Rain_Binary_Lag_2, RR_Lag_3, Tavg_Lag_3, Rain_Binary_Lag_3, RR_Lag_5, Tavg_Lag_5, Rain_Binary_Lag_5, RR_Lag_7, Tavg_Lag_7, Rain_Binary_Lag_7, RR_Lag_14, Tavg_Lag_14, Rain_Binary_Lag_14
2025-05-20 01:24:10,383 - INFO - 
Plotting correlations for top 15 features: RR_Rolling_Mean_3d, RR_Rolling_Std_3d, RR_Rolling_Mean_7d, RR_Rolling_Std_7d, Tx, RR_Rolling_Mean_14d, RH_avg, Tavg, RH_Rolling_Mean_3d, RR_Rolling_Std_14d, Tavg_Rolling_Mean_3d, Tavg_Lag_1, RH_Rolling_Mean_7d, Heat_Index, DayOfYear_cos
2025-05-20 01:24:12,597 - INFO - Training and evaluating model...
2025-05-20 01:24:12,599 - INFO - 
Feature matrix shape: (3604, 55)
2025-05-20 01:24:12,606 - INFO - 
Training Gradient Boosting model...
2025-05-20 01:24:18,333 - INFO - Making predictions...
2025-05-20 01:24:18,337 - INFO - 
Model evaluation metrics:
2025-05-20 01:24:18,337 - INFO - Mean Squared Error (MSE): 5.6175
2025-05-20 01:24:18,338 - INFO - Root Mean Squared Error (RMSE): 2.3701
2025-05-20 01:24:18,338 - INFO - Mean Absolute Error (MAE): 1.0219
2025-05-20 01:24:18,338 - INFO - R-squared (R²): 0.9726
2025-05-20 01:24:18,492 - INFO - Computing permutation importance (this may take a while)...
2025-05-20 01:24:21,780 - INFO - 
Feature Importance (top 10):
2025-05-20 01:24:21,781 - INFO - RR_Rolling_Mean_3d: 3.1787
2025-05-20 01:24:21,781 - INFO - RR_Lag_2: 0.6252
2025-05-20 01:24:21,781 - INFO - RR_Lag_1: 0.5478
2025-05-20 01:24:21,781 - INFO - RR_Rolling_Std_3d: 0.0833
2025-05-20 01:24:21,782 - INFO - Tx: 0.0134
2025-05-20 01:24:21,782 - INFO - Rain_Streak: 0.0037
2025-05-20 01:24:21,782 - INFO - Dry_Streak: 0.0034
2025-05-20 01:24:21,782 - INFO - Tn: 0.0022
2025-05-20 01:24:21,782 - INFO - RR_Rolling_Std_7d: 0.0021
2025-05-20 01:24:21,783 - INFO - Tavg_Lag_2: 0.0020
2025-05-20 01:24:21,986 - INFO - 
Preparing multi-day forecasting dataset...
2025-05-20 01:24:21,991 - INFO - 
Initial data shape: (3604, 61)
2025-05-20 01:24:21,992 - INFO - Initial NaN counts:
Tanggal               0
Tn                    0
Tx                    0
Tavg                  0
RH_avg                0
                     ..
Tavg_Lag_14           0
Rain_Binary_Lag_14    0
RainToday             0
Rain_Streak           0
Dry_Streak            0
Length: 61, dtype: int64
2025-05-20 01:24:22,064 - INFO - 
After adding all features - shape: (3604, 352)
2025-05-20 01:24:22,071 - INFO - NaN counts after features:
Tanggal            0
Tn                 0
Tx                 0
Tavg               0
RH_avg             0
                  ..
RR_cum_7d          6
RainPattern_3d     0
DryPattern_3d      0
RH_Tavg_RR_Lag1    0
Wind_RH_Lag1       0
Length: 352, dtype: int64
2025-05-20 01:24:22,167 - INFO - 
After handling missing values - shape: (3604, 352)
2025-05-20 01:24:22,176 - INFO - NaN counts after handling missing values:
Tanggal            0
Tn                 0
Tx                 0
Tavg               0
RH_avg             0
                  ..
RR_cum_7d          0
RainPattern_3d     0
DryPattern_3d      0
RH_Tavg_RR_Lag1    0
Wind_RH_Lag1       0
Length: 352, dtype: int64
2025-05-20 01:24:22,238 - INFO - 
Day 1 dataset - shape: 3603
2025-05-20 01:24:22,241 - INFO - Number of NaN values in day 1 dataset: 0
2025-05-20 01:24:22,241 - INFO - Final size of day 1 dataset: 3603
2025-05-20 01:24:22,267 - INFO - 
Day 2 dataset - shape: 3602
2025-05-20 01:24:22,269 - INFO - Number of NaN values in day 2 dataset: 0
2025-05-20 01:24:22,270 - INFO - Final size of day 2 dataset: 3602
2025-05-20 01:24:22,294 - INFO - 
Day 3 dataset - shape: 3601
2025-05-20 01:24:22,296 - INFO - Number of NaN values in day 3 dataset: 0
2025-05-20 01:24:22,296 - INFO - Final size of day 3 dataset: 3601
2025-05-20 01:24:22,325 - INFO - 
Day 4 dataset - shape: 3600
2025-05-20 01:24:22,326 - INFO - Number of NaN values in day 4 dataset: 0
2025-05-20 01:24:22,327 - INFO - Final size of day 4 dataset: 3600
2025-05-20 01:24:22,352 - INFO - 
Day 5 dataset - shape: 3599
2025-05-20 01:24:22,355 - INFO - Number of NaN values in day 5 dataset: 0
2025-05-20 01:24:22,355 - INFO - Final size of day 5 dataset: 3599
2025-05-20 01:24:22,357 - INFO - 
Training multi-day forecasting models...
2025-05-20 01:24:22,357 - INFO - 
--- Training models for 0-day ahead prediction ---
2025-05-20 01:24:22,411 - INFO - Selected 100 most correlated features from 346 total
2025-05-20 01:24:22,411 - INFO - Using 100 features for day 0 prediction
2025-05-20 01:24:22,422 - INFO - Training models with 3-fold CV...
2025-05-20 01:24:22,423 - INFO - Training gbm model...
2025-05-20 01:24:22,423 - INFO -   Processing fold 1/3...
2025-05-20 01:24:23,497 - INFO -     Fold R²: 0.9748 (took 1.1s)
2025-05-20 01:24:23,497 - INFO -   Processing fold 2/3...
2025-05-20 01:24:24,628 - INFO -     Fold R²: 0.9678 (took 1.1s)
2025-05-20 01:24:24,628 - INFO -   Processing fold 3/3...
2025-05-20 01:24:25,740 - INFO -     Fold R²: 0.9758 (took 1.1s)
2025-05-20 01:24:25,740 - INFO - gbm CV R² scores: 0.9728 ± 0.0036
2025-05-20 01:24:25,741 - INFO - Training rf model...
2025-05-20 01:24:25,741 - INFO -   Processing fold 1/3...
2025-05-20 01:24:26,359 - INFO -     Fold R²: 0.9641 (took 0.6s)
2025-05-20 01:24:26,360 - INFO -   Processing fold 2/3...
2025-05-20 01:24:26,940 - INFO -     Fold R²: 0.9552 (took 0.6s)
2025-05-20 01:24:26,941 - INFO -   Processing fold 3/3...
2025-05-20 01:24:27,516 - INFO -     Fold R²: 0.9555 (took 0.6s)
2025-05-20 01:24:27,516 - INFO - rf CV R² scores: 0.9582 ± 0.0041
2025-05-20 01:24:27,516 - INFO - Training ridge model...
2025-05-20 01:24:27,518 - INFO -   Processing fold 1/3...
2025-05-20 01:24:27,522 - INFO -     Fold R²: 0.9893 (took 0.0s)
2025-05-20 01:24:27,523 - INFO -   Processing fold 2/3...
2025-05-20 01:24:27,526 - INFO -     Fold R²: 0.9869 (took 0.0s)
2025-05-20 01:24:27,526 - INFO -   Processing fold 3/3...
2025-05-20 01:24:27,531 - INFO -     Fold R²: 0.9921 (took 0.0s)
2025-05-20 01:24:27,531 - INFO - ridge CV R² scores: 0.9895 ± 0.0021
2025-05-20 01:24:27,532 - INFO - Ensemble metrics - R²: 0.9950, RMSE: 1.0068
2025-05-20 01:24:28,556 - INFO - 
--- Training models for 1-day ahead prediction ---
2025-05-20 01:24:28,575 - INFO - Selected 100 most correlated features from 225 total
2025-05-20 01:24:28,575 - INFO - Using 100 features for day 1 prediction
2025-05-20 01:24:28,588 - INFO - Training models with 2-fold CV...
2025-05-20 01:24:28,589 - INFO - Training gbm model...
2025-05-20 01:24:28,590 - INFO -   Processing fold 1/2...
2025-05-20 01:24:29,292 - INFO -     Fold R²: 0.2723 (took 0.7s)
2025-05-20 01:24:29,293 - INFO -   Processing fold 2/2...
2025-05-20 01:24:30,008 - INFO -     Fold R²: 0.3312 (took 0.7s)
2025-05-20 01:24:30,009 - INFO - gbm CV R² scores: 0.3017 ± 0.0295
2025-05-20 01:24:30,009 - INFO - Training rf model...
2025-05-20 01:24:30,010 - INFO -   Processing fold 1/2...
2025-05-20 01:24:30,520 - INFO -     Fold R²: 0.3114 (took 0.5s)
2025-05-20 01:24:30,520 - INFO -   Processing fold 2/2...
2025-05-20 01:24:31,042 - INFO -     Fold R²: 0.3372 (took 0.5s)
2025-05-20 01:24:31,044 - INFO - rf CV R² scores: 0.3243 ± 0.0129
2025-05-20 01:24:31,044 - INFO - Training ridge model...
2025-05-20 01:24:31,044 - INFO -   Processing fold 1/2...
2025-05-20 01:24:31,049 - INFO -     Fold R²: 0.3048 (took 0.0s)
2025-05-20 01:24:31,049 - INFO -   Processing fold 2/2...
2025-05-20 01:24:31,053 - INFO -     Fold R²: 0.3015 (took 0.0s)
2025-05-20 01:24:31,053 - INFO - ridge CV R² scores: 0.3032 ± 0.0016
2025-05-20 01:24:31,055 - INFO - Ensemble metrics - R²: 0.3935, RMSE: 11.1409
2025-05-20 01:24:32,139 - INFO - 
--- Training models for 2-day ahead prediction ---
2025-05-20 01:24:32,163 - INFO - Selected 100 most correlated features from 225 total
2025-05-20 01:24:32,163 - INFO - Using 100 features for day 2 prediction
2025-05-20 01:24:32,171 - INFO - Training models with 2-fold CV...
2025-05-20 01:24:32,172 - INFO - Training gbm model...
2025-05-20 01:24:32,172 - INFO -   Processing fold 1/2...
2025-05-20 01:24:32,866 - INFO -     Fold R²: 0.1450 (took 0.7s)
2025-05-20 01:24:32,866 - INFO -   Processing fold 2/2...
2025-05-20 01:24:33,562 - INFO -     Fold R²: 0.1818 (took 0.7s)
2025-05-20 01:24:33,563 - INFO - gbm CV R² scores: 0.1634 ± 0.0184
2025-05-20 01:24:33,563 - INFO - Training rf model...
2025-05-20 01:24:33,564 - INFO -   Processing fold 1/2...
2025-05-20 01:24:34,082 - INFO -     Fold R²: 0.1939 (took 0.5s)
2025-05-20 01:24:34,084 - INFO -   Processing fold 2/2...
2025-05-20 01:24:34,582 - INFO -     Fold R²: 0.2179 (took 0.5s)
2025-05-20 01:24:34,583 - INFO - rf CV R² scores: 0.2059 ± 0.0120
2025-05-20 01:24:34,583 - INFO - Training ridge model...
2025-05-20 01:24:34,583 - INFO -   Processing fold 1/2...
2025-05-20 01:24:34,588 - INFO -     Fold R²: 0.1398 (took 0.0s)
2025-05-20 01:24:34,589 - INFO -   Processing fold 2/2...
2025-05-20 01:24:34,592 - INFO -     Fold R²: 0.1462 (took 0.0s)
2025-05-20 01:24:34,593 - INFO - ridge CV R² scores: 0.1430 ± 0.0032
2025-05-20 01:24:34,595 - INFO - Ensemble metrics - R²: 0.2174, RMSE: 12.6557
2025-05-20 01:24:35,605 - INFO - 
--- Training models for 3-day ahead prediction ---
2025-05-20 01:24:35,617 - INFO - Selected 100 most correlated features from 121 total
2025-05-20 01:24:35,618 - INFO - Using 100 features for day 3 prediction
2025-05-20 01:24:35,628 - INFO - Training models with 2-fold CV...
2025-05-20 01:24:35,628 - INFO - Training gbm model...
2025-05-20 01:24:35,629 - INFO -   Processing fold 1/2...
2025-05-20 01:24:36,395 - INFO -     Fold R²: 0.1275 (took 0.8s)
2025-05-20 01:24:36,397 - INFO -   Processing fold 2/2...
2025-05-20 01:24:37,223 - INFO -     Fold R²: 0.1776 (took 0.8s)
2025-05-20 01:24:37,224 - INFO - gbm CV R² scores: 0.1525 ± 0.0251
2025-05-20 01:24:37,224 - INFO - Training rf model...
2025-05-20 01:24:37,225 - INFO -   Processing fold 1/2...
2025-05-20 01:24:37,752 - INFO -     Fold R²: 0.1852 (took 0.5s)
2025-05-20 01:24:37,752 - INFO -   Processing fold 2/2...
2025-05-20 01:24:38,279 - INFO -     Fold R²: 0.2040 (took 0.5s)
2025-05-20 01:24:38,280 - INFO - rf CV R² scores: 0.1946 ± 0.0094
2025-05-20 01:24:38,280 - INFO - Training ridge model...
2025-05-20 01:24:38,281 - INFO -   Processing fold 1/2...
2025-05-20 01:24:38,285 - INFO -     Fold R²: 0.1462 (took 0.0s)
2025-05-20 01:24:38,285 - INFO -   Processing fold 2/2...
2025-05-20 01:24:38,289 - INFO -     Fold R²: 0.1745 (took 0.0s)
2025-05-20 01:24:38,289 - INFO - ridge CV R² scores: 0.1604 ± 0.0141
2025-05-20 01:24:38,290 - INFO - Ensemble metrics - R²: 0.1760, RMSE: 12.9859
2025-05-20 01:24:39,367 - INFO - 
--- Training models for 4-day ahead prediction ---
2025-05-20 01:24:39,380 - INFO - Selected 100 most correlated features from 121 total
2025-05-20 01:24:39,380 - INFO - Using 100 features for day 4 prediction
2025-05-20 01:24:39,390 - INFO - Training models with 2-fold CV...
2025-05-20 01:24:39,390 - INFO - Training gbm model...
2025-05-20 01:24:39,391 - INFO -   Processing fold 1/2...
2025-05-20 01:24:40,161 - INFO -     Fold R²: 0.1377 (took 0.8s)
2025-05-20 01:24:40,162 - INFO -   Processing fold 2/2...
2025-05-20 01:24:40,922 - INFO -     Fold R²: 0.1898 (took 0.8s)
2025-05-20 01:24:40,923 - INFO - gbm CV R² scores: 0.1637 ± 0.0261
2025-05-20 01:24:40,923 - INFO - Training rf model...
2025-05-20 01:24:40,924 - INFO -   Processing fold 1/2...
2025-05-20 01:24:41,488 - INFO -     Fold R²: 0.1791 (took 0.6s)
2025-05-20 01:24:41,488 - INFO -   Processing fold 2/2...
2025-05-20 01:24:42,021 - INFO -     Fold R²: 0.2257 (took 0.5s)
2025-05-20 01:24:42,022 - INFO - rf CV R² scores: 0.2024 ± 0.0233
2025-05-20 01:24:42,022 - INFO - Training ridge model...
2025-05-20 01:24:42,023 - INFO -   Processing fold 1/2...
2025-05-20 01:24:42,028 - INFO -     Fold R²: 0.1430 (took 0.0s)
2025-05-20 01:24:42,028 - INFO -   Processing fold 2/2...
2025-05-20 01:24:42,035 - INFO -     Fold R²: 0.1740 (took 0.0s)
2025-05-20 01:24:42,035 - INFO - ridge CV R² scores: 0.1585 ± 0.0155
2025-05-20 01:24:42,036 - INFO - Ensemble metrics - R²: 0.1727, RMSE: 13.0186
2025-05-20 01:24:43,029 - INFO - 
--- Training models for 5-day ahead prediction ---
2025-05-20 01:24:43,044 - INFO - Selected 100 most correlated features from 121 total
2025-05-20 01:24:43,044 - INFO - Using 100 features for day 5 prediction
2025-05-20 01:24:43,055 - INFO - Training models with 2-fold CV...
2025-05-20 01:24:43,055 - INFO - Training gbm model...
2025-05-20 01:24:43,056 - INFO -   Processing fold 1/2...
2025-05-20 01:24:43,812 - INFO -     Fold R²: 0.1118 (took 0.8s)
2025-05-20 01:24:43,813 - INFO -   Processing fold 2/2...
2025-05-20 01:24:44,589 - INFO -     Fold R²: 0.2263 (took 0.8s)
2025-05-20 01:24:44,590 - INFO - gbm CV R² scores: 0.1690 ± 0.0572
2025-05-20 01:24:44,590 - INFO - Training rf model...
2025-05-20 01:24:44,591 - INFO -   Processing fold 1/2...
2025-05-20 01:24:45,113 - INFO -     Fold R²: 0.1726 (took 0.5s)
2025-05-20 01:24:45,114 - INFO -   Processing fold 2/2...
2025-05-20 01:24:45,623 - INFO -     Fold R²: 0.2393 (took 0.5s)
2025-05-20 01:24:45,623 - INFO - rf CV R² scores: 0.2059 ± 0.0333
2025-05-20 01:24:45,625 - INFO - Training ridge model...
2025-05-20 01:24:45,625 - INFO -   Processing fold 1/2...
2025-05-20 01:24:45,629 - INFO -     Fold R²: 0.1048 (took 0.0s)
2025-05-20 01:24:45,629 - INFO -   Processing fold 2/2...
2025-05-20 01:24:45,634 - INFO -     Fold R²: 0.1851 (took 0.0s)
2025-05-20 01:24:45,634 - INFO - ridge CV R² scores: 0.1449 ± 0.0402
2025-05-20 01:24:45,637 - INFO - Ensemble metrics - R²: 0.1538, RMSE: 13.1661
2025-05-20 01:24:48,282 - ERROR - Error in model training and evaluation: 'model'
2025-05-20 01:24:48,282 - ERROR - Error in main process: 'model'
2025-05-20 01:26:33,570 - INFO - Loading dataset...
2025-05-20 01:26:33,579 - INFO - Preprocessing data...
2025-05-20 01:26:33,580 - INFO - Initial dataset size: 5295
2025-05-20 01:26:33,827 - INFO - 
Outliers removed: 52 rows
2025-05-20 01:26:33,828 - INFO - Dates with extreme rainfall (>100mm):
2025-05-20 01:26:33,828 - INFO - Date: 2010-01-15 00:00:00, Rainfall: 110.0mm
2025-05-20 01:26:33,829 - INFO - Date: 2010-02-20 00:00:00, Rainfall: 180.0mm
2025-05-20 01:26:33,829 - INFO - Date: 2011-02-05 00:00:00, Rainfall: 113.0mm
2025-05-20 01:26:33,829 - INFO - Date: 2011-02-06 00:00:00, Rainfall: 122.0mm
2025-05-20 01:26:33,830 - INFO - Date: 2012-03-15 00:00:00, Rainfall: 141.0mm
2025-05-20 01:26:33,830 - INFO - Date: 2012-05-13 00:00:00, Rainfall: 125.0mm
2025-05-20 01:26:33,831 - INFO - Date: 2013-01-02 00:00:00, Rainfall: 120.8mm
2025-05-20 01:26:33,831 - INFO - Date: 2013-01-04 00:00:00, Rainfall: 103.5mm
2025-05-20 01:26:33,831 - INFO - Date: 2014-01-13 00:00:00, Rainfall: 105.2mm
2025-05-20 01:26:33,832 - INFO - Date: 2014-04-08 00:00:00, Rainfall: 137.9mm
2025-05-20 01:26:33,832 - INFO - Date: 2014-12-06 00:00:00, Rainfall: 137.4mm
2025-05-20 01:26:33,832 - INFO - Date: 2014-12-07 00:00:00, Rainfall: 105.4mm
2025-05-20 01:26:33,832 - INFO - Date: 2015-01-22 00:00:00, Rainfall: 160.3mm
2025-05-20 01:26:33,833 - INFO - Date: 2015-03-03 00:00:00, Rainfall: 127.6mm
2025-05-20 01:26:33,834 - INFO - Date: 2015-12-18 00:00:00, Rainfall: 130.7mm
2025-05-20 01:26:33,835 - INFO - Date: 2015-12-19 00:00:00, Rainfall: 112.4mm
2025-05-20 01:26:33,835 - INFO - Date: 2016-01-22 00:00:00, Rainfall: 160.3mm
2025-05-20 01:26:33,835 - INFO - Date: 2016-02-28 00:00:00, Rainfall: 103.4mm
2025-05-20 01:26:33,835 - INFO - Date: 2016-10-10 00:00:00, Rainfall: 127.4mm
2025-05-20 01:26:33,836 - INFO - Date: 2016-10-25 00:00:00, Rainfall: 188.7mm
2025-05-20 01:26:33,836 - INFO - Date: 2016-12-13 00:00:00, Rainfall: 101.0mm
2025-05-20 01:26:33,836 - INFO - Date: 2016-12-30 00:00:00, Rainfall: 115.3mm
2025-05-20 01:26:33,836 - INFO - Date: 2017-01-26 00:00:00, Rainfall: 107.9mm
2025-05-20 01:26:33,837 - INFO - Date: 2017-02-17 00:00:00, Rainfall: 120.3mm
2025-05-20 01:26:33,837 - INFO - Date: 2017-12-13 00:00:00, Rainfall: 106.0mm
2025-05-20 01:26:33,837 - INFO - Date: 2017-12-20 00:00:00, Rainfall: 101.4mm
2025-05-20 01:26:33,838 - INFO - Date: 2017-12-21 00:00:00, Rainfall: 109.3mm
2025-05-20 01:26:33,838 - INFO - Date: 2017-12-22 00:00:00, Rainfall: 156.0mm
2025-05-20 01:26:33,839 - INFO - Date: 2018-01-12 00:00:00, Rainfall: 124.6mm
2025-05-20 01:26:33,839 - INFO - Date: 2018-01-13 00:00:00, Rainfall: 104.5mm
2025-05-20 01:26:33,839 - INFO - Date: 2018-02-16 00:00:00, Rainfall: 112.8mm
2025-05-20 01:26:33,839 - INFO - Date: 2018-03-14 00:00:00, Rainfall: 152.1mm
2025-05-20 01:26:33,840 - INFO - Date: 2018-12-23 00:00:00, Rainfall: 108.7mm
2025-05-20 01:26:33,840 - INFO - Date: 2018-12-28 00:00:00, Rainfall: 140.3mm
2025-05-20 01:26:33,840 - INFO - Date: 2019-04-29 00:00:00, Rainfall: 107.0mm
2025-05-20 01:26:33,841 - INFO - Date: 2020-05-22 00:00:00, Rainfall: 122.9mm
2025-05-20 01:26:33,841 - INFO - Date: 2021-01-16 00:00:00, Rainfall: 109.4mm
2025-05-20 01:26:33,841 - INFO - Date: 2021-01-19 00:00:00, Rainfall: 111.0mm
2025-05-20 01:26:33,841 - INFO - Date: 2021-01-25 00:00:00, Rainfall: 100.9mm
2025-05-20 01:26:33,842 - INFO - Date: 2021-03-10 00:00:00, Rainfall: 153.7mm
2025-05-20 01:26:33,842 - INFO - Date: 2021-04-02 00:00:00, Rainfall: 135.8mm
2025-05-20 01:26:33,842 - INFO - Date: 2021-12-06 00:00:00, Rainfall: 145.9mm
2025-05-20 01:26:33,842 - INFO - Date: 2021-12-07 00:00:00, Rainfall: 218.8mm
2025-05-20 01:26:33,843 - INFO - Date: 2022-01-01 00:00:00, Rainfall: 110.4mm
2025-05-20 01:26:33,843 - INFO - Date: 2022-01-20 00:00:00, Rainfall: 123.1mm
2025-05-20 01:26:33,843 - INFO - Date: 2022-02-21 00:00:00, Rainfall: 155.3mm
2025-05-20 01:26:33,844 - INFO - Date: 2022-05-27 00:00:00, Rainfall: 147.6mm
2025-05-20 01:26:33,844 - INFO - Date: 2022-10-07 00:00:00, Rainfall: 101.6mm
2025-05-20 01:26:33,844 - INFO - Date: 2022-12-28 00:00:00, Rainfall: 102.0mm
2025-05-20 01:26:33,844 - INFO - Date: 2023-02-02 00:00:00, Rainfall: 200.0mm
2025-05-20 01:26:33,845 - INFO - Date: 2023-02-13 00:00:00, Rainfall: 200.0mm
2025-05-20 01:26:33,845 - INFO - Date: 2023-02-14 00:00:00, Rainfall: 183.0mm
2025-05-20 01:26:35,331 - INFO - 
Rows dropped due to NaN values: 53
2025-05-20 01:26:35,333 - INFO - 
Final dataset size: 3604
2025-05-20 01:26:35,334 - INFO - Total rows removed: 1691
2025-05-20 01:26:35,334 - INFO - 
Rainfall Statistics After Processing:
2025-05-20 01:26:35,334 - INFO - Mean: 9.88mm
2025-05-20 01:26:35,334 - INFO - Median: 1.00mm
2025-05-20 01:26:35,335 - INFO - Std Dev: 17.50mm
2025-05-20 01:26:35,335 - INFO - Max: 100.00mm
2025-05-20 01:26:35,337 - INFO - 
No NaN values remain in the dataset.
2025-05-20 01:26:35,338 - INFO - 
Final feature list (55 features):
2025-05-20 01:26:35,338 - INFO - Tn, Tx, Tavg, RH_avg, ss, ff_x, ff_avg, ddd_x, Month, Day, DayOfWeek, Season, Temp_Range, Month_sin, Month_cos, Day_sin, Day_cos, DayOfYear_sin, DayOfYear_cos, Temp_Humidity, Temp_Range_RH, Dew_Point, Heat_Index, Rain_Streak, Dry_Streak, RR_Rolling_Mean_3d, RR_Rolling_Std_3d, Tavg_Rolling_Mean_3d, RH_Rolling_Mean_3d, RR_Rolling_Mean_7d, RR_Rolling_Std_7d, Tavg_Rolling_Mean_7d, RH_Rolling_Mean_7d, RR_Rolling_Mean_14d, RR_Rolling_Std_14d, Tavg_Rolling_Mean_14d, RH_Rolling_Mean_14d, RR_Lag_1, Tavg_Lag_1, Rain_Binary_Lag_1, RR_Lag_2, Tavg_Lag_2, Rain_Binary_Lag_2, RR_Lag_3, Tavg_Lag_3, Rain_Binary_Lag_3, RR_Lag_5, Tavg_Lag_5, Rain_Binary_Lag_5, RR_Lag_7, Tavg_Lag_7, Rain_Binary_Lag_7, RR_Lag_14, Tavg_Lag_14, Rain_Binary_Lag_14
2025-05-20 01:26:35,343 - INFO - 
Plotting correlations for top 15 features: RR_Rolling_Mean_3d, RR_Rolling_Std_3d, RR_Rolling_Mean_7d, RR_Rolling_Std_7d, Tx, RR_Rolling_Mean_14d, RH_avg, Tavg, RH_Rolling_Mean_3d, RR_Rolling_Std_14d, Tavg_Rolling_Mean_3d, Tavg_Lag_1, RH_Rolling_Mean_7d, Heat_Index, DayOfYear_cos
2025-05-20 01:26:37,563 - INFO - Training and evaluating model...
2025-05-20 01:26:37,565 - INFO - 
Feature matrix shape: (3604, 55)
2025-05-20 01:26:37,571 - INFO - 
Training Gradient Boosting model...
2025-05-20 01:26:43,295 - INFO - Making predictions...
2025-05-20 01:26:43,299 - INFO - 
Model evaluation metrics:
2025-05-20 01:26:43,299 - INFO - Mean Squared Error (MSE): 5.6175
2025-05-20 01:26:43,300 - INFO - Root Mean Squared Error (RMSE): 2.3701
2025-05-20 01:26:43,300 - INFO - Mean Absolute Error (MAE): 1.0219
2025-05-20 01:26:43,300 - INFO - R-squared (R²): 0.9726
2025-05-20 01:26:43,480 - INFO - Computing permutation importance (this may take a while)...
2025-05-20 01:26:47,067 - INFO - 
Feature Importance (top 10):
2025-05-20 01:26:47,067 - INFO - RR_Rolling_Mean_3d: 3.1787
2025-05-20 01:26:47,067 - INFO - RR_Lag_2: 0.6252
2025-05-20 01:26:47,067 - INFO - RR_Lag_1: 0.5478
2025-05-20 01:26:47,067 - INFO - RR_Rolling_Std_3d: 0.0833
2025-05-20 01:26:47,068 - INFO - Tx: 0.0134
2025-05-20 01:26:47,068 - INFO - Rain_Streak: 0.0037
2025-05-20 01:26:47,068 - INFO - Dry_Streak: 0.0034
2025-05-20 01:26:47,068 - INFO - Tn: 0.0022
2025-05-20 01:26:47,068 - INFO - RR_Rolling_Std_7d: 0.0021
2025-05-20 01:26:47,068 - INFO - Tavg_Lag_2: 0.0020
2025-05-20 01:26:47,309 - INFO - 
Preparing multi-day forecasting dataset...
2025-05-20 01:26:47,313 - INFO - 
Initial data shape: (3604, 61)
2025-05-20 01:26:47,316 - INFO - Initial NaN counts:
Tanggal               0
Tn                    0
Tx                    0
Tavg                  0
RH_avg                0
                     ..
Tavg_Lag_14           0
Rain_Binary_Lag_14    0
RainToday             0
Rain_Streak           0
Dry_Streak            0
Length: 61, dtype: int64
2025-05-20 01:26:47,393 - INFO - 
After adding all features - shape: (3604, 352)
2025-05-20 01:26:47,402 - INFO - NaN counts after features:
Tanggal            0
Tn                 0
Tx                 0
Tavg               0
RH_avg             0
                  ..
RR_cum_7d          6
RainPattern_3d     0
DryPattern_3d      0
RH_Tavg_RR_Lag1    0
Wind_RH_Lag1       0
Length: 352, dtype: int64
2025-05-20 01:26:47,510 - INFO - 
After handling missing values - shape: (3604, 352)
2025-05-20 01:26:47,523 - INFO - NaN counts after handling missing values:
Tanggal            0
Tn                 0
Tx                 0
Tavg               0
RH_avg             0
                  ..
RR_cum_7d          0
RainPattern_3d     0
DryPattern_3d      0
RH_Tavg_RR_Lag1    0
Wind_RH_Lag1       0
Length: 352, dtype: int64
2025-05-20 01:26:47,586 - INFO - 
Day 1 dataset - shape: 3603
2025-05-20 01:26:47,588 - INFO - Number of NaN values in day 1 dataset: 0
2025-05-20 01:26:47,588 - INFO - Final size of day 1 dataset: 3603
2025-05-20 01:26:47,616 - INFO - 
Day 2 dataset - shape: 3602
2025-05-20 01:26:47,619 - INFO - Number of NaN values in day 2 dataset: 0
2025-05-20 01:26:47,619 - INFO - Final size of day 2 dataset: 3602
2025-05-20 01:26:47,652 - INFO - 
Day 3 dataset - shape: 3601
2025-05-20 01:26:47,655 - INFO - Number of NaN values in day 3 dataset: 0
2025-05-20 01:26:47,655 - INFO - Final size of day 3 dataset: 3601
2025-05-20 01:26:47,680 - INFO - 
Day 4 dataset - shape: 3600
2025-05-20 01:26:47,683 - INFO - Number of NaN values in day 4 dataset: 0
2025-05-20 01:26:47,683 - INFO - Final size of day 4 dataset: 3600
2025-05-20 01:26:47,709 - INFO - 
Day 5 dataset - shape: 3599
2025-05-20 01:26:47,711 - INFO - Number of NaN values in day 5 dataset: 0
2025-05-20 01:26:47,712 - INFO - Final size of day 5 dataset: 3599
2025-05-20 01:26:47,714 - INFO - 
Training multi-day forecasting models...
2025-05-20 01:26:47,714 - INFO - 
--- Training models for 0-day ahead prediction ---
2025-05-20 01:26:47,799 - INFO - Selected 100 most correlated features from 346 total
2025-05-20 01:26:47,799 - INFO - Using 100 features for day 0 prediction
2025-05-20 01:26:47,811 - INFO - Training models with 3-fold CV...
2025-05-20 01:26:47,811 - INFO - Training gbm model...
2025-05-20 01:26:47,812 - INFO -   Processing fold 1/3...
2025-05-20 01:26:48,952 - INFO -     Fold R²: 0.9748 (took 1.1s)
2025-05-20 01:26:48,953 - INFO -   Processing fold 2/3...
2025-05-20 01:26:50,121 - INFO -     Fold R²: 0.9678 (took 1.2s)
2025-05-20 01:26:50,121 - INFO -   Processing fold 3/3...
2025-05-20 01:26:51,409 - INFO -     Fold R²: 0.9758 (took 1.3s)
2025-05-20 01:26:51,410 - INFO - gbm CV R² scores: 0.9728 ± 0.0036
2025-05-20 01:26:51,410 - INFO - Training rf model...
2025-05-20 01:26:51,411 - INFO -   Processing fold 1/3...
2025-05-20 01:26:52,130 - INFO -     Fold R²: 0.9641 (took 0.7s)
2025-05-20 01:26:52,130 - INFO -   Processing fold 2/3...
2025-05-20 01:26:52,778 - INFO -     Fold R²: 0.9552 (took 0.6s)
2025-05-20 01:26:52,779 - INFO -   Processing fold 3/3...
2025-05-20 01:26:53,434 - INFO -     Fold R²: 0.9555 (took 0.7s)
2025-05-20 01:26:53,436 - INFO - rf CV R² scores: 0.9582 ± 0.0041
2025-05-20 01:26:53,436 - INFO - Training ridge model...
2025-05-20 01:26:53,436 - INFO -   Processing fold 1/3...
2025-05-20 01:26:53,441 - INFO -     Fold R²: 0.9893 (took 0.0s)
2025-05-20 01:26:53,441 - INFO -   Processing fold 2/3...
2025-05-20 01:26:53,446 - INFO -     Fold R²: 0.9869 (took 0.0s)
2025-05-20 01:26:53,447 - INFO -   Processing fold 3/3...
2025-05-20 01:26:53,453 - INFO -     Fold R²: 0.9921 (took 0.0s)
2025-05-20 01:26:53,453 - INFO - ridge CV R² scores: 0.9895 ± 0.0021
2025-05-20 01:26:53,455 - INFO - Ensemble metrics - R²: 0.9950, RMSE: 1.0068
2025-05-20 01:26:54,643 - INFO - 
--- Training models for 1-day ahead prediction ---
2025-05-20 01:26:54,673 - INFO - Selected 100 most correlated features from 225 total
2025-05-20 01:26:54,673 - INFO - Using 100 features for day 1 prediction
2025-05-20 01:26:54,686 - INFO - Training models with 2-fold CV...
2025-05-20 01:26:54,687 - INFO - Training gbm model...
2025-05-20 01:26:54,687 - INFO -   Processing fold 1/2...
2025-05-20 01:26:55,593 - INFO -     Fold R²: 0.2723 (took 0.9s)
2025-05-20 01:26:55,594 - INFO -   Processing fold 2/2...
2025-05-20 01:26:56,495 - INFO -     Fold R²: 0.3312 (took 0.9s)
2025-05-20 01:26:56,496 - INFO - gbm CV R² scores: 0.3017 ± 0.0295
2025-05-20 01:26:56,496 - INFO - Training rf model...
2025-05-20 01:26:56,498 - INFO -   Processing fold 1/2...
2025-05-20 01:26:57,166 - INFO -     Fold R²: 0.3114 (took 0.7s)
2025-05-20 01:26:57,166 - INFO -   Processing fold 2/2...
2025-05-20 01:26:57,822 - INFO -     Fold R²: 0.3372 (took 0.7s)
2025-05-20 01:26:57,823 - INFO - rf CV R² scores: 0.3243 ± 0.0129
2025-05-20 01:26:57,823 - INFO - Training ridge model...
2025-05-20 01:26:57,824 - INFO -   Processing fold 1/2...
2025-05-20 01:26:57,830 - INFO -     Fold R²: 0.3048 (took 0.0s)
2025-05-20 01:26:57,832 - INFO -   Processing fold 2/2...
2025-05-20 01:26:57,841 - INFO -     Fold R²: 0.3015 (took 0.0s)
2025-05-20 01:26:57,842 - INFO - ridge CV R² scores: 0.3032 ± 0.0016
2025-05-20 01:26:57,843 - INFO - Ensemble metrics - R²: 0.3935, RMSE: 11.1409
2025-05-20 01:26:59,333 - INFO - 
--- Training models for 2-day ahead prediction ---
2025-05-20 01:26:59,363 - INFO - Selected 100 most correlated features from 225 total
2025-05-20 01:26:59,363 - INFO - Using 100 features for day 2 prediction
2025-05-20 01:26:59,377 - INFO - Training models with 2-fold CV...
2025-05-20 01:26:59,377 - INFO - Training gbm model...
2025-05-20 01:26:59,378 - INFO -   Processing fold 1/2...
2025-05-20 01:27:00,249 - INFO -     Fold R²: 0.1450 (took 0.9s)
2025-05-20 01:27:00,250 - INFO -   Processing fold 2/2...
2025-05-20 01:27:01,138 - INFO -     Fold R²: 0.1818 (took 0.9s)
2025-05-20 01:27:01,139 - INFO - gbm CV R² scores: 0.1634 ± 0.0184
2025-05-20 01:27:01,140 - INFO - Training rf model...
2025-05-20 01:27:01,140 - INFO -   Processing fold 1/2...
2025-05-20 01:27:01,809 - INFO -     Fold R²: 0.1939 (took 0.7s)
2025-05-20 01:27:01,810 - INFO -   Processing fold 2/2...
2025-05-20 01:27:02,481 - INFO -     Fold R²: 0.2179 (took 0.7s)
2025-05-20 01:27:02,481 - INFO - rf CV R² scores: 0.2059 ± 0.0120
2025-05-20 01:27:02,482 - INFO - Training ridge model...
2025-05-20 01:27:02,483 - INFO -   Processing fold 1/2...
2025-05-20 01:27:02,489 - INFO -     Fold R²: 0.1398 (took 0.0s)
2025-05-20 01:27:02,489 - INFO -   Processing fold 2/2...
2025-05-20 01:27:02,495 - INFO -     Fold R²: 0.1462 (took 0.0s)
2025-05-20 01:27:02,496 - INFO - ridge CV R² scores: 0.1430 ± 0.0032
2025-05-20 01:27:02,498 - INFO - Ensemble metrics - R²: 0.2174, RMSE: 12.6557
2025-05-20 01:27:03,791 - INFO - 
--- Training models for 3-day ahead prediction ---
2025-05-20 01:27:03,806 - INFO - Selected 100 most correlated features from 121 total
2025-05-20 01:27:03,807 - INFO - Using 100 features for day 3 prediction
2025-05-20 01:27:03,820 - INFO - Training models with 2-fold CV...
2025-05-20 01:27:03,820 - INFO - Training gbm model...
2025-05-20 01:27:03,821 - INFO -   Processing fold 1/2...
2025-05-20 01:27:04,731 - INFO -     Fold R²: 0.1275 (took 0.9s)
2025-05-20 01:27:04,732 - INFO -   Processing fold 2/2...
2025-05-20 01:27:05,655 - INFO -     Fold R²: 0.1776 (took 0.9s)
2025-05-20 01:27:05,655 - INFO - gbm CV R² scores: 0.1525 ± 0.0251
2025-05-20 01:27:05,655 - INFO - Training rf model...
2025-05-20 01:27:05,656 - INFO -   Processing fold 1/2...
2025-05-20 01:27:06,339 - INFO -     Fold R²: 0.1852 (took 0.7s)
2025-05-20 01:27:06,339 - INFO -   Processing fold 2/2...
2025-05-20 01:27:06,953 - INFO -     Fold R²: 0.2040 (took 0.6s)
2025-05-20 01:27:06,953 - INFO - rf CV R² scores: 0.1946 ± 0.0094
2025-05-20 01:27:06,953 - INFO - Training ridge model...
2025-05-20 01:27:06,955 - INFO -   Processing fold 1/2...
2025-05-20 01:27:06,960 - INFO -     Fold R²: 0.1462 (took 0.0s)
2025-05-20 01:27:06,961 - INFO -   Processing fold 2/2...
2025-05-20 01:27:06,968 - INFO -     Fold R²: 0.1745 (took 0.0s)
2025-05-20 01:27:06,968 - INFO - ridge CV R² scores: 0.1604 ± 0.0141
2025-05-20 01:27:06,969 - INFO - Ensemble metrics - R²: 0.1760, RMSE: 12.9859
2025-05-20 01:27:08,278 - INFO - 
--- Training models for 4-day ahead prediction ---
2025-05-20 01:27:08,293 - INFO - Selected 100 most correlated features from 121 total
2025-05-20 01:27:08,293 - INFO - Using 100 features for day 4 prediction
2025-05-20 01:27:08,308 - INFO - Training models with 2-fold CV...
2025-05-20 01:27:08,308 - INFO - Training gbm model...
2025-05-20 01:27:08,309 - INFO -   Processing fold 1/2...
2025-05-20 01:27:09,265 - INFO -     Fold R²: 0.1377 (took 1.0s)
2025-05-20 01:27:09,266 - INFO -   Processing fold 2/2...
2025-05-20 01:27:10,244 - INFO -     Fold R²: 0.1898 (took 1.0s)
2025-05-20 01:27:10,245 - INFO - gbm CV R² scores: 0.1637 ± 0.0261
2025-05-20 01:27:10,245 - INFO - Training rf model...
2025-05-20 01:27:10,246 - INFO -   Processing fold 1/2...
2025-05-20 01:27:10,927 - INFO -     Fold R²: 0.1791 (took 0.7s)
2025-05-20 01:27:10,928 - INFO -   Processing fold 2/2...
2025-05-20 01:27:11,580 - INFO -     Fold R²: 0.2257 (took 0.7s)
2025-05-20 01:27:11,581 - INFO - rf CV R² scores: 0.2024 ± 0.0233
2025-05-20 01:27:11,581 - INFO - Training ridge model...
2025-05-20 01:27:11,582 - INFO -   Processing fold 1/2...
2025-05-20 01:27:11,589 - INFO -     Fold R²: 0.1430 (took 0.0s)
2025-05-20 01:27:11,589 - INFO -   Processing fold 2/2...
2025-05-20 01:27:11,594 - INFO -     Fold R²: 0.1740 (took 0.0s)
2025-05-20 01:27:11,595 - INFO - ridge CV R² scores: 0.1585 ± 0.0155
2025-05-20 01:27:11,597 - INFO - Ensemble metrics - R²: 0.1727, RMSE: 13.0186
2025-05-20 01:27:12,864 - INFO - 
--- Training models for 5-day ahead prediction ---
2025-05-20 01:27:12,879 - INFO - Selected 100 most correlated features from 121 total
2025-05-20 01:27:12,879 - INFO - Using 100 features for day 5 prediction
2025-05-20 01:27:12,893 - INFO - Training models with 2-fold CV...
2025-05-20 01:27:12,893 - INFO - Training gbm model...
2025-05-20 01:27:12,894 - INFO -   Processing fold 1/2...
2025-05-20 01:27:13,812 - INFO -     Fold R²: 0.1118 (took 0.9s)
2025-05-20 01:27:13,812 - INFO -   Processing fold 2/2...
2025-05-20 01:27:14,725 - INFO -     Fold R²: 0.2263 (took 0.9s)
2025-05-20 01:27:14,726 - INFO - gbm CV R² scores: 0.1690 ± 0.0572
2025-05-20 01:27:14,726 - INFO - Training rf model...
2025-05-20 01:27:14,727 - INFO -   Processing fold 1/2...
2025-05-20 01:27:15,373 - INFO -     Fold R²: 0.1726 (took 0.6s)
2025-05-20 01:27:15,374 - INFO -   Processing fold 2/2...
2025-05-20 01:27:16,048 - INFO -     Fold R²: 0.2393 (took 0.7s)
2025-05-20 01:27:16,048 - INFO - rf CV R² scores: 0.2059 ± 0.0333
2025-05-20 01:27:16,048 - INFO - Training ridge model...
2025-05-20 01:27:16,049 - INFO -   Processing fold 1/2...
2025-05-20 01:27:16,053 - INFO -     Fold R²: 0.1048 (took 0.0s)
2025-05-20 01:27:16,054 - INFO -   Processing fold 2/2...
2025-05-20 01:27:16,059 - INFO -     Fold R²: 0.1851 (took 0.0s)
2025-05-20 01:27:16,059 - INFO - ridge CV R² scores: 0.1449 ± 0.0402
2025-05-20 01:27:16,059 - INFO - Ensemble metrics - R²: 0.1538, RMSE: 13.1661
2025-05-20 01:27:19,315 - INFO - Saved ensemble model for 0-day ahead prediction in gbm\models\day_0
2025-05-20 01:27:19,320 - INFO - Saved ensemble model for 1-day ahead prediction in gbm\models\day_1
2025-05-20 01:27:19,323 - INFO - Saved ensemble model for 2-day ahead prediction in gbm\models\day_2
2025-05-20 01:27:19,327 - INFO - Saved ensemble model for 3-day ahead prediction in gbm\models\day_3
2025-05-20 01:27:19,330 - INFO - Saved ensemble model for 4-day ahead prediction in gbm\models\day_4
2025-05-20 01:27:19,335 - INFO - Saved ensemble model for 5-day ahead prediction in gbm\models\day_5
2025-05-20 01:27:19,347 - INFO - 
Model saved to gbm\models\gbm_model.pkl
2025-05-20 01:27:19,347 - INFO - Scaler saved to gbm\models\scaler.pkl
2025-05-20 01:27:19,348 - INFO - Feature list saved to gbm\models\feature_columns.pkl
2025-05-20 01:27:19,348 - INFO - Process completed successfully.
2025-05-20 01:34:13,498 - INFO - Loading dataset...
2025-05-20 01:34:13,508 - INFO - Preprocessing data...
2025-05-20 01:34:13,509 - INFO - Initial dataset size: 5295
2025-05-20 01:34:13,752 - INFO - 
Outliers removed: 52 rows
2025-05-20 01:34:13,753 - INFO - Dates with extreme rainfall (>100mm):
2025-05-20 01:34:13,753 - INFO - Date: 2010-01-15 00:00:00, Rainfall: 110.0mm
2025-05-20 01:34:13,754 - INFO - Date: 2010-02-20 00:00:00, Rainfall: 180.0mm
2025-05-20 01:34:13,754 - INFO - Date: 2011-02-05 00:00:00, Rainfall: 113.0mm
2025-05-20 01:34:13,754 - INFO - Date: 2011-02-06 00:00:00, Rainfall: 122.0mm
2025-05-20 01:34:13,754 - INFO - Date: 2012-03-15 00:00:00, Rainfall: 141.0mm
2025-05-20 01:34:13,755 - INFO - Date: 2012-05-13 00:00:00, Rainfall: 125.0mm
2025-05-20 01:34:13,755 - INFO - Date: 2013-01-02 00:00:00, Rainfall: 120.8mm
2025-05-20 01:34:13,755 - INFO - Date: 2013-01-04 00:00:00, Rainfall: 103.5mm
2025-05-20 01:34:13,755 - INFO - Date: 2014-01-13 00:00:00, Rainfall: 105.2mm
2025-05-20 01:34:13,755 - INFO - Date: 2014-04-08 00:00:00, Rainfall: 137.9mm
2025-05-20 01:34:13,756 - INFO - Date: 2014-12-06 00:00:00, Rainfall: 137.4mm
2025-05-20 01:34:13,756 - INFO - Date: 2014-12-07 00:00:00, Rainfall: 105.4mm
2025-05-20 01:34:13,756 - INFO - Date: 2015-01-22 00:00:00, Rainfall: 160.3mm
2025-05-20 01:34:13,756 - INFO - Date: 2015-03-03 00:00:00, Rainfall: 127.6mm
2025-05-20 01:34:13,757 - INFO - Date: 2015-12-18 00:00:00, Rainfall: 130.7mm
2025-05-20 01:34:13,757 - INFO - Date: 2015-12-19 00:00:00, Rainfall: 112.4mm
2025-05-20 01:34:13,757 - INFO - Date: 2016-01-22 00:00:00, Rainfall: 160.3mm
2025-05-20 01:34:13,757 - INFO - Date: 2016-02-28 00:00:00, Rainfall: 103.4mm
2025-05-20 01:34:13,758 - INFO - Date: 2016-10-10 00:00:00, Rainfall: 127.4mm
2025-05-20 01:34:13,758 - INFO - Date: 2016-10-25 00:00:00, Rainfall: 188.7mm
2025-05-20 01:34:13,759 - INFO - Date: 2016-12-13 00:00:00, Rainfall: 101.0mm
2025-05-20 01:34:13,759 - INFO - Date: 2016-12-30 00:00:00, Rainfall: 115.3mm
2025-05-20 01:34:13,759 - INFO - Date: 2017-01-26 00:00:00, Rainfall: 107.9mm
2025-05-20 01:34:13,760 - INFO - Date: 2017-02-17 00:00:00, Rainfall: 120.3mm
2025-05-20 01:34:13,760 - INFO - Date: 2017-12-13 00:00:00, Rainfall: 106.0mm
2025-05-20 01:34:13,760 - INFO - Date: 2017-12-20 00:00:00, Rainfall: 101.4mm
2025-05-20 01:34:13,761 - INFO - Date: 2017-12-21 00:00:00, Rainfall: 109.3mm
2025-05-20 01:34:13,761 - INFO - Date: 2017-12-22 00:00:00, Rainfall: 156.0mm
2025-05-20 01:34:13,761 - INFO - Date: 2018-01-12 00:00:00, Rainfall: 124.6mm
2025-05-20 01:34:13,762 - INFO - Date: 2018-01-13 00:00:00, Rainfall: 104.5mm
2025-05-20 01:34:13,762 - INFO - Date: 2018-02-16 00:00:00, Rainfall: 112.8mm
2025-05-20 01:34:13,762 - INFO - Date: 2018-03-14 00:00:00, Rainfall: 152.1mm
2025-05-20 01:34:13,762 - INFO - Date: 2018-12-23 00:00:00, Rainfall: 108.7mm
2025-05-20 01:34:13,763 - INFO - Date: 2018-12-28 00:00:00, Rainfall: 140.3mm
2025-05-20 01:34:13,763 - INFO - Date: 2019-04-29 00:00:00, Rainfall: 107.0mm
2025-05-20 01:34:13,763 - INFO - Date: 2020-05-22 00:00:00, Rainfall: 122.9mm
2025-05-20 01:34:13,764 - INFO - Date: 2021-01-16 00:00:00, Rainfall: 109.4mm
2025-05-20 01:34:13,764 - INFO - Date: 2021-01-19 00:00:00, Rainfall: 111.0mm
2025-05-20 01:34:13,764 - INFO - Date: 2021-01-25 00:00:00, Rainfall: 100.9mm
2025-05-20 01:34:13,765 - INFO - Date: 2021-03-10 00:00:00, Rainfall: 153.7mm
2025-05-20 01:34:13,765 - INFO - Date: 2021-04-02 00:00:00, Rainfall: 135.8mm
2025-05-20 01:34:13,765 - INFO - Date: 2021-12-06 00:00:00, Rainfall: 145.9mm
2025-05-20 01:34:13,765 - INFO - Date: 2021-12-07 00:00:00, Rainfall: 218.8mm
2025-05-20 01:34:13,765 - INFO - Date: 2022-01-01 00:00:00, Rainfall: 110.4mm
2025-05-20 01:34:13,765 - INFO - Date: 2022-01-20 00:00:00, Rainfall: 123.1mm
2025-05-20 01:34:13,766 - INFO - Date: 2022-02-21 00:00:00, Rainfall: 155.3mm
2025-05-20 01:34:13,766 - INFO - Date: 2022-05-27 00:00:00, Rainfall: 147.6mm
2025-05-20 01:34:13,766 - INFO - Date: 2022-10-07 00:00:00, Rainfall: 101.6mm
2025-05-20 01:34:13,767 - INFO - Date: 2022-12-28 00:00:00, Rainfall: 102.0mm
2025-05-20 01:34:13,767 - INFO - Date: 2023-02-02 00:00:00, Rainfall: 200.0mm
2025-05-20 01:34:13,767 - INFO - Date: 2023-02-13 00:00:00, Rainfall: 200.0mm
2025-05-20 01:34:13,768 - INFO - Date: 2023-02-14 00:00:00, Rainfall: 183.0mm
2025-05-20 01:34:15,335 - INFO - 
Rows dropped due to NaN values: 53
2025-05-20 01:34:15,336 - INFO - 
Final dataset size: 3604
2025-05-20 01:34:15,337 - INFO - Total rows removed: 1691
2025-05-20 01:34:15,337 - INFO - 
Rainfall Statistics After Processing:
2025-05-20 01:34:15,337 - INFO - Mean: 9.88mm
2025-05-20 01:34:15,337 - INFO - Median: 1.00mm
2025-05-20 01:34:15,338 - INFO - Std Dev: 17.50mm
2025-05-20 01:34:15,338 - INFO - Max: 100.00mm
2025-05-20 01:34:15,341 - INFO - 
No NaN values remain in the dataset.
2025-05-20 01:34:15,341 - INFO - 
Final feature list (55 features):
2025-05-20 01:34:15,341 - INFO - Tn, Tx, Tavg, RH_avg, ss, ff_x, ff_avg, ddd_x, Month, Day, DayOfWeek, Season, Temp_Range, Month_sin, Month_cos, Day_sin, Day_cos, DayOfYear_sin, DayOfYear_cos, Temp_Humidity, Temp_Range_RH, Dew_Point, Heat_Index, Rain_Streak, Dry_Streak, RR_Rolling_Mean_3d, RR_Rolling_Std_3d, Tavg_Rolling_Mean_3d, RH_Rolling_Mean_3d, RR_Rolling_Mean_7d, RR_Rolling_Std_7d, Tavg_Rolling_Mean_7d, RH_Rolling_Mean_7d, RR_Rolling_Mean_14d, RR_Rolling_Std_14d, Tavg_Rolling_Mean_14d, RH_Rolling_Mean_14d, RR_Lag_1, Tavg_Lag_1, Rain_Binary_Lag_1, RR_Lag_2, Tavg_Lag_2, Rain_Binary_Lag_2, RR_Lag_3, Tavg_Lag_3, Rain_Binary_Lag_3, RR_Lag_5, Tavg_Lag_5, Rain_Binary_Lag_5, RR_Lag_7, Tavg_Lag_7, Rain_Binary_Lag_7, RR_Lag_14, Tavg_Lag_14, Rain_Binary_Lag_14
2025-05-20 01:34:15,347 - INFO - 
Plotting correlations for top 15 features: RR_Rolling_Mean_3d, RR_Rolling_Std_3d, RR_Rolling_Mean_7d, RR_Rolling_Std_7d, Tx, RR_Rolling_Mean_14d, RH_avg, Tavg, RH_Rolling_Mean_3d, RR_Rolling_Std_14d, Tavg_Rolling_Mean_3d, Tavg_Lag_1, RH_Rolling_Mean_7d, Heat_Index, DayOfYear_cos
2025-05-20 01:34:17,687 - INFO - Training and evaluating model...
2025-05-20 01:34:17,689 - INFO - 
Feature matrix shape: (3604, 55)
2025-05-20 01:34:17,696 - INFO - 
Training Gradient Boosting model...
2025-05-20 01:34:23,565 - INFO - Making predictions...
2025-05-20 01:34:23,568 - INFO - 
Model evaluation metrics:
2025-05-20 01:34:23,569 - INFO - Mean Squared Error (MSE): 5.6175
2025-05-20 01:34:23,569 - INFO - Root Mean Squared Error (RMSE): 2.3701
2025-05-20 01:34:23,569 - INFO - Mean Absolute Error (MAE): 1.0219
2025-05-20 01:34:23,569 - INFO - R-squared (R²): 0.9726
2025-05-20 01:34:23,735 - INFO - Computing permutation importance (this may take a while)...
2025-05-20 01:34:27,192 - INFO - 
Feature Importance (top 10):
2025-05-20 01:34:27,192 - INFO - RR_Rolling_Mean_3d: 3.1787
2025-05-20 01:34:27,192 - INFO - RR_Lag_2: 0.6252
2025-05-20 01:34:27,193 - INFO - RR_Lag_1: 0.5478
2025-05-20 01:34:27,193 - INFO - RR_Rolling_Std_3d: 0.0833
2025-05-20 01:34:27,193 - INFO - Tx: 0.0134
2025-05-20 01:34:27,193 - INFO - Rain_Streak: 0.0037
2025-05-20 01:34:27,193 - INFO - Dry_Streak: 0.0034
2025-05-20 01:34:27,194 - INFO - Tn: 0.0022
2025-05-20 01:34:27,194 - INFO - RR_Rolling_Std_7d: 0.0021
2025-05-20 01:34:27,194 - INFO - Tavg_Lag_2: 0.0020
2025-05-20 01:34:27,391 - INFO - 
Preparing multi-day forecasting dataset...
2025-05-20 01:34:27,396 - INFO - 
Initial data shape: (3604, 61)
2025-05-20 01:34:27,399 - INFO - Initial NaN counts:
Tanggal               0
Tn                    0
Tx                    0
Tavg                  0
RH_avg                0
                     ..
Tavg_Lag_14           0
Rain_Binary_Lag_14    0
RainToday             0
Rain_Streak           0
Dry_Streak            0
Length: 61, dtype: int64
2025-05-20 01:34:27,478 - INFO - 
After adding all features - shape: (3604, 352)
2025-05-20 01:34:27,485 - INFO - NaN counts after features:
Tanggal            0
Tn                 0
Tx                 0
Tavg               0
RH_avg             0
                  ..
RR_cum_7d          6
RainPattern_3d     0
DryPattern_3d      0
RH_Tavg_RR_Lag1    0
Wind_RH_Lag1       0
Length: 352, dtype: int64
2025-05-20 01:34:27,589 - INFO - 
After handling missing values - shape: (3604, 352)
2025-05-20 01:34:27,598 - INFO - NaN counts after handling missing values:
Tanggal            0
Tn                 0
Tx                 0
Tavg               0
RH_avg             0
                  ..
RR_cum_7d          0
RainPattern_3d     0
DryPattern_3d      0
RH_Tavg_RR_Lag1    0
Wind_RH_Lag1       0
Length: 352, dtype: int64
2025-05-20 01:34:27,660 - INFO - 
Day 1 dataset - shape: 3603
2025-05-20 01:34:27,662 - INFO - Number of NaN values in day 1 dataset: 0
2025-05-20 01:34:27,662 - INFO - Final size of day 1 dataset: 3603
2025-05-20 01:34:27,687 - INFO - 
Day 2 dataset - shape: 3602
2025-05-20 01:34:27,690 - INFO - Number of NaN values in day 2 dataset: 0
2025-05-20 01:34:27,690 - INFO - Final size of day 2 dataset: 3602
2025-05-20 01:34:27,713 - INFO - 
Day 3 dataset - shape: 3601
2025-05-20 01:34:27,716 - INFO - Number of NaN values in day 3 dataset: 0
2025-05-20 01:34:27,716 - INFO - Final size of day 3 dataset: 3601
2025-05-20 01:34:27,777 - INFO - 
Day 4 dataset - shape: 3600
2025-05-20 01:34:27,780 - INFO - Number of NaN values in day 4 dataset: 0
2025-05-20 01:34:27,781 - INFO - Final size of day 4 dataset: 3600
2025-05-20 01:34:27,813 - INFO - 
Day 5 dataset - shape: 3599
2025-05-20 01:34:27,816 - INFO - Number of NaN values in day 5 dataset: 0
2025-05-20 01:34:27,816 - INFO - Final size of day 5 dataset: 3599
2025-05-20 01:34:27,819 - INFO - 
Training multi-day forecasting models...
2025-05-20 01:34:27,819 - INFO - 
--- Training models for 0-day ahead prediction ---
2025-05-20 01:34:27,939 - INFO - Selected 100 most correlated features from 346 total
2025-05-20 01:34:27,939 - INFO - Using 100 features for day 0 prediction
2025-05-20 01:34:27,955 - INFO - Training models with 5-fold CV...
2025-05-20 01:34:27,956 - INFO - Training gbm model...
2025-05-20 01:34:27,956 - INFO -   Processing fold 1/5...
2025-05-20 01:34:29,151 - INFO -     Fold R²: 0.9801 (took 1.2s)
2025-05-20 01:34:29,151 - INFO -   Processing fold 2/5...
2025-05-20 01:34:30,517 - INFO -     Fold R²: 0.9796 (took 1.4s)
2025-05-20 01:34:30,517 - INFO -   Processing fold 3/5...
2025-05-20 01:34:31,838 - INFO -     Fold R²: 0.9646 (took 1.3s)
2025-05-20 01:34:31,838 - INFO -   Processing fold 4/5...
2025-05-20 01:34:33,185 - INFO -     Fold R²: 0.9714 (took 1.3s)
2025-05-20 01:34:33,186 - INFO -   Processing fold 5/5...
2025-05-20 01:34:34,560 - INFO -     Fold R²: 0.9780 (took 1.4s)
2025-05-20 01:34:34,561 - INFO - gbm CV R² scores: 0.9747 ± 0.0060
2025-05-20 01:34:34,561 - INFO - Training rf model...
2025-05-20 01:34:34,562 - INFO -   Processing fold 1/5...
2025-05-20 01:34:35,283 - INFO -     Fold R²: 0.9659 (took 0.7s)
2025-05-20 01:34:35,284 - INFO -   Processing fold 2/5...
2025-05-20 01:34:35,951 - INFO -     Fold R²: 0.9594 (took 0.7s)
2025-05-20 01:34:35,951 - INFO -   Processing fold 3/5...
2025-05-20 01:34:36,629 - INFO -     Fold R²: 0.9449 (took 0.7s)
2025-05-20 01:34:36,629 - INFO -   Processing fold 4/5...
2025-05-20 01:34:37,313 - INFO -     Fold R²: 0.9481 (took 0.7s)
2025-05-20 01:34:37,313 - INFO -   Processing fold 5/5...
2025-05-20 01:34:37,990 - INFO -     Fold R²: 0.9606 (took 0.7s)
2025-05-20 01:34:37,991 - INFO - rf CV R² scores: 0.9558 ± 0.0079
2025-05-20 01:34:37,991 - INFO - Training ridge model...
2025-05-20 01:34:37,992 - INFO -   Processing fold 1/5...
2025-05-20 01:34:37,998 - INFO -     Fold R²: 0.9944 (took 0.0s)
2025-05-20 01:34:37,999 - INFO -   Processing fold 2/5...
2025-05-20 01:34:38,011 - INFO -     Fold R²: 0.9809 (took 0.0s)
2025-05-20 01:34:38,012 - INFO -   Processing fold 3/5...
2025-05-20 01:34:38,020 - INFO -     Fold R²: 0.9955 (took 0.0s)
2025-05-20 01:34:38,020 - INFO -   Processing fold 4/5...
2025-05-20 01:34:38,025 - INFO -     Fold R²: 0.9952 (took 0.0s)
2025-05-20 01:34:38,025 - INFO -   Processing fold 5/5...
2025-05-20 01:34:38,030 - INFO -     Fold R²: 0.9949 (took 0.0s)
2025-05-20 01:34:38,030 - INFO - ridge CV R² scores: 0.9922 ± 0.0057
2025-05-20 01:34:38,032 - INFO - Ensemble metrics - R²: 0.9945, RMSE: 1.0588
2025-05-20 01:34:39,328 - INFO - 
--- Training models for 1-day ahead prediction ---
2025-05-20 01:34:39,361 - INFO - Selected 100 most correlated features from 230 total
2025-05-20 01:34:39,361 - INFO - Using 100 features for day 1 prediction
2025-05-20 01:34:39,381 - INFO - Training models with 3-fold CV...
2025-05-20 01:34:39,381 - INFO - Training gbm model...
2025-05-20 01:34:39,382 - INFO -   Processing fold 1/3...
2025-05-20 01:34:40,715 - INFO -     Fold R²: 0.2887 (took 1.3s)
2025-05-20 01:34:40,715 - INFO -   Processing fold 2/3...
2025-05-20 01:34:42,143 - INFO -     Fold R²: 0.3748 (took 1.4s)
2025-05-20 01:34:42,143 - INFO -   Processing fold 3/3...
2025-05-20 01:34:43,478 - INFO -     Fold R²: 0.3219 (took 1.3s)
2025-05-20 01:34:43,478 - INFO - gbm CV R² scores: 0.3285 ± 0.0354
2025-05-20 01:34:43,478 - INFO - Training rf model...
2025-05-20 01:34:43,479 - INFO -   Processing fold 1/3...
2025-05-20 01:34:44,323 - INFO -     Fold R²: 0.3181 (took 0.8s)
2025-05-20 01:34:44,325 - INFO -   Processing fold 2/3...
2025-05-20 01:34:45,151 - INFO -     Fold R²: 0.3723 (took 0.8s)
2025-05-20 01:34:45,153 - INFO -   Processing fold 3/3...
2025-05-20 01:34:45,959 - INFO -     Fold R²: 0.3151 (took 0.8s)
2025-05-20 01:34:45,959 - INFO - rf CV R² scores: 0.3352 ± 0.0263
2025-05-20 01:34:45,959 - INFO - Training ridge model...
2025-05-20 01:34:45,960 - INFO -   Processing fold 1/3...
2025-05-20 01:34:45,964 - INFO -     Fold R²: 0.3159 (took 0.0s)
2025-05-20 01:34:45,965 - INFO -   Processing fold 2/3...
2025-05-20 01:34:45,971 - INFO -     Fold R²: 0.3586 (took 0.0s)
2025-05-20 01:34:45,972 - INFO -   Processing fold 3/3...
2025-05-20 01:34:45,977 - INFO -     Fold R²: 0.2725 (took 0.0s)
2025-05-20 01:34:45,977 - INFO - ridge CV R² scores: 0.3157 ± 0.0352
2025-05-20 01:34:45,978 - INFO - Ensemble metrics - R²: 0.3894, RMSE: 11.1784
2025-05-20 01:34:47,170 - INFO - 
Months with highest errors for 1-day ahead predictions:
2025-05-20 01:34:47,171 - INFO -   Feb: MAE = 15.09
2025-05-20 01:34:47,171 - INFO -   Dec: MAE = 14.41
2025-05-20 01:34:47,171 - INFO -   Jan: MAE = 13.28
2025-05-20 01:34:47,712 - INFO - 
--- Training models for 2-day ahead prediction ---
2025-05-20 01:34:47,741 - INFO - Selected 100 most correlated features from 230 total
2025-05-20 01:34:47,742 - INFO - Added previous day prediction as feature for day 2
2025-05-20 01:34:47,742 - INFO - Using 101 features for day 2 prediction
2025-05-20 01:34:47,762 - INFO - Training models with 3-fold CV...
2025-05-20 01:34:47,762 - INFO - Training gbm model...
2025-05-20 01:34:47,763 - INFO -   Processing fold 1/3...
2025-05-20 01:34:47,765 - ERROR - Error in fold 1: Input X contains NaN.
GradientBoostingRegressor does not accept missing values encoded as NaN natively. For supervised learning, you might want to consider sklearn.ensemble.HistGradientBoostingClassifier and Regressor which accept missing values encoded as NaNs natively. Alternatively, it is possible to preprocess the data, for instance by using an imputer transformer in a pipeline or drop samples with missing values. See https://scikit-learn.org/stable/modules/impute.html You can find a list of all estimators that handle NaN values at the following page: https://scikit-learn.org/stable/modules/impute.html#estimators-that-handle-nan-values
2025-05-20 01:34:47,765 - INFO -   Processing fold 2/3...
2025-05-20 01:34:47,767 - ERROR - Error in fold 2: Input X contains NaN.
GradientBoostingRegressor does not accept missing values encoded as NaN natively. For supervised learning, you might want to consider sklearn.ensemble.HistGradientBoostingClassifier and Regressor which accept missing values encoded as NaNs natively. Alternatively, it is possible to preprocess the data, for instance by using an imputer transformer in a pipeline or drop samples with missing values. See https://scikit-learn.org/stable/modules/impute.html You can find a list of all estimators that handle NaN values at the following page: https://scikit-learn.org/stable/modules/impute.html#estimators-that-handle-nan-values
2025-05-20 01:34:47,767 - INFO -   Processing fold 3/3...
2025-05-20 01:34:47,769 - ERROR - Error in fold 3: Input X contains NaN.
GradientBoostingRegressor does not accept missing values encoded as NaN natively. For supervised learning, you might want to consider sklearn.ensemble.HistGradientBoostingClassifier and Regressor which accept missing values encoded as NaNs natively. Alternatively, it is possible to preprocess the data, for instance by using an imputer transformer in a pipeline or drop samples with missing values. See https://scikit-learn.org/stable/modules/impute.html You can find a list of all estimators that handle NaN values at the following page: https://scikit-learn.org/stable/modules/impute.html#estimators-that-handle-nan-values
2025-05-20 01:34:47,770 - INFO - gbm CV R² scores: 0.0000 ± 0.0000
2025-05-20 01:34:47,770 - INFO - Training rf model...
2025-05-20 01:34:47,771 - INFO -   Processing fold 1/3...
2025-05-20 01:34:47,772 - ERROR - Error in fold 1: Input X contains NaN.
RandomForestRegressor does not accept missing values encoded as NaN natively. For supervised learning, you might want to consider sklearn.ensemble.HistGradientBoostingClassifier and Regressor which accept missing values encoded as NaNs natively. Alternatively, it is possible to preprocess the data, for instance by using an imputer transformer in a pipeline or drop samples with missing values. See https://scikit-learn.org/stable/modules/impute.html You can find a list of all estimators that handle NaN values at the following page: https://scikit-learn.org/stable/modules/impute.html#estimators-that-handle-nan-values
2025-05-20 01:34:47,773 - INFO -   Processing fold 2/3...
2025-05-20 01:34:47,775 - ERROR - Error in fold 2: Input X contains NaN.
RandomForestRegressor does not accept missing values encoded as NaN natively. For supervised learning, you might want to consider sklearn.ensemble.HistGradientBoostingClassifier and Regressor which accept missing values encoded as NaNs natively. Alternatively, it is possible to preprocess the data, for instance by using an imputer transformer in a pipeline or drop samples with missing values. See https://scikit-learn.org/stable/modules/impute.html You can find a list of all estimators that handle NaN values at the following page: https://scikit-learn.org/stable/modules/impute.html#estimators-that-handle-nan-values
2025-05-20 01:34:47,775 - INFO -   Processing fold 3/3...
2025-05-20 01:34:47,776 - ERROR - Error in fold 3: Input X contains NaN.
RandomForestRegressor does not accept missing values encoded as NaN natively. For supervised learning, you might want to consider sklearn.ensemble.HistGradientBoostingClassifier and Regressor which accept missing values encoded as NaNs natively. Alternatively, it is possible to preprocess the data, for instance by using an imputer transformer in a pipeline or drop samples with missing values. See https://scikit-learn.org/stable/modules/impute.html You can find a list of all estimators that handle NaN values at the following page: https://scikit-learn.org/stable/modules/impute.html#estimators-that-handle-nan-values
2025-05-20 01:34:47,777 - INFO - rf CV R² scores: 0.0000 ± 0.0000
2025-05-20 01:34:47,777 - INFO - Training ridge model...
2025-05-20 01:34:47,778 - INFO -   Processing fold 1/3...
2025-05-20 01:34:47,779 - ERROR - Error in fold 1: Input X contains NaN.
Ridge does not accept missing values encoded as NaN natively. For supervised learning, you might want to consider sklearn.ensemble.HistGradientBoostingClassifier and Regressor which accept missing values encoded as NaNs natively. Alternatively, it is possible to preprocess the data, for instance by using an imputer transformer in a pipeline or drop samples with missing values. See https://scikit-learn.org/stable/modules/impute.html You can find a list of all estimators that handle NaN values at the following page: https://scikit-learn.org/stable/modules/impute.html#estimators-that-handle-nan-values
2025-05-20 01:34:47,780 - INFO -   Processing fold 2/3...
2025-05-20 01:34:47,781 - ERROR - Error in fold 2: Input X contains NaN.
Ridge does not accept missing values encoded as NaN natively. For supervised learning, you might want to consider sklearn.ensemble.HistGradientBoostingClassifier and Regressor which accept missing values encoded as NaNs natively. Alternatively, it is possible to preprocess the data, for instance by using an imputer transformer in a pipeline or drop samples with missing values. See https://scikit-learn.org/stable/modules/impute.html You can find a list of all estimators that handle NaN values at the following page: https://scikit-learn.org/stable/modules/impute.html#estimators-that-handle-nan-values
2025-05-20 01:34:47,782 - INFO -   Processing fold 3/3...
2025-05-20 01:34:47,785 - ERROR - Error in fold 3: Input X contains NaN.
Ridge does not accept missing values encoded as NaN natively. For supervised learning, you might want to consider sklearn.ensemble.HistGradientBoostingClassifier and Regressor which accept missing values encoded as NaNs natively. Alternatively, it is possible to preprocess the data, for instance by using an imputer transformer in a pipeline or drop samples with missing values. See https://scikit-learn.org/stable/modules/impute.html You can find a list of all estimators that handle NaN values at the following page: https://scikit-learn.org/stable/modules/impute.html#estimators-that-handle-nan-values
2025-05-20 01:34:47,787 - INFO - ridge CV R² scores: 0.0000 ± 0.0000
2025-05-20 01:34:47,788 - INFO - Ensemble metrics - R²: -0.2625, RMSE: 16.0737
2025-05-20 01:34:49,010 - INFO - 
Months with highest errors for 2-day ahead predictions:
2025-05-20 01:34:49,011 - INFO -   Jan: MAE = 21.54
2025-05-20 01:34:49,011 - INFO -   Feb: MAE = 20.10
2025-05-20 01:34:49,011 - INFO -   Dec: MAE = 13.92
2025-05-20 01:34:49,458 - INFO - 
--- Training models for 3-day ahead prediction ---
2025-05-20 01:34:49,473 - INFO - Selected 100 most correlated features from 123 total
2025-05-20 01:34:49,475 - INFO - Added previous day prediction as feature for day 3
2025-05-20 01:34:49,475 - INFO - Using 101 features for day 3 prediction
2025-05-20 01:34:49,497 - INFO - Training models with 2-fold CV...
2025-05-20 01:34:49,497 - INFO - Training gbm model...
2025-05-20 01:34:49,498 - INFO -   Processing fold 1/2...
2025-05-20 01:34:49,501 - ERROR - Error in fold 1: Input X contains NaN.
GradientBoostingRegressor does not accept missing values encoded as NaN natively. For supervised learning, you might want to consider sklearn.ensemble.HistGradientBoostingClassifier and Regressor which accept missing values encoded as NaNs natively. Alternatively, it is possible to preprocess the data, for instance by using an imputer transformer in a pipeline or drop samples with missing values. See https://scikit-learn.org/stable/modules/impute.html You can find a list of all estimators that handle NaN values at the following page: https://scikit-learn.org/stable/modules/impute.html#estimators-that-handle-nan-values
2025-05-20 01:34:49,501 - INFO -   Processing fold 2/2...
2025-05-20 01:34:49,503 - ERROR - Error in fold 2: Input X contains NaN.
GradientBoostingRegressor does not accept missing values encoded as NaN natively. For supervised learning, you might want to consider sklearn.ensemble.HistGradientBoostingClassifier and Regressor which accept missing values encoded as NaNs natively. Alternatively, it is possible to preprocess the data, for instance by using an imputer transformer in a pipeline or drop samples with missing values. See https://scikit-learn.org/stable/modules/impute.html You can find a list of all estimators that handle NaN values at the following page: https://scikit-learn.org/stable/modules/impute.html#estimators-that-handle-nan-values
2025-05-20 01:34:49,503 - INFO - gbm CV R² scores: 0.0000 ± 0.0000
2025-05-20 01:34:49,503 - INFO - Training rf model...
2025-05-20 01:34:49,505 - INFO -   Processing fold 1/2...
2025-05-20 01:34:49,506 - ERROR - Error in fold 1: Input X contains NaN.
RandomForestRegressor does not accept missing values encoded as NaN natively. For supervised learning, you might want to consider sklearn.ensemble.HistGradientBoostingClassifier and Regressor which accept missing values encoded as NaNs natively. Alternatively, it is possible to preprocess the data, for instance by using an imputer transformer in a pipeline or drop samples with missing values. See https://scikit-learn.org/stable/modules/impute.html You can find a list of all estimators that handle NaN values at the following page: https://scikit-learn.org/stable/modules/impute.html#estimators-that-handle-nan-values
2025-05-20 01:34:49,507 - INFO -   Processing fold 2/2...
2025-05-20 01:34:49,508 - ERROR - Error in fold 2: Input X contains NaN.
RandomForestRegressor does not accept missing values encoded as NaN natively. For supervised learning, you might want to consider sklearn.ensemble.HistGradientBoostingClassifier and Regressor which accept missing values encoded as NaNs natively. Alternatively, it is possible to preprocess the data, for instance by using an imputer transformer in a pipeline or drop samples with missing values. See https://scikit-learn.org/stable/modules/impute.html You can find a list of all estimators that handle NaN values at the following page: https://scikit-learn.org/stable/modules/impute.html#estimators-that-handle-nan-values
2025-05-20 01:34:49,508 - INFO - rf CV R² scores: 0.0000 ± 0.0000
2025-05-20 01:34:49,509 - INFO - Training ridge model...
2025-05-20 01:34:49,509 - INFO -   Processing fold 1/2...
2025-05-20 01:34:49,511 - ERROR - Error in fold 1: Input X contains NaN.
Ridge does not accept missing values encoded as NaN natively. For supervised learning, you might want to consider sklearn.ensemble.HistGradientBoostingClassifier and Regressor which accept missing values encoded as NaNs natively. Alternatively, it is possible to preprocess the data, for instance by using an imputer transformer in a pipeline or drop samples with missing values. See https://scikit-learn.org/stable/modules/impute.html You can find a list of all estimators that handle NaN values at the following page: https://scikit-learn.org/stable/modules/impute.html#estimators-that-handle-nan-values
2025-05-20 01:34:49,511 - INFO -   Processing fold 2/2...
2025-05-20 01:34:49,512 - ERROR - Error in fold 2: Input X contains NaN.
Ridge does not accept missing values encoded as NaN natively. For supervised learning, you might want to consider sklearn.ensemble.HistGradientBoostingClassifier and Regressor which accept missing values encoded as NaNs natively. Alternatively, it is possible to preprocess the data, for instance by using an imputer transformer in a pipeline or drop samples with missing values. See https://scikit-learn.org/stable/modules/impute.html You can find a list of all estimators that handle NaN values at the following page: https://scikit-learn.org/stable/modules/impute.html#estimators-that-handle-nan-values
2025-05-20 01:34:49,513 - INFO - ridge CV R² scores: 0.0000 ± 0.0000
2025-05-20 01:34:49,514 - INFO - Ensemble metrics - R²: -0.2625, RMSE: 16.0737
2025-05-20 01:34:50,725 - INFO - 
Months with highest errors for 3-day ahead predictions:
2025-05-20 01:34:50,726 - INFO -   Jan: MAE = 21.89
2025-05-20 01:34:50,726 - INFO -   Feb: MAE = 20.22
2025-05-20 01:34:50,727 - INFO -   Dec: MAE = 13.76
2025-05-20 01:34:51,202 - INFO - 
--- Training models for 4-day ahead prediction ---
2025-05-20 01:34:51,213 - INFO - Selected 100 most correlated features from 123 total
2025-05-20 01:34:51,215 - INFO - Added previous day prediction as feature for day 4
2025-05-20 01:34:51,215 - INFO - Using 101 features for day 4 prediction
2025-05-20 01:34:51,234 - INFO - Training models with 2-fold CV...
2025-05-20 01:34:51,234 - INFO - Training gbm model...
2025-05-20 01:34:51,235 - INFO -   Processing fold 1/2...
2025-05-20 01:34:53,090 - INFO -     Fold R²: 0.1564 (took 1.9s)
2025-05-20 01:34:53,090 - INFO -   Processing fold 2/2...
2025-05-20 01:34:54,942 - INFO -     Fold R²: 0.2094 (took 1.9s)
2025-05-20 01:34:54,943 - INFO - gbm CV R² scores: 0.1829 ± 0.0265
2025-05-20 01:34:54,943 - INFO - Training rf model...
2025-05-20 01:34:54,944 - INFO -   Processing fold 1/2...
2025-05-20 01:34:55,951 - INFO -     Fold R²: 0.1796 (took 1.0s)
2025-05-20 01:34:55,952 - INFO -   Processing fold 2/2...
2025-05-20 01:34:56,925 - INFO -     Fold R²: 0.2276 (took 1.0s)
2025-05-20 01:34:56,926 - INFO - rf CV R² scores: 0.2036 ± 0.0240
2025-05-20 01:34:56,926 - INFO - Training ridge model...
2025-05-20 01:34:56,927 - INFO -   Processing fold 1/2...
2025-05-20 01:34:56,931 - INFO -     Fold R²: 0.1401 (took 0.0s)
2025-05-20 01:34:56,932 - INFO -   Processing fold 2/2...
2025-05-20 01:34:56,938 - INFO -     Fold R²: 0.1715 (took 0.0s)
2025-05-20 01:34:56,938 - INFO - ridge CV R² scores: 0.1558 ± 0.0157
2025-05-20 01:34:56,939 - INFO - Ensemble metrics - R²: 0.1521, RMSE: 13.1796
2025-05-20 01:34:58,195 - INFO - 
Months with highest errors for 4-day ahead predictions:
2025-05-20 01:34:58,196 - INFO -   Dec: MAE = 20.78
2025-05-20 01:34:58,196 - INFO -   Feb: MAE = 17.72
2025-05-20 01:34:58,196 - INFO -   Jan: MAE = 16.40
2025-05-20 01:34:58,725 - INFO - 
--- Training models for 5-day ahead prediction ---
2025-05-20 01:34:58,741 - INFO - Selected 100 most correlated features from 123 total
2025-05-20 01:34:58,742 - INFO - Added previous day prediction as feature for day 5
2025-05-20 01:34:58,742 - INFO - Using 101 features for day 5 prediction
2025-05-20 01:34:58,772 - INFO - Training models with 2-fold CV...
2025-05-20 01:34:58,772 - INFO - Training gbm model...
2025-05-20 01:34:58,773 - INFO -   Processing fold 1/2...
2025-05-20 01:34:58,774 - ERROR - Error in fold 1: Input X contains NaN.
GradientBoostingRegressor does not accept missing values encoded as NaN natively. For supervised learning, you might want to consider sklearn.ensemble.HistGradientBoostingClassifier and Regressor which accept missing values encoded as NaNs natively. Alternatively, it is possible to preprocess the data, for instance by using an imputer transformer in a pipeline or drop samples with missing values. See https://scikit-learn.org/stable/modules/impute.html You can find a list of all estimators that handle NaN values at the following page: https://scikit-learn.org/stable/modules/impute.html#estimators-that-handle-nan-values
2025-05-20 01:34:58,775 - INFO -   Processing fold 2/2...
2025-05-20 01:34:58,777 - ERROR - Error in fold 2: Input X contains NaN.
GradientBoostingRegressor does not accept missing values encoded as NaN natively. For supervised learning, you might want to consider sklearn.ensemble.HistGradientBoostingClassifier and Regressor which accept missing values encoded as NaNs natively. Alternatively, it is possible to preprocess the data, for instance by using an imputer transformer in a pipeline or drop samples with missing values. See https://scikit-learn.org/stable/modules/impute.html You can find a list of all estimators that handle NaN values at the following page: https://scikit-learn.org/stable/modules/impute.html#estimators-that-handle-nan-values
2025-05-20 01:34:58,778 - INFO - gbm CV R² scores: 0.0000 ± 0.0000
2025-05-20 01:34:58,778 - INFO - Training rf model...
2025-05-20 01:34:58,779 - INFO -   Processing fold 1/2...
2025-05-20 01:34:58,780 - ERROR - Error in fold 1: Input X contains NaN.
RandomForestRegressor does not accept missing values encoded as NaN natively. For supervised learning, you might want to consider sklearn.ensemble.HistGradientBoostingClassifier and Regressor which accept missing values encoded as NaNs natively. Alternatively, it is possible to preprocess the data, for instance by using an imputer transformer in a pipeline or drop samples with missing values. See https://scikit-learn.org/stable/modules/impute.html You can find a list of all estimators that handle NaN values at the following page: https://scikit-learn.org/stable/modules/impute.html#estimators-that-handle-nan-values
2025-05-20 01:34:58,780 - INFO -   Processing fold 2/2...
2025-05-20 01:34:58,781 - ERROR - Error in fold 2: Input X contains NaN.
RandomForestRegressor does not accept missing values encoded as NaN natively. For supervised learning, you might want to consider sklearn.ensemble.HistGradientBoostingClassifier and Regressor which accept missing values encoded as NaNs natively. Alternatively, it is possible to preprocess the data, for instance by using an imputer transformer in a pipeline or drop samples with missing values. See https://scikit-learn.org/stable/modules/impute.html You can find a list of all estimators that handle NaN values at the following page: https://scikit-learn.org/stable/modules/impute.html#estimators-that-handle-nan-values
2025-05-20 01:34:58,782 - INFO - rf CV R² scores: 0.0000 ± 0.0000
2025-05-20 01:34:58,782 - INFO - Training ridge model...
2025-05-20 01:34:58,783 - INFO -   Processing fold 1/2...
2025-05-20 01:34:58,785 - ERROR - Error in fold 1: Input X contains NaN.
Ridge does not accept missing values encoded as NaN natively. For supervised learning, you might want to consider sklearn.ensemble.HistGradientBoostingClassifier and Regressor which accept missing values encoded as NaNs natively. Alternatively, it is possible to preprocess the data, for instance by using an imputer transformer in a pipeline or drop samples with missing values. See https://scikit-learn.org/stable/modules/impute.html You can find a list of all estimators that handle NaN values at the following page: https://scikit-learn.org/stable/modules/impute.html#estimators-that-handle-nan-values
2025-05-20 01:34:58,786 - INFO -   Processing fold 2/2...
2025-05-20 01:34:58,787 - ERROR - Error in fold 2: Input X contains NaN.
Ridge does not accept missing values encoded as NaN natively. For supervised learning, you might want to consider sklearn.ensemble.HistGradientBoostingClassifier and Regressor which accept missing values encoded as NaNs natively. Alternatively, it is possible to preprocess the data, for instance by using an imputer transformer in a pipeline or drop samples with missing values. See https://scikit-learn.org/stable/modules/impute.html You can find a list of all estimators that handle NaN values at the following page: https://scikit-learn.org/stable/modules/impute.html#estimators-that-handle-nan-values
2025-05-20 01:34:58,787 - INFO - ridge CV R² scores: 0.0000 ± 0.0000
2025-05-20 01:34:58,789 - INFO - Ensemble metrics - R²: -0.2629, RMSE: 16.0848
2025-05-20 01:34:59,963 - INFO - 
Months with highest errors for 5-day ahead predictions:
2025-05-20 01:34:59,963 - INFO -   Jan: MAE = 21.02
2025-05-20 01:34:59,964 - INFO -   Feb: MAE = 18.71
2025-05-20 01:34:59,964 - INFO -   Dec: MAE = 14.72
2025-05-20 01:35:02,422 - INFO - Saved ensemble model for 0-day ahead prediction in gbm\models\day_0
2025-05-20 01:35:02,425 - INFO - Saved ensemble model for 1-day ahead prediction in gbm\models\day_1
2025-05-20 01:35:02,427 - INFO - Saved ensemble model for 2-day ahead prediction in gbm\models\day_2
2025-05-20 01:35:02,431 - INFO - Saved ensemble model for 3-day ahead prediction in gbm\models\day_3
2025-05-20 01:35:02,434 - INFO - Saved ensemble model for 4-day ahead prediction in gbm\models\day_4
2025-05-20 01:35:02,437 - INFO - Saved ensemble model for 5-day ahead prediction in gbm\models\day_5
2025-05-20 01:35:02,449 - INFO - 
Model saved to gbm\models\gbm_model.pkl
2025-05-20 01:35:02,449 - INFO - Scaler saved to gbm\models\scaler.pkl
2025-05-20 01:35:02,450 - INFO - Feature list saved to gbm\models\feature_columns.pkl
2025-05-20 01:35:02,450 - INFO - Process completed successfully.
2025-05-20 01:36:47,659 - INFO - Loading dataset...
2025-05-20 01:36:47,670 - INFO - Preprocessing data...
2025-05-20 01:36:47,671 - INFO - Initial dataset size: 5295
2025-05-20 01:36:47,909 - INFO - 
Outliers removed: 52 rows
2025-05-20 01:36:47,910 - INFO - Dates with extreme rainfall (>100mm):
2025-05-20 01:36:47,910 - INFO - Date: 2010-01-15 00:00:00, Rainfall: 110.0mm
2025-05-20 01:36:47,911 - INFO - Date: 2010-02-20 00:00:00, Rainfall: 180.0mm
2025-05-20 01:36:47,911 - INFO - Date: 2011-02-05 00:00:00, Rainfall: 113.0mm
2025-05-20 01:36:47,911 - INFO - Date: 2011-02-06 00:00:00, Rainfall: 122.0mm
2025-05-20 01:36:47,912 - INFO - Date: 2012-03-15 00:00:00, Rainfall: 141.0mm
2025-05-20 01:36:47,912 - INFO - Date: 2012-05-13 00:00:00, Rainfall: 125.0mm
2025-05-20 01:36:47,912 - INFO - Date: 2013-01-02 00:00:00, Rainfall: 120.8mm
2025-05-20 01:36:47,912 - INFO - Date: 2013-01-04 00:00:00, Rainfall: 103.5mm
2025-05-20 01:36:47,913 - INFO - Date: 2014-01-13 00:00:00, Rainfall: 105.2mm
2025-05-20 01:36:47,913 - INFO - Date: 2014-04-08 00:00:00, Rainfall: 137.9mm
2025-05-20 01:36:47,913 - INFO - Date: 2014-12-06 00:00:00, Rainfall: 137.4mm
2025-05-20 01:36:47,913 - INFO - Date: 2014-12-07 00:00:00, Rainfall: 105.4mm
2025-05-20 01:36:47,913 - INFO - Date: 2015-01-22 00:00:00, Rainfall: 160.3mm
2025-05-20 01:36:47,913 - INFO - Date: 2015-03-03 00:00:00, Rainfall: 127.6mm
2025-05-20 01:36:47,914 - INFO - Date: 2015-12-18 00:00:00, Rainfall: 130.7mm
2025-05-20 01:36:47,914 - INFO - Date: 2015-12-19 00:00:00, Rainfall: 112.4mm
2025-05-20 01:36:47,915 - INFO - Date: 2016-01-22 00:00:00, Rainfall: 160.3mm
2025-05-20 01:36:47,915 - INFO - Date: 2016-02-28 00:00:00, Rainfall: 103.4mm
2025-05-20 01:36:47,917 - INFO - Date: 2016-10-10 00:00:00, Rainfall: 127.4mm
2025-05-20 01:36:47,917 - INFO - Date: 2016-10-25 00:00:00, Rainfall: 188.7mm
2025-05-20 01:36:47,918 - INFO - Date: 2016-12-13 00:00:00, Rainfall: 101.0mm
2025-05-20 01:36:47,918 - INFO - Date: 2016-12-30 00:00:00, Rainfall: 115.3mm
2025-05-20 01:36:47,919 - INFO - Date: 2017-01-26 00:00:00, Rainfall: 107.9mm
2025-05-20 01:36:47,919 - INFO - Date: 2017-02-17 00:00:00, Rainfall: 120.3mm
2025-05-20 01:36:47,919 - INFO - Date: 2017-12-13 00:00:00, Rainfall: 106.0mm
2025-05-20 01:36:47,920 - INFO - Date: 2017-12-20 00:00:00, Rainfall: 101.4mm
2025-05-20 01:36:47,920 - INFO - Date: 2017-12-21 00:00:00, Rainfall: 109.3mm
2025-05-20 01:36:47,920 - INFO - Date: 2017-12-22 00:00:00, Rainfall: 156.0mm
2025-05-20 01:36:47,921 - INFO - Date: 2018-01-12 00:00:00, Rainfall: 124.6mm
2025-05-20 01:36:47,921 - INFO - Date: 2018-01-13 00:00:00, Rainfall: 104.5mm
2025-05-20 01:36:47,921 - INFO - Date: 2018-02-16 00:00:00, Rainfall: 112.8mm
2025-05-20 01:36:47,922 - INFO - Date: 2018-03-14 00:00:00, Rainfall: 152.1mm
2025-05-20 01:36:47,922 - INFO - Date: 2018-12-23 00:00:00, Rainfall: 108.7mm
2025-05-20 01:36:47,922 - INFO - Date: 2018-12-28 00:00:00, Rainfall: 140.3mm
2025-05-20 01:36:47,923 - INFO - Date: 2019-04-29 00:00:00, Rainfall: 107.0mm
2025-05-20 01:36:47,923 - INFO - Date: 2020-05-22 00:00:00, Rainfall: 122.9mm
2025-05-20 01:36:47,923 - INFO - Date: 2021-01-16 00:00:00, Rainfall: 109.4mm
2025-05-20 01:36:47,923 - INFO - Date: 2021-01-19 00:00:00, Rainfall: 111.0mm
2025-05-20 01:36:47,924 - INFO - Date: 2021-01-25 00:00:00, Rainfall: 100.9mm
2025-05-20 01:36:47,924 - INFO - Date: 2021-03-10 00:00:00, Rainfall: 153.7mm
2025-05-20 01:36:47,924 - INFO - Date: 2021-04-02 00:00:00, Rainfall: 135.8mm
2025-05-20 01:36:47,925 - INFO - Date: 2021-12-06 00:00:00, Rainfall: 145.9mm
2025-05-20 01:36:47,925 - INFO - Date: 2021-12-07 00:00:00, Rainfall: 218.8mm
2025-05-20 01:36:47,925 - INFO - Date: 2022-01-01 00:00:00, Rainfall: 110.4mm
2025-05-20 01:36:47,925 - INFO - Date: 2022-01-20 00:00:00, Rainfall: 123.1mm
2025-05-20 01:36:47,925 - INFO - Date: 2022-02-21 00:00:00, Rainfall: 155.3mm
2025-05-20 01:36:47,926 - INFO - Date: 2022-05-27 00:00:00, Rainfall: 147.6mm
2025-05-20 01:36:47,926 - INFO - Date: 2022-10-07 00:00:00, Rainfall: 101.6mm
2025-05-20 01:36:47,926 - INFO - Date: 2022-12-28 00:00:00, Rainfall: 102.0mm
2025-05-20 01:36:47,926 - INFO - Date: 2023-02-02 00:00:00, Rainfall: 200.0mm
2025-05-20 01:36:47,927 - INFO - Date: 2023-02-13 00:00:00, Rainfall: 200.0mm
2025-05-20 01:36:47,927 - INFO - Date: 2023-02-14 00:00:00, Rainfall: 183.0mm
2025-05-20 01:36:49,416 - INFO - 
Rows dropped due to NaN values: 53
2025-05-20 01:36:49,419 - INFO - 
Final dataset size: 3604
2025-05-20 01:36:49,419 - INFO - Total rows removed: 1691
2025-05-20 01:36:49,419 - INFO - 
Rainfall Statistics After Processing:
2025-05-20 01:36:49,420 - INFO - Mean: 9.88mm
2025-05-20 01:36:49,420 - INFO - Median: 1.00mm
2025-05-20 01:36:49,420 - INFO - Std Dev: 17.50mm
2025-05-20 01:36:49,421 - INFO - Max: 100.00mm
2025-05-20 01:36:49,425 - INFO - 
No NaN values remain in the dataset.
2025-05-20 01:36:49,425 - INFO - 
Final feature list (55 features):
2025-05-20 01:36:49,425 - INFO - Tn, Tx, Tavg, RH_avg, ss, ff_x, ff_avg, ddd_x, Month, Day, DayOfWeek, Season, Temp_Range, Month_sin, Month_cos, Day_sin, Day_cos, DayOfYear_sin, DayOfYear_cos, Temp_Humidity, Temp_Range_RH, Dew_Point, Heat_Index, Rain_Streak, Dry_Streak, RR_Rolling_Mean_3d, RR_Rolling_Std_3d, Tavg_Rolling_Mean_3d, RH_Rolling_Mean_3d, RR_Rolling_Mean_7d, RR_Rolling_Std_7d, Tavg_Rolling_Mean_7d, RH_Rolling_Mean_7d, RR_Rolling_Mean_14d, RR_Rolling_Std_14d, Tavg_Rolling_Mean_14d, RH_Rolling_Mean_14d, RR_Lag_1, Tavg_Lag_1, Rain_Binary_Lag_1, RR_Lag_2, Tavg_Lag_2, Rain_Binary_Lag_2, RR_Lag_3, Tavg_Lag_3, Rain_Binary_Lag_3, RR_Lag_5, Tavg_Lag_5, Rain_Binary_Lag_5, RR_Lag_7, Tavg_Lag_7, Rain_Binary_Lag_7, RR_Lag_14, Tavg_Lag_14, Rain_Binary_Lag_14
2025-05-20 01:36:49,433 - INFO - 
Plotting correlations for top 15 features: RR_Rolling_Mean_3d, RR_Rolling_Std_3d, RR_Rolling_Mean_7d, RR_Rolling_Std_7d, Tx, RR_Rolling_Mean_14d, RH_avg, Tavg, RH_Rolling_Mean_3d, RR_Rolling_Std_14d, Tavg_Rolling_Mean_3d, Tavg_Lag_1, RH_Rolling_Mean_7d, Heat_Index, DayOfYear_cos
2025-05-20 01:36:51,654 - INFO - Training and evaluating model...
2025-05-20 01:36:51,657 - INFO - 
Feature matrix shape: (3604, 55)
2025-05-20 01:36:51,664 - INFO - 
Training Gradient Boosting model...
2025-05-20 01:36:57,346 - INFO - Making predictions...
2025-05-20 01:36:57,350 - INFO - 
Model evaluation metrics:
2025-05-20 01:36:57,350 - INFO - Mean Squared Error (MSE): 5.6175
2025-05-20 01:36:57,350 - INFO - Root Mean Squared Error (RMSE): 2.3701
2025-05-20 01:36:57,351 - INFO - Mean Absolute Error (MAE): 1.0219
2025-05-20 01:36:57,351 - INFO - R-squared (R²): 0.9726
2025-05-20 01:36:57,520 - INFO - Computing permutation importance (this may take a while)...
2025-05-20 01:37:00,758 - INFO - 
Feature Importance (top 10):
2025-05-20 01:37:00,758 - INFO - RR_Rolling_Mean_3d: 3.1787
2025-05-20 01:37:00,758 - INFO - RR_Lag_2: 0.6252
2025-05-20 01:37:00,758 - INFO - RR_Lag_1: 0.5478
2025-05-20 01:37:00,758 - INFO - RR_Rolling_Std_3d: 0.0833
2025-05-20 01:37:00,759 - INFO - Tx: 0.0134
2025-05-20 01:37:00,759 - INFO - Rain_Streak: 0.0037
2025-05-20 01:37:00,759 - INFO - Dry_Streak: 0.0034
2025-05-20 01:37:00,759 - INFO - Tn: 0.0022
2025-05-20 01:37:00,760 - INFO - RR_Rolling_Std_7d: 0.0021
2025-05-20 01:37:00,760 - INFO - Tavg_Lag_2: 0.0020
2025-05-20 01:37:00,953 - INFO - 
Preparing multi-day forecasting dataset...
2025-05-20 01:37:00,957 - INFO - 
Initial data shape: (3604, 61)
2025-05-20 01:37:00,959 - INFO - Initial NaN counts:
Tanggal               0
Tn                    0
Tx                    0
Tavg                  0
RH_avg                0
                     ..
Tavg_Lag_14           0
Rain_Binary_Lag_14    0
RainToday             0
Rain_Streak           0
Dry_Streak            0
Length: 61, dtype: int64
2025-05-20 01:37:01,031 - INFO - 
After adding all features - shape: (3604, 352)
2025-05-20 01:37:01,039 - INFO - NaN counts after features:
Tanggal            0
Tn                 0
Tx                 0
Tavg               0
RH_avg             0
                  ..
RR_cum_7d          6
RainPattern_3d     0
DryPattern_3d      0
RH_Tavg_RR_Lag1    0
Wind_RH_Lag1       0
Length: 352, dtype: int64
2025-05-20 01:37:01,142 - INFO - 
After handling missing values - shape: (3604, 352)
2025-05-20 01:37:01,150 - INFO - NaN counts after handling missing values:
Tanggal            0
Tn                 0
Tx                 0
Tavg               0
RH_avg             0
                  ..
RR_cum_7d          0
RainPattern_3d     0
DryPattern_3d      0
RH_Tavg_RR_Lag1    0
Wind_RH_Lag1       0
Length: 352, dtype: int64
2025-05-20 01:37:01,208 - INFO - 
Day 1 dataset - shape: 3603
2025-05-20 01:37:01,210 - INFO - Number of NaN values in day 1 dataset: 0
2025-05-20 01:37:01,211 - INFO - Final size of day 1 dataset: 3603
2025-05-20 01:37:01,233 - INFO - 
Day 2 dataset - shape: 3602
2025-05-20 01:37:01,236 - INFO - Number of NaN values in day 2 dataset: 0
2025-05-20 01:37:01,236 - INFO - Final size of day 2 dataset: 3602
2025-05-20 01:37:01,257 - INFO - 
Day 3 dataset - shape: 3601
2025-05-20 01:37:01,260 - INFO - Number of NaN values in day 3 dataset: 0
2025-05-20 01:37:01,260 - INFO - Final size of day 3 dataset: 3601
2025-05-20 01:37:01,282 - INFO - 
Day 4 dataset - shape: 3600
2025-05-20 01:37:01,285 - INFO - Number of NaN values in day 4 dataset: 0
2025-05-20 01:37:01,285 - INFO - Final size of day 4 dataset: 3600
2025-05-20 01:37:01,306 - INFO - 
Day 5 dataset - shape: 3599
2025-05-20 01:37:01,308 - INFO - Number of NaN values in day 5 dataset: 0
2025-05-20 01:37:01,309 - INFO - Final size of day 5 dataset: 3599
2025-05-20 01:37:01,311 - INFO - 
Training multi-day forecasting models...
2025-05-20 01:37:01,311 - INFO - 
--- Training models for 0-day ahead prediction ---
2025-05-20 01:37:01,368 - INFO - Selected 100 most correlated features from 346 total
2025-05-20 01:37:01,368 - INFO - Using 100 features for day 0 prediction
2025-05-20 01:37:01,377 - INFO - Training models with 3-fold CV...
2025-05-20 01:37:01,377 - INFO - Training gbm model...
2025-05-20 01:37:01,378 - INFO -   Processing fold 1/3...
2025-05-20 01:37:02,448 - INFO -     Fold R²: 0.9748 (took 1.1s)
2025-05-20 01:37:02,448 - INFO -   Processing fold 2/3...
2025-05-20 01:37:03,618 - INFO -     Fold R²: 0.9678 (took 1.2s)
2025-05-20 01:37:03,618 - INFO -   Processing fold 3/3...
2025-05-20 01:37:04,802 - INFO -     Fold R²: 0.9758 (took 1.2s)
2025-05-20 01:37:04,803 - INFO - gbm CV R² scores: 0.9728 ± 0.0036
2025-05-20 01:37:04,803 - INFO - Training rf model...
2025-05-20 01:37:04,803 - INFO -   Processing fold 1/3...
2025-05-20 01:37:05,456 - INFO -     Fold R²: 0.9641 (took 0.7s)
2025-05-20 01:37:05,457 - INFO -   Processing fold 2/3...
2025-05-20 01:37:06,042 - INFO -     Fold R²: 0.9552 (took 0.6s)
2025-05-20 01:37:06,043 - INFO -   Processing fold 3/3...
2025-05-20 01:37:06,595 - INFO -     Fold R²: 0.9555 (took 0.6s)
2025-05-20 01:37:06,595 - INFO - rf CV R² scores: 0.9582 ± 0.0041
2025-05-20 01:37:06,596 - INFO - Training ridge model...
2025-05-20 01:37:06,597 - INFO -   Processing fold 1/3...
2025-05-20 01:37:06,602 - INFO -     Fold R²: 0.9893 (took 0.0s)
2025-05-20 01:37:06,603 - INFO -   Processing fold 2/3...
2025-05-20 01:37:06,607 - INFO -     Fold R²: 0.9869 (took 0.0s)
2025-05-20 01:37:06,607 - INFO -   Processing fold 3/3...
2025-05-20 01:37:06,611 - INFO -     Fold R²: 0.9921 (took 0.0s)
2025-05-20 01:37:06,612 - INFO - ridge CV R² scores: 0.9895 ± 0.0021
2025-05-20 01:37:06,613 - INFO - Ensemble metrics - R²: 0.9950, RMSE: 1.0068
2025-05-20 01:37:07,600 - INFO - 
--- Training models for 1-day ahead prediction ---
2025-05-20 01:37:07,621 - INFO - Selected 100 most correlated features from 225 total
2025-05-20 01:37:07,622 - INFO - Using 100 features for day 1 prediction
2025-05-20 01:37:07,630 - INFO - Training models with 2-fold CV...
2025-05-20 01:37:07,630 - INFO - Training gbm model...
2025-05-20 01:37:07,631 - INFO -   Processing fold 1/2...
2025-05-20 01:37:08,339 - INFO -     Fold R²: 0.2723 (took 0.7s)
2025-05-20 01:37:08,339 - INFO -   Processing fold 2/2...
2025-05-20 01:37:09,068 - INFO -     Fold R²: 0.3312 (took 0.7s)
2025-05-20 01:37:09,069 - INFO - gbm CV R² scores: 0.3017 ± 0.0295
2025-05-20 01:37:09,069 - INFO - Training rf model...
2025-05-20 01:37:09,070 - INFO -   Processing fold 1/2...
2025-05-20 01:37:09,591 - INFO -     Fold R²: 0.3114 (took 0.5s)
2025-05-20 01:37:09,592 - INFO -   Processing fold 2/2...
2025-05-20 01:37:10,132 - INFO -     Fold R²: 0.3372 (took 0.5s)
2025-05-20 01:37:10,132 - INFO - rf CV R² scores: 0.3243 ± 0.0129
2025-05-20 01:37:10,132 - INFO - Training ridge model...
2025-05-20 01:37:10,133 - INFO -   Processing fold 1/2...
2025-05-20 01:37:10,137 - INFO -     Fold R²: 0.3048 (took 0.0s)
2025-05-20 01:37:10,137 - INFO -   Processing fold 2/2...
2025-05-20 01:37:10,142 - INFO -     Fold R²: 0.3015 (took 0.0s)
2025-05-20 01:37:10,142 - INFO - ridge CV R² scores: 0.3032 ± 0.0016
2025-05-20 01:37:10,144 - INFO - Ensemble metrics - R²: 0.3935, RMSE: 11.1409
2025-05-20 01:37:11,287 - INFO - 
--- Training models for 2-day ahead prediction ---
2025-05-20 01:37:11,310 - INFO - Selected 100 most correlated features from 225 total
2025-05-20 01:37:11,310 - INFO - Using 100 features for day 2 prediction
2025-05-20 01:37:11,320 - INFO - Training models with 2-fold CV...
2025-05-20 01:37:11,320 - INFO - Training gbm model...
2025-05-20 01:37:11,321 - INFO -   Processing fold 1/2...
2025-05-20 01:37:12,047 - INFO -     Fold R²: 0.1450 (took 0.7s)
2025-05-20 01:37:12,048 - INFO -   Processing fold 2/2...
2025-05-20 01:37:12,772 - INFO -     Fold R²: 0.1818 (took 0.7s)
2025-05-20 01:37:12,773 - INFO - gbm CV R² scores: 0.1634 ± 0.0184
2025-05-20 01:37:12,773 - INFO - Training rf model...
2025-05-20 01:37:12,773 - INFO -   Processing fold 1/2...
2025-05-20 01:37:13,286 - INFO -     Fold R²: 0.1939 (took 0.5s)
2025-05-20 01:37:13,297 - INFO -   Processing fold 2/2...
2025-05-20 01:37:13,842 - INFO -     Fold R²: 0.2179 (took 0.5s)
2025-05-20 01:37:13,843 - INFO - rf CV R² scores: 0.2059 ± 0.0120
2025-05-20 01:37:13,843 - INFO - Training ridge model...
2025-05-20 01:37:13,843 - INFO -   Processing fold 1/2...
2025-05-20 01:37:13,848 - INFO -     Fold R²: 0.1398 (took 0.0s)
2025-05-20 01:37:13,848 - INFO -   Processing fold 2/2...
2025-05-20 01:37:13,852 - INFO -     Fold R²: 0.1462 (took 0.0s)
2025-05-20 01:37:13,852 - INFO - ridge CV R² scores: 0.1430 ± 0.0032
2025-05-20 01:37:13,854 - INFO - Ensemble metrics - R²: 0.2174, RMSE: 12.6557
2025-05-20 01:37:14,868 - INFO - 
--- Training models for 3-day ahead prediction ---
2025-05-20 01:37:14,879 - INFO - Selected 100 most correlated features from 121 total
2025-05-20 01:37:14,880 - INFO - Using 100 features for day 3 prediction
2025-05-20 01:37:14,888 - INFO - Training models with 2-fold CV...
2025-05-20 01:37:14,889 - INFO - Training gbm model...
2025-05-20 01:37:14,889 - INFO -   Processing fold 1/2...
2025-05-20 01:37:15,709 - INFO -     Fold R²: 0.1275 (took 0.8s)
2025-05-20 01:37:15,710 - INFO -   Processing fold 2/2...
2025-05-20 01:37:16,499 - INFO -     Fold R²: 0.1776 (took 0.8s)
2025-05-20 01:37:16,499 - INFO - gbm CV R² scores: 0.1525 ± 0.0251
2025-05-20 01:37:16,501 - INFO - Training rf model...
2025-05-20 01:37:16,501 - INFO -   Processing fold 1/2...
2025-05-20 01:37:17,059 - INFO -     Fold R²: 0.1852 (took 0.6s)
2025-05-20 01:37:17,059 - INFO -   Processing fold 2/2...
2025-05-20 01:37:17,631 - INFO -     Fold R²: 0.2040 (took 0.6s)
2025-05-20 01:37:17,632 - INFO - rf CV R² scores: 0.1946 ± 0.0094
2025-05-20 01:37:17,633 - INFO - Training ridge model...
2025-05-20 01:37:17,633 - INFO -   Processing fold 1/2...
2025-05-20 01:37:17,639 - INFO -     Fold R²: 0.1462 (took 0.0s)
2025-05-20 01:37:17,640 - INFO -   Processing fold 2/2...
2025-05-20 01:37:17,646 - INFO -     Fold R²: 0.1745 (took 0.0s)
2025-05-20 01:37:17,646 - INFO - ridge CV R² scores: 0.1604 ± 0.0141
2025-05-20 01:37:17,647 - INFO - Ensemble metrics - R²: 0.1760, RMSE: 12.9859
2025-05-20 01:37:18,750 - INFO - 
--- Training models for 4-day ahead prediction ---
2025-05-20 01:37:18,763 - INFO - Selected 100 most correlated features from 121 total
2025-05-20 01:37:18,764 - INFO - Using 100 features for day 4 prediction
2025-05-20 01:37:18,774 - INFO - Training models with 2-fold CV...
2025-05-20 01:37:18,775 - INFO - Training gbm model...
2025-05-20 01:37:18,775 - INFO -   Processing fold 1/2...
2025-05-20 01:37:19,545 - INFO -     Fold R²: 0.1377 (took 0.8s)
2025-05-20 01:37:19,546 - INFO -   Processing fold 2/2...
2025-05-20 01:37:20,323 - INFO -     Fold R²: 0.1898 (took 0.8s)
2025-05-20 01:37:20,323 - INFO - gbm CV R² scores: 0.1637 ± 0.0261
2025-05-20 01:37:20,323 - INFO - Training rf model...
2025-05-20 01:37:20,325 - INFO -   Processing fold 1/2...
2025-05-20 01:37:20,886 - INFO -     Fold R²: 0.1791 (took 0.6s)
2025-05-20 01:37:20,887 - INFO -   Processing fold 2/2...
2025-05-20 01:37:21,396 - INFO -     Fold R²: 0.2257 (took 0.5s)
2025-05-20 01:37:21,397 - INFO - rf CV R² scores: 0.2024 ± 0.0233
2025-05-20 01:37:21,397 - INFO - Training ridge model...
2025-05-20 01:37:21,398 - INFO -   Processing fold 1/2...
2025-05-20 01:37:21,401 - INFO -     Fold R²: 0.1430 (took 0.0s)
2025-05-20 01:37:21,402 - INFO -   Processing fold 2/2...
2025-05-20 01:37:21,406 - INFO -     Fold R²: 0.1740 (took 0.0s)
2025-05-20 01:37:21,407 - INFO - ridge CV R² scores: 0.1585 ± 0.0155
2025-05-20 01:37:21,408 - INFO - Ensemble metrics - R²: 0.1727, RMSE: 13.0186
2025-05-20 01:37:22,413 - INFO - 
--- Training models for 5-day ahead prediction ---
2025-05-20 01:37:22,428 - INFO - Selected 100 most correlated features from 121 total
2025-05-20 01:37:22,428 - INFO - Using 100 features for day 5 prediction
2025-05-20 01:37:22,439 - INFO - Training models with 2-fold CV...
2025-05-20 01:37:22,439 - INFO - Training gbm model...
2025-05-20 01:37:22,440 - INFO -   Processing fold 1/2...
2025-05-20 01:37:23,194 - INFO -     Fold R²: 0.1118 (took 0.8s)
2025-05-20 01:37:23,194 - INFO -   Processing fold 2/2...
2025-05-20 01:37:23,960 - INFO -     Fold R²: 0.2263 (took 0.8s)
2025-05-20 01:37:23,960 - INFO - gbm CV R² scores: 0.1690 ± 0.0572
2025-05-20 01:37:23,961 - INFO - Training rf model...
2025-05-20 01:37:23,961 - INFO -   Processing fold 1/2...
2025-05-20 01:37:24,496 - INFO -     Fold R²: 0.1726 (took 0.5s)
2025-05-20 01:37:24,497 - INFO -   Processing fold 2/2...
2025-05-20 01:37:25,020 - INFO -     Fold R²: 0.2393 (took 0.5s)
2025-05-20 01:37:25,021 - INFO - rf CV R² scores: 0.2059 ± 0.0333
2025-05-20 01:37:25,021 - INFO - Training ridge model...
2025-05-20 01:37:25,022 - INFO -   Processing fold 1/2...
2025-05-20 01:37:25,025 - INFO -     Fold R²: 0.1048 (took 0.0s)
2025-05-20 01:37:25,026 - INFO -   Processing fold 2/2...
2025-05-20 01:37:25,029 - INFO -     Fold R²: 0.1851 (took 0.0s)
2025-05-20 01:37:25,030 - INFO - ridge CV R² scores: 0.1449 ± 0.0402
2025-05-20 01:37:25,031 - INFO - Ensemble metrics - R²: 0.1538, RMSE: 13.1661
2025-05-20 01:37:27,662 - INFO - Saved ensemble model for 0-day ahead prediction in gbm\models\day_0
2025-05-20 01:37:27,665 - INFO - Saved ensemble model for 1-day ahead prediction in gbm\models\day_1
2025-05-20 01:37:27,668 - INFO - Saved ensemble model for 2-day ahead prediction in gbm\models\day_2
2025-05-20 01:37:27,671 - INFO - Saved ensemble model for 3-day ahead prediction in gbm\models\day_3
2025-05-20 01:37:27,674 - INFO - Saved ensemble model for 4-day ahead prediction in gbm\models\day_4
2025-05-20 01:37:27,677 - INFO - Saved ensemble model for 5-day ahead prediction in gbm\models\day_5
2025-05-20 01:37:27,688 - INFO - 
Model saved to gbm\models\gbm_model.pkl
2025-05-20 01:37:27,688 - INFO - Scaler saved to gbm\models\scaler.pkl
2025-05-20 01:37:27,689 - INFO - Feature list saved to gbm\models\feature_columns.pkl
2025-05-20 01:37:27,689 - INFO - Process completed successfully.
2025-05-20 10:32:00,332 - INFO - Loading dataset...
2025-05-20 10:32:00,342 - INFO - Preprocessing data...
2025-05-20 10:32:00,342 - INFO - Initial dataset size: 5295
2025-05-20 10:32:00,579 - INFO - 
Outliers removed: 52 rows
2025-05-20 10:32:00,579 - INFO - Dates with extreme rainfall (>100mm):
2025-05-20 10:32:00,580 - INFO - Date: 2010-01-15 00:00:00, Rainfall: 110.0mm
2025-05-20 10:32:00,580 - INFO - Date: 2010-02-20 00:00:00, Rainfall: 180.0mm
2025-05-20 10:32:00,580 - INFO - Date: 2011-02-05 00:00:00, Rainfall: 113.0mm
2025-05-20 10:32:00,581 - INFO - Date: 2011-02-06 00:00:00, Rainfall: 122.0mm
2025-05-20 10:32:00,581 - INFO - Date: 2012-03-15 00:00:00, Rainfall: 141.0mm
2025-05-20 10:32:00,581 - INFO - Date: 2012-05-13 00:00:00, Rainfall: 125.0mm
2025-05-20 10:32:00,581 - INFO - Date: 2013-01-02 00:00:00, Rainfall: 120.8mm
2025-05-20 10:32:00,582 - INFO - Date: 2013-01-04 00:00:00, Rainfall: 103.5mm
2025-05-20 10:32:00,582 - INFO - Date: 2014-01-13 00:00:00, Rainfall: 105.2mm
2025-05-20 10:32:00,582 - INFO - Date: 2014-04-08 00:00:00, Rainfall: 137.9mm
2025-05-20 10:32:00,582 - INFO - Date: 2014-12-06 00:00:00, Rainfall: 137.4mm
2025-05-20 10:32:00,583 - INFO - Date: 2014-12-07 00:00:00, Rainfall: 105.4mm
2025-05-20 10:32:00,583 - INFO - Date: 2015-01-22 00:00:00, Rainfall: 160.3mm
2025-05-20 10:32:00,583 - INFO - Date: 2015-03-03 00:00:00, Rainfall: 127.6mm
2025-05-20 10:32:00,583 - INFO - Date: 2015-12-18 00:00:00, Rainfall: 130.7mm
2025-05-20 10:32:00,584 - INFO - Date: 2015-12-19 00:00:00, Rainfall: 112.4mm
2025-05-20 10:32:00,584 - INFO - Date: 2016-01-22 00:00:00, Rainfall: 160.3mm
2025-05-20 10:32:00,585 - INFO - Date: 2016-02-28 00:00:00, Rainfall: 103.4mm
2025-05-20 10:32:00,585 - INFO - Date: 2016-10-10 00:00:00, Rainfall: 127.4mm
2025-05-20 10:32:00,585 - INFO - Date: 2016-10-25 00:00:00, Rainfall: 188.7mm
2025-05-20 10:32:00,585 - INFO - Date: 2016-12-13 00:00:00, Rainfall: 101.0mm
2025-05-20 10:32:00,585 - INFO - Date: 2016-12-30 00:00:00, Rainfall: 115.3mm
2025-05-20 10:32:00,585 - INFO - Date: 2017-01-26 00:00:00, Rainfall: 107.9mm
2025-05-20 10:32:00,586 - INFO - Date: 2017-02-17 00:00:00, Rainfall: 120.3mm
2025-05-20 10:32:00,587 - INFO - Date: 2017-12-13 00:00:00, Rainfall: 106.0mm
2025-05-20 10:32:00,587 - INFO - Date: 2017-12-20 00:00:00, Rainfall: 101.4mm
2025-05-20 10:32:00,588 - INFO - Date: 2017-12-21 00:00:00, Rainfall: 109.3mm
2025-05-20 10:32:00,588 - INFO - Date: 2017-12-22 00:00:00, Rainfall: 156.0mm
2025-05-20 10:32:00,588 - INFO - Date: 2018-01-12 00:00:00, Rainfall: 124.6mm
2025-05-20 10:32:00,589 - INFO - Date: 2018-01-13 00:00:00, Rainfall: 104.5mm
2025-05-20 10:32:00,589 - INFO - Date: 2018-02-16 00:00:00, Rainfall: 112.8mm
2025-05-20 10:32:00,589 - INFO - Date: 2018-03-14 00:00:00, Rainfall: 152.1mm
2025-05-20 10:32:00,589 - INFO - Date: 2018-12-23 00:00:00, Rainfall: 108.7mm
2025-05-20 10:32:00,590 - INFO - Date: 2018-12-28 00:00:00, Rainfall: 140.3mm
2025-05-20 10:32:00,590 - INFO - Date: 2019-04-29 00:00:00, Rainfall: 107.0mm
2025-05-20 10:32:00,590 - INFO - Date: 2020-05-22 00:00:00, Rainfall: 122.9mm
2025-05-20 10:32:00,591 - INFO - Date: 2021-01-16 00:00:00, Rainfall: 109.4mm
2025-05-20 10:32:00,591 - INFO - Date: 2021-01-19 00:00:00, Rainfall: 111.0mm
2025-05-20 10:32:00,591 - INFO - Date: 2021-01-25 00:00:00, Rainfall: 100.9mm
2025-05-20 10:32:00,591 - INFO - Date: 2021-03-10 00:00:00, Rainfall: 153.7mm
2025-05-20 10:32:00,591 - INFO - Date: 2021-04-02 00:00:00, Rainfall: 135.8mm
2025-05-20 10:32:00,592 - INFO - Date: 2021-12-06 00:00:00, Rainfall: 145.9mm
2025-05-20 10:32:00,592 - INFO - Date: 2021-12-07 00:00:00, Rainfall: 218.8mm
2025-05-20 10:32:00,592 - INFO - Date: 2022-01-01 00:00:00, Rainfall: 110.4mm
2025-05-20 10:32:00,592 - INFO - Date: 2022-01-20 00:00:00, Rainfall: 123.1mm
2025-05-20 10:32:00,592 - INFO - Date: 2022-02-21 00:00:00, Rainfall: 155.3mm
2025-05-20 10:32:00,593 - INFO - Date: 2022-05-27 00:00:00, Rainfall: 147.6mm
2025-05-20 10:32:00,593 - INFO - Date: 2022-10-07 00:00:00, Rainfall: 101.6mm
2025-05-20 10:32:00,593 - INFO - Date: 2022-12-28 00:00:00, Rainfall: 102.0mm
2025-05-20 10:32:00,593 - INFO - Date: 2023-02-02 00:00:00, Rainfall: 200.0mm
2025-05-20 10:32:00,593 - INFO - Date: 2023-02-13 00:00:00, Rainfall: 200.0mm
2025-05-20 10:32:00,593 - INFO - Date: 2023-02-14 00:00:00, Rainfall: 183.0mm
2025-05-20 10:32:01,891 - INFO - 
Rows dropped due to NaN values: 53
2025-05-20 10:32:01,893 - INFO - 
Final dataset size: 3604
2025-05-20 10:32:01,893 - INFO - Total rows removed: 1691
2025-05-20 10:32:01,893 - INFO - 
Rainfall Statistics After Processing:
2025-05-20 10:32:01,893 - INFO - Mean: 9.88mm
2025-05-20 10:32:01,893 - INFO - Median: 1.00mm
2025-05-20 10:32:01,894 - INFO - Std Dev: 17.50mm
2025-05-20 10:32:01,894 - INFO - Max: 100.00mm
2025-05-20 10:32:01,896 - INFO - 
No NaN values remain in the dataset.
2025-05-20 10:32:01,896 - INFO - 
Final feature list (55 features):
2025-05-20 10:32:01,896 - INFO - Tn, Tx, Tavg, RH_avg, ss, ff_x, ff_avg, ddd_x, Month, Day, DayOfWeek, Season, Temp_Range, Month_sin, Month_cos, Day_sin, Day_cos, DayOfYear_sin, DayOfYear_cos, Temp_Humidity, Temp_Range_RH, Dew_Point, Heat_Index, Rain_Streak, Dry_Streak, RR_Rolling_Mean_3d, RR_Rolling_Std_3d, Tavg_Rolling_Mean_3d, RH_Rolling_Mean_3d, RR_Rolling_Mean_7d, RR_Rolling_Std_7d, Tavg_Rolling_Mean_7d, RH_Rolling_Mean_7d, RR_Rolling_Mean_14d, RR_Rolling_Std_14d, Tavg_Rolling_Mean_14d, RH_Rolling_Mean_14d, RR_Lag_1, Tavg_Lag_1, Rain_Binary_Lag_1, RR_Lag_2, Tavg_Lag_2, Rain_Binary_Lag_2, RR_Lag_3, Tavg_Lag_3, Rain_Binary_Lag_3, RR_Lag_5, Tavg_Lag_5, Rain_Binary_Lag_5, RR_Lag_7, Tavg_Lag_7, Rain_Binary_Lag_7, RR_Lag_14, Tavg_Lag_14, Rain_Binary_Lag_14
2025-05-20 10:32:01,902 - INFO - 
Plotting correlations for top 15 features: RR_Rolling_Mean_3d, RR_Rolling_Std_3d, RR_Rolling_Mean_7d, RR_Rolling_Std_7d, Tx, RR_Rolling_Mean_14d, RH_avg, Tavg, RH_Rolling_Mean_3d, RR_Rolling_Std_14d, Tavg_Rolling_Mean_3d, Tavg_Lag_1, RH_Rolling_Mean_7d, Heat_Index, DayOfYear_cos
2025-05-20 10:32:03,703 - INFO - Training and evaluating model...
2025-05-20 10:32:03,705 - INFO - 
Feature matrix shape: (3604, 55)
2025-05-20 10:32:03,711 - INFO - 
Training Gradient Boosting model...
2025-05-20 10:32:08,876 - INFO - Making predictions...
2025-05-20 10:32:08,880 - INFO - 
Model evaluation metrics:
2025-05-20 10:32:08,881 - INFO - Mean Squared Error (MSE): 5.6175
2025-05-20 10:32:08,881 - INFO - Root Mean Squared Error (RMSE): 2.3701
2025-05-20 10:32:08,881 - INFO - Mean Absolute Error (MAE): 1.0219
2025-05-20 10:32:08,881 - INFO - R-squared (R²): 0.9726
2025-05-20 10:32:09,025 - INFO - Computing permutation importance (this may take a while)...
2025-05-20 10:32:12,248 - INFO - 
Feature Importance (top 10):
2025-05-20 10:32:12,248 - INFO - RR_Rolling_Mean_3d: 3.1787
2025-05-20 10:32:12,248 - INFO - RR_Lag_2: 0.6252
2025-05-20 10:32:12,249 - INFO - RR_Lag_1: 0.5478
2025-05-20 10:32:12,249 - INFO - RR_Rolling_Std_3d: 0.0833
2025-05-20 10:32:12,249 - INFO - Tx: 0.0134
2025-05-20 10:32:12,250 - INFO - Rain_Streak: 0.0037
2025-05-20 10:32:12,250 - INFO - Dry_Streak: 0.0034
2025-05-20 10:32:12,250 - INFO - Tn: 0.0022
2025-05-20 10:32:12,250 - INFO - RR_Rolling_Std_7d: 0.0021
2025-05-20 10:32:12,250 - INFO - Tavg_Lag_2: 0.0020
2025-05-20 10:32:12,431 - INFO - 
Preparing multi-day forecasting dataset...
2025-05-20 10:32:12,436 - INFO - 
Initial data shape: (3604, 61)
2025-05-20 10:32:12,438 - INFO - Initial NaN counts:
Tanggal               0
Tn                    0
Tx                    0
Tavg                  0
RH_avg                0
                     ..
Tavg_Lag_14           0
Rain_Binary_Lag_14    0
RainToday             0
Rain_Streak           0
Dry_Streak            0
Length: 61, dtype: int64
2025-05-20 10:32:12,499 - INFO - 
After adding all features - shape: (3604, 352)
2025-05-20 10:32:12,506 - INFO - NaN counts after features:
Tanggal            0
Tn                 0
Tx                 0
Tavg               0
RH_avg             0
                  ..
RR_cum_7d          6
RainPattern_3d     0
DryPattern_3d      0
RH_Tavg_RR_Lag1    0
Wind_RH_Lag1       0
Length: 352, dtype: int64
2025-05-20 10:32:12,605 - INFO - 
After handling missing values - shape: (3604, 352)
2025-05-20 10:32:12,612 - INFO - NaN counts after handling missing values:
Tanggal            0
Tn                 0
Tx                 0
Tavg               0
RH_avg             0
                  ..
RR_cum_7d          0
RainPattern_3d     0
DryPattern_3d      0
RH_Tavg_RR_Lag1    0
Wind_RH_Lag1       0
Length: 352, dtype: int64
2025-05-20 10:32:12,670 - INFO - 
Day 1 dataset - shape: 3603
2025-05-20 10:32:12,672 - INFO - Number of NaN values in day 1 dataset: 0
2025-05-20 10:32:12,673 - INFO - Final size of day 1 dataset: 3603
2025-05-20 10:32:12,696 - INFO - 
Day 2 dataset - shape: 3602
2025-05-20 10:32:12,698 - INFO - Number of NaN values in day 2 dataset: 0
2025-05-20 10:32:12,699 - INFO - Final size of day 2 dataset: 3602
2025-05-20 10:32:12,721 - INFO - 
Day 3 dataset - shape: 3601
2025-05-20 10:32:12,724 - INFO - Number of NaN values in day 3 dataset: 0
2025-05-20 10:32:12,724 - INFO - Final size of day 3 dataset: 3601
2025-05-20 10:32:12,745 - INFO - 
Day 4 dataset - shape: 3600
2025-05-20 10:32:12,747 - INFO - Number of NaN values in day 4 dataset: 0
2025-05-20 10:32:12,747 - INFO - Final size of day 4 dataset: 3600
2025-05-20 10:32:12,766 - INFO - 
Day 5 dataset - shape: 3599
2025-05-20 10:32:12,768 - INFO - Number of NaN values in day 5 dataset: 0
2025-05-20 10:32:12,769 - INFO - Final size of day 5 dataset: 3599
2025-05-20 10:32:12,771 - INFO - 
Training multi-day forecasting models...
2025-05-20 10:32:12,771 - INFO - 
--- Training models for 0-day ahead prediction ---
2025-05-20 10:32:12,822 - INFO - Selected 100 most correlated features from 346 total
2025-05-20 10:32:12,823 - INFO - Using 100 features for day 0 prediction
2025-05-20 10:32:12,835 - INFO - Training models with 3-fold CV...
2025-05-20 10:32:12,835 - INFO - Training gbm model...
2025-05-20 10:32:12,836 - INFO -   Processing fold 1/3...
2025-05-20 10:32:13,805 - INFO -     Fold R²: 0.9748 (took 1.0s)
2025-05-20 10:32:13,805 - INFO -   Processing fold 2/3...
2025-05-20 10:32:14,865 - INFO -     Fold R²: 0.9678 (took 1.1s)
2025-05-20 10:32:14,865 - INFO -   Processing fold 3/3...
2025-05-20 10:32:15,885 - INFO -     Fold R²: 0.9758 (took 1.0s)
2025-05-20 10:32:15,886 - INFO - gbm CV R² scores: 0.9728 ± 0.0036
2025-05-20 10:32:15,886 - INFO - Training rf model...
2025-05-20 10:32:15,886 - INFO -   Processing fold 1/3...
2025-05-20 10:32:16,392 - INFO -     Fold R²: 0.9641 (took 0.5s)
2025-05-20 10:32:16,394 - INFO -   Processing fold 2/3...
2025-05-20 10:32:16,915 - INFO -     Fold R²: 0.9552 (took 0.5s)
2025-05-20 10:32:16,915 - INFO -   Processing fold 3/3...
2025-05-20 10:32:17,402 - INFO -     Fold R²: 0.9555 (took 0.5s)
2025-05-20 10:32:17,403 - INFO - rf CV R² scores: 0.9582 ± 0.0041
2025-05-20 10:32:17,403 - INFO - Training ridge model...
2025-05-20 10:32:17,403 - INFO -   Processing fold 1/3...
2025-05-20 10:32:17,408 - INFO -     Fold R²: 0.9893 (took 0.0s)
2025-05-20 10:32:17,409 - INFO -   Processing fold 2/3...
2025-05-20 10:32:17,417 - INFO -     Fold R²: 0.9869 (took 0.0s)
2025-05-20 10:32:17,418 - INFO -   Processing fold 3/3...
2025-05-20 10:32:17,481 - INFO -     Fold R²: 0.9921 (took 0.1s)
2025-05-20 10:32:17,481 - INFO - ridge CV R² scores: 0.9895 ± 0.0021
2025-05-20 10:32:17,482 - INFO - Ensemble metrics - R²: 0.9950, RMSE: 1.0068
2025-05-20 10:32:18,330 - INFO - 
--- Training models for 1-day ahead prediction ---
2025-05-20 10:32:18,346 - INFO - Selected 100 most correlated features from 225 total
2025-05-20 10:32:18,346 - INFO - Using 100 features for day 1 prediction
2025-05-20 10:32:18,355 - INFO - Training models with 2-fold CV...
2025-05-20 10:32:18,355 - INFO - Training gbm model...
2025-05-20 10:32:18,355 - INFO -   Processing fold 1/2...
2025-05-20 10:32:18,964 - INFO -     Fold R²: 0.2723 (took 0.6s)
2025-05-20 10:32:18,964 - INFO -   Processing fold 2/2...
2025-05-20 10:32:19,592 - INFO -     Fold R²: 0.3312 (took 0.6s)
2025-05-20 10:32:19,593 - INFO - gbm CV R² scores: 0.3017 ± 0.0295
2025-05-20 10:32:19,593 - INFO - Training rf model...
2025-05-20 10:32:19,594 - INFO -   Processing fold 1/2...
2025-05-20 10:32:20,059 - INFO -     Fold R²: 0.3114 (took 0.5s)
2025-05-20 10:32:20,060 - INFO -   Processing fold 2/2...
2025-05-20 10:32:20,510 - INFO -     Fold R²: 0.3372 (took 0.4s)
2025-05-20 10:32:20,511 - INFO - rf CV R² scores: 0.3243 ± 0.0129
2025-05-20 10:32:20,511 - INFO - Training ridge model...
2025-05-20 10:32:20,512 - INFO -   Processing fold 1/2...
2025-05-20 10:32:20,515 - INFO -     Fold R²: 0.3048 (took 0.0s)
2025-05-20 10:32:20,515 - INFO -   Processing fold 2/2...
2025-05-20 10:32:20,519 - INFO -     Fold R²: 0.3015 (took 0.0s)
2025-05-20 10:32:20,520 - INFO - ridge CV R² scores: 0.3032 ± 0.0016
2025-05-20 10:32:20,521 - INFO - Ensemble metrics - R²: 0.3935, RMSE: 11.1409
2025-05-20 10:32:21,383 - INFO - 
--- Training models for 2-day ahead prediction ---
2025-05-20 10:32:21,401 - INFO - Selected 100 most correlated features from 225 total
2025-05-20 10:32:21,401 - INFO - Using 100 features for day 2 prediction
2025-05-20 10:32:21,410 - INFO - Training models with 2-fold CV...
2025-05-20 10:32:21,411 - INFO - Training gbm model...
2025-05-20 10:32:21,411 - INFO -   Processing fold 1/2...
2025-05-20 10:32:22,011 - INFO -     Fold R²: 0.1450 (took 0.6s)
2025-05-20 10:32:22,011 - INFO -   Processing fold 2/2...
2025-05-20 10:32:22,618 - INFO -     Fold R²: 0.1818 (took 0.6s)
2025-05-20 10:32:22,619 - INFO - gbm CV R² scores: 0.1634 ± 0.0184
2025-05-20 10:32:22,619 - INFO - Training rf model...
2025-05-20 10:32:22,620 - INFO -   Processing fold 1/2...
2025-05-20 10:32:23,053 - INFO -     Fold R²: 0.1939 (took 0.4s)
2025-05-20 10:32:23,053 - INFO -   Processing fold 2/2...
2025-05-20 10:32:23,473 - INFO -     Fold R²: 0.2179 (took 0.4s)
2025-05-20 10:32:23,473 - INFO - rf CV R² scores: 0.2059 ± 0.0120
2025-05-20 10:32:23,473 - INFO - Training ridge model...
2025-05-20 10:32:23,474 - INFO -   Processing fold 1/2...
2025-05-20 10:32:23,478 - INFO -     Fold R²: 0.1398 (took 0.0s)
2025-05-20 10:32:23,479 - INFO -   Processing fold 2/2...
2025-05-20 10:32:23,483 - INFO -     Fold R²: 0.1462 (took 0.0s)
2025-05-20 10:32:23,483 - INFO - ridge CV R² scores: 0.1430 ± 0.0032
2025-05-20 10:32:23,485 - INFO - Ensemble metrics - R²: 0.2174, RMSE: 12.6557
2025-05-20 10:32:24,305 - INFO - 
--- Training models for 3-day ahead prediction ---
2025-05-20 10:32:24,315 - INFO - Selected 100 most correlated features from 121 total
2025-05-20 10:32:24,316 - INFO - Using 100 features for day 3 prediction
2025-05-20 10:32:24,323 - INFO - Training models with 2-fold CV...
2025-05-20 10:32:24,323 - INFO - Training gbm model...
2025-05-20 10:32:24,325 - INFO -   Processing fold 1/2...
2025-05-20 10:32:25,022 - INFO -     Fold R²: 0.1275 (took 0.7s)
2025-05-20 10:32:25,022 - INFO -   Processing fold 2/2...
2025-05-20 10:32:25,724 - INFO -     Fold R²: 0.1776 (took 0.7s)
2025-05-20 10:32:25,725 - INFO - gbm CV R² scores: 0.1525 ± 0.0251
2025-05-20 10:32:25,725 - INFO - Training rf model...
2025-05-20 10:32:25,727 - INFO -   Processing fold 1/2...
2025-05-20 10:32:26,200 - INFO -     Fold R²: 0.1852 (took 0.5s)
2025-05-20 10:32:26,201 - INFO -   Processing fold 2/2...
2025-05-20 10:32:26,645 - INFO -     Fold R²: 0.2040 (took 0.4s)
2025-05-20 10:32:26,646 - INFO - rf CV R² scores: 0.1946 ± 0.0094
2025-05-20 10:32:26,646 - INFO - Training ridge model...
2025-05-20 10:32:26,647 - INFO -   Processing fold 1/2...
2025-05-20 10:32:26,650 - INFO -     Fold R²: 0.1462 (took 0.0s)
2025-05-20 10:32:26,650 - INFO -   Processing fold 2/2...
2025-05-20 10:32:26,654 - INFO -     Fold R²: 0.1745 (took 0.0s)
2025-05-20 10:32:26,655 - INFO - ridge CV R² scores: 0.1604 ± 0.0141
2025-05-20 10:32:26,656 - INFO - Ensemble metrics - R²: 0.1760, RMSE: 12.9859
2025-05-20 10:32:27,540 - INFO - 
--- Training models for 4-day ahead prediction ---
2025-05-20 10:32:27,550 - INFO - Selected 100 most correlated features from 121 total
2025-05-20 10:32:27,551 - INFO - Using 100 features for day 4 prediction
2025-05-20 10:32:27,561 - INFO - Training models with 2-fold CV...
2025-05-20 10:32:27,561 - INFO - Training gbm model...
2025-05-20 10:32:27,562 - INFO -   Processing fold 1/2...
2025-05-20 10:32:28,232 - INFO -     Fold R²: 0.1377 (took 0.7s)
2025-05-20 10:32:28,233 - INFO -   Processing fold 2/2...
2025-05-20 10:32:28,897 - INFO -     Fold R²: 0.1898 (took 0.7s)
2025-05-20 10:32:28,898 - INFO - gbm CV R² scores: 0.1637 ± 0.0261
2025-05-20 10:32:28,898 - INFO - Training rf model...
2025-05-20 10:32:28,899 - INFO -   Processing fold 1/2...
2025-05-20 10:32:29,322 - INFO -     Fold R²: 0.1791 (took 0.4s)
2025-05-20 10:32:29,322 - INFO -   Processing fold 2/2...
2025-05-20 10:32:29,767 - INFO -     Fold R²: 0.2257 (took 0.4s)
2025-05-20 10:32:29,768 - INFO - rf CV R² scores: 0.2024 ± 0.0233
2025-05-20 10:32:29,768 - INFO - Training ridge model...
2025-05-20 10:32:29,769 - INFO -   Processing fold 1/2...
2025-05-20 10:32:29,773 - INFO -     Fold R²: 0.1430 (took 0.0s)
2025-05-20 10:32:29,773 - INFO -   Processing fold 2/2...
2025-05-20 10:32:29,779 - INFO -     Fold R²: 0.1740 (took 0.0s)
2025-05-20 10:32:29,779 - INFO - ridge CV R² scores: 0.1585 ± 0.0155
2025-05-20 10:32:29,780 - INFO - Ensemble metrics - R²: 0.1727, RMSE: 13.0186
2025-05-20 10:32:30,777 - INFO - 
--- Training models for 5-day ahead prediction ---
2025-05-20 10:32:30,785 - INFO - Selected 100 most correlated features from 121 total
2025-05-20 10:32:30,786 - INFO - Using 100 features for day 5 prediction
2025-05-20 10:32:30,795 - INFO - Training models with 2-fold CV...
2025-05-20 10:32:30,795 - INFO - Training gbm model...
2025-05-20 10:32:30,795 - INFO -   Processing fold 1/2...
2025-05-20 10:32:31,453 - INFO -     Fold R²: 0.1118 (took 0.7s)
2025-05-20 10:32:31,454 - INFO -   Processing fold 2/2...
2025-05-20 10:32:32,175 - INFO -     Fold R²: 0.2263 (took 0.7s)
2025-05-20 10:32:32,175 - INFO - gbm CV R² scores: 0.1690 ± 0.0572
2025-05-20 10:32:32,175 - INFO - Training rf model...
2025-05-20 10:32:32,176 - INFO -   Processing fold 1/2...
2025-05-20 10:32:32,612 - INFO -     Fold R²: 0.1726 (took 0.4s)
2025-05-20 10:32:32,613 - INFO -   Processing fold 2/2...
2025-05-20 10:32:33,058 - INFO -     Fold R²: 0.2393 (took 0.4s)
2025-05-20 10:32:33,059 - INFO - rf CV R² scores: 0.2059 ± 0.0333
2025-05-20 10:32:33,059 - INFO - Training ridge model...
2025-05-20 10:32:33,059 - INFO -   Processing fold 1/2...
2025-05-20 10:32:33,063 - INFO -     Fold R²: 0.1048 (took 0.0s)
2025-05-20 10:32:33,064 - INFO -   Processing fold 2/2...
2025-05-20 10:32:33,067 - INFO -     Fold R²: 0.1851 (took 0.0s)
2025-05-20 10:32:33,068 - INFO - ridge CV R² scores: 0.1449 ± 0.0402
2025-05-20 10:32:33,069 - INFO - Ensemble metrics - R²: 0.1538, RMSE: 13.1661
2025-05-20 10:32:35,248 - INFO - Saved ensemble model for 0-day ahead prediction in gbm\models\day_0
2025-05-20 10:32:35,251 - INFO - Saved ensemble model for 1-day ahead prediction in gbm\models\day_1
2025-05-20 10:32:35,255 - INFO - Saved ensemble model for 2-day ahead prediction in gbm\models\day_2
2025-05-20 10:32:35,258 - INFO - Saved ensemble model for 3-day ahead prediction in gbm\models\day_3
2025-05-20 10:32:35,260 - INFO - Saved ensemble model for 4-day ahead prediction in gbm\models\day_4
2025-05-20 10:32:35,263 - INFO - Saved ensemble model for 5-day ahead prediction in gbm\models\day_5
2025-05-20 10:32:35,276 - INFO - 
Model saved to gbm\models\gbm_model.pkl
2025-05-20 10:32:35,276 - INFO - Scaler saved to gbm\models\scaler.pkl
2025-05-20 10:32:35,276 - INFO - Feature list saved to gbm\models\feature_columns.pkl
2025-05-20 10:32:35,276 - INFO - Process completed successfully.
2025-05-20 10:34:57,605 - INFO - Loading dataset...
2025-05-20 10:34:57,613 - INFO - Preprocessing data...
2025-05-20 10:34:57,613 - INFO - Initial dataset size: 5295
2025-05-20 10:34:57,822 - INFO - 
Outliers removed: 52 rows
2025-05-20 10:34:57,823 - INFO - Dates with extreme rainfall (>100mm):
2025-05-20 10:34:57,823 - INFO - Date: 2010-01-15 00:00:00, Rainfall: 110.0mm
2025-05-20 10:34:57,823 - INFO - Date: 2010-02-20 00:00:00, Rainfall: 180.0mm
2025-05-20 10:34:57,823 - INFO - Date: 2011-02-05 00:00:00, Rainfall: 113.0mm
2025-05-20 10:34:57,824 - INFO - Date: 2011-02-06 00:00:00, Rainfall: 122.0mm
2025-05-20 10:34:57,824 - INFO - Date: 2012-03-15 00:00:00, Rainfall: 141.0mm
2025-05-20 10:34:57,824 - INFO - Date: 2012-05-13 00:00:00, Rainfall: 125.0mm
2025-05-20 10:34:57,824 - INFO - Date: 2013-01-02 00:00:00, Rainfall: 120.8mm
2025-05-20 10:34:57,825 - INFO - Date: 2013-01-04 00:00:00, Rainfall: 103.5mm
2025-05-20 10:34:57,825 - INFO - Date: 2014-01-13 00:00:00, Rainfall: 105.2mm
2025-05-20 10:34:57,826 - INFO - Date: 2014-04-08 00:00:00, Rainfall: 137.9mm
2025-05-20 10:34:57,826 - INFO - Date: 2014-12-06 00:00:00, Rainfall: 137.4mm
2025-05-20 10:34:57,826 - INFO - Date: 2014-12-07 00:00:00, Rainfall: 105.4mm
2025-05-20 10:34:57,826 - INFO - Date: 2015-01-22 00:00:00, Rainfall: 160.3mm
2025-05-20 10:34:57,826 - INFO - Date: 2015-03-03 00:00:00, Rainfall: 127.6mm
2025-05-20 10:34:57,827 - INFO - Date: 2015-12-18 00:00:00, Rainfall: 130.7mm
2025-05-20 10:34:57,827 - INFO - Date: 2015-12-19 00:00:00, Rainfall: 112.4mm
2025-05-20 10:34:57,827 - INFO - Date: 2016-01-22 00:00:00, Rainfall: 160.3mm
2025-05-20 10:34:57,827 - INFO - Date: 2016-02-28 00:00:00, Rainfall: 103.4mm
2025-05-20 10:34:57,827 - INFO - Date: 2016-10-10 00:00:00, Rainfall: 127.4mm
2025-05-20 10:34:57,828 - INFO - Date: 2016-10-25 00:00:00, Rainfall: 188.7mm
2025-05-20 10:34:57,828 - INFO - Date: 2016-12-13 00:00:00, Rainfall: 101.0mm
2025-05-20 10:34:57,828 - INFO - Date: 2016-12-30 00:00:00, Rainfall: 115.3mm
2025-05-20 10:34:57,828 - INFO - Date: 2017-01-26 00:00:00, Rainfall: 107.9mm
2025-05-20 10:34:57,829 - INFO - Date: 2017-02-17 00:00:00, Rainfall: 120.3mm
2025-05-20 10:34:57,829 - INFO - Date: 2017-12-13 00:00:00, Rainfall: 106.0mm
2025-05-20 10:34:57,829 - INFO - Date: 2017-12-20 00:00:00, Rainfall: 101.4mm
2025-05-20 10:34:57,829 - INFO - Date: 2017-12-21 00:00:00, Rainfall: 109.3mm
2025-05-20 10:34:57,830 - INFO - Date: 2017-12-22 00:00:00, Rainfall: 156.0mm
2025-05-20 10:34:57,830 - INFO - Date: 2018-01-12 00:00:00, Rainfall: 124.6mm
2025-05-20 10:34:57,830 - INFO - Date: 2018-01-13 00:00:00, Rainfall: 104.5mm
2025-05-20 10:34:57,830 - INFO - Date: 2018-02-16 00:00:00, Rainfall: 112.8mm
2025-05-20 10:34:57,830 - INFO - Date: 2018-03-14 00:00:00, Rainfall: 152.1mm
2025-05-20 10:34:57,831 - INFO - Date: 2018-12-23 00:00:00, Rainfall: 108.7mm
2025-05-20 10:34:57,831 - INFO - Date: 2018-12-28 00:00:00, Rainfall: 140.3mm
2025-05-20 10:34:57,832 - INFO - Date: 2019-04-29 00:00:00, Rainfall: 107.0mm
2025-05-20 10:34:57,832 - INFO - Date: 2020-05-22 00:00:00, Rainfall: 122.9mm
2025-05-20 10:34:57,833 - INFO - Date: 2021-01-16 00:00:00, Rainfall: 109.4mm
2025-05-20 10:34:57,833 - INFO - Date: 2021-01-19 00:00:00, Rainfall: 111.0mm
2025-05-20 10:34:57,833 - INFO - Date: 2021-01-25 00:00:00, Rainfall: 100.9mm
2025-05-20 10:34:57,833 - INFO - Date: 2021-03-10 00:00:00, Rainfall: 153.7mm
2025-05-20 10:34:57,834 - INFO - Date: 2021-04-02 00:00:00, Rainfall: 135.8mm
2025-05-20 10:34:57,834 - INFO - Date: 2021-12-06 00:00:00, Rainfall: 145.9mm
2025-05-20 10:34:57,834 - INFO - Date: 2021-12-07 00:00:00, Rainfall: 218.8mm
2025-05-20 10:34:57,835 - INFO - Date: 2022-01-01 00:00:00, Rainfall: 110.4mm
2025-05-20 10:34:57,835 - INFO - Date: 2022-01-20 00:00:00, Rainfall: 123.1mm
2025-05-20 10:34:57,835 - INFO - Date: 2022-02-21 00:00:00, Rainfall: 155.3mm
2025-05-20 10:34:57,835 - INFO - Date: 2022-05-27 00:00:00, Rainfall: 147.6mm
2025-05-20 10:34:57,835 - INFO - Date: 2022-10-07 00:00:00, Rainfall: 101.6mm
2025-05-20 10:34:57,836 - INFO - Date: 2022-12-28 00:00:00, Rainfall: 102.0mm
2025-05-20 10:34:57,836 - INFO - Date: 2023-02-02 00:00:00, Rainfall: 200.0mm
2025-05-20 10:34:57,836 - INFO - Date: 2023-02-13 00:00:00, Rainfall: 200.0mm
2025-05-20 10:34:57,836 - INFO - Date: 2023-02-14 00:00:00, Rainfall: 183.0mm
2025-05-20 10:34:59,009 - INFO - 
Rows dropped due to NaN values: 53
2025-05-20 10:34:59,011 - INFO - 
Final dataset size: 3604
2025-05-20 10:34:59,011 - INFO - Total rows removed: 1691
2025-05-20 10:34:59,011 - INFO - 
Rainfall Statistics After Processing:
2025-05-20 10:34:59,011 - INFO - Mean: 9.88mm
2025-05-20 10:34:59,013 - INFO - Median: 1.00mm
2025-05-20 10:34:59,013 - INFO - Std Dev: 17.50mm
2025-05-20 10:34:59,013 - INFO - Max: 100.00mm
2025-05-20 10:34:59,015 - INFO - 
No NaN values remain in the dataset.
2025-05-20 10:34:59,016 - INFO - 
Final feature list (55 features):
2025-05-20 10:34:59,016 - INFO - Tn, Tx, Tavg, RH_avg, ss, ff_x, ff_avg, ddd_x, Month, Day, DayOfWeek, Season, Temp_Range, Month_sin, Month_cos, Day_sin, Day_cos, DayOfYear_sin, DayOfYear_cos, Temp_Humidity, Temp_Range_RH, Dew_Point, Heat_Index, Rain_Streak, Dry_Streak, RR_Rolling_Mean_3d, RR_Rolling_Std_3d, Tavg_Rolling_Mean_3d, RH_Rolling_Mean_3d, RR_Rolling_Mean_7d, RR_Rolling_Std_7d, Tavg_Rolling_Mean_7d, RH_Rolling_Mean_7d, RR_Rolling_Mean_14d, RR_Rolling_Std_14d, Tavg_Rolling_Mean_14d, RH_Rolling_Mean_14d, RR_Lag_1, Tavg_Lag_1, Rain_Binary_Lag_1, RR_Lag_2, Tavg_Lag_2, Rain_Binary_Lag_2, RR_Lag_3, Tavg_Lag_3, Rain_Binary_Lag_3, RR_Lag_5, Tavg_Lag_5, Rain_Binary_Lag_5, RR_Lag_7, Tavg_Lag_7, Rain_Binary_Lag_7, RR_Lag_14, Tavg_Lag_14, Rain_Binary_Lag_14
2025-05-20 10:34:59,020 - INFO - 
Plotting correlations for top 15 features: RR_Rolling_Mean_3d, RR_Rolling_Std_3d, RR_Rolling_Mean_7d, RR_Rolling_Std_7d, Tx, RR_Rolling_Mean_14d, RH_avg, Tavg, RH_Rolling_Mean_3d, RR_Rolling_Std_14d, Tavg_Rolling_Mean_3d, Tavg_Lag_1, RH_Rolling_Mean_7d, Heat_Index, DayOfYear_cos
2025-05-20 10:35:00,855 - INFO - Training and evaluating model...
2025-05-20 10:35:00,857 - INFO - 
Feature matrix shape: (3604, 55)
2025-05-20 10:35:00,865 - INFO - 
Training Gradient Boosting model...
2025-05-20 10:35:05,959 - INFO - Making predictions...
2025-05-20 10:35:05,962 - INFO - 
Model evaluation metrics:
2025-05-20 10:35:05,962 - INFO - Mean Squared Error (MSE): 5.6175
2025-05-20 10:35:05,963 - INFO - Root Mean Squared Error (RMSE): 2.3701
2025-05-20 10:35:05,963 - INFO - Mean Absolute Error (MAE): 1.0219
2025-05-20 10:35:05,963 - INFO - R-squared (R²): 0.9726
2025-05-20 10:35:06,112 - INFO - Computing permutation importance (this may take a while)...
2025-05-20 10:35:09,291 - INFO - 
Feature Importance (top 10):
2025-05-20 10:35:09,291 - INFO - RR_Rolling_Mean_3d: 3.1787
2025-05-20 10:35:09,291 - INFO - RR_Lag_2: 0.6252
2025-05-20 10:35:09,292 - INFO - RR_Lag_1: 0.5478
2025-05-20 10:35:09,292 - INFO - RR_Rolling_Std_3d: 0.0833
2025-05-20 10:35:09,292 - INFO - Tx: 0.0134
2025-05-20 10:35:09,292 - INFO - Rain_Streak: 0.0037
2025-05-20 10:35:09,293 - INFO - Dry_Streak: 0.0034
2025-05-20 10:35:09,293 - INFO - Tn: 0.0022
2025-05-20 10:35:09,293 - INFO - RR_Rolling_Std_7d: 0.0021
2025-05-20 10:35:09,293 - INFO - Tavg_Lag_2: 0.0020
2025-05-20 10:35:09,460 - INFO - 
Preparing multi-day forecasting dataset...
2025-05-20 10:35:09,463 - INFO - 
Initial data shape: (3604, 61)
2025-05-20 10:35:09,465 - INFO - Initial NaN counts:
Tanggal               0
Tn                    0
Tx                    0
Tavg                  0
RH_avg                0
                     ..
Tavg_Lag_14           0
Rain_Binary_Lag_14    0
RainToday             0
Rain_Streak           0
Dry_Streak            0
Length: 61, dtype: int64
2025-05-20 10:35:09,523 - INFO - 
After adding all features - shape: (3604, 352)
2025-05-20 10:35:09,528 - INFO - NaN counts after features:
Tanggal            0
Tn                 0
Tx                 0
Tavg               0
RH_avg             0
                  ..
RR_cum_7d          6
RainPattern_3d     0
DryPattern_3d      0
RH_Tavg_RR_Lag1    0
Wind_RH_Lag1       0
Length: 352, dtype: int64
2025-05-20 10:35:09,645 - INFO - 
Day 1 dataset - shape: 3603
2025-05-20 10:35:09,647 - INFO - Number of NaN values in day 1 dataset: 0
2025-05-20 10:35:09,647 - INFO - Final size of day 1 dataset: 3603
2025-05-20 10:35:09,668 - INFO - 
Day 2 dataset - shape: 3602
2025-05-20 10:35:09,670 - INFO - Number of NaN values in day 2 dataset: 0
2025-05-20 10:35:09,670 - INFO - Final size of day 2 dataset: 3602
2025-05-20 10:35:09,688 - INFO - 
Day 3 dataset - shape: 3601
2025-05-20 10:35:09,690 - INFO - Number of NaN values in day 3 dataset: 0
2025-05-20 10:35:09,690 - INFO - Final size of day 3 dataset: 3601
2025-05-20 10:35:09,710 - INFO - 
Day 4 dataset - shape: 3600
2025-05-20 10:35:09,712 - INFO - Number of NaN values in day 4 dataset: 0
2025-05-20 10:35:09,712 - INFO - Final size of day 4 dataset: 3600
2025-05-20 10:35:09,732 - INFO - 
Day 5 dataset - shape: 3599
2025-05-20 10:35:09,735 - INFO - Number of NaN values in day 5 dataset: 0
2025-05-20 10:35:09,735 - INFO - Final size of day 5 dataset: 3599
2025-05-20 10:35:09,737 - INFO - 
Training multi-day forecasting models...
2025-05-20 10:35:09,737 - INFO - 
--- Training models for 0-day ahead prediction ---
2025-05-20 10:35:09,737 - INFO - Using 55 features for day 0 prediction
2025-05-20 10:35:09,743 - INFO - Training models with 3-fold CV...
2025-05-20 10:35:09,744 - INFO - Training gbm model...
2025-05-20 10:35:09,744 - INFO -   Processing fold 1/3...
2025-05-20 10:35:10,299 - INFO -     Fold R²: 0.7810 (took 0.6s)
2025-05-20 10:35:10,300 - INFO -   Processing fold 2/3...
2025-05-20 10:35:10,870 - INFO -     Fold R²: 0.8266 (took 0.6s)
2025-05-20 10:35:10,871 - INFO -   Processing fold 3/3...
2025-05-20 10:35:11,426 - INFO -     Fold R²: 0.8013 (took 0.6s)
2025-05-20 10:35:11,426 - INFO - gbm CV R² scores: 0.8029 ± 0.0186
2025-05-20 10:35:11,427 - INFO - Training rf model...
2025-05-20 10:35:11,427 - INFO -   Processing fold 1/3...
2025-05-20 10:35:11,820 - INFO -     Fold R²: 0.6414 (took 0.4s)
2025-05-20 10:35:11,820 - INFO -   Processing fold 2/3...
2025-05-20 10:35:12,213 - INFO -     Fold R²: 0.6849 (took 0.4s)
2025-05-20 10:35:12,214 - INFO -   Processing fold 3/3...
2025-05-20 10:35:12,630 - INFO -     Fold R²: 0.6669 (took 0.4s)
2025-05-20 10:35:12,631 - INFO - rf CV R² scores: 0.6644 ± 0.0178
2025-05-20 10:35:12,631 - INFO - Training ridge model...
2025-05-20 10:35:12,632 - INFO -   Processing fold 1/3...
2025-05-20 10:35:12,635 - INFO -     Fold R²: 0.9999 (took 0.0s)
2025-05-20 10:35:12,635 - INFO -   Processing fold 2/3...
2025-05-20 10:35:12,637 - INFO -     Fold R²: 1.0000 (took 0.0s)
2025-05-20 10:35:12,637 - INFO -   Processing fold 3/3...
2025-05-20 10:35:12,640 - INFO -     Fold R²: 1.0000 (took 0.0s)
2025-05-20 10:35:12,640 - INFO - ridge CV R² scores: 1.0000 ± 0.0000
2025-05-20 10:35:12,641 - INFO - Ensemble metrics - R²: 0.9761, RMSE: 2.2109
2025-05-20 10:35:13,453 - INFO - 
--- Training models for 1-day ahead prediction ---
2025-05-20 10:35:13,467 - INFO - Selected 100 most correlated features from 225 total
2025-05-20 10:35:13,468 - INFO - Using 100 features for day 1 prediction
2025-05-20 10:35:13,477 - INFO - Training models with 2-fold CV...
2025-05-20 10:35:13,477 - INFO - Training gbm model...
2025-05-20 10:35:13,478 - INFO -   Processing fold 1/2...
2025-05-20 10:35:14,106 - INFO -     Fold R²: 0.2723 (took 0.6s)
2025-05-20 10:35:14,107 - INFO -   Processing fold 2/2...
2025-05-20 10:35:14,733 - INFO -     Fold R²: 0.3312 (took 0.6s)
2025-05-20 10:35:14,734 - INFO - gbm CV R² scores: 0.3017 ± 0.0295
2025-05-20 10:35:14,734 - INFO - Training rf model...
2025-05-20 10:35:14,735 - INFO -   Processing fold 1/2...
2025-05-20 10:35:15,152 - INFO -     Fold R²: 0.3114 (took 0.4s)
2025-05-20 10:35:15,153 - INFO -   Processing fold 2/2...
2025-05-20 10:35:15,568 - INFO -     Fold R²: 0.3372 (took 0.4s)
2025-05-20 10:35:15,568 - INFO - rf CV R² scores: 0.3243 ± 0.0129
2025-05-20 10:35:15,568 - INFO - Training ridge model...
2025-05-20 10:35:15,570 - INFO -   Processing fold 1/2...
2025-05-20 10:35:15,574 - INFO -     Fold R²: 0.3048 (took 0.0s)
2025-05-20 10:35:15,574 - INFO -   Processing fold 2/2...
2025-05-20 10:35:15,577 - INFO -     Fold R²: 0.3015 (took 0.0s)
2025-05-20 10:35:15,577 - INFO - ridge CV R² scores: 0.3032 ± 0.0016
2025-05-20 10:35:15,578 - INFO - Ensemble metrics - R²: 0.3935, RMSE: 11.1409
2025-05-20 10:35:16,458 - INFO - 
--- Training models for 2-day ahead prediction ---
2025-05-20 10:35:16,472 - INFO - Selected 100 most correlated features from 225 total
2025-05-20 10:35:16,472 - INFO - Using 100 features for day 2 prediction
2025-05-20 10:35:16,481 - INFO - Training models with 2-fold CV...
2025-05-20 10:35:16,482 - INFO - Training gbm model...
2025-05-20 10:35:16,482 - INFO -   Processing fold 1/2...
2025-05-20 10:35:17,076 - INFO -     Fold R²: 0.1450 (took 0.6s)
2025-05-20 10:35:17,076 - INFO -   Processing fold 2/2...
2025-05-20 10:35:17,696 - INFO -     Fold R²: 0.1818 (took 0.6s)
2025-05-20 10:35:17,696 - INFO - gbm CV R² scores: 0.1634 ± 0.0184
2025-05-20 10:35:17,697 - INFO - Training rf model...
2025-05-20 10:35:17,697 - INFO -   Processing fold 1/2...
2025-05-20 10:35:18,111 - INFO -     Fold R²: 0.1939 (took 0.4s)
2025-05-20 10:35:18,112 - INFO -   Processing fold 2/2...
2025-05-20 10:35:18,549 - INFO -     Fold R²: 0.2179 (took 0.4s)
2025-05-20 10:35:18,550 - INFO - rf CV R² scores: 0.2059 ± 0.0120
2025-05-20 10:35:18,550 - INFO - Training ridge model...
2025-05-20 10:35:18,551 - INFO -   Processing fold 1/2...
2025-05-20 10:35:18,554 - INFO -     Fold R²: 0.1398 (took 0.0s)
2025-05-20 10:35:18,555 - INFO -   Processing fold 2/2...
2025-05-20 10:35:18,558 - INFO -     Fold R²: 0.1462 (took 0.0s)
2025-05-20 10:35:18,558 - INFO - ridge CV R² scores: 0.1430 ± 0.0032
2025-05-20 10:35:18,559 - INFO - Ensemble metrics - R²: 0.2174, RMSE: 12.6557
2025-05-20 10:35:19,496 - INFO - 
--- Training models for 3-day ahead prediction ---
2025-05-20 10:35:19,508 - INFO - Selected 100 most correlated features from 121 total
2025-05-20 10:35:19,508 - INFO - Using 100 features for day 3 prediction
2025-05-20 10:35:19,517 - INFO - Training models with 2-fold CV...
2025-05-20 10:35:19,518 - INFO - Training gbm model...
2025-05-20 10:35:19,518 - INFO -   Processing fold 1/2...
2025-05-20 10:35:20,220 - INFO -     Fold R²: 0.1275 (took 0.7s)
2025-05-20 10:35:20,220 - INFO -   Processing fold 2/2...
2025-05-20 10:35:20,933 - INFO -     Fold R²: 0.1776 (took 0.7s)
2025-05-20 10:35:20,933 - INFO - gbm CV R² scores: 0.1525 ± 0.0251
2025-05-20 10:35:20,934 - INFO - Training rf model...
2025-05-20 10:35:20,934 - INFO -   Processing fold 1/2...
2025-05-20 10:35:21,373 - INFO -     Fold R²: 0.1852 (took 0.4s)
2025-05-20 10:35:21,375 - INFO -   Processing fold 2/2...
2025-05-20 10:35:21,874 - INFO -     Fold R²: 0.2040 (took 0.5s)
2025-05-20 10:35:21,874 - INFO - rf CV R² scores: 0.1946 ± 0.0094
2025-05-20 10:35:21,875 - INFO - Training ridge model...
2025-05-20 10:35:21,875 - INFO -   Processing fold 1/2...
2025-05-20 10:35:21,879 - INFO -     Fold R²: 0.1462 (took 0.0s)
2025-05-20 10:35:21,879 - INFO -   Processing fold 2/2...
2025-05-20 10:35:21,883 - INFO -     Fold R²: 0.1745 (took 0.0s)
2025-05-20 10:35:21,883 - INFO - ridge CV R² scores: 0.1604 ± 0.0141
2025-05-20 10:35:21,885 - INFO - Ensemble metrics - R²: 0.1760, RMSE: 12.9859
2025-05-20 10:35:22,785 - INFO - 
--- Training models for 4-day ahead prediction ---
2025-05-20 10:35:22,793 - INFO - Selected 100 most correlated features from 121 total
2025-05-20 10:35:22,793 - INFO - Using 100 features for day 4 prediction
2025-05-20 10:35:22,803 - INFO - Training models with 2-fold CV...
2025-05-20 10:35:22,803 - INFO - Training gbm model...
2025-05-20 10:35:22,805 - INFO -   Processing fold 1/2...
2025-05-20 10:35:23,497 - INFO -     Fold R²: 0.1377 (took 0.7s)
2025-05-20 10:35:23,499 - INFO -   Processing fold 2/2...
2025-05-20 10:35:24,172 - INFO -     Fold R²: 0.1898 (took 0.7s)
2025-05-20 10:35:24,173 - INFO - gbm CV R² scores: 0.1637 ± 0.0261
2025-05-20 10:35:24,173 - INFO - Training rf model...
2025-05-20 10:35:24,173 - INFO -   Processing fold 1/2...
2025-05-20 10:35:24,633 - INFO -     Fold R²: 0.1791 (took 0.5s)
2025-05-20 10:35:24,633 - INFO -   Processing fold 2/2...
2025-05-20 10:35:25,081 - INFO -     Fold R²: 0.2257 (took 0.4s)
2025-05-20 10:35:25,082 - INFO - rf CV R² scores: 0.2024 ± 0.0233
2025-05-20 10:35:25,082 - INFO - Training ridge model...
2025-05-20 10:35:25,083 - INFO -   Processing fold 1/2...
2025-05-20 10:35:25,087 - INFO -     Fold R²: 0.1430 (took 0.0s)
2025-05-20 10:35:25,087 - INFO -   Processing fold 2/2...
2025-05-20 10:35:25,091 - INFO -     Fold R²: 0.1740 (took 0.0s)
2025-05-20 10:35:25,091 - INFO - ridge CV R² scores: 0.1585 ± 0.0155
2025-05-20 10:35:25,092 - INFO - Ensemble metrics - R²: 0.1727, RMSE: 13.0186
2025-05-20 10:35:25,931 - INFO - 
--- Training models for 5-day ahead prediction ---
2025-05-20 10:35:25,943 - INFO - Selected 100 most correlated features from 121 total
2025-05-20 10:35:25,944 - INFO - Using 100 features for day 5 prediction
2025-05-20 10:35:25,953 - INFO - Training models with 2-fold CV...
2025-05-20 10:35:25,953 - INFO - Training gbm model...
2025-05-20 10:35:25,953 - INFO -   Processing fold 1/2...
2025-05-20 10:35:26,661 - INFO -     Fold R²: 0.1118 (took 0.7s)
2025-05-20 10:35:26,661 - INFO -   Processing fold 2/2...
2025-05-20 10:35:27,339 - INFO -     Fold R²: 0.2263 (took 0.7s)
2025-05-20 10:35:27,340 - INFO - gbm CV R² scores: 0.1690 ± 0.0572
2025-05-20 10:35:27,340 - INFO - Training rf model...
2025-05-20 10:35:27,341 - INFO -   Processing fold 1/2...
2025-05-20 10:35:27,812 - INFO -     Fold R²: 0.1726 (took 0.5s)
2025-05-20 10:35:27,813 - INFO -   Processing fold 2/2...
2025-05-20 10:35:28,264 - INFO -     Fold R²: 0.2393 (took 0.5s)
2025-05-20 10:35:28,264 - INFO - rf CV R² scores: 0.2059 ± 0.0333
2025-05-20 10:35:28,265 - INFO - Training ridge model...
2025-05-20 10:35:28,265 - INFO -   Processing fold 1/2...
2025-05-20 10:35:28,269 - INFO -     Fold R²: 0.1048 (took 0.0s)
2025-05-20 10:35:28,270 - INFO -   Processing fold 2/2...
2025-05-20 10:35:28,273 - INFO -     Fold R²: 0.1851 (took 0.0s)
2025-05-20 10:35:28,273 - INFO - ridge CV R² scores: 0.1449 ± 0.0402
2025-05-20 10:35:28,275 - INFO - Ensemble metrics - R²: 0.1538, RMSE: 13.1661
2025-05-20 10:35:30,445 - INFO - Saved ensemble model for 0-day ahead prediction in gbm\models\day_0
2025-05-20 10:35:30,448 - INFO - Saved ensemble model for 1-day ahead prediction in gbm\models\day_1
2025-05-20 10:35:30,450 - INFO - Saved ensemble model for 2-day ahead prediction in gbm\models\day_2
2025-05-20 10:35:30,453 - INFO - Saved ensemble model for 3-day ahead prediction in gbm\models\day_3
2025-05-20 10:35:30,455 - INFO - Saved ensemble model for 4-day ahead prediction in gbm\models\day_4
2025-05-20 10:35:30,458 - INFO - Saved ensemble model for 5-day ahead prediction in gbm\models\day_5
2025-05-20 10:35:30,466 - INFO - 
Model saved to gbm\models\gbm_model.pkl
2025-05-20 10:35:30,467 - INFO - Scaler saved to gbm\models\scaler.pkl
2025-05-20 10:35:30,467 - INFO - Feature list saved to gbm\models\feature_columns.pkl
2025-05-20 10:35:30,467 - INFO - Process completed successfully.
2025-05-20 10:37:32,789 - INFO - Loading dataset...
2025-05-20 10:37:32,797 - INFO - Preprocessing data...
2025-05-20 10:37:32,797 - INFO - Initial dataset size: 5295
2025-05-20 10:37:33,000 - INFO - 
Outliers removed: 52 rows
2025-05-20 10:37:33,000 - INFO - Dates with extreme rainfall (>100mm):
2025-05-20 10:37:33,001 - INFO - Date: 2010-01-15 00:00:00, Rainfall: 110.0mm
2025-05-20 10:37:33,001 - INFO - Date: 2010-02-20 00:00:00, Rainfall: 180.0mm
2025-05-20 10:37:33,002 - INFO - Date: 2011-02-05 00:00:00, Rainfall: 113.0mm
2025-05-20 10:37:33,002 - INFO - Date: 2011-02-06 00:00:00, Rainfall: 122.0mm
2025-05-20 10:37:33,003 - INFO - Date: 2012-03-15 00:00:00, Rainfall: 141.0mm
2025-05-20 10:37:33,003 - INFO - Date: 2012-05-13 00:00:00, Rainfall: 125.0mm
2025-05-20 10:37:33,003 - INFO - Date: 2013-01-02 00:00:00, Rainfall: 120.8mm
2025-05-20 10:37:33,003 - INFO - Date: 2013-01-04 00:00:00, Rainfall: 103.5mm
2025-05-20 10:37:33,003 - INFO - Date: 2014-01-13 00:00:00, Rainfall: 105.2mm
2025-05-20 10:37:33,003 - INFO - Date: 2014-04-08 00:00:00, Rainfall: 137.9mm
2025-05-20 10:37:33,005 - INFO - Date: 2014-12-06 00:00:00, Rainfall: 137.4mm
2025-05-20 10:37:33,005 - INFO - Date: 2014-12-07 00:00:00, Rainfall: 105.4mm
2025-05-20 10:37:33,005 - INFO - Date: 2015-01-22 00:00:00, Rainfall: 160.3mm
2025-05-20 10:37:33,005 - INFO - Date: 2015-03-03 00:00:00, Rainfall: 127.6mm
2025-05-20 10:37:33,006 - INFO - Date: 2015-12-18 00:00:00, Rainfall: 130.7mm
2025-05-20 10:37:33,006 - INFO - Date: 2015-12-19 00:00:00, Rainfall: 112.4mm
2025-05-20 10:37:33,007 - INFO - Date: 2016-01-22 00:00:00, Rainfall: 160.3mm
2025-05-20 10:37:33,007 - INFO - Date: 2016-02-28 00:00:00, Rainfall: 103.4mm
2025-05-20 10:37:33,007 - INFO - Date: 2016-10-10 00:00:00, Rainfall: 127.4mm
2025-05-20 10:37:33,008 - INFO - Date: 2016-10-25 00:00:00, Rainfall: 188.7mm
2025-05-20 10:37:33,008 - INFO - Date: 2016-12-13 00:00:00, Rainfall: 101.0mm
2025-05-20 10:37:33,008 - INFO - Date: 2016-12-30 00:00:00, Rainfall: 115.3mm
2025-05-20 10:37:33,008 - INFO - Date: 2017-01-26 00:00:00, Rainfall: 107.9mm
2025-05-20 10:37:33,009 - INFO - Date: 2017-02-17 00:00:00, Rainfall: 120.3mm
2025-05-20 10:37:33,009 - INFO - Date: 2017-12-13 00:00:00, Rainfall: 106.0mm
2025-05-20 10:37:33,009 - INFO - Date: 2017-12-20 00:00:00, Rainfall: 101.4mm
2025-05-20 10:37:33,010 - INFO - Date: 2017-12-21 00:00:00, Rainfall: 109.3mm
2025-05-20 10:37:33,010 - INFO - Date: 2017-12-22 00:00:00, Rainfall: 156.0mm
2025-05-20 10:37:33,010 - INFO - Date: 2018-01-12 00:00:00, Rainfall: 124.6mm
2025-05-20 10:37:33,010 - INFO - Date: 2018-01-13 00:00:00, Rainfall: 104.5mm
2025-05-20 10:37:33,011 - INFO - Date: 2018-02-16 00:00:00, Rainfall: 112.8mm
2025-05-20 10:37:33,011 - INFO - Date: 2018-03-14 00:00:00, Rainfall: 152.1mm
2025-05-20 10:37:33,011 - INFO - Date: 2018-12-23 00:00:00, Rainfall: 108.7mm
2025-05-20 10:37:33,012 - INFO - Date: 2018-12-28 00:00:00, Rainfall: 140.3mm
2025-05-20 10:37:33,012 - INFO - Date: 2019-04-29 00:00:00, Rainfall: 107.0mm
2025-05-20 10:37:33,012 - INFO - Date: 2020-05-22 00:00:00, Rainfall: 122.9mm
2025-05-20 10:37:33,013 - INFO - Date: 2021-01-16 00:00:00, Rainfall: 109.4mm
2025-05-20 10:37:33,013 - INFO - Date: 2021-01-19 00:00:00, Rainfall: 111.0mm
2025-05-20 10:37:33,013 - INFO - Date: 2021-01-25 00:00:00, Rainfall: 100.9mm
2025-05-20 10:37:33,014 - INFO - Date: 2021-03-10 00:00:00, Rainfall: 153.7mm
2025-05-20 10:37:33,014 - INFO - Date: 2021-04-02 00:00:00, Rainfall: 135.8mm
2025-05-20 10:37:33,014 - INFO - Date: 2021-12-06 00:00:00, Rainfall: 145.9mm
2025-05-20 10:37:33,015 - INFO - Date: 2021-12-07 00:00:00, Rainfall: 218.8mm
2025-05-20 10:37:33,015 - INFO - Date: 2022-01-01 00:00:00, Rainfall: 110.4mm
2025-05-20 10:37:33,015 - INFO - Date: 2022-01-20 00:00:00, Rainfall: 123.1mm
2025-05-20 10:37:33,015 - INFO - Date: 2022-02-21 00:00:00, Rainfall: 155.3mm
2025-05-20 10:37:33,016 - INFO - Date: 2022-05-27 00:00:00, Rainfall: 147.6mm
2025-05-20 10:37:33,016 - INFO - Date: 2022-10-07 00:00:00, Rainfall: 101.6mm
2025-05-20 10:37:33,016 - INFO - Date: 2022-12-28 00:00:00, Rainfall: 102.0mm
2025-05-20 10:37:33,016 - INFO - Date: 2023-02-02 00:00:00, Rainfall: 200.0mm
2025-05-20 10:37:33,016 - INFO - Date: 2023-02-13 00:00:00, Rainfall: 200.0mm
2025-05-20 10:37:33,017 - INFO - Date: 2023-02-14 00:00:00, Rainfall: 183.0mm
2025-05-20 10:37:34,129 - INFO - 
Rows dropped due to NaN values: 53
2025-05-20 10:37:34,131 - INFO - 
Final dataset size: 3604
2025-05-20 10:37:34,132 - INFO - Total rows removed: 1691
2025-05-20 10:37:34,132 - INFO - 
Rainfall Statistics After Processing:
2025-05-20 10:37:34,132 - INFO - Mean: 9.88mm
2025-05-20 10:37:34,133 - INFO - Median: 1.00mm
2025-05-20 10:37:34,133 - INFO - Std Dev: 17.50mm
2025-05-20 10:37:34,133 - INFO - Max: 100.00mm
2025-05-20 10:37:34,135 - INFO - 
No NaN values remain in the dataset.
2025-05-20 10:37:34,135 - INFO - 
Final feature list (55 features):
2025-05-20 10:37:34,136 - INFO - Tn, Tx, Tavg, RH_avg, ss, ff_x, ff_avg, ddd_x, Month, Day, DayOfWeek, Season, Temp_Range, Month_sin, Month_cos, Day_sin, Day_cos, DayOfYear_sin, DayOfYear_cos, Temp_Humidity, Temp_Range_RH, Dew_Point, Heat_Index, Rain_Streak, Dry_Streak, RR_Rolling_Mean_3d, RR_Rolling_Std_3d, Tavg_Rolling_Mean_3d, RH_Rolling_Mean_3d, RR_Rolling_Mean_7d, RR_Rolling_Std_7d, Tavg_Rolling_Mean_7d, RH_Rolling_Mean_7d, RR_Rolling_Mean_14d, RR_Rolling_Std_14d, Tavg_Rolling_Mean_14d, RH_Rolling_Mean_14d, RR_Lag_1, Tavg_Lag_1, Rain_Binary_Lag_1, RR_Lag_2, Tavg_Lag_2, Rain_Binary_Lag_2, RR_Lag_3, Tavg_Lag_3, Rain_Binary_Lag_3, RR_Lag_5, Tavg_Lag_5, Rain_Binary_Lag_5, RR_Lag_7, Tavg_Lag_7, Rain_Binary_Lag_7, RR_Lag_14, Tavg_Lag_14, Rain_Binary_Lag_14
2025-05-20 10:37:34,141 - INFO - 
Plotting correlations for top 15 features: RR_Rolling_Mean_3d, RR_Rolling_Std_3d, RR_Rolling_Mean_7d, RR_Rolling_Std_7d, Tx, RR_Rolling_Mean_14d, RH_avg, Tavg, RH_Rolling_Mean_3d, RR_Rolling_Std_14d, Tavg_Rolling_Mean_3d, Tavg_Lag_1, RH_Rolling_Mean_7d, Heat_Index, DayOfYear_cos
2025-05-20 10:37:35,974 - INFO - Training and evaluating model...
2025-05-20 10:37:35,976 - INFO - 
Feature matrix shape: (3604, 55)
2025-05-20 10:37:35,983 - INFO - 
Training Gradient Boosting model...
2025-05-20 10:37:41,008 - INFO - Making predictions...
2025-05-20 10:37:41,012 - INFO - 
Model evaluation metrics:
2025-05-20 10:37:41,012 - INFO - Mean Squared Error (MSE): 5.6175
2025-05-20 10:37:41,013 - INFO - Root Mean Squared Error (RMSE): 2.3701
2025-05-20 10:37:41,013 - INFO - Mean Absolute Error (MAE): 1.0219
2025-05-20 10:37:41,013 - INFO - R-squared (R²): 0.9726
2025-05-20 10:37:41,145 - INFO - Computing permutation importance (this may take a while)...
2025-05-20 10:37:44,156 - INFO - 
Feature Importance (top 10):
2025-05-20 10:37:44,156 - INFO - RR_Rolling_Mean_3d: 3.1787
2025-05-20 10:37:44,157 - INFO - RR_Lag_2: 0.6252
2025-05-20 10:37:44,157 - INFO - RR_Lag_1: 0.5478
2025-05-20 10:37:44,157 - INFO - RR_Rolling_Std_3d: 0.0833
2025-05-20 10:37:44,157 - INFO - Tx: 0.0134
2025-05-20 10:37:44,158 - INFO - Rain_Streak: 0.0037
2025-05-20 10:37:44,158 - INFO - Dry_Streak: 0.0034
2025-05-20 10:37:44,158 - INFO - Tn: 0.0022
2025-05-20 10:37:44,158 - INFO - RR_Rolling_Std_7d: 0.0021
2025-05-20 10:37:44,158 - INFO - Tavg_Lag_2: 0.0020
2025-05-20 10:37:44,325 - INFO - 
Preparing multi-day forecasting dataset...
2025-05-20 10:37:44,328 - INFO - 
Initial data shape: (3604, 61)
2025-05-20 10:37:44,330 - INFO - Initial NaN counts:
Tanggal               0
Tn                    0
Tx                    0
Tavg                  0
RH_avg                0
                     ..
Tavg_Lag_14           0
Rain_Binary_Lag_14    0
RainToday             0
Rain_Streak           0
Dry_Streak            0
Length: 61, dtype: int64
2025-05-20 10:37:44,337 - INFO - 
Day 1 dataset - shape: 3603
2025-05-20 10:37:44,337 - INFO - Number of NaN values in day 1 dataset: 0
2025-05-20 10:37:44,338 - INFO - Final size of day 1 dataset: 3603
2025-05-20 10:37:44,341 - INFO - 
Day 2 dataset - shape: 3602
2025-05-20 10:37:44,341 - INFO - Number of NaN values in day 2 dataset: 0
2025-05-20 10:37:44,342 - INFO - Final size of day 2 dataset: 3602
2025-05-20 10:37:44,344 - INFO - 
Day 3 dataset - shape: 3601
2025-05-20 10:37:44,345 - INFO - Number of NaN values in day 3 dataset: 0
2025-05-20 10:37:44,345 - INFO - Final size of day 3 dataset: 3601
2025-05-20 10:37:44,348 - INFO - 
Day 4 dataset - shape: 3600
2025-05-20 10:37:44,349 - INFO - Number of NaN values in day 4 dataset: 0
2025-05-20 10:37:44,349 - INFO - Final size of day 4 dataset: 3600
2025-05-20 10:37:44,353 - INFO - 
Day 5 dataset - shape: 3599
2025-05-20 10:37:44,353 - INFO - Number of NaN values in day 5 dataset: 0
2025-05-20 10:37:44,353 - INFO - Final size of day 5 dataset: 3599
2025-05-20 10:37:44,353 - INFO - 
Training multi-day forecasting models...
2025-05-20 10:37:44,353 - INFO - 
--- Training models for 0-day ahead prediction ---
2025-05-20 10:37:44,354 - ERROR - Error in model training and evaluation: 'GBMWeatherPredictor' object has no attribute 'extended_features'
2025-05-20 10:37:44,354 - ERROR - Error in main process: 'GBMWeatherPredictor' object has no attribute 'extended_features'
2025-05-20 10:40:46,265 - INFO - Loading dataset...
2025-05-20 10:40:46,273 - INFO - Preprocessing data...
2025-05-20 10:40:46,273 - INFO - Initial dataset size: 5295
2025-05-20 10:40:46,468 - INFO - 
Outliers removed: 52 rows
2025-05-20 10:40:46,469 - INFO - Dates with extreme rainfall (>100mm):
2025-05-20 10:40:46,470 - INFO - Date: 2010-01-15 00:00:00, Rainfall: 110.0mm
2025-05-20 10:40:46,470 - INFO - Date: 2010-02-20 00:00:00, Rainfall: 180.0mm
2025-05-20 10:40:46,470 - INFO - Date: 2011-02-05 00:00:00, Rainfall: 113.0mm
2025-05-20 10:40:46,471 - INFO - Date: 2011-02-06 00:00:00, Rainfall: 122.0mm
2025-05-20 10:40:46,471 - INFO - Date: 2012-03-15 00:00:00, Rainfall: 141.0mm
2025-05-20 10:40:46,472 - INFO - Date: 2012-05-13 00:00:00, Rainfall: 125.0mm
2025-05-20 10:40:46,472 - INFO - Date: 2013-01-02 00:00:00, Rainfall: 120.8mm
2025-05-20 10:40:46,472 - INFO - Date: 2013-01-04 00:00:00, Rainfall: 103.5mm
2025-05-20 10:40:46,472 - INFO - Date: 2014-01-13 00:00:00, Rainfall: 105.2mm
2025-05-20 10:40:46,473 - INFO - Date: 2014-04-08 00:00:00, Rainfall: 137.9mm
2025-05-20 10:40:46,473 - INFO - Date: 2014-12-06 00:00:00, Rainfall: 137.4mm
2025-05-20 10:40:46,474 - INFO - Date: 2014-12-07 00:00:00, Rainfall: 105.4mm
2025-05-20 10:40:46,474 - INFO - Date: 2015-01-22 00:00:00, Rainfall: 160.3mm
2025-05-20 10:40:46,474 - INFO - Date: 2015-03-03 00:00:00, Rainfall: 127.6mm
2025-05-20 10:40:46,475 - INFO - Date: 2015-12-18 00:00:00, Rainfall: 130.7mm
2025-05-20 10:40:46,475 - INFO - Date: 2015-12-19 00:00:00, Rainfall: 112.4mm
2025-05-20 10:40:46,475 - INFO - Date: 2016-01-22 00:00:00, Rainfall: 160.3mm
2025-05-20 10:40:46,475 - INFO - Date: 2016-02-28 00:00:00, Rainfall: 103.4mm
2025-05-20 10:40:46,476 - INFO - Date: 2016-10-10 00:00:00, Rainfall: 127.4mm
2025-05-20 10:40:46,476 - INFO - Date: 2016-10-25 00:00:00, Rainfall: 188.7mm
2025-05-20 10:40:46,476 - INFO - Date: 2016-12-13 00:00:00, Rainfall: 101.0mm
2025-05-20 10:40:46,476 - INFO - Date: 2016-12-30 00:00:00, Rainfall: 115.3mm
2025-05-20 10:40:46,477 - INFO - Date: 2017-01-26 00:00:00, Rainfall: 107.9mm
2025-05-20 10:40:46,477 - INFO - Date: 2017-02-17 00:00:00, Rainfall: 120.3mm
2025-05-20 10:40:46,477 - INFO - Date: 2017-12-13 00:00:00, Rainfall: 106.0mm
2025-05-20 10:40:46,477 - INFO - Date: 2017-12-20 00:00:00, Rainfall: 101.4mm
2025-05-20 10:40:46,478 - INFO - Date: 2017-12-21 00:00:00, Rainfall: 109.3mm
2025-05-20 10:40:46,478 - INFO - Date: 2017-12-22 00:00:00, Rainfall: 156.0mm
2025-05-20 10:40:46,478 - INFO - Date: 2018-01-12 00:00:00, Rainfall: 124.6mm
2025-05-20 10:40:46,478 - INFO - Date: 2018-01-13 00:00:00, Rainfall: 104.5mm
2025-05-20 10:40:46,479 - INFO - Date: 2018-02-16 00:00:00, Rainfall: 112.8mm
2025-05-20 10:40:46,479 - INFO - Date: 2018-03-14 00:00:00, Rainfall: 152.1mm
2025-05-20 10:40:46,479 - INFO - Date: 2018-12-23 00:00:00, Rainfall: 108.7mm
2025-05-20 10:40:46,480 - INFO - Date: 2018-12-28 00:00:00, Rainfall: 140.3mm
2025-05-20 10:40:46,480 - INFO - Date: 2019-04-29 00:00:00, Rainfall: 107.0mm
2025-05-20 10:40:46,480 - INFO - Date: 2020-05-22 00:00:00, Rainfall: 122.9mm
2025-05-20 10:40:46,480 - INFO - Date: 2021-01-16 00:00:00, Rainfall: 109.4mm
2025-05-20 10:40:46,480 - INFO - Date: 2021-01-19 00:00:00, Rainfall: 111.0mm
2025-05-20 10:40:46,481 - INFO - Date: 2021-01-25 00:00:00, Rainfall: 100.9mm
2025-05-20 10:40:46,481 - INFO - Date: 2021-03-10 00:00:00, Rainfall: 153.7mm
2025-05-20 10:40:46,481 - INFO - Date: 2021-04-02 00:00:00, Rainfall: 135.8mm
2025-05-20 10:40:46,482 - INFO - Date: 2021-12-06 00:00:00, Rainfall: 145.9mm
2025-05-20 10:40:46,482 - INFO - Date: 2021-12-07 00:00:00, Rainfall: 218.8mm
2025-05-20 10:40:46,482 - INFO - Date: 2022-01-01 00:00:00, Rainfall: 110.4mm
2025-05-20 10:40:46,482 - INFO - Date: 2022-01-20 00:00:00, Rainfall: 123.1mm
2025-05-20 10:40:46,482 - INFO - Date: 2022-02-21 00:00:00, Rainfall: 155.3mm
2025-05-20 10:40:46,483 - INFO - Date: 2022-05-27 00:00:00, Rainfall: 147.6mm
2025-05-20 10:40:46,483 - INFO - Date: 2022-10-07 00:00:00, Rainfall: 101.6mm
2025-05-20 10:40:46,483 - INFO - Date: 2022-12-28 00:00:00, Rainfall: 102.0mm
2025-05-20 10:40:46,483 - INFO - Date: 2023-02-02 00:00:00, Rainfall: 200.0mm
2025-05-20 10:40:46,484 - INFO - Date: 2023-02-13 00:00:00, Rainfall: 200.0mm
2025-05-20 10:40:46,484 - INFO - Date: 2023-02-14 00:00:00, Rainfall: 183.0mm
2025-05-20 10:40:47,586 - INFO - 
Rows dropped due to NaN values: 53
2025-05-20 10:40:47,589 - INFO - 
Final dataset size: 3604
2025-05-20 10:40:47,589 - INFO - Total rows removed: 1691
2025-05-20 10:40:47,589 - INFO - 
Rainfall Statistics After Processing:
2025-05-20 10:40:47,590 - INFO - Mean: 9.88mm
2025-05-20 10:40:47,590 - INFO - Median: 1.00mm
2025-05-20 10:40:47,590 - INFO - Std Dev: 17.50mm
2025-05-20 10:40:47,590 - INFO - Max: 100.00mm
2025-05-20 10:40:47,592 - INFO - 
No NaN values remain in the dataset.
2025-05-20 10:40:47,592 - INFO - 
Final feature list (55 features):
2025-05-20 10:40:47,593 - INFO - Tn, Tx, Tavg, RH_avg, ss, ff_x, ff_avg, ddd_x, Month, Day, DayOfWeek, Season, Temp_Range, Month_sin, Month_cos, Day_sin, Day_cos, DayOfYear_sin, DayOfYear_cos, Temp_Humidity, Temp_Range_RH, Dew_Point, Heat_Index, Rain_Streak, Dry_Streak, RR_Rolling_Mean_3d, RR_Rolling_Std_3d, Tavg_Rolling_Mean_3d, RH_Rolling_Mean_3d, RR_Rolling_Mean_7d, RR_Rolling_Std_7d, Tavg_Rolling_Mean_7d, RH_Rolling_Mean_7d, RR_Rolling_Mean_14d, RR_Rolling_Std_14d, Tavg_Rolling_Mean_14d, RH_Rolling_Mean_14d, RR_Lag_1, Tavg_Lag_1, Rain_Binary_Lag_1, RR_Lag_2, Tavg_Lag_2, Rain_Binary_Lag_2, RR_Lag_3, Tavg_Lag_3, Rain_Binary_Lag_3, RR_Lag_5, Tavg_Lag_5, Rain_Binary_Lag_5, RR_Lag_7, Tavg_Lag_7, Rain_Binary_Lag_7, RR_Lag_14, Tavg_Lag_14, Rain_Binary_Lag_14
2025-05-20 10:40:47,596 - INFO - 
Plotting correlations for top 15 features: RR_Rolling_Mean_3d, RR_Rolling_Std_3d, RR_Rolling_Mean_7d, RR_Rolling_Std_7d, Tx, RR_Rolling_Mean_14d, RH_avg, Tavg, RH_Rolling_Mean_3d, RR_Rolling_Std_14d, Tavg_Rolling_Mean_3d, Tavg_Lag_1, RH_Rolling_Mean_7d, Heat_Index, DayOfYear_cos
2025-05-20 10:40:49,572 - INFO - Training and evaluating model...
2025-05-20 10:40:49,575 - INFO - 
Feature matrix shape: (3604, 55)
2025-05-20 10:40:49,583 - INFO - 
Training Gradient Boosting model...
2025-05-20 10:40:54,703 - INFO - Making predictions...
2025-05-20 10:40:54,707 - INFO - 
Model evaluation metrics:
2025-05-20 10:40:54,708 - INFO - Mean Squared Error (MSE): 5.6175
2025-05-20 10:40:54,708 - INFO - Root Mean Squared Error (RMSE): 2.3701
2025-05-20 10:40:54,708 - INFO - Mean Absolute Error (MAE): 1.0219
2025-05-20 10:40:54,709 - INFO - R-squared (R²): 0.9726
2025-05-20 10:40:54,839 - INFO - Computing permutation importance (this may take a while)...
2025-05-20 10:40:58,127 - INFO - 
Feature Importance (top 10):
2025-05-20 10:40:58,127 - INFO - RR_Rolling_Mean_3d: 3.1787
2025-05-20 10:40:58,127 - INFO - RR_Lag_2: 0.6252
2025-05-20 10:40:58,127 - INFO - RR_Lag_1: 0.5478
2025-05-20 10:40:58,128 - INFO - RR_Rolling_Std_3d: 0.0833
2025-05-20 10:40:58,128 - INFO - Tx: 0.0134
2025-05-20 10:40:58,128 - INFO - Rain_Streak: 0.0037
2025-05-20 10:40:58,128 - INFO - Dry_Streak: 0.0034
2025-05-20 10:40:58,128 - INFO - Tn: 0.0022
2025-05-20 10:40:58,128 - INFO - RR_Rolling_Std_7d: 0.0021
2025-05-20 10:40:58,129 - INFO - Tavg_Lag_2: 0.0020
2025-05-20 10:40:58,300 - INFO - 
Preparing multi-day forecasting dataset...
2025-05-20 10:40:58,304 - INFO - 
Initial data shape: (3604, 61)
2025-05-20 10:40:58,306 - INFO - Initial NaN counts:
Tanggal               0
Tn                    0
Tx                    0
Tavg                  0
RH_avg                0
                     ..
Tavg_Lag_14           0
Rain_Binary_Lag_14    0
RainToday             0
Rain_Streak           0
Dry_Streak            0
Length: 61, dtype: int64
2025-05-20 10:40:58,310 - INFO - 
Day 1 dataset - shape: 3603
2025-05-20 10:40:58,311 - INFO - Number of NaN values in day 1 dataset: 0
2025-05-20 10:40:58,311 - INFO - Final size of day 1 dataset: 3603
2025-05-20 10:40:58,313 - INFO - 
Day 2 dataset - shape: 3602
2025-05-20 10:40:58,315 - INFO - Number of NaN values in day 2 dataset: 0
2025-05-20 10:40:58,315 - INFO - Final size of day 2 dataset: 3602
2025-05-20 10:40:58,317 - INFO - 
Day 3 dataset - shape: 3601
2025-05-20 10:40:58,318 - INFO - Number of NaN values in day 3 dataset: 0
2025-05-20 10:40:58,318 - INFO - Final size of day 3 dataset: 3601
2025-05-20 10:40:58,321 - INFO - 
Day 4 dataset - shape: 3600
2025-05-20 10:40:58,322 - INFO - Number of NaN values in day 4 dataset: 0
2025-05-20 10:40:58,322 - INFO - Final size of day 4 dataset: 3600
2025-05-20 10:40:58,325 - INFO - 
Day 5 dataset - shape: 3599
2025-05-20 10:40:58,326 - INFO - Number of NaN values in day 5 dataset: 0
2025-05-20 10:40:58,326 - INFO - Final size of day 5 dataset: 3599
2025-05-20 10:40:58,326 - INFO - 
Training multi-day forecasting models...
2025-05-20 10:40:58,326 - INFO - 
--- Training models for 0-day ahead prediction ---
2025-05-20 10:40:58,326 - INFO - Using 55 features for day 0 prediction
2025-05-20 10:40:58,331 - INFO - Training models with 3-fold CV...
2025-05-20 10:40:58,332 - INFO - Training gbm model...
2025-05-20 10:40:58,333 - INFO -   Processing fold 1/3...
2025-05-20 10:40:58,900 - INFO -     Fold R²: 0.7810 (took 0.6s)
2025-05-20 10:40:58,901 - INFO -   Processing fold 2/3...
2025-05-20 10:40:59,482 - INFO -     Fold R²: 0.8266 (took 0.6s)
2025-05-20 10:40:59,482 - INFO -   Processing fold 3/3...
2025-05-20 10:41:00,048 - INFO -     Fold R²: 0.8013 (took 0.6s)
2025-05-20 10:41:00,049 - INFO - gbm CV R² scores: 0.8029 ± 0.0186
2025-05-20 10:41:00,049 - INFO - Training rf model...
2025-05-20 10:41:00,050 - INFO -   Processing fold 1/3...
2025-05-20 10:41:00,452 - INFO -     Fold R²: 0.6414 (took 0.4s)
2025-05-20 10:41:00,454 - INFO -   Processing fold 2/3...
2025-05-20 10:41:00,848 - INFO -     Fold R²: 0.6849 (took 0.4s)
2025-05-20 10:41:00,849 - INFO -   Processing fold 3/3...
2025-05-20 10:41:01,259 - INFO -     Fold R²: 0.6669 (took 0.4s)
2025-05-20 10:41:01,260 - INFO - rf CV R² scores: 0.6644 ± 0.0178
2025-05-20 10:41:01,260 - INFO - Training ridge model...
2025-05-20 10:41:01,260 - INFO -   Processing fold 1/3...
2025-05-20 10:41:01,264 - INFO -     Fold R²: 0.9999 (took 0.0s)
2025-05-20 10:41:01,264 - INFO -   Processing fold 2/3...
2025-05-20 10:41:01,267 - INFO -     Fold R²: 1.0000 (took 0.0s)
2025-05-20 10:41:01,267 - INFO -   Processing fold 3/3...
2025-05-20 10:41:01,270 - INFO -     Fold R²: 1.0000 (took 0.0s)
2025-05-20 10:41:01,270 - INFO - ridge CV R² scores: 1.0000 ± 0.0000
2025-05-20 10:41:01,272 - INFO - Ensemble metrics - R²: 0.9761, RMSE: 2.2109
2025-05-20 10:41:02,091 - INFO - 
--- Training models for 1-day ahead prediction ---
2025-05-20 10:41:02,091 - INFO - Using 55 features for day 1 prediction
2025-05-20 10:41:02,097 - INFO - Training models with 2-fold CV...
2025-05-20 10:41:02,098 - INFO - Training gbm model...
2025-05-20 10:41:02,098 - INFO -   Processing fold 1/2...
2025-05-20 10:41:02,540 - INFO -     Fold R²: 0.2800 (took 0.4s)
2025-05-20 10:41:02,541 - INFO -   Processing fold 2/2...
2025-05-20 10:41:02,983 - INFO -     Fold R²: 0.3187 (took 0.4s)
2025-05-20 10:41:02,984 - INFO - gbm CV R² scores: 0.2993 ± 0.0193
2025-05-20 10:41:02,985 - INFO - Training rf model...
2025-05-20 10:41:02,985 - INFO -   Processing fold 1/2...
2025-05-20 10:41:03,379 - INFO -     Fold R²: 0.3178 (took 0.4s)
2025-05-20 10:41:03,380 - INFO -   Processing fold 2/2...
2025-05-20 10:41:03,753 - INFO -     Fold R²: 0.3403 (took 0.4s)
2025-05-20 10:41:03,755 - INFO - rf CV R² scores: 0.3290 ± 0.0112
2025-05-20 10:41:03,755 - INFO - Training ridge model...
2025-05-20 10:41:03,755 - INFO -   Processing fold 1/2...
2025-05-20 10:41:03,758 - INFO -     Fold R²: 0.3152 (took 0.0s)
2025-05-20 10:41:03,758 - INFO -   Processing fold 2/2...
2025-05-20 10:41:03,761 - INFO -     Fold R²: 0.3243 (took 0.0s)
2025-05-20 10:41:03,762 - INFO - ridge CV R² scores: 0.3197 ± 0.0046
2025-05-20 10:41:03,762 - INFO - Ensemble metrics - R²: 0.0619, RMSE: 13.8554
2025-05-20 10:41:04,485 - INFO - 
--- Training models for 2-day ahead prediction ---
2025-05-20 10:41:04,486 - INFO - Using 55 features for day 2 prediction
2025-05-20 10:41:04,491 - INFO - Training models with 2-fold CV...
2025-05-20 10:41:04,491 - INFO - Training gbm model...
2025-05-20 10:41:04,492 - INFO -   Processing fold 1/2...
2025-05-20 10:41:04,957 - INFO -     Fold R²: 0.1400 (took 0.5s)
2025-05-20 10:41:04,958 - INFO -   Processing fold 2/2...
2025-05-20 10:41:05,406 - INFO -     Fold R²: 0.1692 (took 0.4s)
2025-05-20 10:41:05,406 - INFO - gbm CV R² scores: 0.1546 ± 0.0146
2025-05-20 10:41:05,407 - INFO - Training rf model...
2025-05-20 10:41:05,407 - INFO -   Processing fold 1/2...
2025-05-20 10:41:05,805 - INFO -     Fold R²: 0.1871 (took 0.4s)
2025-05-20 10:41:05,806 - INFO -   Processing fold 2/2...
2025-05-20 10:41:06,212 - INFO -     Fold R²: 0.2255 (took 0.4s)
2025-05-20 10:41:06,213 - INFO - rf CV R² scores: 0.2063 ± 0.0192
2025-05-20 10:41:06,213 - INFO - Training ridge model...
2025-05-20 10:41:06,213 - INFO -   Processing fold 1/2...
2025-05-20 10:41:06,217 - INFO -     Fold R²: 0.1702 (took 0.0s)
2025-05-20 10:41:06,217 - INFO -   Processing fold 2/2...
2025-05-20 10:41:06,219 - INFO -     Fold R²: 0.2055 (took 0.0s)
2025-05-20 10:41:06,220 - INFO - ridge CV R² scores: 0.1878 ± 0.0176
2025-05-20 10:41:06,221 - INFO - Ensemble metrics - R²: -3.4669, RMSE: 30.2352
2025-05-20 10:41:06,927 - INFO - 
--- Training models for 3-day ahead prediction ---
2025-05-20 10:41:06,927 - INFO - Using 55 features for day 3 prediction
2025-05-20 10:41:06,933 - INFO - Training models with 2-fold CV...
2025-05-20 10:41:06,933 - INFO - Training gbm model...
2025-05-20 10:41:06,934 - INFO -   Processing fold 1/2...
2025-05-20 10:41:07,374 - INFO -     Fold R²: 0.1175 (took 0.4s)
2025-05-20 10:41:07,374 - INFO -   Processing fold 2/2...
2025-05-20 10:41:07,808 - INFO -     Fold R²: 0.1850 (took 0.4s)
2025-05-20 10:41:07,808 - INFO - gbm CV R² scores: 0.1513 ± 0.0337
2025-05-20 10:41:07,808 - INFO - Training rf model...
2025-05-20 10:41:07,809 - INFO -   Processing fold 1/2...
2025-05-20 10:41:08,201 - INFO -     Fold R²: 0.1663 (took 0.4s)
2025-05-20 10:41:08,202 - INFO -   Processing fold 2/2...
2025-05-20 10:41:08,589 - INFO -     Fold R²: 0.1973 (took 0.4s)
2025-05-20 10:41:08,589 - INFO - rf CV R² scores: 0.1818 ± 0.0155
2025-05-20 10:41:08,589 - INFO - Training ridge model...
2025-05-20 10:41:08,590 - INFO -   Processing fold 1/2...
2025-05-20 10:41:08,593 - INFO -     Fold R²: 0.1633 (took 0.0s)
2025-05-20 10:41:08,593 - INFO -   Processing fold 2/2...
2025-05-20 10:41:08,596 - INFO -     Fold R²: 0.1877 (took 0.0s)
2025-05-20 10:41:08,597 - INFO - ridge CV R² scores: 0.1755 ± 0.0122
2025-05-20 10:41:08,598 - INFO - Ensemble metrics - R²: -5.8447, RMSE: 37.4270
2025-05-20 10:41:09,317 - INFO - 
--- Training models for 4-day ahead prediction ---
2025-05-20 10:41:09,318 - INFO - Using 55 features for day 4 prediction
2025-05-20 10:41:09,324 - INFO - Training models with 2-fold CV...
2025-05-20 10:41:09,324 - INFO - Training gbm model...
2025-05-20 10:41:09,326 - INFO -   Processing fold 1/2...
2025-05-20 10:41:09,782 - INFO -     Fold R²: 0.1463 (took 0.5s)
2025-05-20 10:41:09,783 - INFO -   Processing fold 2/2...
2025-05-20 10:41:10,222 - INFO -     Fold R²: 0.1884 (took 0.4s)
2025-05-20 10:41:10,222 - INFO - gbm CV R² scores: 0.1673 ± 0.0210
2025-05-20 10:41:10,223 - INFO - Training rf model...
2025-05-20 10:41:10,223 - INFO -   Processing fold 1/2...
2025-05-20 10:41:10,613 - INFO -     Fold R²: 0.1879 (took 0.4s)
2025-05-20 10:41:10,614 - INFO -   Processing fold 2/2...
2025-05-20 10:41:10,988 - INFO -     Fold R²: 0.2175 (took 0.4s)
2025-05-20 10:41:10,989 - INFO - rf CV R² scores: 0.2027 ± 0.0148
2025-05-20 10:41:10,989 - INFO - Training ridge model...
2025-05-20 10:41:10,990 - INFO -   Processing fold 1/2...
2025-05-20 10:41:10,993 - INFO -     Fold R²: 0.1671 (took 0.0s)
2025-05-20 10:41:10,994 - INFO -   Processing fold 2/2...
2025-05-20 10:41:10,996 - INFO -     Fold R²: 0.1976 (took 0.0s)
2025-05-20 10:41:10,998 - INFO - ridge CV R² scores: 0.1824 ± 0.0153
2025-05-20 10:41:10,999 - INFO - Ensemble metrics - R²: -2.8734, RMSE: 28.1692
2025-05-20 10:41:11,701 - INFO - 
--- Training models for 5-day ahead prediction ---
2025-05-20 10:41:11,701 - INFO - Using 55 features for day 5 prediction
2025-05-20 10:41:11,707 - INFO - Training models with 2-fold CV...
2025-05-20 10:41:11,707 - INFO - Training gbm model...
2025-05-20 10:41:11,708 - INFO -   Processing fold 1/2...
2025-05-20 10:41:12,176 - INFO -     Fold R²: 0.1140 (took 0.5s)
2025-05-20 10:41:12,176 - INFO -   Processing fold 2/2...
2025-05-20 10:41:12,629 - INFO -     Fold R²: 0.1882 (took 0.5s)
2025-05-20 10:41:12,630 - INFO - gbm CV R² scores: 0.1511 ± 0.0371
2025-05-20 10:41:12,630 - INFO - Training rf model...
2025-05-20 10:41:12,631 - INFO -   Processing fold 1/2...
2025-05-20 10:41:13,016 - INFO -     Fold R²: 0.1741 (took 0.4s)
2025-05-20 10:41:13,017 - INFO -   Processing fold 2/2...
2025-05-20 10:41:13,402 - INFO -     Fold R²: 0.2150 (took 0.4s)
2025-05-20 10:41:13,403 - INFO - rf CV R² scores: 0.1946 ± 0.0204
2025-05-20 10:41:13,403 - INFO - Training ridge model...
2025-05-20 10:41:13,403 - INFO -   Processing fold 1/2...
2025-05-20 10:41:13,406 - INFO -     Fold R²: 0.1396 (took 0.0s)
2025-05-20 10:41:13,406 - INFO -   Processing fold 2/2...
2025-05-20 10:41:13,409 - INFO -     Fold R²: 0.1995 (took 0.0s)
2025-05-20 10:41:13,409 - INFO - ridge CV R² scores: 0.1695 ± 0.0299
2025-05-20 10:41:13,410 - INFO - Ensemble metrics - R²: -2.0734, RMSE: 25.0921
2025-05-20 10:41:15,494 - INFO - Saved ensemble model for 0-day ahead prediction in gbm\models\day_0
2025-05-20 10:41:15,496 - INFO - Saved ensemble model for 1-day ahead prediction in gbm\models\day_1
2025-05-20 10:41:15,500 - INFO - Saved ensemble model for 2-day ahead prediction in gbm\models\day_2
2025-05-20 10:41:15,501 - INFO - Saved ensemble model for 3-day ahead prediction in gbm\models\day_3
2025-05-20 10:41:15,505 - INFO - Saved ensemble model for 4-day ahead prediction in gbm\models\day_4
2025-05-20 10:41:15,507 - INFO - Saved ensemble model for 5-day ahead prediction in gbm\models\day_5
2025-05-20 10:41:15,511 - INFO - 
Model saved to gbm\models\gbm_model.pkl
2025-05-20 10:41:15,512 - INFO - Scaler saved to gbm\models\scaler.pkl
2025-05-20 10:41:15,512 - INFO - Feature list saved to gbm\models\feature_columns.pkl
2025-05-20 10:41:15,512 - INFO - Process completed successfully.
2025-05-20 10:43:42,811 - INFO - Loading dataset...
2025-05-20 10:43:42,821 - INFO - Preprocessing data...
2025-05-20 10:43:42,822 - INFO - Initial dataset size: 5295
2025-05-20 10:43:43,022 - INFO - 
Outliers removed: 52 rows
2025-05-20 10:43:43,022 - INFO - Dates with extreme rainfall (>100mm):
2025-05-20 10:43:43,023 - INFO - Date: 2010-01-15 00:00:00, Rainfall: 110.0mm
2025-05-20 10:43:43,024 - INFO - Date: 2010-02-20 00:00:00, Rainfall: 180.0mm
2025-05-20 10:43:43,024 - INFO - Date: 2011-02-05 00:00:00, Rainfall: 113.0mm
2025-05-20 10:43:43,025 - INFO - Date: 2011-02-06 00:00:00, Rainfall: 122.0mm
2025-05-20 10:43:43,025 - INFO - Date: 2012-03-15 00:00:00, Rainfall: 141.0mm
2025-05-20 10:43:43,026 - INFO - Date: 2012-05-13 00:00:00, Rainfall: 125.0mm
2025-05-20 10:43:43,026 - INFO - Date: 2013-01-02 00:00:00, Rainfall: 120.8mm
2025-05-20 10:43:43,026 - INFO - Date: 2013-01-04 00:00:00, Rainfall: 103.5mm
2025-05-20 10:43:43,027 - INFO - Date: 2014-01-13 00:00:00, Rainfall: 105.2mm
2025-05-20 10:43:43,027 - INFO - Date: 2014-04-08 00:00:00, Rainfall: 137.9mm
2025-05-20 10:43:43,027 - INFO - Date: 2014-12-06 00:00:00, Rainfall: 137.4mm
2025-05-20 10:43:43,028 - INFO - Date: 2014-12-07 00:00:00, Rainfall: 105.4mm
2025-05-20 10:43:43,028 - INFO - Date: 2015-01-22 00:00:00, Rainfall: 160.3mm
2025-05-20 10:43:43,028 - INFO - Date: 2015-03-03 00:00:00, Rainfall: 127.6mm
2025-05-20 10:43:43,030 - INFO - Date: 2015-12-18 00:00:00, Rainfall: 130.7mm
2025-05-20 10:43:43,030 - INFO - Date: 2015-12-19 00:00:00, Rainfall: 112.4mm
2025-05-20 10:43:43,030 - INFO - Date: 2016-01-22 00:00:00, Rainfall: 160.3mm
2025-05-20 10:43:43,030 - INFO - Date: 2016-02-28 00:00:00, Rainfall: 103.4mm
2025-05-20 10:43:43,030 - INFO - Date: 2016-10-10 00:00:00, Rainfall: 127.4mm
2025-05-20 10:43:43,030 - INFO - Date: 2016-10-25 00:00:00, Rainfall: 188.7mm
2025-05-20 10:43:43,031 - INFO - Date: 2016-12-13 00:00:00, Rainfall: 101.0mm
2025-05-20 10:43:43,031 - INFO - Date: 2016-12-30 00:00:00, Rainfall: 115.3mm
2025-05-20 10:43:43,031 - INFO - Date: 2017-01-26 00:00:00, Rainfall: 107.9mm
2025-05-20 10:43:43,032 - INFO - Date: 2017-02-17 00:00:00, Rainfall: 120.3mm
2025-05-20 10:43:43,032 - INFO - Date: 2017-12-13 00:00:00, Rainfall: 106.0mm
2025-05-20 10:43:43,034 - INFO - Date: 2017-12-20 00:00:00, Rainfall: 101.4mm
2025-05-20 10:43:43,034 - INFO - Date: 2017-12-21 00:00:00, Rainfall: 109.3mm
2025-05-20 10:43:43,034 - INFO - Date: 2017-12-22 00:00:00, Rainfall: 156.0mm
2025-05-20 10:43:43,034 - INFO - Date: 2018-01-12 00:00:00, Rainfall: 124.6mm
2025-05-20 10:43:43,035 - INFO - Date: 2018-01-13 00:00:00, Rainfall: 104.5mm
2025-05-20 10:43:43,035 - INFO - Date: 2018-02-16 00:00:00, Rainfall: 112.8mm
2025-05-20 10:43:43,035 - INFO - Date: 2018-03-14 00:00:00, Rainfall: 152.1mm
2025-05-20 10:43:43,036 - INFO - Date: 2018-12-23 00:00:00, Rainfall: 108.7mm
2025-05-20 10:43:43,036 - INFO - Date: 2018-12-28 00:00:00, Rainfall: 140.3mm
2025-05-20 10:43:43,036 - INFO - Date: 2019-04-29 00:00:00, Rainfall: 107.0mm
2025-05-20 10:43:43,036 - INFO - Date: 2020-05-22 00:00:00, Rainfall: 122.9mm
2025-05-20 10:43:43,036 - INFO - Date: 2021-01-16 00:00:00, Rainfall: 109.4mm
2025-05-20 10:43:43,038 - INFO - Date: 2021-01-19 00:00:00, Rainfall: 111.0mm
2025-05-20 10:43:43,038 - INFO - Date: 2021-01-25 00:00:00, Rainfall: 100.9mm
2025-05-20 10:43:43,038 - INFO - Date: 2021-03-10 00:00:00, Rainfall: 153.7mm
2025-05-20 10:43:43,039 - INFO - Date: 2021-04-02 00:00:00, Rainfall: 135.8mm
2025-05-20 10:43:43,039 - INFO - Date: 2021-12-06 00:00:00, Rainfall: 145.9mm
2025-05-20 10:43:43,039 - INFO - Date: 2021-12-07 00:00:00, Rainfall: 218.8mm
2025-05-20 10:43:43,039 - INFO - Date: 2022-01-01 00:00:00, Rainfall: 110.4mm
2025-05-20 10:43:43,040 - INFO - Date: 2022-01-20 00:00:00, Rainfall: 123.1mm
2025-05-20 10:43:43,040 - INFO - Date: 2022-02-21 00:00:00, Rainfall: 155.3mm
2025-05-20 10:43:43,040 - INFO - Date: 2022-05-27 00:00:00, Rainfall: 147.6mm
2025-05-20 10:43:43,040 - INFO - Date: 2022-10-07 00:00:00, Rainfall: 101.6mm
2025-05-20 10:43:43,041 - INFO - Date: 2022-12-28 00:00:00, Rainfall: 102.0mm
2025-05-20 10:43:43,041 - INFO - Date: 2023-02-02 00:00:00, Rainfall: 200.0mm
2025-05-20 10:43:43,041 - INFO - Date: 2023-02-13 00:00:00, Rainfall: 200.0mm
2025-05-20 10:43:43,042 - INFO - Date: 2023-02-14 00:00:00, Rainfall: 183.0mm
2025-05-20 10:43:44,175 - INFO - 
Rows dropped due to NaN values: 53
2025-05-20 10:43:44,176 - INFO - 
Final dataset size: 3604
2025-05-20 10:43:44,176 - INFO - Total rows removed: 1691
2025-05-20 10:43:44,177 - INFO - 
Rainfall Statistics After Processing:
2025-05-20 10:43:44,177 - INFO - Mean: 9.88mm
2025-05-20 10:43:44,177 - INFO - Median: 1.00mm
2025-05-20 10:43:44,178 - INFO - Std Dev: 17.50mm
2025-05-20 10:43:44,178 - INFO - Max: 100.00mm
2025-05-20 10:43:44,180 - INFO - 
No NaN values remain in the dataset.
2025-05-20 10:43:44,180 - INFO - 
Final feature list (55 features):
2025-05-20 10:43:44,180 - INFO - Tn, Tx, Tavg, RH_avg, ss, ff_x, ff_avg, ddd_x, Month, Day, DayOfWeek, Season, Temp_Range, Month_sin, Month_cos, Day_sin, Day_cos, DayOfYear_sin, DayOfYear_cos, Temp_Humidity, Temp_Range_RH, Dew_Point, Heat_Index, Rain_Streak, Dry_Streak, RR_Rolling_Mean_3d, RR_Rolling_Std_3d, Tavg_Rolling_Mean_3d, RH_Rolling_Mean_3d, RR_Rolling_Mean_7d, RR_Rolling_Std_7d, Tavg_Rolling_Mean_7d, RH_Rolling_Mean_7d, RR_Rolling_Mean_14d, RR_Rolling_Std_14d, Tavg_Rolling_Mean_14d, RH_Rolling_Mean_14d, RR_Lag_1, Tavg_Lag_1, Rain_Binary_Lag_1, RR_Lag_2, Tavg_Lag_2, Rain_Binary_Lag_2, RR_Lag_3, Tavg_Lag_3, Rain_Binary_Lag_3, RR_Lag_5, Tavg_Lag_5, Rain_Binary_Lag_5, RR_Lag_7, Tavg_Lag_7, Rain_Binary_Lag_7, RR_Lag_14, Tavg_Lag_14, Rain_Binary_Lag_14
2025-05-20 10:43:44,185 - INFO - 
Plotting correlations for top 15 features: RR_Rolling_Mean_3d, RR_Rolling_Std_3d, RR_Rolling_Mean_7d, RR_Rolling_Std_7d, Tx, RR_Rolling_Mean_14d, RH_avg, Tavg, RH_Rolling_Mean_3d, RR_Rolling_Std_14d, Tavg_Rolling_Mean_3d, Tavg_Lag_1, RH_Rolling_Mean_7d, Heat_Index, DayOfYear_cos
2025-05-20 10:43:45,985 - INFO - Training and evaluating model...
2025-05-20 10:43:45,986 - INFO - 
Feature matrix shape: (3604, 55)
2025-05-20 10:43:45,993 - INFO - 
Training Gradient Boosting model...
2025-05-20 10:43:51,147 - INFO - Making predictions...
2025-05-20 10:43:51,152 - INFO - 
Model evaluation metrics:
2025-05-20 10:43:51,152 - INFO - Mean Squared Error (MSE): 5.6175
2025-05-20 10:43:51,153 - INFO - Root Mean Squared Error (RMSE): 2.3701
2025-05-20 10:43:51,153 - INFO - Mean Absolute Error (MAE): 1.0219
2025-05-20 10:43:51,153 - INFO - R-squared (R²): 0.9726
2025-05-20 10:43:51,311 - INFO - Computing permutation importance (this may take a while)...
2025-05-20 10:43:54,387 - INFO - 
Feature Importance (top 10):
2025-05-20 10:43:54,387 - INFO - RR_Rolling_Mean_3d: 3.1787
2025-05-20 10:43:54,387 - INFO - RR_Lag_2: 0.6252
2025-05-20 10:43:54,387 - INFO - RR_Lag_1: 0.5478
2025-05-20 10:43:54,387 - INFO - RR_Rolling_Std_3d: 0.0833
2025-05-20 10:43:54,388 - INFO - Tx: 0.0134
2025-05-20 10:43:54,388 - INFO - Rain_Streak: 0.0037
2025-05-20 10:43:54,388 - INFO - Dry_Streak: 0.0034
2025-05-20 10:43:54,388 - INFO - Tn: 0.0022
2025-05-20 10:43:54,388 - INFO - RR_Rolling_Std_7d: 0.0021
2025-05-20 10:43:54,389 - INFO - Tavg_Lag_2: 0.0020
2025-05-20 10:43:54,548 - INFO - 
Preparing multi-day forecasting dataset...
2025-05-20 10:43:54,552 - INFO - 
Initial data shape: (3604, 61)
2025-05-20 10:43:54,556 - INFO - 
Preparing dataset for 1-day ahead prediction
2025-05-20 10:43:54,559 - INFO - NaN counts before dropping:
Tanggal                  0
Tn                       0
Tx                       0
Tavg                     0
RH_avg                   0
ss                       0
ff_x                     0
ff_avg                   0
ddd_x                    0
Month                    0
Day                      0
DayOfWeek                0
Season                   0
Temp_Range               0
Month_sin                0
Month_cos                0
Day_sin                  0
Day_cos                  0
DayOfYear_sin            0
DayOfYear_cos            0
Temp_Humidity            0
Temp_Range_RH            0
Dew_Point                0
Heat_Index               0
Rain_Streak              0
Dry_Streak               0
RR_Rolling_Mean_3d       0
RR_Rolling_Std_3d        0
Tavg_Rolling_Mean_3d     0
RH_Rolling_Mean_3d       0
RR_Rolling_Mean_7d       0
RR_Rolling_Std_7d        0
Tavg_Rolling_Mean_7d     0
RH_Rolling_Mean_7d       0
RR_Rolling_Mean_14d      0
RR_Rolling_Std_14d       0
Tavg_Rolling_Mean_14d    0
RH_Rolling_Mean_14d      0
RR_Lag_1                 0
Tavg_Lag_1               0
Rain_Binary_Lag_1        0
RR_Lag_2                 0
Tavg_Lag_2               0
Rain_Binary_Lag_2        0
RR_Lag_3                 0
Tavg_Lag_3               0
Rain_Binary_Lag_3        0
RR_Lag_5                 0
Tavg_Lag_5               0
Rain_Binary_Lag_5        0
RR_Lag_7                 0
Tavg_Lag_7               0
Rain_Binary_Lag_7        0
RR_Lag_14                0
Tavg_Lag_14              0
Rain_Binary_Lag_14       0
Future_RR_1d             1
dtype: int64
2025-05-20 10:43:54,562 - INFO - Day 1 dataset shape after processing: (3603, 58)
2025-05-20 10:43:54,562 - INFO - Date range: 2010-01-19 00:00:00 to 2024-06-29 00:00:00
2025-05-20 10:43:54,563 - INFO - 
Preparing dataset for 2-day ahead prediction
2025-05-20 10:43:54,565 - INFO - NaN counts before dropping:
Tanggal                  0
Tn                       0
Tx                       0
Tavg                     0
RH_avg                   0
ss                       0
ff_x                     0
ff_avg                   0
ddd_x                    0
Month                    0
Day                      0
DayOfWeek                0
Season                   0
Temp_Range               0
Month_sin                0
Month_cos                0
Day_sin                  0
Day_cos                  0
DayOfYear_sin            0
DayOfYear_cos            0
Temp_Humidity            0
Temp_Range_RH            0
Dew_Point                0
Heat_Index               0
Rain_Streak              0
Dry_Streak               0
RR_Rolling_Mean_3d       0
RR_Rolling_Std_3d        0
Tavg_Rolling_Mean_3d     0
RH_Rolling_Mean_3d       0
RR_Rolling_Mean_7d       0
RR_Rolling_Std_7d        0
Tavg_Rolling_Mean_7d     0
RH_Rolling_Mean_7d       0
RR_Rolling_Mean_14d      0
RR_Rolling_Std_14d       0
Tavg_Rolling_Mean_14d    0
RH_Rolling_Mean_14d      0
RR_Lag_1                 0
Tavg_Lag_1               0
Rain_Binary_Lag_1        0
RR_Lag_2                 0
Tavg_Lag_2               0
Rain_Binary_Lag_2        0
RR_Lag_3                 0
Tavg_Lag_3               0
Rain_Binary_Lag_3        0
RR_Lag_5                 0
Tavg_Lag_5               0
Rain_Binary_Lag_5        0
RR_Lag_7                 0
Tavg_Lag_7               0
Rain_Binary_Lag_7        0
RR_Lag_14                0
Tavg_Lag_14              0
Rain_Binary_Lag_14       0
Future_RR_2d             2
dtype: int64
2025-05-20 10:43:54,568 - INFO - Day 2 dataset shape after processing: (3602, 58)
2025-05-20 10:43:54,568 - INFO - Date range: 2010-01-19 00:00:00 to 2024-06-28 00:00:00
2025-05-20 10:43:54,569 - INFO - 
Preparing dataset for 3-day ahead prediction
2025-05-20 10:43:54,570 - INFO - NaN counts before dropping:
Tanggal                  0
Tn                       0
Tx                       0
Tavg                     0
RH_avg                   0
ss                       0
ff_x                     0
ff_avg                   0
ddd_x                    0
Month                    0
Day                      0
DayOfWeek                0
Season                   0
Temp_Range               0
Month_sin                0
Month_cos                0
Day_sin                  0
Day_cos                  0
DayOfYear_sin            0
DayOfYear_cos            0
Temp_Humidity            0
Temp_Range_RH            0
Dew_Point                0
Heat_Index               0
Rain_Streak              0
Dry_Streak               0
RR_Rolling_Mean_3d       0
RR_Rolling_Std_3d        0
Tavg_Rolling_Mean_3d     0
RH_Rolling_Mean_3d       0
RR_Rolling_Mean_7d       0
RR_Rolling_Std_7d        0
Tavg_Rolling_Mean_7d     0
RH_Rolling_Mean_7d       0
RR_Rolling_Mean_14d      0
RR_Rolling_Std_14d       0
Tavg_Rolling_Mean_14d    0
RH_Rolling_Mean_14d      0
RR_Lag_1                 0
Tavg_Lag_1               0
Rain_Binary_Lag_1        0
RR_Lag_2                 0
Tavg_Lag_2               0
Rain_Binary_Lag_2        0
RR_Lag_3                 0
Tavg_Lag_3               0
Rain_Binary_Lag_3        0
RR_Lag_5                 0
Tavg_Lag_5               0
Rain_Binary_Lag_5        0
RR_Lag_7                 0
Tavg_Lag_7               0
Rain_Binary_Lag_7        0
RR_Lag_14                0
Tavg_Lag_14              0
Rain_Binary_Lag_14       0
Future_RR_3d             3
dtype: int64
2025-05-20 10:43:54,573 - INFO - Day 3 dataset shape after processing: (3601, 58)
2025-05-20 10:43:54,575 - INFO - Date range: 2010-01-19 00:00:00 to 2024-06-27 00:00:00
2025-05-20 10:43:54,575 - INFO - 
Preparing dataset for 4-day ahead prediction
2025-05-20 10:43:54,577 - INFO - NaN counts before dropping:
Tanggal                  0
Tn                       0
Tx                       0
Tavg                     0
RH_avg                   0
ss                       0
ff_x                     0
ff_avg                   0
ddd_x                    0
Month                    0
Day                      0
DayOfWeek                0
Season                   0
Temp_Range               0
Month_sin                0
Month_cos                0
Day_sin                  0
Day_cos                  0
DayOfYear_sin            0
DayOfYear_cos            0
Temp_Humidity            0
Temp_Range_RH            0
Dew_Point                0
Heat_Index               0
Rain_Streak              0
Dry_Streak               0
RR_Rolling_Mean_3d       0
RR_Rolling_Std_3d        0
Tavg_Rolling_Mean_3d     0
RH_Rolling_Mean_3d       0
RR_Rolling_Mean_7d       0
RR_Rolling_Std_7d        0
Tavg_Rolling_Mean_7d     0
RH_Rolling_Mean_7d       0
RR_Rolling_Mean_14d      0
RR_Rolling_Std_14d       0
Tavg_Rolling_Mean_14d    0
RH_Rolling_Mean_14d      0
RR_Lag_1                 0
Tavg_Lag_1               0
Rain_Binary_Lag_1        0
RR_Lag_2                 0
Tavg_Lag_2               0
Rain_Binary_Lag_2        0
RR_Lag_3                 0
Tavg_Lag_3               0
Rain_Binary_Lag_3        0
RR_Lag_5                 0
Tavg_Lag_5               0
Rain_Binary_Lag_5        0
RR_Lag_7                 0
Tavg_Lag_7               0
Rain_Binary_Lag_7        0
RR_Lag_14                0
Tavg_Lag_14              0
Rain_Binary_Lag_14       0
Future_RR_4d             4
dtype: int64
2025-05-20 10:43:54,579 - INFO - Day 4 dataset shape after processing: (3600, 58)
2025-05-20 10:43:54,579 - INFO - Date range: 2010-01-19 00:00:00 to 2024-06-26 00:00:00
2025-05-20 10:43:54,580 - INFO - 
Preparing dataset for 5-day ahead prediction
2025-05-20 10:43:54,583 - INFO - NaN counts before dropping:
Tanggal                  0
Tn                       0
Tx                       0
Tavg                     0
RH_avg                   0
ss                       0
ff_x                     0
ff_avg                   0
ddd_x                    0
Month                    0
Day                      0
DayOfWeek                0
Season                   0
Temp_Range               0
Month_sin                0
Month_cos                0
Day_sin                  0
Day_cos                  0
DayOfYear_sin            0
DayOfYear_cos            0
Temp_Humidity            0
Temp_Range_RH            0
Dew_Point                0
Heat_Index               0
Rain_Streak              0
Dry_Streak               0
RR_Rolling_Mean_3d       0
RR_Rolling_Std_3d        0
Tavg_Rolling_Mean_3d     0
RH_Rolling_Mean_3d       0
RR_Rolling_Mean_7d       0
RR_Rolling_Std_7d        0
Tavg_Rolling_Mean_7d     0
RH_Rolling_Mean_7d       0
RR_Rolling_Mean_14d      0
RR_Rolling_Std_14d       0
Tavg_Rolling_Mean_14d    0
RH_Rolling_Mean_14d      0
RR_Lag_1                 0
Tavg_Lag_1               0
Rain_Binary_Lag_1        0
RR_Lag_2                 0
Tavg_Lag_2               0
Rain_Binary_Lag_2        0
RR_Lag_3                 0
Tavg_Lag_3               0
Rain_Binary_Lag_3        0
RR_Lag_5                 0
Tavg_Lag_5               0
Rain_Binary_Lag_5        0
RR_Lag_7                 0
Tavg_Lag_7               0
Rain_Binary_Lag_7        0
RR_Lag_14                0
Tavg_Lag_14              0
Rain_Binary_Lag_14       0
Future_RR_5d             5
dtype: int64
2025-05-20 10:43:54,585 - INFO - Day 5 dataset shape after processing: (3599, 58)
2025-05-20 10:43:54,585 - INFO - Date range: 2010-01-19 00:00:00 to 2024-06-24 00:00:00
2025-05-20 10:43:54,586 - INFO - 
Training multi-day forecasting models...
2025-05-20 10:43:54,587 - INFO - 
--- Training models for 0-day ahead prediction ---
2025-05-20 10:43:54,587 - INFO - Using 55 features for day 0 prediction
2025-05-20 10:43:54,588 - INFO - 
Training data: 2883 samples from 2010-01-19 00:00:00 to 2022-03-09 00:00:00
2025-05-20 10:43:54,589 - INFO - Testing data: 721 samples from 2022-03-10 00:00:00 to 2024-06-30 00:00:00
2025-05-20 10:43:54,593 - INFO - Training models with 3-fold CV...
2025-05-20 10:43:54,594 - INFO - Training gbm model...
2025-05-20 10:43:54,594 - INFO -   Processing fold 1/3...
2025-05-20 10:43:55,128 - WARNING - Negative predictions found in gbm, fold 1
2025-05-20 10:43:55,128 - INFO -     Fold R²: 0.7516 (took 0.5s)
2025-05-20 10:43:55,128 - INFO -   Processing fold 2/3...
2025-05-20 10:43:55,694 - WARNING - Negative predictions found in gbm, fold 2
2025-05-20 10:43:55,694 - INFO -     Fold R²: 0.8629 (took 0.6s)
2025-05-20 10:43:55,695 - INFO -   Processing fold 3/3...
2025-05-20 10:43:56,269 - WARNING - Negative predictions found in gbm, fold 3
2025-05-20 10:43:56,270 - INFO -     Fold R²: 0.8041 (took 0.6s)
2025-05-20 10:43:56,270 - INFO - gbm CV R² scores: 0.8062 ± 0.0455
2025-05-20 10:43:56,271 - INFO - Training rf model...
2025-05-20 10:43:56,271 - INFO -   Processing fold 1/3...
2025-05-20 10:43:56,708 - INFO -     Fold R²: 0.6004 (took 0.4s)
2025-05-20 10:43:56,709 - INFO -   Processing fold 2/3...
2025-05-20 10:43:57,130 - INFO -     Fold R²: 0.7327 (took 0.4s)
2025-05-20 10:43:57,131 - INFO -   Processing fold 3/3...
2025-05-20 10:43:57,586 - INFO -     Fold R²: 0.6731 (took 0.5s)
2025-05-20 10:43:57,587 - INFO - rf CV R² scores: 0.6687 ± 0.0541
2025-05-20 10:43:57,587 - INFO - Training ridge model...
2025-05-20 10:43:57,588 - INFO -   Processing fold 1/3...
2025-05-20 10:43:57,592 - WARNING - Negative predictions found in ridge, fold 1
2025-05-20 10:43:57,592 - INFO -     Fold R²: 0.9999 (took 0.0s)
2025-05-20 10:43:57,592 - INFO -   Processing fold 2/3...
2025-05-20 10:43:57,596 - WARNING - Negative predictions found in ridge, fold 2
2025-05-20 10:43:57,597 - INFO -     Fold R²: 1.0000 (took 0.0s)
2025-05-20 10:43:57,597 - INFO -   Processing fold 3/3...
2025-05-20 10:43:57,600 - WARNING - Negative predictions found in ridge, fold 3
2025-05-20 10:43:57,600 - INFO -     Fold R²: 1.0000 (took 0.0s)
2025-05-20 10:43:57,600 - INFO - ridge CV R² scores: 0.9999 ± 0.0000
2025-05-20 10:43:57,601 - INFO - Ensemble metrics - R²: 0.9767, RMSE: 2.1828
2025-05-20 10:43:58,481 - INFO - 
--- Training models for 1-day ahead prediction ---
2025-05-20 10:43:58,482 - INFO - Using 55 features for day 1 prediction
2025-05-20 10:43:58,485 - INFO - 
Training data: 2882 samples from 2010-01-19 00:00:00 to 2022-03-08 00:00:00
2025-05-20 10:43:58,486 - INFO - Testing data: 721 samples from 2022-03-09 00:00:00 to 2024-06-29 00:00:00
2025-05-20 10:43:58,491 - INFO - Training models with 2-fold CV...
2025-05-20 10:43:58,492 - INFO - Training gbm model...
2025-05-20 10:43:58,492 - INFO -   Processing fold 1/2...
2025-05-20 10:43:58,967 - WARNING - Negative predictions found in gbm, fold 1
2025-05-20 10:43:58,968 - INFO -     Fold R²: 0.1436 (took 0.5s)
2025-05-20 10:43:58,968 - INFO -   Processing fold 2/2...
2025-05-20 10:43:59,416 - WARNING - Negative predictions found in gbm, fold 2
2025-05-20 10:43:59,416 - INFO -     Fold R²: 0.2885 (took 0.4s)
2025-05-20 10:43:59,417 - INFO - gbm CV R² scores: 0.2160 ± 0.0725
2025-05-20 10:43:59,417 - INFO - Training rf model...
2025-05-20 10:43:59,417 - INFO -   Processing fold 1/2...
2025-05-20 10:43:59,802 - INFO -     Fold R²: 0.2877 (took 0.4s)
2025-05-20 10:43:59,803 - INFO -   Processing fold 2/2...
2025-05-20 10:44:00,219 - INFO -     Fold R²: 0.3264 (took 0.4s)
2025-05-20 10:44:00,220 - INFO - rf CV R² scores: 0.3071 ± 0.0194
2025-05-20 10:44:00,220 - INFO - Training ridge model...
2025-05-20 10:44:00,221 - INFO -   Processing fold 1/2...
2025-05-20 10:44:00,225 - WARNING - Negative predictions found in ridge, fold 1
2025-05-20 10:44:00,225 - INFO -     Fold R²: 0.1699 (took 0.0s)
2025-05-20 10:44:00,225 - INFO -   Processing fold 2/2...
2025-05-20 10:44:00,228 - WARNING - Negative predictions found in ridge, fold 2
2025-05-20 10:44:00,228 - INFO -     Fold R²: 0.2944 (took 0.0s)
2025-05-20 10:44:00,229 - INFO - ridge CV R² scores: 0.2322 ± 0.0623
2025-05-20 10:44:00,230 - INFO - Ensemble metrics - R²: 0.3446, RMSE: 11.5815
2025-05-20 10:44:01,006 - INFO - 
--- Training models for 2-day ahead prediction ---
2025-05-20 10:44:01,007 - INFO - Using 55 features for day 2 prediction
2025-05-20 10:44:01,009 - INFO - 
Training data: 2881 samples from 2010-01-19 00:00:00 to 2022-03-07 00:00:00
2025-05-20 10:44:01,010 - INFO - Testing data: 721 samples from 2022-03-08 00:00:00 to 2024-06-28 00:00:00
2025-05-20 10:44:01,015 - INFO - Training models with 2-fold CV...
2025-05-20 10:44:01,015 - INFO - Training gbm model...
2025-05-20 10:44:01,015 - INFO -   Processing fold 1/2...
2025-05-20 10:44:01,456 - WARNING - Negative predictions found in gbm, fold 1
2025-05-20 10:44:01,456 - INFO -     Fold R²: 0.0480 (took 0.4s)
2025-05-20 10:44:01,456 - INFO -   Processing fold 2/2...
2025-05-20 10:44:01,908 - WARNING - Negative predictions found in gbm, fold 2
2025-05-20 10:44:01,909 - INFO -     Fold R²: 0.1557 (took 0.5s)
2025-05-20 10:44:01,910 - INFO - gbm CV R² scores: 0.1018 ± 0.0539
2025-05-20 10:44:01,910 - INFO - Training rf model...
2025-05-20 10:44:01,910 - INFO -   Processing fold 1/2...
2025-05-20 10:44:02,332 - INFO -     Fold R²: 0.1715 (took 0.4s)
2025-05-20 10:44:02,333 - INFO -   Processing fold 2/2...
2025-05-20 10:44:02,750 - INFO -     Fold R²: 0.1943 (took 0.4s)
2025-05-20 10:44:02,751 - INFO - rf CV R² scores: 0.1829 ± 0.0114
2025-05-20 10:44:02,751 - INFO - Training ridge model...
2025-05-20 10:44:02,751 - INFO -   Processing fold 1/2...
2025-05-20 10:44:02,754 - WARNING - Negative predictions found in ridge, fold 1
2025-05-20 10:44:02,754 - INFO -     Fold R²: -0.8985 (took 0.0s)
2025-05-20 10:44:02,754 - INFO -   Processing fold 2/2...
2025-05-20 10:44:02,757 - WARNING - Negative predictions found in ridge, fold 2
2025-05-20 10:44:02,757 - INFO -     Fold R²: 0.1583 (took 0.0s)
2025-05-20 10:44:02,757 - INFO - ridge CV R² scores: -0.3701 ± 0.5284
2025-05-20 10:44:02,758 - INFO - Ensemble metrics - R²: 0.2032, RMSE: 12.7697
2025-05-20 10:44:03,589 - INFO - 
--- Training models for 3-day ahead prediction ---
2025-05-20 10:44:03,589 - INFO - Using 55 features for day 3 prediction
2025-05-20 10:44:03,593 - INFO - 
Training data: 2880 samples from 2010-01-19 00:00:00 to 2022-03-06 00:00:00
2025-05-20 10:44:03,593 - INFO - Testing data: 721 samples from 2022-03-07 00:00:00 to 2024-06-27 00:00:00
2025-05-20 10:44:03,598 - INFO - Training models with 2-fold CV...
2025-05-20 10:44:03,598 - INFO - Training gbm model...
2025-05-20 10:44:03,599 - INFO -   Processing fold 1/2...
2025-05-20 10:44:04,022 - WARNING - Negative predictions found in gbm, fold 1
2025-05-20 10:44:04,022 - INFO -     Fold R²: 0.0538 (took 0.4s)
2025-05-20 10:44:04,022 - INFO -   Processing fold 2/2...
2025-05-20 10:44:04,473 - WARNING - Negative predictions found in gbm, fold 2
2025-05-20 10:44:04,473 - INFO -     Fold R²: 0.1627 (took 0.4s)
2025-05-20 10:44:04,473 - INFO - gbm CV R² scores: 0.1082 ± 0.0545
2025-05-20 10:44:04,473 - INFO - Training rf model...
2025-05-20 10:44:04,474 - INFO -   Processing fold 1/2...
2025-05-20 10:44:04,868 - INFO -     Fold R²: 0.1638 (took 0.4s)
2025-05-20 10:44:04,869 - INFO -   Processing fold 2/2...
2025-05-20 10:44:05,266 - INFO -     Fold R²: 0.1864 (took 0.4s)
2025-05-20 10:44:05,268 - INFO - rf CV R² scores: 0.1751 ± 0.0113
2025-05-20 10:44:05,268 - INFO - Training ridge model...
2025-05-20 10:44:05,268 - INFO -   Processing fold 1/2...
2025-05-20 10:44:05,271 - WARNING - Negative predictions found in ridge, fold 1
2025-05-20 10:44:05,271 - INFO -     Fold R²: -0.4935 (took 0.0s)
2025-05-20 10:44:05,272 - INFO -   Processing fold 2/2...
2025-05-20 10:44:05,274 - WARNING - Negative predictions found in ridge, fold 2
2025-05-20 10:44:05,274 - INFO -     Fold R²: 0.1485 (took 0.0s)
2025-05-20 10:44:05,274 - INFO - ridge CV R² scores: -0.1725 ± 0.3210
2025-05-20 10:44:05,275 - INFO - Ensemble metrics - R²: 0.1797, RMSE: 12.9569
2025-05-20 10:44:06,104 - INFO - 
--- Training models for 4-day ahead prediction ---
2025-05-20 10:44:06,105 - INFO - Using 55 features for day 4 prediction
2025-05-20 10:44:06,107 - INFO - 
Training data: 2880 samples from 2010-01-19 00:00:00 to 2022-03-06 00:00:00
2025-05-20 10:44:06,108 - INFO - Testing data: 720 samples from 2022-03-07 00:00:00 to 2024-06-26 00:00:00
2025-05-20 10:44:06,112 - INFO - Training models with 2-fold CV...
2025-05-20 10:44:06,112 - INFO - Training gbm model...
2025-05-20 10:44:06,113 - INFO -   Processing fold 1/2...
2025-05-20 10:44:06,611 - WARNING - Negative predictions found in gbm, fold 1
2025-05-20 10:44:06,611 - INFO -     Fold R²: 0.1059 (took 0.5s)
2025-05-20 10:44:06,612 - INFO -   Processing fold 2/2...
2025-05-20 10:44:07,054 - WARNING - Negative predictions found in gbm, fold 2
2025-05-20 10:44:07,054 - INFO -     Fold R²: 0.1575 (took 0.4s)
2025-05-20 10:44:07,055 - INFO - gbm CV R² scores: 0.1317 ± 0.0258
2025-05-20 10:44:07,055 - INFO - Training rf model...
2025-05-20 10:44:07,056 - INFO -   Processing fold 1/2...
2025-05-20 10:44:07,458 - INFO -     Fold R²: 0.1636 (took 0.4s)
2025-05-20 10:44:07,459 - INFO -   Processing fold 2/2...
2025-05-20 10:44:07,856 - INFO -     Fold R²: 0.1925 (took 0.4s)
2025-05-20 10:44:07,857 - INFO - rf CV R² scores: 0.1781 ± 0.0145
2025-05-20 10:44:07,857 - INFO - Training ridge model...
2025-05-20 10:44:07,857 - INFO -   Processing fold 1/2...
2025-05-20 10:44:07,860 - WARNING - Negative predictions found in ridge, fold 1
2025-05-20 10:44:07,861 - INFO -     Fold R²: 0.0826 (took 0.0s)
2025-05-20 10:44:07,861 - INFO -   Processing fold 2/2...
2025-05-20 10:44:07,863 - WARNING - Negative predictions found in ridge, fold 2
2025-05-20 10:44:07,863 - INFO -     Fold R²: 0.1636 (took 0.0s)
2025-05-20 10:44:07,864 - INFO - ridge CV R² scores: 0.1231 ± 0.0405
2025-05-20 10:44:07,865 - INFO - Ensemble metrics - R²: 0.1973, RMSE: 12.8237
2025-05-20 10:44:08,695 - INFO - 
--- Training models for 5-day ahead prediction ---
2025-05-20 10:44:08,695 - INFO - Using 55 features for day 5 prediction
2025-05-20 10:44:08,698 - INFO - 
Training data: 2879 samples from 2010-01-19 00:00:00 to 2022-03-05 00:00:00
2025-05-20 10:44:08,699 - INFO - Testing data: 720 samples from 2022-03-06 00:00:00 to 2024-06-24 00:00:00
2025-05-20 10:44:08,704 - INFO - Training models with 2-fold CV...
2025-05-20 10:44:08,704 - INFO - Training gbm model...
2025-05-20 10:44:08,706 - INFO -   Processing fold 1/2...
2025-05-20 10:44:09,151 - WARNING - Negative predictions found in gbm, fold 1
2025-05-20 10:44:09,152 - INFO -     Fold R²: 0.0470 (took 0.4s)
2025-05-20 10:44:09,152 - INFO -   Processing fold 2/2...
2025-05-20 10:44:09,586 - WARNING - Negative predictions found in gbm, fold 2
2025-05-20 10:44:09,586 - INFO -     Fold R²: 0.1738 (took 0.4s)
2025-05-20 10:44:09,586 - INFO - gbm CV R² scores: 0.1104 ± 0.0634
2025-05-20 10:44:09,587 - INFO - Training rf model...
2025-05-20 10:44:09,587 - INFO -   Processing fold 1/2...
2025-05-20 10:44:09,995 - INFO -     Fold R²: 0.1428 (took 0.4s)
2025-05-20 10:44:09,995 - INFO -   Processing fold 2/2...
2025-05-20 10:44:10,406 - INFO -     Fold R²: 0.2005 (took 0.4s)
2025-05-20 10:44:10,407 - INFO - rf CV R² scores: 0.1716 ± 0.0288
2025-05-20 10:44:10,407 - INFO - Training ridge model...
2025-05-20 10:44:10,408 - INFO -   Processing fold 1/2...
2025-05-20 10:44:10,410 - WARNING - Negative predictions found in ridge, fold 1
2025-05-20 10:44:10,411 - INFO -     Fold R²: 0.1046 (took 0.0s)
2025-05-20 10:44:10,411 - INFO -   Processing fold 2/2...
2025-05-20 10:44:10,413 - WARNING - Negative predictions found in ridge, fold 2
2025-05-20 10:44:10,414 - INFO -     Fold R²: 0.1523 (took 0.0s)
2025-05-20 10:44:10,414 - INFO - ridge CV R² scores: 0.1284 ± 0.0238
2025-05-20 10:44:10,415 - INFO - Ensemble metrics - R²: -1.0631, RMSE: 20.5584
2025-05-20 10:44:12,673 - INFO - Saved ensemble model for 0-day ahead prediction in gbm\models\day_0
2025-05-20 10:44:12,677 - INFO - Saved ensemble model for 1-day ahead prediction in gbm\models\day_1
2025-05-20 10:44:12,679 - INFO - Saved ensemble model for 2-day ahead prediction in gbm\models\day_2
2025-05-20 10:44:12,682 - INFO - Saved ensemble model for 3-day ahead prediction in gbm\models\day_3
2025-05-20 10:44:12,685 - INFO - Saved ensemble model for 4-day ahead prediction in gbm\models\day_4
2025-05-20 10:44:12,687 - INFO - Saved ensemble model for 5-day ahead prediction in gbm\models\day_5
2025-05-20 10:44:12,693 - INFO - 
Model saved to gbm\models\gbm_model.pkl
2025-05-20 10:44:12,693 - INFO - Scaler saved to gbm\models\scaler.pkl
2025-05-20 10:44:12,693 - INFO - Feature list saved to gbm\models\feature_columns.pkl
2025-05-20 10:44:12,693 - INFO - Process completed successfully.
2025-05-20 10:46:30,915 - INFO - Loading dataset...
2025-05-20 10:46:30,922 - INFO - Preprocessing data...
2025-05-20 10:46:30,923 - INFO - Initial dataset size: 5295
2025-05-20 10:46:31,119 - INFO - 
Outliers removed: 52 rows
2025-05-20 10:46:31,119 - INFO - Dates with extreme rainfall (>100mm):
2025-05-20 10:46:31,120 - INFO - Date: 2010-01-15 00:00:00, Rainfall: 110.0mm
2025-05-20 10:46:31,120 - INFO - Date: 2010-02-20 00:00:00, Rainfall: 180.0mm
2025-05-20 10:46:31,120 - INFO - Date: 2011-02-05 00:00:00, Rainfall: 113.0mm
2025-05-20 10:46:31,121 - INFO - Date: 2011-02-06 00:00:00, Rainfall: 122.0mm
2025-05-20 10:46:31,121 - INFO - Date: 2012-03-15 00:00:00, Rainfall: 141.0mm
2025-05-20 10:46:31,121 - INFO - Date: 2012-05-13 00:00:00, Rainfall: 125.0mm
2025-05-20 10:46:31,121 - INFO - Date: 2013-01-02 00:00:00, Rainfall: 120.8mm
2025-05-20 10:46:31,121 - INFO - Date: 2013-01-04 00:00:00, Rainfall: 103.5mm
2025-05-20 10:46:31,121 - INFO - Date: 2014-01-13 00:00:00, Rainfall: 105.2mm
2025-05-20 10:46:31,122 - INFO - Date: 2014-04-08 00:00:00, Rainfall: 137.9mm
2025-05-20 10:46:31,122 - INFO - Date: 2014-12-06 00:00:00, Rainfall: 137.4mm
2025-05-20 10:46:31,122 - INFO - Date: 2014-12-07 00:00:00, Rainfall: 105.4mm
2025-05-20 10:46:31,122 - INFO - Date: 2015-01-22 00:00:00, Rainfall: 160.3mm
2025-05-20 10:46:31,122 - INFO - Date: 2015-03-03 00:00:00, Rainfall: 127.6mm
2025-05-20 10:46:31,123 - INFO - Date: 2015-12-18 00:00:00, Rainfall: 130.7mm
2025-05-20 10:46:31,123 - INFO - Date: 2015-12-19 00:00:00, Rainfall: 112.4mm
2025-05-20 10:46:31,123 - INFO - Date: 2016-01-22 00:00:00, Rainfall: 160.3mm
2025-05-20 10:46:31,123 - INFO - Date: 2016-02-28 00:00:00, Rainfall: 103.4mm
2025-05-20 10:46:31,123 - INFO - Date: 2016-10-10 00:00:00, Rainfall: 127.4mm
2025-05-20 10:46:31,123 - INFO - Date: 2016-10-25 00:00:00, Rainfall: 188.7mm
2025-05-20 10:46:31,124 - INFO - Date: 2016-12-13 00:00:00, Rainfall: 101.0mm
2025-05-20 10:46:31,124 - INFO - Date: 2016-12-30 00:00:00, Rainfall: 115.3mm
2025-05-20 10:46:31,124 - INFO - Date: 2017-01-26 00:00:00, Rainfall: 107.9mm
2025-05-20 10:46:31,124 - INFO - Date: 2017-02-17 00:00:00, Rainfall: 120.3mm
2025-05-20 10:46:31,124 - INFO - Date: 2017-12-13 00:00:00, Rainfall: 106.0mm
2025-05-20 10:46:31,124 - INFO - Date: 2017-12-20 00:00:00, Rainfall: 101.4mm
2025-05-20 10:46:31,124 - INFO - Date: 2017-12-21 00:00:00, Rainfall: 109.3mm
2025-05-20 10:46:31,126 - INFO - Date: 2017-12-22 00:00:00, Rainfall: 156.0mm
2025-05-20 10:46:31,126 - INFO - Date: 2018-01-12 00:00:00, Rainfall: 124.6mm
2025-05-20 10:46:31,126 - INFO - Date: 2018-01-13 00:00:00, Rainfall: 104.5mm
2025-05-20 10:46:31,126 - INFO - Date: 2018-02-16 00:00:00, Rainfall: 112.8mm
2025-05-20 10:46:31,126 - INFO - Date: 2018-03-14 00:00:00, Rainfall: 152.1mm
2025-05-20 10:46:31,126 - INFO - Date: 2018-12-23 00:00:00, Rainfall: 108.7mm
2025-05-20 10:46:31,126 - INFO - Date: 2018-12-28 00:00:00, Rainfall: 140.3mm
2025-05-20 10:46:31,127 - INFO - Date: 2019-04-29 00:00:00, Rainfall: 107.0mm
2025-05-20 10:46:31,127 - INFO - Date: 2020-05-22 00:00:00, Rainfall: 122.9mm
2025-05-20 10:46:31,127 - INFO - Date: 2021-01-16 00:00:00, Rainfall: 109.4mm
2025-05-20 10:46:31,128 - INFO - Date: 2021-01-19 00:00:00, Rainfall: 111.0mm
2025-05-20 10:46:31,128 - INFO - Date: 2021-01-25 00:00:00, Rainfall: 100.9mm
2025-05-20 10:46:31,128 - INFO - Date: 2021-03-10 00:00:00, Rainfall: 153.7mm
2025-05-20 10:46:31,129 - INFO - Date: 2021-04-02 00:00:00, Rainfall: 135.8mm
2025-05-20 10:46:31,129 - INFO - Date: 2021-12-06 00:00:00, Rainfall: 145.9mm
2025-05-20 10:46:31,129 - INFO - Date: 2021-12-07 00:00:00, Rainfall: 218.8mm
2025-05-20 10:46:31,130 - INFO - Date: 2022-01-01 00:00:00, Rainfall: 110.4mm
2025-05-20 10:46:31,130 - INFO - Date: 2022-01-20 00:00:00, Rainfall: 123.1mm
2025-05-20 10:46:31,130 - INFO - Date: 2022-02-21 00:00:00, Rainfall: 155.3mm
2025-05-20 10:46:31,131 - INFO - Date: 2022-05-27 00:00:00, Rainfall: 147.6mm
2025-05-20 10:46:31,131 - INFO - Date: 2022-10-07 00:00:00, Rainfall: 101.6mm
2025-05-20 10:46:31,131 - INFO - Date: 2022-12-28 00:00:00, Rainfall: 102.0mm
2025-05-20 10:46:31,131 - INFO - Date: 2023-02-02 00:00:00, Rainfall: 200.0mm
2025-05-20 10:46:31,132 - INFO - Date: 2023-02-13 00:00:00, Rainfall: 200.0mm
2025-05-20 10:46:31,132 - INFO - Date: 2023-02-14 00:00:00, Rainfall: 183.0mm
2025-05-20 10:46:32,971 - INFO - 
Rows dropped due to NaN values: 53
2025-05-20 10:46:32,972 - INFO - 
Final dataset size: 3604
2025-05-20 10:46:32,973 - INFO - Total rows removed: 1691
2025-05-20 10:46:32,973 - INFO - 
Rainfall Statistics After Processing:
2025-05-20 10:46:32,973 - INFO - Mean: 9.88mm
2025-05-20 10:46:32,973 - INFO - Median: 1.00mm
2025-05-20 10:46:32,974 - INFO - Std Dev: 17.50mm
2025-05-20 10:46:32,974 - INFO - Max: 100.00mm
2025-05-20 10:46:32,976 - INFO - 
No NaN values remain in the dataset.
2025-05-20 10:46:32,976 - INFO - 
Final feature list (55 features):
2025-05-20 10:46:32,977 - INFO - Tn, Tx, Tavg, RH_avg, ss, ff_x, ff_avg, ddd_x, Month, Day, DayOfWeek, Season, Temp_Range, Month_sin, Month_cos, Day_sin, Day_cos, DayOfYear_sin, DayOfYear_cos, Temp_Humidity, Temp_Range_RH, Dew_Point, Heat_Index, Rain_Streak, Dry_Streak, RR_Rolling_Mean_3d, RR_Rolling_Std_3d, Tavg_Rolling_Mean_3d, RH_Rolling_Mean_3d, RR_Rolling_Mean_7d, RR_Rolling_Std_7d, Tavg_Rolling_Mean_7d, RH_Rolling_Mean_7d, RR_Rolling_Mean_14d, RR_Rolling_Std_14d, Tavg_Rolling_Mean_14d, RH_Rolling_Mean_14d, RR_Lag_1, Tavg_Lag_1, Rain_Binary_Lag_1, RR_Lag_2, Tavg_Lag_2, Rain_Binary_Lag_2, RR_Lag_3, Tavg_Lag_3, Rain_Binary_Lag_3, RR_Lag_5, Tavg_Lag_5, Rain_Binary_Lag_5, RR_Lag_7, Tavg_Lag_7, Rain_Binary_Lag_7, RR_Lag_14, Tavg_Lag_14, Rain_Binary_Lag_14
2025-05-20 10:46:32,981 - INFO - 
Plotting correlations for top 15 features: RR_Rolling_Mean_3d, RR_Rolling_Std_3d, RR_Rolling_Mean_7d, RR_Rolling_Std_7d, Tx, RR_Rolling_Mean_14d, RH_avg, Tavg, RH_Rolling_Mean_3d, RR_Rolling_Std_14d, Tavg_Rolling_Mean_3d, Tavg_Lag_1, RH_Rolling_Mean_7d, Heat_Index, DayOfYear_cos
2025-05-20 10:46:34,844 - INFO - Training and evaluating model...
2025-05-20 10:46:34,846 - INFO - 
Feature matrix shape: (3604, 55)
2025-05-20 10:46:34,852 - INFO - 
Training Gradient Boosting model...
2025-05-20 10:46:39,768 - INFO - Making predictions...
2025-05-20 10:46:39,771 - INFO - 
Model evaluation metrics:
2025-05-20 10:46:39,772 - INFO - Mean Squared Error (MSE): 5.6175
2025-05-20 10:46:39,772 - INFO - Root Mean Squared Error (RMSE): 2.3701
2025-05-20 10:46:39,772 - INFO - Mean Absolute Error (MAE): 1.0219
2025-05-20 10:46:39,773 - INFO - R-squared (R²): 0.9726
2025-05-20 10:46:39,900 - INFO - Computing permutation importance (this may take a while)...
2025-05-20 10:46:42,912 - INFO - 
Feature Importance (top 10):
2025-05-20 10:46:42,912 - INFO - RR_Rolling_Mean_3d: 3.1787
2025-05-20 10:46:42,913 - INFO - RR_Lag_2: 0.6252
2025-05-20 10:46:42,913 - INFO - RR_Lag_1: 0.5478
2025-05-20 10:46:42,913 - INFO - RR_Rolling_Std_3d: 0.0833
2025-05-20 10:46:42,913 - INFO - Tx: 0.0134
2025-05-20 10:46:42,913 - INFO - Rain_Streak: 0.0037
2025-05-20 10:46:42,913 - INFO - Dry_Streak: 0.0034
2025-05-20 10:46:42,913 - INFO - Tn: 0.0022
2025-05-20 10:46:42,913 - INFO - RR_Rolling_Std_7d: 0.0021
2025-05-20 10:46:42,913 - INFO - Tavg_Lag_2: 0.0020
2025-05-20 10:46:43,080 - INFO - 
Preparing multi-day forecasting dataset...
2025-05-20 10:46:43,084 - INFO - 
Initial data shape: (3604, 61)
2025-05-20 10:46:43,088 - INFO - 
Preparing dataset for 1-day ahead prediction
2025-05-20 10:46:43,091 - INFO - NaN counts before dropping:
Tanggal                  0
Tn                       0
Tx                       0
Tavg                     0
RH_avg                   0
ss                       0
ff_x                     0
ff_avg                   0
ddd_x                    0
Month                    0
Day                      0
DayOfWeek                0
Season                   0
Temp_Range               0
Month_sin                0
Month_cos                0
Day_sin                  0
Day_cos                  0
DayOfYear_sin            0
DayOfYear_cos            0
Temp_Humidity            0
Temp_Range_RH            0
Dew_Point                0
Heat_Index               0
Rain_Streak              0
Dry_Streak               0
RR_Rolling_Mean_3d       0
RR_Rolling_Std_3d        0
Tavg_Rolling_Mean_3d     0
RH_Rolling_Mean_3d       0
RR_Rolling_Mean_7d       0
RR_Rolling_Std_7d        0
Tavg_Rolling_Mean_7d     0
RH_Rolling_Mean_7d       0
RR_Rolling_Mean_14d      0
RR_Rolling_Std_14d       0
Tavg_Rolling_Mean_14d    0
RH_Rolling_Mean_14d      0
RR_Lag_1                 0
Tavg_Lag_1               0
Rain_Binary_Lag_1        0
RR_Lag_2                 0
Tavg_Lag_2               0
Rain_Binary_Lag_2        0
RR_Lag_3                 0
Tavg_Lag_3               0
Rain_Binary_Lag_3        0
RR_Lag_5                 0
Tavg_Lag_5               0
Rain_Binary_Lag_5        0
RR_Lag_7                 0
Tavg_Lag_7               0
Rain_Binary_Lag_7        0
RR_Lag_14                0
Tavg_Lag_14              0
Rain_Binary_Lag_14       0
Future_RR_1d             1
dtype: int64
2025-05-20 10:46:43,094 - INFO - Day 1 dataset shape after processing: (3603, 58)
2025-05-20 10:46:43,096 - INFO - Date range: 2010-01-19 00:00:00 to 2024-06-29 00:00:00
2025-05-20 10:46:43,097 - INFO - 
Preparing dataset for 2-day ahead prediction
2025-05-20 10:46:43,099 - INFO - NaN counts before dropping:
Tanggal                  0
Tn                       0
Tx                       0
Tavg                     0
RH_avg                   0
ss                       0
ff_x                     0
ff_avg                   0
ddd_x                    0
Month                    0
Day                      0
DayOfWeek                0
Season                   0
Temp_Range               0
Month_sin                0
Month_cos                0
Day_sin                  0
Day_cos                  0
DayOfYear_sin            0
DayOfYear_cos            0
Temp_Humidity            0
Temp_Range_RH            0
Dew_Point                0
Heat_Index               0
Rain_Streak              0
Dry_Streak               0
RR_Rolling_Mean_3d       0
RR_Rolling_Std_3d        0
Tavg_Rolling_Mean_3d     0
RH_Rolling_Mean_3d       0
RR_Rolling_Mean_7d       0
RR_Rolling_Std_7d        0
Tavg_Rolling_Mean_7d     0
RH_Rolling_Mean_7d       0
RR_Rolling_Mean_14d      0
RR_Rolling_Std_14d       0
Tavg_Rolling_Mean_14d    0
RH_Rolling_Mean_14d      0
RR_Lag_1                 0
Tavg_Lag_1               0
Rain_Binary_Lag_1        0
RR_Lag_2                 0
Tavg_Lag_2               0
Rain_Binary_Lag_2        0
RR_Lag_3                 0
Tavg_Lag_3               0
Rain_Binary_Lag_3        0
RR_Lag_5                 0
Tavg_Lag_5               0
Rain_Binary_Lag_5        0
RR_Lag_7                 0
Tavg_Lag_7               0
Rain_Binary_Lag_7        0
RR_Lag_14                0
Tavg_Lag_14              0
Rain_Binary_Lag_14       0
Future_RR_2d             2
dtype: int64
2025-05-20 10:46:43,101 - INFO - Day 2 dataset shape after processing: (3602, 58)
2025-05-20 10:46:43,102 - INFO - Date range: 2010-01-19 00:00:00 to 2024-06-28 00:00:00
2025-05-20 10:46:43,102 - INFO - 
Preparing dataset for 3-day ahead prediction
2025-05-20 10:46:43,103 - INFO - NaN counts before dropping:
Tanggal                  0
Tn                       0
Tx                       0
Tavg                     0
RH_avg                   0
ss                       0
ff_x                     0
ff_avg                   0
ddd_x                    0
Month                    0
Day                      0
DayOfWeek                0
Season                   0
Temp_Range               0
Month_sin                0
Month_cos                0
Day_sin                  0
Day_cos                  0
DayOfYear_sin            0
DayOfYear_cos            0
Temp_Humidity            0
Temp_Range_RH            0
Dew_Point                0
Heat_Index               0
Rain_Streak              0
Dry_Streak               0
RR_Rolling_Mean_3d       0
RR_Rolling_Std_3d        0
Tavg_Rolling_Mean_3d     0
RH_Rolling_Mean_3d       0
RR_Rolling_Mean_7d       0
RR_Rolling_Std_7d        0
Tavg_Rolling_Mean_7d     0
RH_Rolling_Mean_7d       0
RR_Rolling_Mean_14d      0
RR_Rolling_Std_14d       0
Tavg_Rolling_Mean_14d    0
RH_Rolling_Mean_14d      0
RR_Lag_1                 0
Tavg_Lag_1               0
Rain_Binary_Lag_1        0
RR_Lag_2                 0
Tavg_Lag_2               0
Rain_Binary_Lag_2        0
RR_Lag_3                 0
Tavg_Lag_3               0
Rain_Binary_Lag_3        0
RR_Lag_5                 0
Tavg_Lag_5               0
Rain_Binary_Lag_5        0
RR_Lag_7                 0
Tavg_Lag_7               0
Rain_Binary_Lag_7        0
RR_Lag_14                0
Tavg_Lag_14              0
Rain_Binary_Lag_14       0
Future_RR_3d             3
dtype: int64
2025-05-20 10:46:43,106 - INFO - Day 3 dataset shape after processing: (3601, 58)
2025-05-20 10:46:43,107 - INFO - Date range: 2010-01-19 00:00:00 to 2024-06-27 00:00:00
2025-05-20 10:46:43,107 - INFO - 
Preparing dataset for 4-day ahead prediction
2025-05-20 10:46:43,109 - INFO - NaN counts before dropping:
Tanggal                  0
Tn                       0
Tx                       0
Tavg                     0
RH_avg                   0
ss                       0
ff_x                     0
ff_avg                   0
ddd_x                    0
Month                    0
Day                      0
DayOfWeek                0
Season                   0
Temp_Range               0
Month_sin                0
Month_cos                0
Day_sin                  0
Day_cos                  0
DayOfYear_sin            0
DayOfYear_cos            0
Temp_Humidity            0
Temp_Range_RH            0
Dew_Point                0
Heat_Index               0
Rain_Streak              0
Dry_Streak               0
RR_Rolling_Mean_3d       0
RR_Rolling_Std_3d        0
Tavg_Rolling_Mean_3d     0
RH_Rolling_Mean_3d       0
RR_Rolling_Mean_7d       0
RR_Rolling_Std_7d        0
Tavg_Rolling_Mean_7d     0
RH_Rolling_Mean_7d       0
RR_Rolling_Mean_14d      0
RR_Rolling_Std_14d       0
Tavg_Rolling_Mean_14d    0
RH_Rolling_Mean_14d      0
RR_Lag_1                 0
Tavg_Lag_1               0
Rain_Binary_Lag_1        0
RR_Lag_2                 0
Tavg_Lag_2               0
Rain_Binary_Lag_2        0
RR_Lag_3                 0
Tavg_Lag_3               0
Rain_Binary_Lag_3        0
RR_Lag_5                 0
Tavg_Lag_5               0
Rain_Binary_Lag_5        0
RR_Lag_7                 0
Tavg_Lag_7               0
Rain_Binary_Lag_7        0
RR_Lag_14                0
Tavg_Lag_14              0
Rain_Binary_Lag_14       0
Future_RR_4d             4
dtype: int64
2025-05-20 10:46:43,112 - INFO - Day 4 dataset shape after processing: (3600, 58)
2025-05-20 10:46:43,113 - INFO - Date range: 2010-01-19 00:00:00 to 2024-06-26 00:00:00
2025-05-20 10:46:43,114 - INFO - 
Preparing dataset for 5-day ahead prediction
2025-05-20 10:46:43,116 - INFO - NaN counts before dropping:
Tanggal                  0
Tn                       0
Tx                       0
Tavg                     0
RH_avg                   0
ss                       0
ff_x                     0
ff_avg                   0
ddd_x                    0
Month                    0
Day                      0
DayOfWeek                0
Season                   0
Temp_Range               0
Month_sin                0
Month_cos                0
Day_sin                  0
Day_cos                  0
DayOfYear_sin            0
DayOfYear_cos            0
Temp_Humidity            0
Temp_Range_RH            0
Dew_Point                0
Heat_Index               0
Rain_Streak              0
Dry_Streak               0
RR_Rolling_Mean_3d       0
RR_Rolling_Std_3d        0
Tavg_Rolling_Mean_3d     0
RH_Rolling_Mean_3d       0
RR_Rolling_Mean_7d       0
RR_Rolling_Std_7d        0
Tavg_Rolling_Mean_7d     0
RH_Rolling_Mean_7d       0
RR_Rolling_Mean_14d      0
RR_Rolling_Std_14d       0
Tavg_Rolling_Mean_14d    0
RH_Rolling_Mean_14d      0
RR_Lag_1                 0
Tavg_Lag_1               0
Rain_Binary_Lag_1        0
RR_Lag_2                 0
Tavg_Lag_2               0
Rain_Binary_Lag_2        0
RR_Lag_3                 0
Tavg_Lag_3               0
Rain_Binary_Lag_3        0
RR_Lag_5                 0
Tavg_Lag_5               0
Rain_Binary_Lag_5        0
RR_Lag_7                 0
Tavg_Lag_7               0
Rain_Binary_Lag_7        0
RR_Lag_14                0
Tavg_Lag_14              0
Rain_Binary_Lag_14       0
Future_RR_5d             5
dtype: int64
2025-05-20 10:46:43,119 - INFO - Day 5 dataset shape after processing: (3599, 58)
2025-05-20 10:46:43,119 - INFO - Date range: 2010-01-19 00:00:00 to 2024-06-24 00:00:00
2025-05-20 10:46:43,120 - INFO - 
Training multi-day forecasting models...
2025-05-20 10:46:43,120 - INFO - 
--- Training models for 0-day ahead prediction ---
2025-05-20 10:46:43,120 - INFO - Using 55 features for day 0 prediction
2025-05-20 10:46:43,122 - INFO - 
Training data: 2883 samples from 2010-01-19 00:00:00 to 2022-03-09 00:00:00
2025-05-20 10:46:43,122 - INFO - Testing data: 721 samples from 2022-03-10 00:00:00 to 2024-06-30 00:00:00
2025-05-20 10:46:43,128 - INFO - Training models with 3-fold CV...
2025-05-20 10:46:43,128 - INFO - Training gbm model...
2025-05-20 10:46:43,129 - INFO -   Processing fold 1/3...
2025-05-20 10:46:43,720 - INFO -     Fold R²: 0.7516 (took 0.6s)
2025-05-20 10:46:43,721 - INFO -   Processing fold 2/3...
2025-05-20 10:46:44,270 - INFO -     Fold R²: 0.8629 (took 0.5s)
2025-05-20 10:46:44,270 - INFO -   Processing fold 3/3...
2025-05-20 10:46:44,830 - INFO -     Fold R²: 0.8041 (took 0.6s)
2025-05-20 10:46:44,830 - INFO - gbm CV R² scores: 0.8062 ± 0.0455
2025-05-20 10:46:44,831 - INFO - Training rf model...
2025-05-20 10:46:44,831 - INFO -   Processing fold 1/3...
2025-05-20 10:46:45,209 - INFO -     Fold R²: 0.6004 (took 0.4s)
2025-05-20 10:46:45,209 - INFO -   Processing fold 2/3...
2025-05-20 10:46:45,606 - INFO -     Fold R²: 0.7327 (took 0.4s)
2025-05-20 10:46:45,607 - INFO -   Processing fold 3/3...
2025-05-20 10:46:45,995 - INFO -     Fold R²: 0.6731 (took 0.4s)
2025-05-20 10:46:45,996 - INFO - rf CV R² scores: 0.6687 ± 0.0541
2025-05-20 10:46:45,996 - INFO - Training ridge model...
2025-05-20 10:46:45,996 - INFO -   Processing fold 1/3...
2025-05-20 10:46:45,999 - INFO -     Fold R²: 0.9999 (took 0.0s)
2025-05-20 10:46:45,999 - INFO -   Processing fold 2/3...
2025-05-20 10:46:46,002 - INFO -     Fold R²: 1.0000 (took 0.0s)
2025-05-20 10:46:46,002 - INFO -   Processing fold 3/3...
2025-05-20 10:46:46,007 - INFO -     Fold R²: 1.0000 (took 0.0s)
2025-05-20 10:46:46,007 - INFO - ridge CV R² scores: 0.9999 ± 0.0000
2025-05-20 10:46:46,009 - INFO - Ensemble metrics - R²: 0.9767, RMSE: 2.1828
2025-05-20 10:46:46,835 - INFO - 
--- Training models for 1-day ahead prediction ---
2025-05-20 10:46:46,835 - INFO - Using 55 features for day 1 prediction
2025-05-20 10:46:46,839 - INFO - 
Training data: 2882 samples from 2010-01-19 00:00:00 to 2022-03-08 00:00:00
2025-05-20 10:46:46,839 - INFO - Testing data: 721 samples from 2022-03-09 00:00:00 to 2024-06-29 00:00:00
2025-05-20 10:46:46,843 - INFO - Training models with 2-fold CV...
2025-05-20 10:46:46,843 - INFO - Training gbm model...
2025-05-20 10:46:46,844 - INFO -   Processing fold 1/2...
2025-05-20 10:46:47,261 - INFO -     Fold R²: 0.1436 (took 0.4s)
2025-05-20 10:46:47,261 - INFO -   Processing fold 2/2...
2025-05-20 10:46:47,697 - INFO -     Fold R²: 0.2885 (took 0.4s)
2025-05-20 10:46:47,697 - INFO - gbm CV R² scores: 0.2160 ± 0.0725
2025-05-20 10:46:47,697 - INFO - Training rf model...
2025-05-20 10:46:47,697 - INFO -   Processing fold 1/2...
2025-05-20 10:46:48,071 - INFO -     Fold R²: 0.2877 (took 0.4s)
2025-05-20 10:46:48,072 - INFO -   Processing fold 2/2...
2025-05-20 10:46:48,481 - INFO -     Fold R²: 0.3264 (took 0.4s)
2025-05-20 10:46:48,481 - INFO - rf CV R² scores: 0.3071 ± 0.0194
2025-05-20 10:46:48,482 - INFO - Training ridge model...
2025-05-20 10:46:48,482 - INFO -   Processing fold 1/2...
2025-05-20 10:46:48,485 - WARNING - Found 1 predictions > 100mm in ridge, fold 1
2025-05-20 10:46:48,486 - INFO -     Fold R²: 0.1699 (took 0.0s)
2025-05-20 10:46:48,486 - INFO -   Processing fold 2/2...
2025-05-20 10:46:48,489 - INFO -     Fold R²: 0.2944 (took 0.0s)
2025-05-20 10:46:48,491 - INFO - ridge CV R² scores: 0.2322 ± 0.0623
2025-05-20 10:46:48,492 - INFO - Ensemble metrics - R²: 0.4087, RMSE: 11.0002
2025-05-20 10:46:49,401 - INFO - 
--- Training models for 2-day ahead prediction ---
2025-05-20 10:46:49,402 - INFO - Using 55 features for day 2 prediction
2025-05-20 10:46:49,405 - INFO - 
Training data: 2881 samples from 2010-01-19 00:00:00 to 2022-03-07 00:00:00
2025-05-20 10:46:49,405 - INFO - Testing data: 721 samples from 2022-03-08 00:00:00 to 2024-06-28 00:00:00
2025-05-20 10:46:49,409 - INFO - Training models with 2-fold CV...
2025-05-20 10:46:49,410 - INFO - Training gbm model...
2025-05-20 10:46:49,410 - INFO -   Processing fold 1/2...
2025-05-20 10:46:49,819 - INFO -     Fold R²: 0.0480 (took 0.4s)
2025-05-20 10:46:49,819 - INFO -   Processing fold 2/2...
2025-05-20 10:46:50,245 - INFO -     Fold R²: 0.1557 (took 0.4s)
2025-05-20 10:46:50,245 - INFO - gbm CV R² scores: 0.1018 ± 0.0539
2025-05-20 10:46:50,245 - INFO - Training rf model...
2025-05-20 10:46:50,246 - INFO -   Processing fold 1/2...
2025-05-20 10:46:50,620 - INFO -     Fold R²: 0.1715 (took 0.4s)
2025-05-20 10:46:50,622 - INFO -   Processing fold 2/2...
2025-05-20 10:46:50,995 - INFO -     Fold R²: 0.1943 (took 0.4s)
2025-05-20 10:46:50,996 - INFO - rf CV R² scores: 0.1829 ± 0.0114
2025-05-20 10:46:50,996 - INFO - Training ridge model...
2025-05-20 10:46:50,996 - INFO -   Processing fold 1/2...
2025-05-20 10:46:50,999 - INFO -     Fold R²: -0.8985 (took 0.0s)
2025-05-20 10:46:50,999 - INFO -   Processing fold 2/2...
2025-05-20 10:46:51,003 - WARNING - Found 1 predictions > 100mm in ridge, fold 2
2025-05-20 10:46:51,003 - INFO -     Fold R²: 0.1583 (took 0.0s)
2025-05-20 10:46:51,003 - INFO - ridge CV R² scores: -0.3701 ± 0.5284
2025-05-20 10:46:51,004 - INFO - Ensemble metrics - R²: 0.2043, RMSE: 12.7605
2025-05-20 10:46:51,810 - INFO - 
--- Training models for 3-day ahead prediction ---
2025-05-20 10:46:51,811 - INFO - Using 55 features for day 3 prediction
2025-05-20 10:46:51,813 - INFO - 
Training data: 2880 samples from 2010-01-19 00:00:00 to 2022-03-06 00:00:00
2025-05-20 10:46:51,815 - INFO - Testing data: 721 samples from 2022-03-07 00:00:00 to 2024-06-27 00:00:00
2025-05-20 10:46:51,819 - INFO - Training models with 2-fold CV...
2025-05-20 10:46:51,819 - INFO - Training gbm model...
2025-05-20 10:46:51,819 - INFO -   Processing fold 1/2...
2025-05-20 10:46:52,233 - INFO -     Fold R²: 0.0538 (took 0.4s)
2025-05-20 10:46:52,235 - INFO -   Processing fold 2/2...
2025-05-20 10:46:52,666 - INFO -     Fold R²: 0.1627 (took 0.4s)
2025-05-20 10:46:52,666 - INFO - gbm CV R² scores: 0.1082 ± 0.0545
2025-05-20 10:46:52,666 - INFO - Training rf model...
2025-05-20 10:46:52,667 - INFO -   Processing fold 1/2...
2025-05-20 10:46:53,043 - INFO -     Fold R²: 0.1638 (took 0.4s)
2025-05-20 10:46:53,044 - INFO -   Processing fold 2/2...
2025-05-20 10:46:53,439 - INFO -     Fold R²: 0.1864 (took 0.4s)
2025-05-20 10:46:53,440 - INFO - rf CV R² scores: 0.1751 ± 0.0113
2025-05-20 10:46:53,440 - INFO - Training ridge model...
2025-05-20 10:46:53,440 - INFO -   Processing fold 1/2...
2025-05-20 10:46:53,443 - INFO -     Fold R²: -0.4935 (took 0.0s)
2025-05-20 10:46:53,443 - INFO -   Processing fold 2/2...
2025-05-20 10:46:53,446 - INFO -     Fold R²: 0.1485 (took 0.0s)
2025-05-20 10:46:53,446 - INFO - ridge CV R² scores: -0.1725 ± 0.3210
2025-05-20 10:46:53,447 - INFO - Ensemble metrics - R²: 0.1797, RMSE: 12.9569
2025-05-20 10:46:54,295 - INFO - 
--- Training models for 4-day ahead prediction ---
2025-05-20 10:46:54,295 - INFO - Using 55 features for day 4 prediction
2025-05-20 10:46:54,299 - INFO - 
Training data: 2880 samples from 2010-01-19 00:00:00 to 2022-03-06 00:00:00
2025-05-20 10:46:54,299 - INFO - Testing data: 720 samples from 2022-03-07 00:00:00 to 2024-06-26 00:00:00
2025-05-20 10:46:54,304 - INFO - Training models with 2-fold CV...
2025-05-20 10:46:54,305 - INFO - Training gbm model...
2025-05-20 10:46:54,305 - INFO -   Processing fold 1/2...
2025-05-20 10:46:54,721 - INFO -     Fold R²: 0.1059 (took 0.4s)
2025-05-20 10:46:54,721 - INFO -   Processing fold 2/2...
2025-05-20 10:46:55,151 - INFO -     Fold R²: 0.1575 (took 0.4s)
2025-05-20 10:46:55,152 - INFO - gbm CV R² scores: 0.1317 ± 0.0258
2025-05-20 10:46:55,152 - INFO - Training rf model...
2025-05-20 10:46:55,153 - INFO -   Processing fold 1/2...
2025-05-20 10:46:55,528 - INFO -     Fold R²: 0.1636 (took 0.4s)
2025-05-20 10:46:55,529 - INFO -   Processing fold 2/2...
2025-05-20 10:46:55,912 - INFO -     Fold R²: 0.1925 (took 0.4s)
2025-05-20 10:46:55,913 - INFO - rf CV R² scores: 0.1781 ± 0.0145
2025-05-20 10:46:55,913 - INFO - Training ridge model...
2025-05-20 10:46:55,913 - INFO -   Processing fold 1/2...
2025-05-20 10:46:55,915 - INFO -     Fold R²: 0.0826 (took 0.0s)
2025-05-20 10:46:55,916 - INFO -   Processing fold 2/2...
2025-05-20 10:46:55,918 - INFO -     Fold R²: 0.1636 (took 0.0s)
2025-05-20 10:46:55,918 - INFO - ridge CV R² scores: 0.1231 ± 0.0405
2025-05-20 10:46:55,919 - INFO - Ensemble metrics - R²: 0.1973, RMSE: 12.8237
2025-05-20 10:46:56,731 - INFO - 
--- Training models for 5-day ahead prediction ---
2025-05-20 10:46:56,732 - INFO - Using 55 features for day 5 prediction
2025-05-20 10:46:56,735 - INFO - 
Training data: 2879 samples from 2010-01-19 00:00:00 to 2022-03-05 00:00:00
2025-05-20 10:46:56,735 - INFO - Testing data: 720 samples from 2022-03-06 00:00:00 to 2024-06-24 00:00:00
2025-05-20 10:46:56,740 - INFO - Training models with 2-fold CV...
2025-05-20 10:46:56,740 - INFO - Training gbm model...
2025-05-20 10:46:56,741 - INFO -   Processing fold 1/2...
2025-05-20 10:46:57,156 - INFO -     Fold R²: 0.0470 (took 0.4s)
2025-05-20 10:46:57,157 - INFO -   Processing fold 2/2...
2025-05-20 10:46:57,586 - INFO -     Fold R²: 0.1738 (took 0.4s)
2025-05-20 10:46:57,587 - INFO - gbm CV R² scores: 0.1104 ± 0.0634
2025-05-20 10:46:57,587 - INFO - Training rf model...
2025-05-20 10:46:57,587 - INFO -   Processing fold 1/2...
2025-05-20 10:46:57,962 - INFO -     Fold R²: 0.1428 (took 0.4s)
2025-05-20 10:46:57,963 - INFO -   Processing fold 2/2...
2025-05-20 10:46:58,344 - INFO -     Fold R²: 0.2005 (took 0.4s)
2025-05-20 10:46:58,345 - INFO - rf CV R² scores: 0.1716 ± 0.0288
2025-05-20 10:46:58,345 - INFO - Training ridge model...
2025-05-20 10:46:58,345 - INFO -   Processing fold 1/2...
2025-05-20 10:46:58,348 - WARNING - Found 1 predictions > 100mm in ridge, fold 1
2025-05-20 10:46:58,348 - INFO -     Fold R²: 0.1046 (took 0.0s)
2025-05-20 10:46:58,348 - INFO -   Processing fold 2/2...
2025-05-20 10:46:58,351 - WARNING - Found 1 predictions > 100mm in ridge, fold 2
2025-05-20 10:46:58,351 - INFO -     Fold R²: 0.1523 (took 0.0s)
2025-05-20 10:46:58,351 - INFO - ridge CV R² scores: 0.1284 ± 0.0238
2025-05-20 10:46:58,352 - INFO - Ensemble metrics - R²: 0.1853, RMSE: 12.9188
2025-05-20 10:47:00,638 - INFO - Saved ensemble model for 0-day ahead prediction in gbm\models\day_0
2025-05-20 10:47:00,641 - INFO - Saved ensemble model for 1-day ahead prediction in gbm\models\day_1
2025-05-20 10:47:00,643 - INFO - Saved ensemble model for 2-day ahead prediction in gbm\models\day_2
2025-05-20 10:47:00,647 - INFO - Saved ensemble model for 3-day ahead prediction in gbm\models\day_3
2025-05-20 10:47:00,650 - INFO - Saved ensemble model for 4-day ahead prediction in gbm\models\day_4
2025-05-20 10:47:00,653 - INFO - Saved ensemble model for 5-day ahead prediction in gbm\models\day_5
2025-05-20 10:47:00,657 - INFO - 
Model saved to gbm\models\gbm_model.pkl
2025-05-20 10:47:00,657 - INFO - Scaler saved to gbm\models\scaler.pkl
2025-05-20 10:47:00,657 - INFO - Feature list saved to gbm\models\feature_columns.pkl
2025-05-20 10:47:00,657 - INFO - Process completed successfully.
2025-05-20 10:47:15,181 - INFO - Loading dataset...
2025-05-20 10:47:15,189 - INFO - Preprocessing data...
2025-05-20 10:47:15,189 - INFO - Initial dataset size: 5295
2025-05-20 10:47:15,385 - INFO - 
Outliers removed: 52 rows
2025-05-20 10:47:15,385 - INFO - Dates with extreme rainfall (>100mm):
2025-05-20 10:47:15,386 - INFO - Date: 2010-01-15 00:00:00, Rainfall: 110.0mm
2025-05-20 10:47:15,387 - INFO - Date: 2010-02-20 00:00:00, Rainfall: 180.0mm
2025-05-20 10:47:15,387 - INFO - Date: 2011-02-05 00:00:00, Rainfall: 113.0mm
2025-05-20 10:47:15,387 - INFO - Date: 2011-02-06 00:00:00, Rainfall: 122.0mm
2025-05-20 10:47:15,388 - INFO - Date: 2012-03-15 00:00:00, Rainfall: 141.0mm
2025-05-20 10:47:15,388 - INFO - Date: 2012-05-13 00:00:00, Rainfall: 125.0mm
2025-05-20 10:47:15,388 - INFO - Date: 2013-01-02 00:00:00, Rainfall: 120.8mm
2025-05-20 10:47:15,388 - INFO - Date: 2013-01-04 00:00:00, Rainfall: 103.5mm
2025-05-20 10:47:15,389 - INFO - Date: 2014-01-13 00:00:00, Rainfall: 105.2mm
2025-05-20 10:47:15,389 - INFO - Date: 2014-04-08 00:00:00, Rainfall: 137.9mm
2025-05-20 10:47:15,389 - INFO - Date: 2014-12-06 00:00:00, Rainfall: 137.4mm
2025-05-20 10:47:15,389 - INFO - Date: 2014-12-07 00:00:00, Rainfall: 105.4mm
2025-05-20 10:47:15,389 - INFO - Date: 2015-01-22 00:00:00, Rainfall: 160.3mm
2025-05-20 10:47:15,390 - INFO - Date: 2015-03-03 00:00:00, Rainfall: 127.6mm
2025-05-20 10:47:15,390 - INFO - Date: 2015-12-18 00:00:00, Rainfall: 130.7mm
2025-05-20 10:47:15,390 - INFO - Date: 2015-12-19 00:00:00, Rainfall: 112.4mm
2025-05-20 10:47:15,391 - INFO - Date: 2016-01-22 00:00:00, Rainfall: 160.3mm
2025-05-20 10:47:15,391 - INFO - Date: 2016-02-28 00:00:00, Rainfall: 103.4mm
2025-05-20 10:47:15,391 - INFO - Date: 2016-10-10 00:00:00, Rainfall: 127.4mm
2025-05-20 10:47:15,392 - INFO - Date: 2016-10-25 00:00:00, Rainfall: 188.7mm
2025-05-20 10:47:15,392 - INFO - Date: 2016-12-13 00:00:00, Rainfall: 101.0mm
2025-05-20 10:47:15,392 - INFO - Date: 2016-12-30 00:00:00, Rainfall: 115.3mm
2025-05-20 10:47:15,392 - INFO - Date: 2017-01-26 00:00:00, Rainfall: 107.9mm
2025-05-20 10:47:15,393 - INFO - Date: 2017-02-17 00:00:00, Rainfall: 120.3mm
2025-05-20 10:47:15,393 - INFO - Date: 2017-12-13 00:00:00, Rainfall: 106.0mm
2025-05-20 10:47:15,393 - INFO - Date: 2017-12-20 00:00:00, Rainfall: 101.4mm
2025-05-20 10:47:15,394 - INFO - Date: 2017-12-21 00:00:00, Rainfall: 109.3mm
2025-05-20 10:47:15,394 - INFO - Date: 2017-12-22 00:00:00, Rainfall: 156.0mm
2025-05-20 10:47:15,394 - INFO - Date: 2018-01-12 00:00:00, Rainfall: 124.6mm
2025-05-20 10:47:15,394 - INFO - Date: 2018-01-13 00:00:00, Rainfall: 104.5mm
2025-05-20 10:47:15,394 - INFO - Date: 2018-02-16 00:00:00, Rainfall: 112.8mm
2025-05-20 10:47:15,396 - INFO - Date: 2018-03-14 00:00:00, Rainfall: 152.1mm
2025-05-20 10:47:15,396 - INFO - Date: 2018-12-23 00:00:00, Rainfall: 108.7mm
2025-05-20 10:47:15,396 - INFO - Date: 2018-12-28 00:00:00, Rainfall: 140.3mm
2025-05-20 10:47:15,397 - INFO - Date: 2019-04-29 00:00:00, Rainfall: 107.0mm
2025-05-20 10:47:15,397 - INFO - Date: 2020-05-22 00:00:00, Rainfall: 122.9mm
2025-05-20 10:47:15,397 - INFO - Date: 2021-01-16 00:00:00, Rainfall: 109.4mm
2025-05-20 10:47:15,397 - INFO - Date: 2021-01-19 00:00:00, Rainfall: 111.0mm
2025-05-20 10:47:15,398 - INFO - Date: 2021-01-25 00:00:00, Rainfall: 100.9mm
2025-05-20 10:47:15,398 - INFO - Date: 2021-03-10 00:00:00, Rainfall: 153.7mm
2025-05-20 10:47:15,398 - INFO - Date: 2021-04-02 00:00:00, Rainfall: 135.8mm
2025-05-20 10:47:15,398 - INFO - Date: 2021-12-06 00:00:00, Rainfall: 145.9mm
2025-05-20 10:47:15,398 - INFO - Date: 2021-12-07 00:00:00, Rainfall: 218.8mm
2025-05-20 10:47:15,399 - INFO - Date: 2022-01-01 00:00:00, Rainfall: 110.4mm
2025-05-20 10:47:15,399 - INFO - Date: 2022-01-20 00:00:00, Rainfall: 123.1mm
2025-05-20 10:47:15,399 - INFO - Date: 2022-02-21 00:00:00, Rainfall: 155.3mm
2025-05-20 10:47:15,399 - INFO - Date: 2022-05-27 00:00:00, Rainfall: 147.6mm
2025-05-20 10:47:15,400 - INFO - Date: 2022-10-07 00:00:00, Rainfall: 101.6mm
2025-05-20 10:47:15,400 - INFO - Date: 2022-12-28 00:00:00, Rainfall: 102.0mm
2025-05-20 10:47:15,400 - INFO - Date: 2023-02-02 00:00:00, Rainfall: 200.0mm
2025-05-20 10:47:15,400 - INFO - Date: 2023-02-13 00:00:00, Rainfall: 200.0mm
2025-05-20 10:47:15,400 - INFO - Date: 2023-02-14 00:00:00, Rainfall: 183.0mm
2025-05-20 10:47:16,515 - INFO - 
Rows dropped due to NaN values: 53
2025-05-20 10:47:16,516 - INFO - 
Final dataset size: 3604
2025-05-20 10:47:16,516 - INFO - Total rows removed: 1691
2025-05-20 10:47:16,516 - INFO - 
Rainfall Statistics After Processing:
2025-05-20 10:47:16,516 - INFO - Mean: 9.88mm
2025-05-20 10:47:16,517 - INFO - Median: 1.00mm
2025-05-20 10:47:16,517 - INFO - Std Dev: 17.50mm
2025-05-20 10:47:16,517 - INFO - Max: 100.00mm
2025-05-20 10:47:16,519 - INFO - 
No NaN values remain in the dataset.
2025-05-20 10:47:16,519 - INFO - 
Final feature list (55 features):
2025-05-20 10:47:16,519 - INFO - Tn, Tx, Tavg, RH_avg, ss, ff_x, ff_avg, ddd_x, Month, Day, DayOfWeek, Season, Temp_Range, Month_sin, Month_cos, Day_sin, Day_cos, DayOfYear_sin, DayOfYear_cos, Temp_Humidity, Temp_Range_RH, Dew_Point, Heat_Index, Rain_Streak, Dry_Streak, RR_Rolling_Mean_3d, RR_Rolling_Std_3d, Tavg_Rolling_Mean_3d, RH_Rolling_Mean_3d, RR_Rolling_Mean_7d, RR_Rolling_Std_7d, Tavg_Rolling_Mean_7d, RH_Rolling_Mean_7d, RR_Rolling_Mean_14d, RR_Rolling_Std_14d, Tavg_Rolling_Mean_14d, RH_Rolling_Mean_14d, RR_Lag_1, Tavg_Lag_1, Rain_Binary_Lag_1, RR_Lag_2, Tavg_Lag_2, Rain_Binary_Lag_2, RR_Lag_3, Tavg_Lag_3, Rain_Binary_Lag_3, RR_Lag_5, Tavg_Lag_5, Rain_Binary_Lag_5, RR_Lag_7, Tavg_Lag_7, Rain_Binary_Lag_7, RR_Lag_14, Tavg_Lag_14, Rain_Binary_Lag_14
2025-05-20 10:47:16,523 - INFO - 
Plotting correlations for top 15 features: RR_Rolling_Mean_3d, RR_Rolling_Std_3d, RR_Rolling_Mean_7d, RR_Rolling_Std_7d, Tx, RR_Rolling_Mean_14d, RH_avg, Tavg, RH_Rolling_Mean_3d, RR_Rolling_Std_14d, Tavg_Rolling_Mean_3d, Tavg_Lag_1, RH_Rolling_Mean_7d, Heat_Index, DayOfYear_cos
2025-05-20 10:47:18,382 - INFO - Training and evaluating model...
2025-05-20 10:47:18,384 - INFO - 
Feature matrix shape: (3604, 55)
2025-05-20 10:47:18,392 - INFO - 
Training Gradient Boosting model...
2025-05-20 10:47:23,325 - INFO - Making predictions...
2025-05-20 10:47:23,328 - INFO - 
Model evaluation metrics:
2025-05-20 10:47:23,328 - INFO - Mean Squared Error (MSE): 5.6175
2025-05-20 10:47:23,328 - INFO - Root Mean Squared Error (RMSE): 2.3701
2025-05-20 10:47:23,329 - INFO - Mean Absolute Error (MAE): 1.0219
2025-05-20 10:47:23,329 - INFO - R-squared (R²): 0.9726
2025-05-20 10:47:23,455 - INFO - Computing permutation importance (this may take a while)...
2025-05-20 10:47:26,529 - INFO - 
Feature Importance (top 10):
2025-05-20 10:47:26,529 - INFO - RR_Rolling_Mean_3d: 3.1787
2025-05-20 10:47:26,529 - INFO - RR_Lag_2: 0.6252
2025-05-20 10:47:26,530 - INFO - RR_Lag_1: 0.5478
2025-05-20 10:47:26,530 - INFO - RR_Rolling_Std_3d: 0.0833
2025-05-20 10:47:26,530 - INFO - Tx: 0.0134
2025-05-20 10:47:26,530 - INFO - Rain_Streak: 0.0037
2025-05-20 10:47:26,531 - INFO - Dry_Streak: 0.0034
2025-05-20 10:47:26,531 - INFO - Tn: 0.0022
2025-05-20 10:47:26,531 - INFO - RR_Rolling_Std_7d: 0.0021
2025-05-20 10:47:26,532 - INFO - Tavg_Lag_2: 0.0020
2025-05-20 10:47:26,695 - INFO - 
Preparing multi-day forecasting dataset...
2025-05-20 10:47:26,697 - INFO - 
Initial data shape: (3604, 61)
2025-05-20 10:47:26,702 - INFO - 
Preparing dataset for 1-day ahead prediction
2025-05-20 10:47:26,707 - INFO - NaN counts before dropping:
Tanggal                  0
Tn                       0
Tx                       0
Tavg                     0
RH_avg                   0
ss                       0
ff_x                     0
ff_avg                   0
ddd_x                    0
Month                    0
Day                      0
DayOfWeek                0
Season                   0
Temp_Range               0
Month_sin                0
Month_cos                0
Day_sin                  0
Day_cos                  0
DayOfYear_sin            0
DayOfYear_cos            0
Temp_Humidity            0
Temp_Range_RH            0
Dew_Point                0
Heat_Index               0
Rain_Streak              0
Dry_Streak               0
RR_Rolling_Mean_3d       0
RR_Rolling_Std_3d        0
Tavg_Rolling_Mean_3d     0
RH_Rolling_Mean_3d       0
RR_Rolling_Mean_7d       0
RR_Rolling_Std_7d        0
Tavg_Rolling_Mean_7d     0
RH_Rolling_Mean_7d       0
RR_Rolling_Mean_14d      0
RR_Rolling_Std_14d       0
Tavg_Rolling_Mean_14d    0
RH_Rolling_Mean_14d      0
RR_Lag_1                 0
Tavg_Lag_1               0
Rain_Binary_Lag_1        0
RR_Lag_2                 0
Tavg_Lag_2               0
Rain_Binary_Lag_2        0
RR_Lag_3                 0
Tavg_Lag_3               0
Rain_Binary_Lag_3        0
RR_Lag_5                 0
Tavg_Lag_5               0
Rain_Binary_Lag_5        0
RR_Lag_7                 0
Tavg_Lag_7               0
Rain_Binary_Lag_7        0
RR_Lag_14                0
Tavg_Lag_14              0
Rain_Binary_Lag_14       0
Future_RR_1d             1
dtype: int64
2025-05-20 10:47:26,710 - INFO - Day 1 dataset shape after processing: (3603, 58)
2025-05-20 10:47:26,711 - INFO - Date range: 2010-01-19 00:00:00 to 2024-06-29 00:00:00
2025-05-20 10:47:26,711 - INFO - 
Preparing dataset for 2-day ahead prediction
2025-05-20 10:47:26,713 - INFO - NaN counts before dropping:
Tanggal                  0
Tn                       0
Tx                       0
Tavg                     0
RH_avg                   0
ss                       0
ff_x                     0
ff_avg                   0
ddd_x                    0
Month                    0
Day                      0
DayOfWeek                0
Season                   0
Temp_Range               0
Month_sin                0
Month_cos                0
Day_sin                  0
Day_cos                  0
DayOfYear_sin            0
DayOfYear_cos            0
Temp_Humidity            0
Temp_Range_RH            0
Dew_Point                0
Heat_Index               0
Rain_Streak              0
Dry_Streak               0
RR_Rolling_Mean_3d       0
RR_Rolling_Std_3d        0
Tavg_Rolling_Mean_3d     0
RH_Rolling_Mean_3d       0
RR_Rolling_Mean_7d       0
RR_Rolling_Std_7d        0
Tavg_Rolling_Mean_7d     0
RH_Rolling_Mean_7d       0
RR_Rolling_Mean_14d      0
RR_Rolling_Std_14d       0
Tavg_Rolling_Mean_14d    0
RH_Rolling_Mean_14d      0
RR_Lag_1                 0
Tavg_Lag_1               0
Rain_Binary_Lag_1        0
RR_Lag_2                 0
Tavg_Lag_2               0
Rain_Binary_Lag_2        0
RR_Lag_3                 0
Tavg_Lag_3               0
Rain_Binary_Lag_3        0
RR_Lag_5                 0
Tavg_Lag_5               0
Rain_Binary_Lag_5        0
RR_Lag_7                 0
Tavg_Lag_7               0
Rain_Binary_Lag_7        0
RR_Lag_14                0
Tavg_Lag_14              0
Rain_Binary_Lag_14       0
Future_RR_2d             2
dtype: int64
2025-05-20 10:47:26,717 - INFO - Day 2 dataset shape after processing: (3602, 58)
2025-05-20 10:47:26,718 - INFO - Date range: 2010-01-19 00:00:00 to 2024-06-28 00:00:00
2025-05-20 10:47:26,718 - INFO - 
Preparing dataset for 3-day ahead prediction
2025-05-20 10:47:26,720 - INFO - NaN counts before dropping:
Tanggal                  0
Tn                       0
Tx                       0
Tavg                     0
RH_avg                   0
ss                       0
ff_x                     0
ff_avg                   0
ddd_x                    0
Month                    0
Day                      0
DayOfWeek                0
Season                   0
Temp_Range               0
Month_sin                0
Month_cos                0
Day_sin                  0
Day_cos                  0
DayOfYear_sin            0
DayOfYear_cos            0
Temp_Humidity            0
Temp_Range_RH            0
Dew_Point                0
Heat_Index               0
Rain_Streak              0
Dry_Streak               0
RR_Rolling_Mean_3d       0
RR_Rolling_Std_3d        0
Tavg_Rolling_Mean_3d     0
RH_Rolling_Mean_3d       0
RR_Rolling_Mean_7d       0
RR_Rolling_Std_7d        0
Tavg_Rolling_Mean_7d     0
RH_Rolling_Mean_7d       0
RR_Rolling_Mean_14d      0
RR_Rolling_Std_14d       0
Tavg_Rolling_Mean_14d    0
RH_Rolling_Mean_14d      0
RR_Lag_1                 0
Tavg_Lag_1               0
Rain_Binary_Lag_1        0
RR_Lag_2                 0
Tavg_Lag_2               0
Rain_Binary_Lag_2        0
RR_Lag_3                 0
Tavg_Lag_3               0
Rain_Binary_Lag_3        0
RR_Lag_5                 0
Tavg_Lag_5               0
Rain_Binary_Lag_5        0
RR_Lag_7                 0
Tavg_Lag_7               0
Rain_Binary_Lag_7        0
RR_Lag_14                0
Tavg_Lag_14              0
Rain_Binary_Lag_14       0
Future_RR_3d             3
dtype: int64
2025-05-20 10:47:26,723 - INFO - Day 3 dataset shape after processing: (3601, 58)
2025-05-20 10:47:26,723 - INFO - Date range: 2010-01-19 00:00:00 to 2024-06-27 00:00:00
2025-05-20 10:47:26,724 - INFO - 
Preparing dataset for 4-day ahead prediction
2025-05-20 10:47:26,727 - INFO - NaN counts before dropping:
Tanggal                  0
Tn                       0
Tx                       0
Tavg                     0
RH_avg                   0
ss                       0
ff_x                     0
ff_avg                   0
ddd_x                    0
Month                    0
Day                      0
DayOfWeek                0
Season                   0
Temp_Range               0
Month_sin                0
Month_cos                0
Day_sin                  0
Day_cos                  0
DayOfYear_sin            0
DayOfYear_cos            0
Temp_Humidity            0
Temp_Range_RH            0
Dew_Point                0
Heat_Index               0
Rain_Streak              0
Dry_Streak               0
RR_Rolling_Mean_3d       0
RR_Rolling_Std_3d        0
Tavg_Rolling_Mean_3d     0
RH_Rolling_Mean_3d       0
RR_Rolling_Mean_7d       0
RR_Rolling_Std_7d        0
Tavg_Rolling_Mean_7d     0
RH_Rolling_Mean_7d       0
RR_Rolling_Mean_14d      0
RR_Rolling_Std_14d       0
Tavg_Rolling_Mean_14d    0
RH_Rolling_Mean_14d      0
RR_Lag_1                 0
Tavg_Lag_1               0
Rain_Binary_Lag_1        0
RR_Lag_2                 0
Tavg_Lag_2               0
Rain_Binary_Lag_2        0
RR_Lag_3                 0
Tavg_Lag_3               0
Rain_Binary_Lag_3        0
RR_Lag_5                 0
Tavg_Lag_5               0
Rain_Binary_Lag_5        0
RR_Lag_7                 0
Tavg_Lag_7               0
Rain_Binary_Lag_7        0
RR_Lag_14                0
Tavg_Lag_14              0
Rain_Binary_Lag_14       0
Future_RR_4d             4
dtype: int64
2025-05-20 10:47:26,729 - INFO - Day 4 dataset shape after processing: (3600, 58)
2025-05-20 10:47:26,730 - INFO - Date range: 2010-01-19 00:00:00 to 2024-06-26 00:00:00
2025-05-20 10:47:26,731 - INFO - 
Preparing dataset for 5-day ahead prediction
2025-05-20 10:47:26,733 - INFO - NaN counts before dropping:
Tanggal                  0
Tn                       0
Tx                       0
Tavg                     0
RH_avg                   0
ss                       0
ff_x                     0
ff_avg                   0
ddd_x                    0
Month                    0
Day                      0
DayOfWeek                0
Season                   0
Temp_Range               0
Month_sin                0
Month_cos                0
Day_sin                  0
Day_cos                  0
DayOfYear_sin            0
DayOfYear_cos            0
Temp_Humidity            0
Temp_Range_RH            0
Dew_Point                0
Heat_Index               0
Rain_Streak              0
Dry_Streak               0
RR_Rolling_Mean_3d       0
RR_Rolling_Std_3d        0
Tavg_Rolling_Mean_3d     0
RH_Rolling_Mean_3d       0
RR_Rolling_Mean_7d       0
RR_Rolling_Std_7d        0
Tavg_Rolling_Mean_7d     0
RH_Rolling_Mean_7d       0
RR_Rolling_Mean_14d      0
RR_Rolling_Std_14d       0
Tavg_Rolling_Mean_14d    0
RH_Rolling_Mean_14d      0
RR_Lag_1                 0
Tavg_Lag_1               0
Rain_Binary_Lag_1        0
RR_Lag_2                 0
Tavg_Lag_2               0
Rain_Binary_Lag_2        0
RR_Lag_3                 0
Tavg_Lag_3               0
Rain_Binary_Lag_3        0
RR_Lag_5                 0
Tavg_Lag_5               0
Rain_Binary_Lag_5        0
RR_Lag_7                 0
Tavg_Lag_7               0
Rain_Binary_Lag_7        0
RR_Lag_14                0
Tavg_Lag_14              0
Rain_Binary_Lag_14       0
Future_RR_5d             5
dtype: int64
2025-05-20 10:47:26,735 - INFO - Day 5 dataset shape after processing: (3599, 58)
2025-05-20 10:47:26,735 - INFO - Date range: 2010-01-19 00:00:00 to 2024-06-24 00:00:00
2025-05-20 10:47:26,736 - INFO - 
Training multi-day forecasting models...
2025-05-20 10:47:26,737 - INFO - 
--- Training models for 0-day ahead prediction ---
2025-05-20 10:47:26,737 - INFO - Using 55 features for day 0 prediction
2025-05-20 10:47:26,739 - INFO - 
Training data: 2883 samples from 2010-01-19 00:00:00 to 2022-03-09 00:00:00
2025-05-20 10:47:26,739 - INFO - Testing data: 721 samples from 2022-03-10 00:00:00 to 2024-06-30 00:00:00
2025-05-20 10:47:26,745 - INFO - Training models with 3-fold CV...
2025-05-20 10:47:26,745 - INFO - Training gbm model...
2025-05-20 10:47:26,745 - INFO -   Processing fold 1/3...
2025-05-20 10:47:27,299 - INFO -     Fold R²: 0.7516 (took 0.6s)
2025-05-20 10:47:27,299 - INFO -   Processing fold 2/3...
2025-05-20 10:47:27,861 - INFO -     Fold R²: 0.8629 (took 0.6s)
2025-05-20 10:47:27,861 - INFO -   Processing fold 3/3...
2025-05-20 10:47:28,395 - INFO -     Fold R²: 0.8041 (took 0.5s)
2025-05-20 10:47:28,395 - INFO - gbm CV R² scores: 0.8062 ± 0.0455
2025-05-20 10:47:28,395 - INFO - Training rf model...
2025-05-20 10:47:28,395 - INFO -   Processing fold 1/3...
2025-05-20 10:47:28,786 - INFO -     Fold R²: 0.6004 (took 0.4s)
2025-05-20 10:47:28,786 - INFO -   Processing fold 2/3...
2025-05-20 10:47:29,201 - INFO -     Fold R²: 0.7327 (took 0.4s)
2025-05-20 10:47:29,203 - INFO -   Processing fold 3/3...
2025-05-20 10:47:29,588 - INFO -     Fold R²: 0.6731 (took 0.4s)
2025-05-20 10:47:29,589 - INFO - rf CV R² scores: 0.6687 ± 0.0541
2025-05-20 10:47:29,589 - INFO - Training ridge model...
2025-05-20 10:47:29,589 - INFO -   Processing fold 1/3...
2025-05-20 10:47:29,593 - INFO -     Fold R²: 0.9999 (took 0.0s)
2025-05-20 10:47:29,593 - INFO -   Processing fold 2/3...
2025-05-20 10:47:29,596 - INFO -     Fold R²: 1.0000 (took 0.0s)
2025-05-20 10:47:29,596 - INFO -   Processing fold 3/3...
2025-05-20 10:47:29,599 - INFO -     Fold R²: 1.0000 (took 0.0s)
2025-05-20 10:47:29,599 - INFO - ridge CV R² scores: 0.9999 ± 0.0000
2025-05-20 10:47:29,600 - INFO - Ensemble metrics - R²: 0.9767, RMSE: 2.1828
2025-05-20 10:47:30,433 - INFO - 
--- Training models for 1-day ahead prediction ---
2025-05-20 10:47:30,433 - INFO - Using 55 features for day 1 prediction
2025-05-20 10:47:30,436 - INFO - 
Training data: 2882 samples from 2010-01-19 00:00:00 to 2022-03-08 00:00:00
2025-05-20 10:47:30,436 - INFO - Testing data: 721 samples from 2022-03-09 00:00:00 to 2024-06-29 00:00:00
2025-05-20 10:47:30,442 - INFO - Training models with 2-fold CV...
2025-05-20 10:47:30,442 - INFO - Training gbm model...
2025-05-20 10:47:30,442 - INFO -   Processing fold 1/2...
2025-05-20 10:47:30,875 - INFO -     Fold R²: 0.1436 (took 0.4s)
2025-05-20 10:47:30,876 - INFO -   Processing fold 2/2...
2025-05-20 10:47:31,305 - INFO -     Fold R²: 0.2885 (took 0.4s)
2025-05-20 10:47:31,305 - INFO - gbm CV R² scores: 0.2160 ± 0.0725
2025-05-20 10:47:31,305 - INFO - Training rf model...
2025-05-20 10:47:31,306 - INFO -   Processing fold 1/2...
2025-05-20 10:47:31,691 - INFO -     Fold R²: 0.2877 (took 0.4s)
2025-05-20 10:47:31,691 - INFO -   Processing fold 2/2...
2025-05-20 10:47:32,103 - INFO -     Fold R²: 0.3264 (took 0.4s)
2025-05-20 10:47:32,103 - INFO - rf CV R² scores: 0.3071 ± 0.0194
2025-05-20 10:47:32,103 - INFO - Training ridge model...
2025-05-20 10:47:32,105 - INFO -   Processing fold 1/2...
2025-05-20 10:47:32,108 - WARNING - Found 1 predictions > 100mm in ridge, fold 1
2025-05-20 10:47:32,108 - INFO -     Fold R²: 0.1699 (took 0.0s)
2025-05-20 10:47:32,108 - INFO -   Processing fold 2/2...
2025-05-20 10:47:32,113 - INFO -     Fold R²: 0.2944 (took 0.0s)
2025-05-20 10:47:32,113 - INFO - ridge CV R² scores: 0.2322 ± 0.0623
2025-05-20 10:47:32,114 - INFO - Ensemble metrics - R²: 0.4087, RMSE: 11.0002
2025-05-20 10:47:32,978 - INFO - 
--- Training models for 2-day ahead prediction ---
2025-05-20 10:47:32,978 - INFO - Using 55 features for day 2 prediction
2025-05-20 10:47:32,981 - INFO - 
Training data: 2881 samples from 2010-01-19 00:00:00 to 2022-03-07 00:00:00
2025-05-20 10:47:32,981 - INFO - Testing data: 721 samples from 2022-03-08 00:00:00 to 2024-06-28 00:00:00
2025-05-20 10:47:32,986 - INFO - Training models with 2-fold CV...
2025-05-20 10:47:32,986 - INFO - Training gbm model...
2025-05-20 10:47:32,987 - INFO -   Processing fold 1/2...
2025-05-20 10:47:33,403 - INFO -     Fold R²: 0.0480 (took 0.4s)
2025-05-20 10:47:33,403 - INFO -   Processing fold 2/2...
2025-05-20 10:47:33,835 - INFO -     Fold R²: 0.1557 (took 0.4s)
2025-05-20 10:47:33,835 - INFO - gbm CV R² scores: 0.1018 ± 0.0539
2025-05-20 10:47:33,835 - INFO - Training rf model...
2025-05-20 10:47:33,836 - INFO -   Processing fold 1/2...
2025-05-20 10:47:34,216 - INFO -     Fold R²: 0.1715 (took 0.4s)
2025-05-20 10:47:34,217 - INFO -   Processing fold 2/2...
2025-05-20 10:47:34,600 - INFO -     Fold R²: 0.1943 (took 0.4s)
2025-05-20 10:47:34,601 - INFO - rf CV R² scores: 0.1829 ± 0.0114
2025-05-20 10:47:34,601 - INFO - Training ridge model...
2025-05-20 10:47:34,601 - INFO -   Processing fold 1/2...
2025-05-20 10:47:34,603 - INFO -     Fold R²: -0.8985 (took 0.0s)
2025-05-20 10:47:34,604 - INFO -   Processing fold 2/2...
2025-05-20 10:47:34,606 - WARNING - Found 1 predictions > 100mm in ridge, fold 2
2025-05-20 10:47:34,606 - INFO -     Fold R²: 0.1583 (took 0.0s)
2025-05-20 10:47:34,606 - INFO - ridge CV R² scores: -0.3701 ± 0.5284
2025-05-20 10:47:34,607 - INFO - Ensemble metrics - R²: 0.2043, RMSE: 12.7605
2025-05-20 10:47:35,432 - INFO - 
--- Training models for 3-day ahead prediction ---
2025-05-20 10:47:35,432 - INFO - Using 55 features for day 3 prediction
2025-05-20 10:47:35,435 - INFO - 
Training data: 2880 samples from 2010-01-19 00:00:00 to 2022-03-06 00:00:00
2025-05-20 10:47:35,436 - INFO - Testing data: 721 samples from 2022-03-07 00:00:00 to 2024-06-27 00:00:00
2025-05-20 10:47:35,442 - INFO - Training models with 2-fold CV...
2025-05-20 10:47:35,442 - INFO - Training gbm model...
2025-05-20 10:47:35,443 - INFO -   Processing fold 1/2...
2025-05-20 10:47:35,858 - INFO -     Fold R²: 0.0538 (took 0.4s)
2025-05-20 10:47:35,858 - INFO -   Processing fold 2/2...
2025-05-20 10:47:36,295 - INFO -     Fold R²: 0.1627 (took 0.4s)
2025-05-20 10:47:36,295 - INFO - gbm CV R² scores: 0.1082 ± 0.0545
2025-05-20 10:47:36,295 - INFO - Training rf model...
2025-05-20 10:47:36,296 - INFO -   Processing fold 1/2...
2025-05-20 10:47:36,672 - INFO -     Fold R²: 0.1638 (took 0.4s)
2025-05-20 10:47:36,672 - INFO -   Processing fold 2/2...
2025-05-20 10:47:37,052 - INFO -     Fold R²: 0.1864 (took 0.4s)
2025-05-20 10:47:37,054 - INFO - rf CV R² scores: 0.1751 ± 0.0113
2025-05-20 10:47:37,054 - INFO - Training ridge model...
2025-05-20 10:47:37,054 - INFO -   Processing fold 1/2...
2025-05-20 10:47:37,058 - INFO -     Fold R²: -0.4935 (took 0.0s)
2025-05-20 10:47:37,058 - INFO -   Processing fold 2/2...
2025-05-20 10:47:37,061 - INFO -     Fold R²: 0.1485 (took 0.0s)
2025-05-20 10:47:37,061 - INFO - ridge CV R² scores: -0.1725 ± 0.3210
2025-05-20 10:47:37,062 - INFO - Ensemble metrics - R²: 0.1797, RMSE: 12.9569
2025-05-20 10:47:37,921 - INFO - 
--- Training models for 4-day ahead prediction ---
2025-05-20 10:47:37,921 - INFO - Using 55 features for day 4 prediction
2025-05-20 10:47:37,924 - INFO - 
Training data: 2880 samples from 2010-01-19 00:00:00 to 2022-03-06 00:00:00
2025-05-20 10:47:37,924 - INFO - Testing data: 720 samples from 2022-03-07 00:00:00 to 2024-06-26 00:00:00
2025-05-20 10:47:37,930 - INFO - Training models with 2-fold CV...
2025-05-20 10:47:37,930 - INFO - Training gbm model...
2025-05-20 10:47:37,930 - INFO -   Processing fold 1/2...
2025-05-20 10:47:38,340 - INFO -     Fold R²: 0.1059 (took 0.4s)
2025-05-20 10:47:38,341 - INFO -   Processing fold 2/2...
2025-05-20 10:47:38,767 - INFO -     Fold R²: 0.1575 (took 0.4s)
2025-05-20 10:47:38,767 - INFO - gbm CV R² scores: 0.1317 ± 0.0258
2025-05-20 10:47:38,768 - INFO - Training rf model...
2025-05-20 10:47:38,768 - INFO -   Processing fold 1/2...
2025-05-20 10:47:39,144 - INFO -     Fold R²: 0.1636 (took 0.4s)
2025-05-20 10:47:39,144 - INFO -   Processing fold 2/2...
2025-05-20 10:47:39,528 - INFO -     Fold R²: 0.1925 (took 0.4s)
2025-05-20 10:47:39,529 - INFO - rf CV R² scores: 0.1781 ± 0.0145
2025-05-20 10:47:39,529 - INFO - Training ridge model...
2025-05-20 10:47:39,529 - INFO -   Processing fold 1/2...
2025-05-20 10:47:39,532 - INFO -     Fold R²: 0.0826 (took 0.0s)
2025-05-20 10:47:39,532 - INFO -   Processing fold 2/2...
2025-05-20 10:47:39,534 - INFO -     Fold R²: 0.1636 (took 0.0s)
2025-05-20 10:47:39,534 - INFO - ridge CV R² scores: 0.1231 ± 0.0405
2025-05-20 10:47:39,536 - INFO - Ensemble metrics - R²: 0.1973, RMSE: 12.8237
2025-05-20 10:47:40,361 - INFO - 
--- Training models for 5-day ahead prediction ---
2025-05-20 10:47:40,361 - INFO - Using 55 features for day 5 prediction
2025-05-20 10:47:40,363 - INFO - 
Training data: 2879 samples from 2010-01-19 00:00:00 to 2022-03-05 00:00:00
2025-05-20 10:47:40,364 - INFO - Testing data: 720 samples from 2022-03-06 00:00:00 to 2024-06-24 00:00:00
2025-05-20 10:47:40,369 - INFO - Training models with 2-fold CV...
2025-05-20 10:47:40,370 - INFO - Training gbm model...
2025-05-20 10:47:40,370 - INFO -   Processing fold 1/2...
2025-05-20 10:47:40,821 - INFO -     Fold R²: 0.0470 (took 0.5s)
2025-05-20 10:47:40,821 - INFO -   Processing fold 2/2...
2025-05-20 10:47:41,242 - INFO -     Fold R²: 0.1738 (took 0.4s)
2025-05-20 10:47:41,243 - INFO - gbm CV R² scores: 0.1104 ± 0.0634
2025-05-20 10:47:41,243 - INFO - Training rf model...
2025-05-20 10:47:41,243 - INFO -   Processing fold 1/2...
2025-05-20 10:47:41,617 - INFO -     Fold R²: 0.1428 (took 0.4s)
2025-05-20 10:47:41,618 - INFO -   Processing fold 2/2...
2025-05-20 10:47:42,014 - INFO -     Fold R²: 0.2005 (took 0.4s)
2025-05-20 10:47:42,015 - INFO - rf CV R² scores: 0.1716 ± 0.0288
2025-05-20 10:47:42,015 - INFO - Training ridge model...
2025-05-20 10:47:42,015 - INFO -   Processing fold 1/2...
2025-05-20 10:47:42,018 - WARNING - Found 1 predictions > 100mm in ridge, fold 1
2025-05-20 10:47:42,018 - INFO -     Fold R²: 0.1046 (took 0.0s)
2025-05-20 10:47:42,018 - INFO -   Processing fold 2/2...
2025-05-20 10:47:42,020 - WARNING - Found 1 predictions > 100mm in ridge, fold 2
2025-05-20 10:47:42,021 - INFO -     Fold R²: 0.1523 (took 0.0s)
2025-05-20 10:47:42,021 - INFO - ridge CV R² scores: 0.1284 ± 0.0238
2025-05-20 10:47:42,022 - INFO - Ensemble metrics - R²: 0.1853, RMSE: 12.9188
2025-05-20 10:47:44,296 - INFO - Saved ensemble model for 0-day ahead prediction in gbm\models\day_0
2025-05-20 10:47:44,299 - INFO - Saved ensemble model for 1-day ahead prediction in gbm\models\day_1
2025-05-20 10:47:44,302 - INFO - Saved ensemble model for 2-day ahead prediction in gbm\models\day_2
2025-05-20 10:47:44,305 - INFO - Saved ensemble model for 3-day ahead prediction in gbm\models\day_3
2025-05-20 10:47:44,308 - INFO - Saved ensemble model for 4-day ahead prediction in gbm\models\day_4
2025-05-20 10:47:44,310 - INFO - Saved ensemble model for 5-day ahead prediction in gbm\models\day_5
2025-05-20 10:47:44,314 - INFO - 
Model saved to gbm\models\gbm_model.pkl
2025-05-20 10:47:44,315 - INFO - Scaler saved to gbm\models\scaler.pkl
2025-05-20 10:47:44,315 - INFO - Feature list saved to gbm\models\feature_columns.pkl
2025-05-20 10:47:44,315 - INFO - Process completed successfully.
2025-05-20 11:09:13,257 - INFO - Loading dataset...
2025-05-20 11:09:13,264 - INFO - Preprocessing data...
2025-05-20 11:09:13,265 - INFO - Initial dataset size: 5295
2025-05-20 11:09:13,468 - INFO - 
Outliers removed: 52 rows
2025-05-20 11:09:13,468 - INFO - Dates with extreme rainfall (>100mm):
2025-05-20 11:09:13,468 - INFO - Date: 2010-01-15 00:00:00, Rainfall: 110.0mm
2025-05-20 11:09:13,469 - INFO - Date: 2010-02-20 00:00:00, Rainfall: 180.0mm
2025-05-20 11:09:13,469 - INFO - Date: 2011-02-05 00:00:00, Rainfall: 113.0mm
2025-05-20 11:09:13,469 - INFO - Date: 2011-02-06 00:00:00, Rainfall: 122.0mm
2025-05-20 11:09:13,469 - INFO - Date: 2012-03-15 00:00:00, Rainfall: 141.0mm
2025-05-20 11:09:13,470 - INFO - Date: 2012-05-13 00:00:00, Rainfall: 125.0mm
2025-05-20 11:09:13,470 - INFO - Date: 2013-01-02 00:00:00, Rainfall: 120.8mm
2025-05-20 11:09:13,470 - INFO - Date: 2013-01-04 00:00:00, Rainfall: 103.5mm
2025-05-20 11:09:13,470 - INFO - Date: 2014-01-13 00:00:00, Rainfall: 105.2mm
2025-05-20 11:09:13,470 - INFO - Date: 2014-04-08 00:00:00, Rainfall: 137.9mm
2025-05-20 11:09:13,470 - INFO - Date: 2014-12-06 00:00:00, Rainfall: 137.4mm
2025-05-20 11:09:13,471 - INFO - Date: 2014-12-07 00:00:00, Rainfall: 105.4mm
2025-05-20 11:09:13,471 - INFO - Date: 2015-01-22 00:00:00, Rainfall: 160.3mm
2025-05-20 11:09:13,471 - INFO - Date: 2015-03-03 00:00:00, Rainfall: 127.6mm
2025-05-20 11:09:13,471 - INFO - Date: 2015-12-18 00:00:00, Rainfall: 130.7mm
2025-05-20 11:09:13,471 - INFO - Date: 2015-12-19 00:00:00, Rainfall: 112.4mm
2025-05-20 11:09:13,471 - INFO - Date: 2016-01-22 00:00:00, Rainfall: 160.3mm
2025-05-20 11:09:13,472 - INFO - Date: 2016-02-28 00:00:00, Rainfall: 103.4mm
2025-05-20 11:09:13,472 - INFO - Date: 2016-10-10 00:00:00, Rainfall: 127.4mm
2025-05-20 11:09:13,472 - INFO - Date: 2016-10-25 00:00:00, Rainfall: 188.7mm
2025-05-20 11:09:13,472 - INFO - Date: 2016-12-13 00:00:00, Rainfall: 101.0mm
2025-05-20 11:09:13,472 - INFO - Date: 2016-12-30 00:00:00, Rainfall: 115.3mm
2025-05-20 11:09:13,473 - INFO - Date: 2017-01-26 00:00:00, Rainfall: 107.9mm
2025-05-20 11:09:13,473 - INFO - Date: 2017-02-17 00:00:00, Rainfall: 120.3mm
2025-05-20 11:09:13,473 - INFO - Date: 2017-12-13 00:00:00, Rainfall: 106.0mm
2025-05-20 11:09:13,473 - INFO - Date: 2017-12-20 00:00:00, Rainfall: 101.4mm
2025-05-20 11:09:13,474 - INFO - Date: 2017-12-21 00:00:00, Rainfall: 109.3mm
2025-05-20 11:09:13,474 - INFO - Date: 2017-12-22 00:00:00, Rainfall: 156.0mm
2025-05-20 11:09:13,475 - INFO - Date: 2018-01-12 00:00:00, Rainfall: 124.6mm
2025-05-20 11:09:13,475 - INFO - Date: 2018-01-13 00:00:00, Rainfall: 104.5mm
2025-05-20 11:09:13,475 - INFO - Date: 2018-02-16 00:00:00, Rainfall: 112.8mm
2025-05-20 11:09:13,475 - INFO - Date: 2018-03-14 00:00:00, Rainfall: 152.1mm
2025-05-20 11:09:13,475 - INFO - Date: 2018-12-23 00:00:00, Rainfall: 108.7mm
2025-05-20 11:09:13,475 - INFO - Date: 2018-12-28 00:00:00, Rainfall: 140.3mm
2025-05-20 11:09:13,476 - INFO - Date: 2019-04-29 00:00:00, Rainfall: 107.0mm
2025-05-20 11:09:13,476 - INFO - Date: 2020-05-22 00:00:00, Rainfall: 122.9mm
2025-05-20 11:09:13,477 - INFO - Date: 2021-01-16 00:00:00, Rainfall: 109.4mm
2025-05-20 11:09:13,477 - INFO - Date: 2021-01-19 00:00:00, Rainfall: 111.0mm
2025-05-20 11:09:13,477 - INFO - Date: 2021-01-25 00:00:00, Rainfall: 100.9mm
2025-05-20 11:09:13,478 - INFO - Date: 2021-03-10 00:00:00, Rainfall: 153.7mm
2025-05-20 11:09:13,478 - INFO - Date: 2021-04-02 00:00:00, Rainfall: 135.8mm
2025-05-20 11:09:13,478 - INFO - Date: 2021-12-06 00:00:00, Rainfall: 145.9mm
2025-05-20 11:09:13,479 - INFO - Date: 2021-12-07 00:00:00, Rainfall: 218.8mm
2025-05-20 11:09:13,479 - INFO - Date: 2022-01-01 00:00:00, Rainfall: 110.4mm
2025-05-20 11:09:13,479 - INFO - Date: 2022-01-20 00:00:00, Rainfall: 123.1mm
2025-05-20 11:09:13,480 - INFO - Date: 2022-02-21 00:00:00, Rainfall: 155.3mm
2025-05-20 11:09:13,480 - INFO - Date: 2022-05-27 00:00:00, Rainfall: 147.6mm
2025-05-20 11:09:13,480 - INFO - Date: 2022-10-07 00:00:00, Rainfall: 101.6mm
2025-05-20 11:09:13,480 - INFO - Date: 2022-12-28 00:00:00, Rainfall: 102.0mm
2025-05-20 11:09:13,480 - INFO - Date: 2023-02-02 00:00:00, Rainfall: 200.0mm
2025-05-20 11:09:13,480 - INFO - Date: 2023-02-13 00:00:00, Rainfall: 200.0mm
2025-05-20 11:09:13,481 - INFO - Date: 2023-02-14 00:00:00, Rainfall: 183.0mm
2025-05-20 11:09:14,611 - INFO - 
Rows dropped due to NaN values: 53
2025-05-20 11:09:14,613 - INFO - 
Final dataset size: 3604
2025-05-20 11:09:14,613 - INFO - Total rows removed: 1691
2025-05-20 11:09:14,613 - INFO - 
Rainfall Statistics After Processing:
2025-05-20 11:09:14,613 - INFO - Mean: 9.88mm
2025-05-20 11:09:14,615 - INFO - Median: 1.00mm
2025-05-20 11:09:14,615 - INFO - Std Dev: 17.50mm
2025-05-20 11:09:14,615 - INFO - Max: 100.00mm
2025-05-20 11:09:14,617 - INFO - 
No NaN values remain in the dataset.
2025-05-20 11:09:14,618 - INFO - 
Final feature list (55 features):
2025-05-20 11:09:14,618 - INFO - Tn, Tx, Tavg, RH_avg, ss, ff_x, ff_avg, ddd_x, Month, Day, DayOfWeek, Season, Temp_Range, Month_sin, Month_cos, Day_sin, Day_cos, DayOfYear_sin, DayOfYear_cos, Temp_Humidity, Temp_Range_RH, Dew_Point, Heat_Index, Rain_Streak, Dry_Streak, RR_Rolling_Mean_3d, RR_Rolling_Std_3d, Tavg_Rolling_Mean_3d, RH_Rolling_Mean_3d, RR_Rolling_Mean_7d, RR_Rolling_Std_7d, Tavg_Rolling_Mean_7d, RH_Rolling_Mean_7d, RR_Rolling_Mean_14d, RR_Rolling_Std_14d, Tavg_Rolling_Mean_14d, RH_Rolling_Mean_14d, RR_Lag_1, Tavg_Lag_1, Rain_Binary_Lag_1, RR_Lag_2, Tavg_Lag_2, Rain_Binary_Lag_2, RR_Lag_3, Tavg_Lag_3, Rain_Binary_Lag_3, RR_Lag_5, Tavg_Lag_5, Rain_Binary_Lag_5, RR_Lag_7, Tavg_Lag_7, Rain_Binary_Lag_7, RR_Lag_14, Tavg_Lag_14, Rain_Binary_Lag_14
2025-05-20 11:09:14,624 - INFO - 
Plotting correlations for top 15 features: RR_Rolling_Mean_3d, RR_Rolling_Std_3d, RR_Rolling_Mean_7d, RR_Rolling_Std_7d, Tx, RR_Rolling_Mean_14d, RH_avg, Tavg, RH_Rolling_Mean_3d, RR_Rolling_Std_14d, Tavg_Rolling_Mean_3d, Tavg_Lag_1, RH_Rolling_Mean_7d, Heat_Index, DayOfYear_cos
2025-05-20 11:09:16,633 - INFO - Training and evaluating model...
2025-05-20 11:09:16,636 - INFO - 
Feature matrix shape: (3604, 55)
2025-05-20 11:09:16,643 - INFO - 
Training Gradient Boosting model...
2025-05-20 11:09:21,795 - INFO - Making predictions...
2025-05-20 11:09:21,799 - INFO - 
Model evaluation metrics:
2025-05-20 11:09:21,800 - INFO - Mean Squared Error (MSE): 5.6175
2025-05-20 11:09:21,800 - INFO - Root Mean Squared Error (RMSE): 2.3701
2025-05-20 11:09:21,800 - INFO - Mean Absolute Error (MAE): 1.0219
2025-05-20 11:09:21,800 - INFO - R-squared (R²): 0.9726
2025-05-20 11:09:21,929 - INFO - Computing permutation importance (this may take a while)...
2025-05-20 11:09:25,062 - INFO - 
Feature Importance (top 10):
2025-05-20 11:09:25,062 - INFO - RR_Rolling_Mean_3d: 3.1787
2025-05-20 11:09:25,062 - INFO - RR_Lag_2: 0.6252
2025-05-20 11:09:25,062 - INFO - RR_Lag_1: 0.5478
2025-05-20 11:09:25,064 - INFO - RR_Rolling_Std_3d: 0.0833
2025-05-20 11:09:25,064 - INFO - Tx: 0.0134
2025-05-20 11:09:25,064 - INFO - Rain_Streak: 0.0037
2025-05-20 11:09:25,064 - INFO - Dry_Streak: 0.0034
2025-05-20 11:09:25,065 - INFO - Tn: 0.0022
2025-05-20 11:09:25,065 - INFO - RR_Rolling_Std_7d: 0.0021
2025-05-20 11:09:25,065 - INFO - Tavg_Lag_2: 0.0020
2025-05-20 11:09:25,253 - INFO - 
Preparing multi-day forecasting dataset...
2025-05-20 11:09:25,257 - INFO - 
Initial data shape: (3604, 61)
2025-05-20 11:09:25,260 - INFO - 
Preparing dataset for 1-day ahead prediction
2025-05-20 11:09:25,263 - INFO - NaN counts before dropping:
Tanggal                  0
Tn                       0
Tx                       0
Tavg                     0
RH_avg                   0
ss                       0
ff_x                     0
ff_avg                   0
ddd_x                    0
Month                    0
Day                      0
DayOfWeek                0
Season                   0
Temp_Range               0
Month_sin                0
Month_cos                0
Day_sin                  0
Day_cos                  0
DayOfYear_sin            0
DayOfYear_cos            0
Temp_Humidity            0
Temp_Range_RH            0
Dew_Point                0
Heat_Index               0
Rain_Streak              0
Dry_Streak               0
RR_Rolling_Mean_3d       0
RR_Rolling_Std_3d        0
Tavg_Rolling_Mean_3d     0
RH_Rolling_Mean_3d       0
RR_Rolling_Mean_7d       0
RR_Rolling_Std_7d        0
Tavg_Rolling_Mean_7d     0
RH_Rolling_Mean_7d       0
RR_Rolling_Mean_14d      0
RR_Rolling_Std_14d       0
Tavg_Rolling_Mean_14d    0
RH_Rolling_Mean_14d      0
RR_Lag_1                 0
Tavg_Lag_1               0
Rain_Binary_Lag_1        0
RR_Lag_2                 0
Tavg_Lag_2               0
Rain_Binary_Lag_2        0
RR_Lag_3                 0
Tavg_Lag_3               0
Rain_Binary_Lag_3        0
RR_Lag_5                 0
Tavg_Lag_5               0
Rain_Binary_Lag_5        0
RR_Lag_7                 0
Tavg_Lag_7               0
Rain_Binary_Lag_7        0
RR_Lag_14                0
Tavg_Lag_14              0
Rain_Binary_Lag_14       0
Future_RR_1d             1
dtype: int64
2025-05-20 11:09:25,267 - INFO - Day 1 dataset shape after processing: (3603, 58)
2025-05-20 11:09:25,267 - INFO - Date range: 2010-01-19 00:00:00 to 2024-06-29 00:00:00
2025-05-20 11:09:25,269 - INFO - 
Preparing dataset for 2-day ahead prediction
2025-05-20 11:09:25,271 - INFO - NaN counts before dropping:
Tanggal                  0
Tn                       0
Tx                       0
Tavg                     0
RH_avg                   0
ss                       0
ff_x                     0
ff_avg                   0
ddd_x                    0
Month                    0
Day                      0
DayOfWeek                0
Season                   0
Temp_Range               0
Month_sin                0
Month_cos                0
Day_sin                  0
Day_cos                  0
DayOfYear_sin            0
DayOfYear_cos            0
Temp_Humidity            0
Temp_Range_RH            0
Dew_Point                0
Heat_Index               0
Rain_Streak              0
Dry_Streak               0
RR_Rolling_Mean_3d       0
RR_Rolling_Std_3d        0
Tavg_Rolling_Mean_3d     0
RH_Rolling_Mean_3d       0
RR_Rolling_Mean_7d       0
RR_Rolling_Std_7d        0
Tavg_Rolling_Mean_7d     0
RH_Rolling_Mean_7d       0
RR_Rolling_Mean_14d      0
RR_Rolling_Std_14d       0
Tavg_Rolling_Mean_14d    0
RH_Rolling_Mean_14d      0
RR_Lag_1                 0
Tavg_Lag_1               0
Rain_Binary_Lag_1        0
RR_Lag_2                 0
Tavg_Lag_2               0
Rain_Binary_Lag_2        0
RR_Lag_3                 0
Tavg_Lag_3               0
Rain_Binary_Lag_3        0
RR_Lag_5                 0
Tavg_Lag_5               0
Rain_Binary_Lag_5        0
RR_Lag_7                 0
Tavg_Lag_7               0
Rain_Binary_Lag_7        0
RR_Lag_14                0
Tavg_Lag_14              0
Rain_Binary_Lag_14       0
Future_RR_2d             2
dtype: int64
2025-05-20 11:09:25,274 - INFO - Day 2 dataset shape after processing: (3602, 58)
2025-05-20 11:09:25,274 - INFO - Date range: 2010-01-19 00:00:00 to 2024-06-28 00:00:00
2025-05-20 11:09:25,276 - INFO - 
Preparing dataset for 3-day ahead prediction
2025-05-20 11:09:25,282 - INFO - NaN counts before dropping:
Tanggal                  0
Tn                       0
Tx                       0
Tavg                     0
RH_avg                   0
ss                       0
ff_x                     0
ff_avg                   0
ddd_x                    0
Month                    0
Day                      0
DayOfWeek                0
Season                   0
Temp_Range               0
Month_sin                0
Month_cos                0
Day_sin                  0
Day_cos                  0
DayOfYear_sin            0
DayOfYear_cos            0
Temp_Humidity            0
Temp_Range_RH            0
Dew_Point                0
Heat_Index               0
Rain_Streak              0
Dry_Streak               0
RR_Rolling_Mean_3d       0
RR_Rolling_Std_3d        0
Tavg_Rolling_Mean_3d     0
RH_Rolling_Mean_3d       0
RR_Rolling_Mean_7d       0
RR_Rolling_Std_7d        0
Tavg_Rolling_Mean_7d     0
RH_Rolling_Mean_7d       0
RR_Rolling_Mean_14d      0
RR_Rolling_Std_14d       0
Tavg_Rolling_Mean_14d    0
RH_Rolling_Mean_14d      0
RR_Lag_1                 0
Tavg_Lag_1               0
Rain_Binary_Lag_1        0
RR_Lag_2                 0
Tavg_Lag_2               0
Rain_Binary_Lag_2        0
RR_Lag_3                 0
Tavg_Lag_3               0
Rain_Binary_Lag_3        0
RR_Lag_5                 0
Tavg_Lag_5               0
Rain_Binary_Lag_5        0
RR_Lag_7                 0
Tavg_Lag_7               0
Rain_Binary_Lag_7        0
RR_Lag_14                0
Tavg_Lag_14              0
Rain_Binary_Lag_14       0
Future_RR_3d             3
dtype: int64
2025-05-20 11:09:25,288 - INFO - Day 3 dataset shape after processing: (3601, 58)
2025-05-20 11:09:25,289 - INFO - Date range: 2010-01-19 00:00:00 to 2024-06-27 00:00:00
2025-05-20 11:09:25,290 - INFO - 
Preparing dataset for 4-day ahead prediction
2025-05-20 11:09:25,293 - INFO - NaN counts before dropping:
Tanggal                  0
Tn                       0
Tx                       0
Tavg                     0
RH_avg                   0
ss                       0
ff_x                     0
ff_avg                   0
ddd_x                    0
Month                    0
Day                      0
DayOfWeek                0
Season                   0
Temp_Range               0
Month_sin                0
Month_cos                0
Day_sin                  0
Day_cos                  0
DayOfYear_sin            0
DayOfYear_cos            0
Temp_Humidity            0
Temp_Range_RH            0
Dew_Point                0
Heat_Index               0
Rain_Streak              0
Dry_Streak               0
RR_Rolling_Mean_3d       0
RR_Rolling_Std_3d        0
Tavg_Rolling_Mean_3d     0
RH_Rolling_Mean_3d       0
RR_Rolling_Mean_7d       0
RR_Rolling_Std_7d        0
Tavg_Rolling_Mean_7d     0
RH_Rolling_Mean_7d       0
RR_Rolling_Mean_14d      0
RR_Rolling_Std_14d       0
Tavg_Rolling_Mean_14d    0
RH_Rolling_Mean_14d      0
RR_Lag_1                 0
Tavg_Lag_1               0
Rain_Binary_Lag_1        0
RR_Lag_2                 0
Tavg_Lag_2               0
Rain_Binary_Lag_2        0
RR_Lag_3                 0
Tavg_Lag_3               0
Rain_Binary_Lag_3        0
RR_Lag_5                 0
Tavg_Lag_5               0
Rain_Binary_Lag_5        0
RR_Lag_7                 0
Tavg_Lag_7               0
Rain_Binary_Lag_7        0
RR_Lag_14                0
Tavg_Lag_14              0
Rain_Binary_Lag_14       0
Future_RR_4d             4
dtype: int64
2025-05-20 11:09:25,298 - INFO - Day 4 dataset shape after processing: (3600, 58)
2025-05-20 11:09:25,299 - INFO - Date range: 2010-01-19 00:00:00 to 2024-06-26 00:00:00
2025-05-20 11:09:25,301 - INFO - 
Preparing dataset for 5-day ahead prediction
2025-05-20 11:09:25,304 - INFO - NaN counts before dropping:
Tanggal                  0
Tn                       0
Tx                       0
Tavg                     0
RH_avg                   0
ss                       0
ff_x                     0
ff_avg                   0
ddd_x                    0
Month                    0
Day                      0
DayOfWeek                0
Season                   0
Temp_Range               0
Month_sin                0
Month_cos                0
Day_sin                  0
Day_cos                  0
DayOfYear_sin            0
DayOfYear_cos            0
Temp_Humidity            0
Temp_Range_RH            0
Dew_Point                0
Heat_Index               0
Rain_Streak              0
Dry_Streak               0
RR_Rolling_Mean_3d       0
RR_Rolling_Std_3d        0
Tavg_Rolling_Mean_3d     0
RH_Rolling_Mean_3d       0
RR_Rolling_Mean_7d       0
RR_Rolling_Std_7d        0
Tavg_Rolling_Mean_7d     0
RH_Rolling_Mean_7d       0
RR_Rolling_Mean_14d      0
RR_Rolling_Std_14d       0
Tavg_Rolling_Mean_14d    0
RH_Rolling_Mean_14d      0
RR_Lag_1                 0
Tavg_Lag_1               0
Rain_Binary_Lag_1        0
RR_Lag_2                 0
Tavg_Lag_2               0
Rain_Binary_Lag_2        0
RR_Lag_3                 0
Tavg_Lag_3               0
Rain_Binary_Lag_3        0
RR_Lag_5                 0
Tavg_Lag_5               0
Rain_Binary_Lag_5        0
RR_Lag_7                 0
Tavg_Lag_7               0
Rain_Binary_Lag_7        0
RR_Lag_14                0
Tavg_Lag_14              0
Rain_Binary_Lag_14       0
Future_RR_5d             5
dtype: int64
2025-05-20 11:09:25,310 - INFO - Day 5 dataset shape after processing: (3599, 58)
2025-05-20 11:09:25,311 - INFO - Date range: 2010-01-19 00:00:00 to 2024-06-24 00:00:00
2025-05-20 11:09:25,313 - INFO - 
Training multi-day forecasting models...
2025-05-20 11:09:25,313 - INFO - 
--- Training models for 0-day ahead prediction ---
2025-05-20 11:09:25,313 - INFO - Using 55 features for day 0 prediction
2025-05-20 11:09:25,317 - INFO - 
Training data: 2883 samples from 2010-01-19 00:00:00 to 2022-03-09 00:00:00
2025-05-20 11:09:25,318 - INFO - Testing data: 721 samples from 2022-03-10 00:00:00 to 2024-06-30 00:00:00
2025-05-20 11:09:25,324 - INFO - Training models with 3-fold CV...
2025-05-20 11:09:25,324 - INFO - Training gbm model...
2025-05-20 11:09:25,325 - INFO -   Processing fold 1/3...
2025-05-20 11:09:25,887 - INFO -     Fold R²: 0.7516 (took 0.6s)
2025-05-20 11:09:25,887 - INFO -   Processing fold 2/3...
2025-05-20 11:09:26,435 - INFO -     Fold R²: 0.8629 (took 0.5s)
2025-05-20 11:09:26,435 - INFO -   Processing fold 3/3...
2025-05-20 11:09:26,979 - INFO -     Fold R²: 0.8041 (took 0.5s)
2025-05-20 11:09:26,980 - INFO - gbm CV R² scores: 0.8062 ± 0.0455
2025-05-20 11:09:26,980 - INFO - Training rf model...
2025-05-20 11:09:26,980 - INFO -   Processing fold 1/3...
2025-05-20 11:09:27,359 - INFO -     Fold R²: 0.6004 (took 0.4s)
2025-05-20 11:09:27,360 - INFO -   Processing fold 2/3...
2025-05-20 11:09:27,753 - INFO -     Fold R²: 0.7327 (took 0.4s)
2025-05-20 11:09:27,754 - INFO -   Processing fold 3/3...
2025-05-20 11:09:28,141 - INFO -     Fold R²: 0.6731 (took 0.4s)
2025-05-20 11:09:28,142 - INFO - rf CV R² scores: 0.6687 ± 0.0541
2025-05-20 11:09:28,142 - INFO - Training ridge model...
2025-05-20 11:09:28,142 - INFO -   Processing fold 1/3...
2025-05-20 11:09:28,145 - INFO -     Fold R²: 0.9999 (took 0.0s)
2025-05-20 11:09:28,146 - INFO -   Processing fold 2/3...
2025-05-20 11:09:28,149 - INFO -     Fold R²: 1.0000 (took 0.0s)
2025-05-20 11:09:28,149 - INFO -   Processing fold 3/3...
2025-05-20 11:09:28,152 - INFO -     Fold R²: 1.0000 (took 0.0s)
2025-05-20 11:09:28,153 - INFO - ridge CV R² scores: 0.9999 ± 0.0000
2025-05-20 11:09:28,154 - INFO - Ensemble metrics - R²: 0.9767, RMSE: 2.1828
2025-05-20 11:09:29,011 - INFO - 
--- Training models for 1-day ahead prediction ---
2025-05-20 11:09:29,011 - INFO - Using 55 features for day 1 prediction
2025-05-20 11:09:29,015 - INFO - 
Training data: 2882 samples from 2010-01-19 00:00:00 to 2022-03-08 00:00:00
2025-05-20 11:09:29,015 - INFO - Testing data: 721 samples from 2022-03-09 00:00:00 to 2024-06-29 00:00:00
2025-05-20 11:09:29,020 - INFO - Training models with 2-fold CV...
2025-05-20 11:09:29,021 - INFO - Training gbm model...
2025-05-20 11:09:29,021 - INFO -   Processing fold 1/2...
2025-05-20 11:09:29,456 - INFO -     Fold R²: 0.1436 (took 0.4s)
2025-05-20 11:09:29,457 - INFO -   Processing fold 2/2...
2025-05-20 11:09:29,899 - INFO -     Fold R²: 0.2885 (took 0.4s)
2025-05-20 11:09:29,900 - INFO - gbm CV R² scores: 0.2160 ± 0.0725
2025-05-20 11:09:29,900 - INFO - Training rf model...
2025-05-20 11:09:29,901 - INFO -   Processing fold 1/2...
2025-05-20 11:09:30,316 - INFO -     Fold R²: 0.2877 (took 0.4s)
2025-05-20 11:09:30,316 - INFO -   Processing fold 2/2...
2025-05-20 11:09:30,700 - INFO -     Fold R²: 0.3264 (took 0.4s)
2025-05-20 11:09:30,701 - INFO - rf CV R² scores: 0.3071 ± 0.0194
2025-05-20 11:09:30,701 - INFO - Training ridge model...
2025-05-20 11:09:30,701 - INFO -   Processing fold 1/2...
2025-05-20 11:09:30,705 - WARNING - Found 1 predictions > 100mm in ridge, fold 1
2025-05-20 11:09:30,705 - INFO -     Fold R²: 0.1699 (took 0.0s)
2025-05-20 11:09:30,705 - INFO -   Processing fold 2/2...
2025-05-20 11:09:30,709 - INFO -     Fold R²: 0.2944 (took 0.0s)
2025-05-20 11:09:30,709 - INFO - ridge CV R² scores: 0.2322 ± 0.0623
2025-05-20 11:09:30,712 - INFO - Ensemble metrics - R²: 0.4087, RMSE: 11.0002
2025-05-20 11:09:31,562 - INFO - 
--- Training models for 2-day ahead prediction ---
2025-05-20 11:09:31,563 - INFO - Using 55 features for day 2 prediction
2025-05-20 11:09:31,565 - INFO - 
Training data: 2881 samples from 2010-01-19 00:00:00 to 2022-03-07 00:00:00
2025-05-20 11:09:31,566 - INFO - Testing data: 721 samples from 2022-03-08 00:00:00 to 2024-06-28 00:00:00
2025-05-20 11:09:31,569 - INFO - Training models with 2-fold CV...
2025-05-20 11:09:31,570 - INFO - Training gbm model...
2025-05-20 11:09:31,570 - INFO -   Processing fold 1/2...
2025-05-20 11:09:31,983 - INFO -     Fold R²: 0.0480 (took 0.4s)
2025-05-20 11:09:31,983 - INFO -   Processing fold 2/2...
2025-05-20 11:09:32,432 - INFO -     Fold R²: 0.1557 (took 0.4s)
2025-05-20 11:09:32,433 - INFO - gbm CV R² scores: 0.1018 ± 0.0539
2025-05-20 11:09:32,433 - INFO - Training rf model...
2025-05-20 11:09:32,433 - INFO -   Processing fold 1/2...
2025-05-20 11:09:32,812 - INFO -     Fold R²: 0.1715 (took 0.4s)
2025-05-20 11:09:32,813 - INFO -   Processing fold 2/2...
2025-05-20 11:09:33,208 - INFO -     Fold R²: 0.1943 (took 0.4s)
2025-05-20 11:09:33,209 - INFO - rf CV R² scores: 0.1829 ± 0.0114
2025-05-20 11:09:33,209 - INFO - Training ridge model...
2025-05-20 11:09:33,210 - INFO -   Processing fold 1/2...
2025-05-20 11:09:33,213 - INFO -     Fold R²: -0.8985 (took 0.0s)
2025-05-20 11:09:33,213 - INFO -   Processing fold 2/2...
2025-05-20 11:09:33,215 - WARNING - Found 1 predictions > 100mm in ridge, fold 2
2025-05-20 11:09:33,215 - INFO -     Fold R²: 0.1583 (took 0.0s)
2025-05-20 11:09:33,216 - INFO - ridge CV R² scores: -0.3701 ± 0.5284
2025-05-20 11:09:33,217 - INFO - Ensemble metrics - R²: 0.2043, RMSE: 12.7605
2025-05-20 11:09:34,035 - INFO - 
--- Training models for 3-day ahead prediction ---
2025-05-20 11:09:34,035 - INFO - Using 55 features for day 3 prediction
2025-05-20 11:09:34,038 - INFO - 
Training data: 2880 samples from 2010-01-19 00:00:00 to 2022-03-06 00:00:00
2025-05-20 11:09:34,039 - INFO - Testing data: 721 samples from 2022-03-07 00:00:00 to 2024-06-27 00:00:00
2025-05-20 11:09:34,043 - INFO - Training models with 2-fold CV...
2025-05-20 11:09:34,043 - INFO - Training gbm model...
2025-05-20 11:09:34,043 - INFO -   Processing fold 1/2...
2025-05-20 11:09:34,466 - INFO -     Fold R²: 0.0538 (took 0.4s)
2025-05-20 11:09:34,466 - INFO -   Processing fold 2/2...
2025-05-20 11:09:34,903 - INFO -     Fold R²: 0.1627 (took 0.4s)
2025-05-20 11:09:34,903 - INFO - gbm CV R² scores: 0.1082 ± 0.0545
2025-05-20 11:09:34,905 - INFO - Training rf model...
2025-05-20 11:09:34,905 - INFO -   Processing fold 1/2...
2025-05-20 11:09:35,323 - INFO -     Fold R²: 0.1638 (took 0.4s)
2025-05-20 11:09:35,323 - INFO -   Processing fold 2/2...
2025-05-20 11:09:35,711 - INFO -     Fold R²: 0.1864 (took 0.4s)
2025-05-20 11:09:35,712 - INFO - rf CV R² scores: 0.1751 ± 0.0113
2025-05-20 11:09:35,712 - INFO - Training ridge model...
2025-05-20 11:09:35,712 - INFO -   Processing fold 1/2...
2025-05-20 11:09:35,716 - INFO -     Fold R²: -0.4935 (took 0.0s)
2025-05-20 11:09:35,716 - INFO -   Processing fold 2/2...
2025-05-20 11:09:35,719 - INFO -     Fold R²: 0.1485 (took 0.0s)
2025-05-20 11:09:35,719 - INFO - ridge CV R² scores: -0.1725 ± 0.3210
2025-05-20 11:09:35,721 - INFO - Ensemble metrics - R²: 0.1797, RMSE: 12.9569
2025-05-20 11:09:36,563 - INFO - 
--- Training models for 4-day ahead prediction ---
2025-05-20 11:09:36,564 - INFO - Using 55 features for day 4 prediction
2025-05-20 11:09:36,567 - INFO - 
Training data: 2880 samples from 2010-01-19 00:00:00 to 2022-03-06 00:00:00
2025-05-20 11:09:36,567 - INFO - Testing data: 720 samples from 2022-03-07 00:00:00 to 2024-06-26 00:00:00
2025-05-20 11:09:36,571 - INFO - Training models with 2-fold CV...
2025-05-20 11:09:36,571 - INFO - Training gbm model...
2025-05-20 11:09:36,572 - INFO -   Processing fold 1/2...
2025-05-20 11:09:36,999 - INFO -     Fold R²: 0.1059 (took 0.4s)
2025-05-20 11:09:37,000 - INFO -   Processing fold 2/2...
2025-05-20 11:09:37,439 - INFO -     Fold R²: 0.1575 (took 0.4s)
2025-05-20 11:09:37,440 - INFO - gbm CV R² scores: 0.1317 ± 0.0258
2025-05-20 11:09:37,440 - INFO - Training rf model...
2025-05-20 11:09:37,440 - INFO -   Processing fold 1/2...
2025-05-20 11:09:37,826 - INFO -     Fold R²: 0.1636 (took 0.4s)
2025-05-20 11:09:37,826 - INFO -   Processing fold 2/2...
2025-05-20 11:09:38,218 - INFO -     Fold R²: 0.1925 (took 0.4s)
2025-05-20 11:09:38,219 - INFO - rf CV R² scores: 0.1781 ± 0.0145
2025-05-20 11:09:38,219 - INFO - Training ridge model...
2025-05-20 11:09:38,219 - INFO -   Processing fold 1/2...
2025-05-20 11:09:38,222 - INFO -     Fold R²: 0.0826 (took 0.0s)
2025-05-20 11:09:38,223 - INFO -   Processing fold 2/2...
2025-05-20 11:09:38,225 - INFO -     Fold R²: 0.1636 (took 0.0s)
2025-05-20 11:09:38,225 - INFO - ridge CV R² scores: 0.1231 ± 0.0405
2025-05-20 11:09:38,227 - INFO - Ensemble metrics - R²: 0.1973, RMSE: 12.8237
2025-05-20 11:09:39,048 - INFO - 
--- Training models for 5-day ahead prediction ---
2025-05-20 11:09:39,048 - INFO - Using 55 features for day 5 prediction
2025-05-20 11:09:39,051 - INFO - 
Training data: 2879 samples from 2010-01-19 00:00:00 to 2022-03-05 00:00:00
2025-05-20 11:09:39,052 - INFO - Testing data: 720 samples from 2022-03-06 00:00:00 to 2024-06-24 00:00:00
2025-05-20 11:09:39,057 - INFO - Training models with 2-fold CV...
2025-05-20 11:09:39,057 - INFO - Training gbm model...
2025-05-20 11:09:39,057 - INFO -   Processing fold 1/2...
2025-05-20 11:09:39,487 - INFO -     Fold R²: 0.0470 (took 0.4s)
2025-05-20 11:09:39,488 - INFO -   Processing fold 2/2...
2025-05-20 11:09:39,930 - INFO -     Fold R²: 0.1738 (took 0.4s)
2025-05-20 11:09:39,930 - INFO - gbm CV R² scores: 0.1104 ± 0.0634
2025-05-20 11:09:39,930 - INFO - Training rf model...
2025-05-20 11:09:39,931 - INFO -   Processing fold 1/2...
2025-05-20 11:09:40,314 - INFO -     Fold R²: 0.1428 (took 0.4s)
2025-05-20 11:09:40,315 - INFO -   Processing fold 2/2...
2025-05-20 11:09:40,743 - INFO -     Fold R²: 0.2005 (took 0.4s)
2025-05-20 11:09:40,743 - INFO - rf CV R² scores: 0.1716 ± 0.0288
2025-05-20 11:09:40,744 - INFO - Training ridge model...
2025-05-20 11:09:40,744 - INFO -   Processing fold 1/2...
2025-05-20 11:09:40,747 - WARNING - Found 1 predictions > 100mm in ridge, fold 1
2025-05-20 11:09:40,747 - INFO -     Fold R²: 0.1046 (took 0.0s)
2025-05-20 11:09:40,747 - INFO -   Processing fold 2/2...
2025-05-20 11:09:40,750 - WARNING - Found 1 predictions > 100mm in ridge, fold 2
2025-05-20 11:09:40,750 - INFO -     Fold R²: 0.1523 (took 0.0s)
2025-05-20 11:09:40,750 - INFO - ridge CV R² scores: 0.1284 ± 0.0238
2025-05-20 11:09:40,751 - INFO - Ensemble metrics - R²: 0.1853, RMSE: 12.9188
2025-05-20 11:09:43,027 - INFO - Saved ensemble model for 0-day ahead prediction in gbm\models\day_0
2025-05-20 11:09:43,030 - INFO - Saved ensemble model for 1-day ahead prediction in gbm\models\day_1
2025-05-20 11:09:43,033 - INFO - Saved ensemble model for 2-day ahead prediction in gbm\models\day_2
2025-05-20 11:09:43,035 - INFO - Saved ensemble model for 3-day ahead prediction in gbm\models\day_3
2025-05-20 11:09:43,038 - INFO - Saved ensemble model for 4-day ahead prediction in gbm\models\day_4
2025-05-20 11:09:43,042 - INFO - Saved ensemble model for 5-day ahead prediction in gbm\models\day_5
2025-05-20 11:09:43,047 - INFO - 
Model saved to gbm\models\gbm_model.pkl
2025-05-20 11:09:43,047 - INFO - Scaler saved to gbm\models\scaler.pkl
2025-05-20 11:09:43,047 - INFO - Feature list saved to gbm\models\feature_columns.pkl
2025-05-20 11:09:43,047 - INFO - Process completed successfully.
2025-05-20 11:14:14,448 - INFO - Loading dataset...
2025-05-20 11:14:14,455 - INFO - Preprocessing data...
2025-05-20 11:14:14,456 - INFO - Initial dataset size: 5295
2025-05-20 11:14:14,655 - INFO - 
Outliers removed: 52 rows
2025-05-20 11:14:14,656 - INFO - Dates with extreme rainfall (>100mm):
2025-05-20 11:14:14,656 - INFO - Date: 2010-01-15 00:00:00, Rainfall: 110.0mm
2025-05-20 11:14:14,656 - INFO - Date: 2010-02-20 00:00:00, Rainfall: 180.0mm
2025-05-20 11:14:14,657 - INFO - Date: 2011-02-05 00:00:00, Rainfall: 113.0mm
2025-05-20 11:14:14,657 - INFO - Date: 2011-02-06 00:00:00, Rainfall: 122.0mm
2025-05-20 11:14:14,657 - INFO - Date: 2012-03-15 00:00:00, Rainfall: 141.0mm
2025-05-20 11:14:14,657 - INFO - Date: 2012-05-13 00:00:00, Rainfall: 125.0mm
2025-05-20 11:14:14,658 - INFO - Date: 2013-01-02 00:00:00, Rainfall: 120.8mm
2025-05-20 11:14:14,658 - INFO - Date: 2013-01-04 00:00:00, Rainfall: 103.5mm
2025-05-20 11:14:14,658 - INFO - Date: 2014-01-13 00:00:00, Rainfall: 105.2mm
2025-05-20 11:14:14,658 - INFO - Date: 2014-04-08 00:00:00, Rainfall: 137.9mm
2025-05-20 11:14:14,658 - INFO - Date: 2014-12-06 00:00:00, Rainfall: 137.4mm
2025-05-20 11:14:14,659 - INFO - Date: 2014-12-07 00:00:00, Rainfall: 105.4mm
2025-05-20 11:14:14,659 - INFO - Date: 2015-01-22 00:00:00, Rainfall: 160.3mm
2025-05-20 11:14:14,659 - INFO - Date: 2015-03-03 00:00:00, Rainfall: 127.6mm
2025-05-20 11:14:14,659 - INFO - Date: 2015-12-18 00:00:00, Rainfall: 130.7mm
2025-05-20 11:14:14,659 - INFO - Date: 2015-12-19 00:00:00, Rainfall: 112.4mm
2025-05-20 11:14:14,660 - INFO - Date: 2016-01-22 00:00:00, Rainfall: 160.3mm
2025-05-20 11:14:14,660 - INFO - Date: 2016-02-28 00:00:00, Rainfall: 103.4mm
2025-05-20 11:14:14,660 - INFO - Date: 2016-10-10 00:00:00, Rainfall: 127.4mm
2025-05-20 11:14:14,660 - INFO - Date: 2016-10-25 00:00:00, Rainfall: 188.7mm
2025-05-20 11:14:14,661 - INFO - Date: 2016-12-13 00:00:00, Rainfall: 101.0mm
2025-05-20 11:14:14,661 - INFO - Date: 2016-12-30 00:00:00, Rainfall: 115.3mm
2025-05-20 11:14:14,661 - INFO - Date: 2017-01-26 00:00:00, Rainfall: 107.9mm
2025-05-20 11:14:14,662 - INFO - Date: 2017-02-17 00:00:00, Rainfall: 120.3mm
2025-05-20 11:14:14,662 - INFO - Date: 2017-12-13 00:00:00, Rainfall: 106.0mm
2025-05-20 11:14:14,662 - INFO - Date: 2017-12-20 00:00:00, Rainfall: 101.4mm
2025-05-20 11:14:14,663 - INFO - Date: 2017-12-21 00:00:00, Rainfall: 109.3mm
2025-05-20 11:14:14,663 - INFO - Date: 2017-12-22 00:00:00, Rainfall: 156.0mm
2025-05-20 11:14:14,663 - INFO - Date: 2018-01-12 00:00:00, Rainfall: 124.6mm
2025-05-20 11:14:14,664 - INFO - Date: 2018-01-13 00:00:00, Rainfall: 104.5mm
2025-05-20 11:14:14,664 - INFO - Date: 2018-02-16 00:00:00, Rainfall: 112.8mm
2025-05-20 11:14:14,664 - INFO - Date: 2018-03-14 00:00:00, Rainfall: 152.1mm
2025-05-20 11:14:14,666 - INFO - Date: 2018-12-23 00:00:00, Rainfall: 108.7mm
2025-05-20 11:14:14,666 - INFO - Date: 2018-12-28 00:00:00, Rainfall: 140.3mm
2025-05-20 11:14:14,666 - INFO - Date: 2019-04-29 00:00:00, Rainfall: 107.0mm
2025-05-20 11:14:14,667 - INFO - Date: 2020-05-22 00:00:00, Rainfall: 122.9mm
2025-05-20 11:14:14,667 - INFO - Date: 2021-01-16 00:00:00, Rainfall: 109.4mm
2025-05-20 11:14:14,667 - INFO - Date: 2021-01-19 00:00:00, Rainfall: 111.0mm
2025-05-20 11:14:14,668 - INFO - Date: 2021-01-25 00:00:00, Rainfall: 100.9mm
2025-05-20 11:14:14,668 - INFO - Date: 2021-03-10 00:00:00, Rainfall: 153.7mm
2025-05-20 11:14:14,668 - INFO - Date: 2021-04-02 00:00:00, Rainfall: 135.8mm
2025-05-20 11:14:14,669 - INFO - Date: 2021-12-06 00:00:00, Rainfall: 145.9mm
2025-05-20 11:14:14,669 - INFO - Date: 2021-12-07 00:00:00, Rainfall: 218.8mm
2025-05-20 11:14:14,669 - INFO - Date: 2022-01-01 00:00:00, Rainfall: 110.4mm
2025-05-20 11:14:14,670 - INFO - Date: 2022-01-20 00:00:00, Rainfall: 123.1mm
2025-05-20 11:14:14,670 - INFO - Date: 2022-02-21 00:00:00, Rainfall: 155.3mm
2025-05-20 11:14:14,670 - INFO - Date: 2022-05-27 00:00:00, Rainfall: 147.6mm
2025-05-20 11:14:14,671 - INFO - Date: 2022-10-07 00:00:00, Rainfall: 101.6mm
2025-05-20 11:14:14,671 - INFO - Date: 2022-12-28 00:00:00, Rainfall: 102.0mm
2025-05-20 11:14:14,671 - INFO - Date: 2023-02-02 00:00:00, Rainfall: 200.0mm
2025-05-20 11:14:14,671 - INFO - Date: 2023-02-13 00:00:00, Rainfall: 200.0mm
2025-05-20 11:14:14,672 - INFO - Date: 2023-02-14 00:00:00, Rainfall: 183.0mm
2025-05-20 11:14:15,773 - INFO - 
Rows dropped due to NaN values: 53
2025-05-20 11:14:15,776 - INFO - 
Final dataset size: 3604
2025-05-20 11:14:15,776 - INFO - Total rows removed: 1691
2025-05-20 11:14:15,776 - INFO - 
Rainfall Statistics After Processing:
2025-05-20 11:14:15,776 - INFO - Mean: 9.88mm
2025-05-20 11:14:15,777 - INFO - Median: 1.00mm
2025-05-20 11:14:15,777 - INFO - Std Dev: 17.50mm
2025-05-20 11:14:15,777 - INFO - Max: 100.00mm
2025-05-20 11:14:15,780 - INFO - 
No NaN values remain in the dataset.
2025-05-20 11:14:15,780 - INFO - 
Final feature list (55 features):
2025-05-20 11:14:15,781 - INFO - Tn, Tx, Tavg, RH_avg, ss, ff_x, ff_avg, ddd_x, Month, Day, DayOfWeek, Season, Temp_Range, Month_sin, Month_cos, Day_sin, Day_cos, DayOfYear_sin, DayOfYear_cos, Temp_Humidity, Temp_Range_RH, Dew_Point, Heat_Index, Rain_Streak, Dry_Streak, RR_Rolling_Mean_3d, RR_Rolling_Std_3d, Tavg_Rolling_Mean_3d, RH_Rolling_Mean_3d, RR_Rolling_Mean_7d, RR_Rolling_Std_7d, Tavg_Rolling_Mean_7d, RH_Rolling_Mean_7d, RR_Rolling_Mean_14d, RR_Rolling_Std_14d, Tavg_Rolling_Mean_14d, RH_Rolling_Mean_14d, RR_Lag_1, Tavg_Lag_1, Rain_Binary_Lag_1, RR_Lag_2, Tavg_Lag_2, Rain_Binary_Lag_2, RR_Lag_3, Tavg_Lag_3, Rain_Binary_Lag_3, RR_Lag_5, Tavg_Lag_5, Rain_Binary_Lag_5, RR_Lag_7, Tavg_Lag_7, Rain_Binary_Lag_7, RR_Lag_14, Tavg_Lag_14, Rain_Binary_Lag_14
2025-05-20 11:14:15,786 - INFO - 
Plotting correlations for top 15 features: RR_Rolling_Mean_3d, RR_Rolling_Std_3d, RR_Rolling_Mean_7d, RR_Rolling_Std_7d, Tx, RR_Rolling_Mean_14d, RH_avg, Tavg, RH_Rolling_Mean_3d, RR_Rolling_Std_14d, Tavg_Rolling_Mean_3d, Tavg_Lag_1, RH_Rolling_Mean_7d, Heat_Index, DayOfYear_cos
2025-05-20 11:14:17,665 - INFO - Training and evaluating model...
2025-05-20 11:14:17,666 - INFO - 
Feature matrix shape: (3604, 55)
2025-05-20 11:14:17,673 - INFO - 
Training Gradient Boosting model...
2025-05-20 11:14:22,783 - INFO - Making predictions...
2025-05-20 11:14:22,786 - INFO - 
Model evaluation metrics:
2025-05-20 11:14:22,786 - INFO - Mean Squared Error (MSE): 5.6175
2025-05-20 11:14:22,786 - INFO - Root Mean Squared Error (RMSE): 2.3701
2025-05-20 11:14:22,787 - INFO - Mean Absolute Error (MAE): 1.0219
2025-05-20 11:14:22,787 - INFO - R-squared (R²): 0.9726
2025-05-20 11:14:22,915 - INFO - Computing permutation importance (this may take a while)...
2025-05-20 11:14:26,083 - INFO - 
Feature Importance (top 10):
2025-05-20 11:14:26,083 - INFO - RR_Rolling_Mean_3d: 3.1787
2025-05-20 11:14:26,083 - INFO - RR_Lag_2: 0.6252
2025-05-20 11:14:26,084 - INFO - RR_Lag_1: 0.5478
2025-05-20 11:14:26,084 - INFO - RR_Rolling_Std_3d: 0.0833
2025-05-20 11:14:26,084 - INFO - Tx: 0.0134
2025-05-20 11:14:26,084 - INFO - Rain_Streak: 0.0037
2025-05-20 11:14:26,085 - INFO - Dry_Streak: 0.0034
2025-05-20 11:14:26,085 - INFO - Tn: 0.0022
2025-05-20 11:14:26,085 - INFO - RR_Rolling_Std_7d: 0.0021
2025-05-20 11:14:26,085 - INFO - Tavg_Lag_2: 0.0020
2025-05-20 11:14:26,266 - INFO - 
Preparing multi-day forecasting dataset...
2025-05-20 11:14:26,272 - INFO - 
Initial data shape: (3604, 61)
2025-05-20 11:14:26,277 - INFO - 
Preparing dataset for 1-day ahead prediction
2025-05-20 11:14:26,280 - INFO - NaN counts before dropping:
Tanggal                  0
Tn                       0
Tx                       0
Tavg                     0
RH_avg                   0
ss                       0
ff_x                     0
ff_avg                   0
ddd_x                    0
Month                    0
Day                      0
DayOfWeek                0
Season                   0
Temp_Range               0
Month_sin                0
Month_cos                0
Day_sin                  0
Day_cos                  0
DayOfYear_sin            0
DayOfYear_cos            0
Temp_Humidity            0
Temp_Range_RH            0
Dew_Point                0
Heat_Index               0
Rain_Streak              0
Dry_Streak               0
RR_Rolling_Mean_3d       0
RR_Rolling_Std_3d        0
Tavg_Rolling_Mean_3d     0
RH_Rolling_Mean_3d       0
RR_Rolling_Mean_7d       0
RR_Rolling_Std_7d        0
Tavg_Rolling_Mean_7d     0
RH_Rolling_Mean_7d       0
RR_Rolling_Mean_14d      0
RR_Rolling_Std_14d       0
Tavg_Rolling_Mean_14d    0
RH_Rolling_Mean_14d      0
RR_Lag_1                 0
Tavg_Lag_1               0
Rain_Binary_Lag_1        0
RR_Lag_2                 0
Tavg_Lag_2               0
Rain_Binary_Lag_2        0
RR_Lag_3                 0
Tavg_Lag_3               0
Rain_Binary_Lag_3        0
RR_Lag_5                 0
Tavg_Lag_5               0
Rain_Binary_Lag_5        0
RR_Lag_7                 0
Tavg_Lag_7               0
Rain_Binary_Lag_7        0
RR_Lag_14                0
Tavg_Lag_14              0
Rain_Binary_Lag_14       0
Future_RR_1d             1
dtype: int64
2025-05-20 11:14:26,283 - INFO - Day 1 dataset shape after processing: (3603, 58)
2025-05-20 11:14:26,283 - INFO - Date range: 2010-01-19 00:00:00 to 2024-06-29 00:00:00
2025-05-20 11:14:26,285 - INFO - 
Preparing dataset for 2-day ahead prediction
2025-05-20 11:14:26,288 - INFO - NaN counts before dropping:
Tanggal                  0
Tn                       0
Tx                       0
Tavg                     0
RH_avg                   0
ss                       0
ff_x                     0
ff_avg                   0
ddd_x                    0
Month                    0
Day                      0
DayOfWeek                0
Season                   0
Temp_Range               0
Month_sin                0
Month_cos                0
Day_sin                  0
Day_cos                  0
DayOfYear_sin            0
DayOfYear_cos            0
Temp_Humidity            0
Temp_Range_RH            0
Dew_Point                0
Heat_Index               0
Rain_Streak              0
Dry_Streak               0
RR_Rolling_Mean_3d       0
RR_Rolling_Std_3d        0
Tavg_Rolling_Mean_3d     0
RH_Rolling_Mean_3d       0
RR_Rolling_Mean_7d       0
RR_Rolling_Std_7d        0
Tavg_Rolling_Mean_7d     0
RH_Rolling_Mean_7d       0
RR_Rolling_Mean_14d      0
RR_Rolling_Std_14d       0
Tavg_Rolling_Mean_14d    0
RH_Rolling_Mean_14d      0
RR_Lag_1                 0
Tavg_Lag_1               0
Rain_Binary_Lag_1        0
RR_Lag_2                 0
Tavg_Lag_2               0
Rain_Binary_Lag_2        0
RR_Lag_3                 0
Tavg_Lag_3               0
Rain_Binary_Lag_3        0
RR_Lag_5                 0
Tavg_Lag_5               0
Rain_Binary_Lag_5        0
RR_Lag_7                 0
Tavg_Lag_7               0
Rain_Binary_Lag_7        0
RR_Lag_14                0
Tavg_Lag_14              0
Rain_Binary_Lag_14       0
Future_RR_2d             2
dtype: int64
2025-05-20 11:14:26,291 - INFO - Day 2 dataset shape after processing: (3602, 58)
2025-05-20 11:14:26,292 - INFO - Date range: 2010-01-19 00:00:00 to 2024-06-28 00:00:00
2025-05-20 11:14:26,293 - INFO - 
Preparing dataset for 3-day ahead prediction
2025-05-20 11:14:26,294 - INFO - NaN counts before dropping:
Tanggal                  0
Tn                       0
Tx                       0
Tavg                     0
RH_avg                   0
ss                       0
ff_x                     0
ff_avg                   0
ddd_x                    0
Month                    0
Day                      0
DayOfWeek                0
Season                   0
Temp_Range               0
Month_sin                0
Month_cos                0
Day_sin                  0
Day_cos                  0
DayOfYear_sin            0
DayOfYear_cos            0
Temp_Humidity            0
Temp_Range_RH            0
Dew_Point                0
Heat_Index               0
Rain_Streak              0
Dry_Streak               0
RR_Rolling_Mean_3d       0
RR_Rolling_Std_3d        0
Tavg_Rolling_Mean_3d     0
RH_Rolling_Mean_3d       0
RR_Rolling_Mean_7d       0
RR_Rolling_Std_7d        0
Tavg_Rolling_Mean_7d     0
RH_Rolling_Mean_7d       0
RR_Rolling_Mean_14d      0
RR_Rolling_Std_14d       0
Tavg_Rolling_Mean_14d    0
RH_Rolling_Mean_14d      0
RR_Lag_1                 0
Tavg_Lag_1               0
Rain_Binary_Lag_1        0
RR_Lag_2                 0
Tavg_Lag_2               0
Rain_Binary_Lag_2        0
RR_Lag_3                 0
Tavg_Lag_3               0
Rain_Binary_Lag_3        0
RR_Lag_5                 0
Tavg_Lag_5               0
Rain_Binary_Lag_5        0
RR_Lag_7                 0
Tavg_Lag_7               0
Rain_Binary_Lag_7        0
RR_Lag_14                0
Tavg_Lag_14              0
Rain_Binary_Lag_14       0
Future_RR_3d             3
dtype: int64
2025-05-20 11:14:26,299 - INFO - Day 3 dataset shape after processing: (3601, 58)
2025-05-20 11:14:26,300 - INFO - Date range: 2010-01-19 00:00:00 to 2024-06-27 00:00:00
2025-05-20 11:14:26,301 - INFO - 
Preparing dataset for 4-day ahead prediction
2025-05-20 11:14:26,303 - INFO - NaN counts before dropping:
Tanggal                  0
Tn                       0
Tx                       0
Tavg                     0
RH_avg                   0
ss                       0
ff_x                     0
ff_avg                   0
ddd_x                    0
Month                    0
Day                      0
DayOfWeek                0
Season                   0
Temp_Range               0
Month_sin                0
Month_cos                0
Day_sin                  0
Day_cos                  0
DayOfYear_sin            0
DayOfYear_cos            0
Temp_Humidity            0
Temp_Range_RH            0
Dew_Point                0
Heat_Index               0
Rain_Streak              0
Dry_Streak               0
RR_Rolling_Mean_3d       0
RR_Rolling_Std_3d        0
Tavg_Rolling_Mean_3d     0
RH_Rolling_Mean_3d       0
RR_Rolling_Mean_7d       0
RR_Rolling_Std_7d        0
Tavg_Rolling_Mean_7d     0
RH_Rolling_Mean_7d       0
RR_Rolling_Mean_14d      0
RR_Rolling_Std_14d       0
Tavg_Rolling_Mean_14d    0
RH_Rolling_Mean_14d      0
RR_Lag_1                 0
Tavg_Lag_1               0
Rain_Binary_Lag_1        0
RR_Lag_2                 0
Tavg_Lag_2               0
Rain_Binary_Lag_2        0
RR_Lag_3                 0
Tavg_Lag_3               0
Rain_Binary_Lag_3        0
RR_Lag_5                 0
Tavg_Lag_5               0
Rain_Binary_Lag_5        0
RR_Lag_7                 0
Tavg_Lag_7               0
Rain_Binary_Lag_7        0
RR_Lag_14                0
Tavg_Lag_14              0
Rain_Binary_Lag_14       0
Future_RR_4d             4
dtype: int64
2025-05-20 11:14:26,307 - INFO - Day 4 dataset shape after processing: (3600, 58)
2025-05-20 11:14:26,307 - INFO - Date range: 2010-01-19 00:00:00 to 2024-06-26 00:00:00
2025-05-20 11:14:26,308 - INFO - 
Preparing dataset for 5-day ahead prediction
2025-05-20 11:14:26,311 - INFO - NaN counts before dropping:
Tanggal                  0
Tn                       0
Tx                       0
Tavg                     0
RH_avg                   0
ss                       0
ff_x                     0
ff_avg                   0
ddd_x                    0
Month                    0
Day                      0
DayOfWeek                0
Season                   0
Temp_Range               0
Month_sin                0
Month_cos                0
Day_sin                  0
Day_cos                  0
DayOfYear_sin            0
DayOfYear_cos            0
Temp_Humidity            0
Temp_Range_RH            0
Dew_Point                0
Heat_Index               0
Rain_Streak              0
Dry_Streak               0
RR_Rolling_Mean_3d       0
RR_Rolling_Std_3d        0
Tavg_Rolling_Mean_3d     0
RH_Rolling_Mean_3d       0
RR_Rolling_Mean_7d       0
RR_Rolling_Std_7d        0
Tavg_Rolling_Mean_7d     0
RH_Rolling_Mean_7d       0
RR_Rolling_Mean_14d      0
RR_Rolling_Std_14d       0
Tavg_Rolling_Mean_14d    0
RH_Rolling_Mean_14d      0
RR_Lag_1                 0
Tavg_Lag_1               0
Rain_Binary_Lag_1        0
RR_Lag_2                 0
Tavg_Lag_2               0
Rain_Binary_Lag_2        0
RR_Lag_3                 0
Tavg_Lag_3               0
Rain_Binary_Lag_3        0
RR_Lag_5                 0
Tavg_Lag_5               0
Rain_Binary_Lag_5        0
RR_Lag_7                 0
Tavg_Lag_7               0
Rain_Binary_Lag_7        0
RR_Lag_14                0
Tavg_Lag_14              0
Rain_Binary_Lag_14       0
Future_RR_5d             5
dtype: int64
2025-05-20 11:14:26,314 - INFO - Day 5 dataset shape after processing: (3599, 58)
2025-05-20 11:14:26,314 - INFO - Date range: 2010-01-19 00:00:00 to 2024-06-24 00:00:00
2025-05-20 11:14:26,316 - INFO - 
Training multi-day forecasting models...
2025-05-20 11:14:26,317 - INFO - 
--- Training models for 0-day ahead prediction ---
2025-05-20 11:14:26,317 - INFO - Using 55 features for day 0 prediction
2025-05-20 11:14:26,320 - INFO - 
Training data: 2883 samples from 2010-01-19 00:00:00 to 2022-03-09 00:00:00
2025-05-20 11:14:26,320 - INFO - Testing data: 721 samples from 2022-03-10 00:00:00 to 2024-06-30 00:00:00
2025-05-20 11:14:26,325 - INFO - Training models with 3-fold CV...
2025-05-20 11:14:26,326 - INFO - Training gbm model...
2025-05-20 11:14:26,326 - INFO -   Processing fold 1/3...
2025-05-20 11:14:26,888 - INFO -     Fold R²: 0.7516 (took 0.6s)
2025-05-20 11:14:26,889 - INFO -   Processing fold 2/3...
2025-05-20 11:14:27,436 - INFO -     Fold R²: 0.8629 (took 0.5s)
2025-05-20 11:14:27,437 - INFO -   Processing fold 3/3...
2025-05-20 11:14:27,972 - INFO -     Fold R²: 0.8041 (took 0.5s)
2025-05-20 11:14:27,973 - INFO - gbm CV R² scores: 0.8062 ± 0.0455
2025-05-20 11:14:27,973 - INFO - Training rf model...
2025-05-20 11:14:27,973 - INFO -   Processing fold 1/3...
2025-05-20 11:14:28,356 - INFO -     Fold R²: 0.6004 (took 0.4s)
2025-05-20 11:14:28,356 - INFO -   Processing fold 2/3...
2025-05-20 11:14:28,775 - INFO -     Fold R²: 0.7327 (took 0.4s)
2025-05-20 11:14:28,776 - INFO -   Processing fold 3/3...
2025-05-20 11:14:29,160 - INFO -     Fold R²: 0.6731 (took 0.4s)
2025-05-20 11:14:29,161 - INFO - rf CV R² scores: 0.6687 ± 0.0541
2025-05-20 11:14:29,161 - INFO - Training ridge model...
2025-05-20 11:14:29,161 - INFO -   Processing fold 1/3...
2025-05-20 11:14:29,165 - INFO -     Fold R²: 0.9999 (took 0.0s)
2025-05-20 11:14:29,166 - INFO -   Processing fold 2/3...
2025-05-20 11:14:29,169 - INFO -     Fold R²: 1.0000 (took 0.0s)
2025-05-20 11:14:29,170 - INFO -   Processing fold 3/3...
2025-05-20 11:14:29,173 - INFO -     Fold R²: 1.0000 (took 0.0s)
2025-05-20 11:14:29,173 - INFO - ridge CV R² scores: 0.9999 ± 0.0000
2025-05-20 11:14:29,175 - INFO - Original Ensemble metrics - R²: 0.9767, RMSE: 2.1828
2025-05-20 11:14:29,175 - INFO - Ensemble with std metrics - R²: 0.8000, RMSE: 6.3974
2025-05-20 11:14:29,855 - INFO - 
--- Training models for 1-day ahead prediction ---
2025-05-20 11:14:29,855 - INFO - Using 55 features for day 1 prediction
2025-05-20 11:14:29,857 - INFO - 
Training data: 2882 samples from 2010-01-19 00:00:00 to 2022-03-08 00:00:00
2025-05-20 11:14:29,858 - INFO - Testing data: 721 samples from 2022-03-09 00:00:00 to 2024-06-29 00:00:00
2025-05-20 11:14:29,864 - INFO - Training models with 2-fold CV...
2025-05-20 11:14:29,864 - INFO - Training gbm model...
2025-05-20 11:14:29,864 - INFO -   Processing fold 1/2...
2025-05-20 11:14:30,292 - INFO -     Fold R²: 0.1436 (took 0.4s)
2025-05-20 11:14:30,292 - INFO -   Processing fold 2/2...
2025-05-20 11:14:30,725 - INFO -     Fold R²: 0.2885 (took 0.4s)
2025-05-20 11:14:30,726 - INFO - gbm CV R² scores: 0.2160 ± 0.0725
2025-05-20 11:14:30,726 - INFO - Training rf model...
2025-05-20 11:14:30,726 - INFO -   Processing fold 1/2...
2025-05-20 11:14:31,112 - INFO -     Fold R²: 0.2877 (took 0.4s)
2025-05-20 11:14:31,113 - INFO -   Processing fold 2/2...
2025-05-20 11:14:31,541 - INFO -     Fold R²: 0.3264 (took 0.4s)
2025-05-20 11:14:31,542 - INFO - rf CV R² scores: 0.3071 ± 0.0194
2025-05-20 11:14:31,542 - INFO - Training ridge model...
2025-05-20 11:14:31,543 - INFO -   Processing fold 1/2...
2025-05-20 11:14:31,546 - WARNING - Found 1 predictions > 100mm in ridge, fold 1
2025-05-20 11:14:31,546 - INFO -     Fold R²: 0.1699 (took 0.0s)
2025-05-20 11:14:31,546 - INFO -   Processing fold 2/2...
2025-05-20 11:14:31,548 - INFO -     Fold R²: 0.2944 (took 0.0s)
2025-05-20 11:14:31,549 - INFO - ridge CV R² scores: 0.2322 ± 0.0623
2025-05-20 11:14:31,550 - INFO - Original Ensemble metrics - R²: 0.4087, RMSE: 11.0002
2025-05-20 11:14:31,550 - INFO - Ensemble with std metrics - R²: 0.2905, RMSE: 12.0499
2025-05-20 11:14:32,284 - INFO - 
--- Training models for 2-day ahead prediction ---
2025-05-20 11:14:32,284 - INFO - Using 55 features for day 2 prediction
2025-05-20 11:14:32,288 - INFO - 
Training data: 2881 samples from 2010-01-19 00:00:00 to 2022-03-07 00:00:00
2025-05-20 11:14:32,288 - INFO - Testing data: 721 samples from 2022-03-08 00:00:00 to 2024-06-28 00:00:00
2025-05-20 11:14:32,292 - INFO - Training models with 2-fold CV...
2025-05-20 11:14:32,292 - INFO - Training gbm model...
2025-05-20 11:14:32,293 - INFO -   Processing fold 1/2...
2025-05-20 11:14:32,703 - INFO -     Fold R²: 0.0480 (took 0.4s)
2025-05-20 11:14:32,703 - INFO -   Processing fold 2/2...
2025-05-20 11:14:33,144 - INFO -     Fold R²: 0.1557 (took 0.4s)
2025-05-20 11:14:33,145 - INFO - gbm CV R² scores: 0.1018 ± 0.0539
2025-05-20 11:14:33,145 - INFO - Training rf model...
2025-05-20 11:14:33,146 - INFO -   Processing fold 1/2...
2025-05-20 11:14:33,541 - INFO -     Fold R²: 0.1715 (took 0.4s)
2025-05-20 11:14:33,542 - INFO -   Processing fold 2/2...
2025-05-20 11:14:33,929 - INFO -     Fold R²: 0.1943 (took 0.4s)
2025-05-20 11:14:33,930 - INFO - rf CV R² scores: 0.1829 ± 0.0114
2025-05-20 11:14:33,930 - INFO - Training ridge model...
2025-05-20 11:14:33,930 - INFO -   Processing fold 1/2...
2025-05-20 11:14:33,933 - INFO -     Fold R²: -0.8985 (took 0.0s)
2025-05-20 11:14:33,933 - INFO -   Processing fold 2/2...
2025-05-20 11:14:33,936 - WARNING - Found 1 predictions > 100mm in ridge, fold 2
2025-05-20 11:14:33,936 - INFO -     Fold R²: 0.1583 (took 0.0s)
2025-05-20 11:14:33,936 - INFO - ridge CV R² scores: -0.3701 ± 0.5284
2025-05-20 11:14:33,938 - INFO - Original Ensemble metrics - R²: 0.2043, RMSE: 12.7605
2025-05-20 11:14:33,938 - INFO - Ensemble with std metrics - R²: 0.0978, RMSE: 13.5879
2025-05-20 11:14:34,637 - INFO - 
--- Training models for 3-day ahead prediction ---
2025-05-20 11:14:34,637 - INFO - Using 55 features for day 3 prediction
2025-05-20 11:14:34,641 - INFO - 
Training data: 2880 samples from 2010-01-19 00:00:00 to 2022-03-06 00:00:00
2025-05-20 11:14:34,641 - INFO - Testing data: 721 samples from 2022-03-07 00:00:00 to 2024-06-27 00:00:00
2025-05-20 11:14:34,646 - INFO - Training models with 2-fold CV...
2025-05-20 11:14:34,646 - INFO - Training gbm model...
2025-05-20 11:14:34,646 - INFO -   Processing fold 1/2...
2025-05-20 11:14:35,085 - INFO -     Fold R²: 0.0538 (took 0.4s)
2025-05-20 11:14:35,086 - INFO -   Processing fold 2/2...
2025-05-20 11:14:35,540 - INFO -     Fold R²: 0.1627 (took 0.5s)
2025-05-20 11:14:35,541 - INFO - gbm CV R² scores: 0.1082 ± 0.0545
2025-05-20 11:14:35,541 - INFO - Training rf model...
2025-05-20 11:14:35,541 - INFO -   Processing fold 1/2...
2025-05-20 11:14:35,935 - INFO -     Fold R²: 0.1638 (took 0.4s)
2025-05-20 11:14:35,935 - INFO -   Processing fold 2/2...
2025-05-20 11:14:36,345 - INFO -     Fold R²: 0.1864 (took 0.4s)
2025-05-20 11:14:36,345 - INFO - rf CV R² scores: 0.1751 ± 0.0113
2025-05-20 11:14:36,346 - INFO - Training ridge model...
2025-05-20 11:14:36,346 - INFO -   Processing fold 1/2...
2025-05-20 11:14:36,349 - INFO -     Fold R²: -0.4935 (took 0.0s)
2025-05-20 11:14:36,350 - INFO -   Processing fold 2/2...
2025-05-20 11:14:36,353 - INFO -     Fold R²: 0.1485 (took 0.0s)
2025-05-20 11:14:36,353 - INFO - ridge CV R² scores: -0.1725 ± 0.3210
2025-05-20 11:14:36,355 - INFO - Original Ensemble metrics - R²: 0.1797, RMSE: 12.9569
2025-05-20 11:14:36,355 - INFO - Ensemble with std metrics - R²: 0.0715, RMSE: 13.7850
2025-05-20 11:14:37,050 - INFO - 
--- Training models for 4-day ahead prediction ---
2025-05-20 11:14:37,050 - INFO - Using 55 features for day 4 prediction
2025-05-20 11:14:37,052 - INFO - 
Training data: 2880 samples from 2010-01-19 00:00:00 to 2022-03-06 00:00:00
2025-05-20 11:14:37,052 - INFO - Testing data: 720 samples from 2022-03-07 00:00:00 to 2024-06-26 00:00:00
2025-05-20 11:14:37,057 - INFO - Training models with 2-fold CV...
2025-05-20 11:14:37,057 - INFO - Training gbm model...
2025-05-20 11:14:37,057 - INFO -   Processing fold 1/2...
2025-05-20 11:14:37,495 - INFO -     Fold R²: 0.1059 (took 0.4s)
2025-05-20 11:14:37,495 - INFO -   Processing fold 2/2...
2025-05-20 11:14:37,947 - INFO -     Fold R²: 0.1575 (took 0.5s)
2025-05-20 11:14:37,947 - INFO - gbm CV R² scores: 0.1317 ± 0.0258
2025-05-20 11:14:37,948 - INFO - Training rf model...
2025-05-20 11:14:37,948 - INFO -   Processing fold 1/2...
2025-05-20 11:14:38,333 - INFO -     Fold R²: 0.1636 (took 0.4s)
2025-05-20 11:14:38,333 - INFO -   Processing fold 2/2...
2025-05-20 11:14:38,739 - INFO -     Fold R²: 0.1925 (took 0.4s)
2025-05-20 11:14:38,740 - INFO - rf CV R² scores: 0.1781 ± 0.0145
2025-05-20 11:14:38,740 - INFO - Training ridge model...
2025-05-20 11:14:38,740 - INFO -   Processing fold 1/2...
2025-05-20 11:14:38,743 - INFO -     Fold R²: 0.0826 (took 0.0s)
2025-05-20 11:14:38,744 - INFO -   Processing fold 2/2...
2025-05-20 11:14:38,746 - INFO -     Fold R²: 0.1636 (took 0.0s)
2025-05-20 11:14:38,747 - INFO - ridge CV R² scores: 0.1231 ± 0.0405
2025-05-20 11:14:38,748 - INFO - Original Ensemble metrics - R²: 0.1973, RMSE: 12.8237
2025-05-20 11:14:38,748 - INFO - Ensemble with std metrics - R²: 0.0586, RMSE: 13.8870
2025-05-20 11:14:39,451 - INFO - 
--- Training models for 5-day ahead prediction ---
2025-05-20 11:14:39,451 - INFO - Using 55 features for day 5 prediction
2025-05-20 11:14:39,455 - INFO - 
Training data: 2879 samples from 2010-01-19 00:00:00 to 2022-03-05 00:00:00
2025-05-20 11:14:39,455 - INFO - Testing data: 720 samples from 2022-03-06 00:00:00 to 2024-06-24 00:00:00
2025-05-20 11:14:39,460 - INFO - Training models with 2-fold CV...
2025-05-20 11:14:39,460 - INFO - Training gbm model...
2025-05-20 11:14:39,461 - INFO -   Processing fold 1/2...
2025-05-20 11:14:39,890 - INFO -     Fold R²: 0.0470 (took 0.4s)
2025-05-20 11:14:39,890 - INFO -   Processing fold 2/2...
2025-05-20 11:14:40,340 - INFO -     Fold R²: 0.1738 (took 0.5s)
2025-05-20 11:14:40,340 - INFO - gbm CV R² scores: 0.1104 ± 0.0634
2025-05-20 11:14:40,340 - INFO - Training rf model...
2025-05-20 11:14:40,341 - INFO -   Processing fold 1/2...
2025-05-20 11:14:40,738 - INFO -     Fold R²: 0.1428 (took 0.4s)
2025-05-20 11:14:40,739 - INFO -   Processing fold 2/2...
2025-05-20 11:14:41,162 - INFO -     Fold R²: 0.2005 (took 0.4s)
2025-05-20 11:14:41,162 - INFO - rf CV R² scores: 0.1716 ± 0.0288
2025-05-20 11:14:41,163 - INFO - Training ridge model...
2025-05-20 11:14:41,163 - INFO -   Processing fold 1/2...
2025-05-20 11:14:41,167 - WARNING - Found 1 predictions > 100mm in ridge, fold 1
2025-05-20 11:14:41,167 - INFO -     Fold R²: 0.1046 (took 0.0s)
2025-05-20 11:14:41,167 - INFO -   Processing fold 2/2...
2025-05-20 11:14:41,170 - WARNING - Found 1 predictions > 100mm in ridge, fold 2
2025-05-20 11:14:41,171 - INFO -     Fold R²: 0.1523 (took 0.0s)
2025-05-20 11:14:41,171 - INFO - ridge CV R² scores: 0.1284 ± 0.0238
2025-05-20 11:14:41,173 - INFO - Original Ensemble metrics - R²: 0.1853, RMSE: 12.9188
2025-05-20 11:14:41,173 - INFO - Ensemble with std metrics - R²: 0.0687, RMSE: 13.8128
2025-05-20 11:14:43,292 - INFO - Saved ensemble model for 0-day ahead prediction in gbm\models\day_0
2025-05-20 11:14:43,296 - INFO - Saved ensemble model for 1-day ahead prediction in gbm\models\day_1
2025-05-20 11:14:43,298 - INFO - Saved ensemble model for 2-day ahead prediction in gbm\models\day_2
2025-05-20 11:14:43,302 - INFO - Saved ensemble model for 3-day ahead prediction in gbm\models\day_3
2025-05-20 11:14:43,305 - INFO - Saved ensemble model for 4-day ahead prediction in gbm\models\day_4
2025-05-20 11:14:43,307 - INFO - Saved ensemble model for 5-day ahead prediction in gbm\models\day_5
2025-05-20 11:14:43,312 - INFO - 
Model saved to gbm\models\gbm_model.pkl
2025-05-20 11:14:43,312 - INFO - Scaler saved to gbm\models\scaler.pkl
2025-05-20 11:14:43,312 - INFO - Feature list saved to gbm\models\feature_columns.pkl
2025-05-20 11:14:43,313 - INFO - Process completed successfully.
2025-05-20 11:15:48,230 - INFO - Loading dataset...
2025-05-20 11:15:48,239 - INFO - Preprocessing data...
2025-05-20 11:15:48,240 - INFO - Initial dataset size: 5295
2025-05-20 11:15:48,431 - INFO - 
Outliers removed: 52 rows
2025-05-20 11:15:48,431 - INFO - Dates with extreme rainfall (>100mm):
2025-05-20 11:15:48,432 - INFO - Date: 2010-01-15 00:00:00, Rainfall: 110.0mm
2025-05-20 11:15:48,432 - INFO - Date: 2010-02-20 00:00:00, Rainfall: 180.0mm
2025-05-20 11:15:48,432 - INFO - Date: 2011-02-05 00:00:00, Rainfall: 113.0mm
2025-05-20 11:15:48,432 - INFO - Date: 2011-02-06 00:00:00, Rainfall: 122.0mm
2025-05-20 11:15:48,433 - INFO - Date: 2012-03-15 00:00:00, Rainfall: 141.0mm
2025-05-20 11:15:48,433 - INFO - Date: 2012-05-13 00:00:00, Rainfall: 125.0mm
2025-05-20 11:15:48,433 - INFO - Date: 2013-01-02 00:00:00, Rainfall: 120.8mm
2025-05-20 11:15:48,433 - INFO - Date: 2013-01-04 00:00:00, Rainfall: 103.5mm
2025-05-20 11:15:48,433 - INFO - Date: 2014-01-13 00:00:00, Rainfall: 105.2mm
2025-05-20 11:15:48,433 - INFO - Date: 2014-04-08 00:00:00, Rainfall: 137.9mm
2025-05-20 11:15:48,433 - INFO - Date: 2014-12-06 00:00:00, Rainfall: 137.4mm
2025-05-20 11:15:48,433 - INFO - Date: 2014-12-07 00:00:00, Rainfall: 105.4mm
2025-05-20 11:15:48,434 - INFO - Date: 2015-01-22 00:00:00, Rainfall: 160.3mm
2025-05-20 11:15:48,434 - INFO - Date: 2015-03-03 00:00:00, Rainfall: 127.6mm
2025-05-20 11:15:48,434 - INFO - Date: 2015-12-18 00:00:00, Rainfall: 130.7mm
2025-05-20 11:15:48,434 - INFO - Date: 2015-12-19 00:00:00, Rainfall: 112.4mm
2025-05-20 11:15:48,435 - INFO - Date: 2016-01-22 00:00:00, Rainfall: 160.3mm
2025-05-20 11:15:48,435 - INFO - Date: 2016-02-28 00:00:00, Rainfall: 103.4mm
2025-05-20 11:15:48,435 - INFO - Date: 2016-10-10 00:00:00, Rainfall: 127.4mm
2025-05-20 11:15:48,435 - INFO - Date: 2016-10-25 00:00:00, Rainfall: 188.7mm
2025-05-20 11:15:48,436 - INFO - Date: 2016-12-13 00:00:00, Rainfall: 101.0mm
2025-05-20 11:15:48,436 - INFO - Date: 2016-12-30 00:00:00, Rainfall: 115.3mm
2025-05-20 11:15:48,436 - INFO - Date: 2017-01-26 00:00:00, Rainfall: 107.9mm
2025-05-20 11:15:48,436 - INFO - Date: 2017-02-17 00:00:00, Rainfall: 120.3mm
2025-05-20 11:15:48,436 - INFO - Date: 2017-12-13 00:00:00, Rainfall: 106.0mm
2025-05-20 11:15:48,438 - INFO - Date: 2017-12-20 00:00:00, Rainfall: 101.4mm
2025-05-20 11:15:48,438 - INFO - Date: 2017-12-21 00:00:00, Rainfall: 109.3mm
2025-05-20 11:15:48,439 - INFO - Date: 2017-12-22 00:00:00, Rainfall: 156.0mm
2025-05-20 11:15:48,439 - INFO - Date: 2018-01-12 00:00:00, Rainfall: 124.6mm
2025-05-20 11:15:48,439 - INFO - Date: 2018-01-13 00:00:00, Rainfall: 104.5mm
2025-05-20 11:15:48,440 - INFO - Date: 2018-02-16 00:00:00, Rainfall: 112.8mm
2025-05-20 11:15:48,440 - INFO - Date: 2018-03-14 00:00:00, Rainfall: 152.1mm
2025-05-20 11:15:48,440 - INFO - Date: 2018-12-23 00:00:00, Rainfall: 108.7mm
2025-05-20 11:15:48,441 - INFO - Date: 2018-12-28 00:00:00, Rainfall: 140.3mm
2025-05-20 11:15:48,441 - INFO - Date: 2019-04-29 00:00:00, Rainfall: 107.0mm
2025-05-20 11:15:48,441 - INFO - Date: 2020-05-22 00:00:00, Rainfall: 122.9mm
2025-05-20 11:15:48,441 - INFO - Date: 2021-01-16 00:00:00, Rainfall: 109.4mm
2025-05-20 11:15:48,442 - INFO - Date: 2021-01-19 00:00:00, Rainfall: 111.0mm
2025-05-20 11:15:48,442 - INFO - Date: 2021-01-25 00:00:00, Rainfall: 100.9mm
2025-05-20 11:15:48,442 - INFO - Date: 2021-03-10 00:00:00, Rainfall: 153.7mm
2025-05-20 11:15:48,442 - INFO - Date: 2021-04-02 00:00:00, Rainfall: 135.8mm
2025-05-20 11:15:48,442 - INFO - Date: 2021-12-06 00:00:00, Rainfall: 145.9mm
2025-05-20 11:15:48,444 - INFO - Date: 2021-12-07 00:00:00, Rainfall: 218.8mm
2025-05-20 11:15:48,444 - INFO - Date: 2022-01-01 00:00:00, Rainfall: 110.4mm
2025-05-20 11:15:48,444 - INFO - Date: 2022-01-20 00:00:00, Rainfall: 123.1mm
2025-05-20 11:15:48,444 - INFO - Date: 2022-02-21 00:00:00, Rainfall: 155.3mm
2025-05-20 11:15:48,444 - INFO - Date: 2022-05-27 00:00:00, Rainfall: 147.6mm
2025-05-20 11:15:48,445 - INFO - Date: 2022-10-07 00:00:00, Rainfall: 101.6mm
2025-05-20 11:15:48,445 - INFO - Date: 2022-12-28 00:00:00, Rainfall: 102.0mm
2025-05-20 11:15:48,445 - INFO - Date: 2023-02-02 00:00:00, Rainfall: 200.0mm
2025-05-20 11:15:48,445 - INFO - Date: 2023-02-13 00:00:00, Rainfall: 200.0mm
2025-05-20 11:15:48,445 - INFO - Date: 2023-02-14 00:00:00, Rainfall: 183.0mm
2025-05-20 11:15:49,571 - INFO - 
Rows dropped due to NaN values: 53
2025-05-20 11:15:49,572 - INFO - 
Final dataset size: 3604
2025-05-20 11:15:49,573 - INFO - Total rows removed: 1691
2025-05-20 11:15:49,573 - INFO - 
Rainfall Statistics After Processing:
2025-05-20 11:15:49,573 - INFO - Mean: 9.88mm
2025-05-20 11:15:49,574 - INFO - Median: 1.00mm
2025-05-20 11:15:49,574 - INFO - Std Dev: 17.50mm
2025-05-20 11:15:49,574 - INFO - Max: 100.00mm
2025-05-20 11:15:49,577 - INFO - 
No NaN values remain in the dataset.
2025-05-20 11:15:49,577 - INFO - 
Final feature list (55 features):
2025-05-20 11:15:49,577 - INFO - Tn, Tx, Tavg, RH_avg, ss, ff_x, ff_avg, ddd_x, Month, Day, DayOfWeek, Season, Temp_Range, Month_sin, Month_cos, Day_sin, Day_cos, DayOfYear_sin, DayOfYear_cos, Temp_Humidity, Temp_Range_RH, Dew_Point, Heat_Index, Rain_Streak, Dry_Streak, RR_Rolling_Mean_3d, RR_Rolling_Std_3d, Tavg_Rolling_Mean_3d, RH_Rolling_Mean_3d, RR_Rolling_Mean_7d, RR_Rolling_Std_7d, Tavg_Rolling_Mean_7d, RH_Rolling_Mean_7d, RR_Rolling_Mean_14d, RR_Rolling_Std_14d, Tavg_Rolling_Mean_14d, RH_Rolling_Mean_14d, RR_Lag_1, Tavg_Lag_1, Rain_Binary_Lag_1, RR_Lag_2, Tavg_Lag_2, Rain_Binary_Lag_2, RR_Lag_3, Tavg_Lag_3, Rain_Binary_Lag_3, RR_Lag_5, Tavg_Lag_5, Rain_Binary_Lag_5, RR_Lag_7, Tavg_Lag_7, Rain_Binary_Lag_7, RR_Lag_14, Tavg_Lag_14, Rain_Binary_Lag_14
2025-05-20 11:15:49,583 - INFO - 
Plotting correlations for top 15 features: RR_Rolling_Mean_3d, RR_Rolling_Std_3d, RR_Rolling_Mean_7d, RR_Rolling_Std_7d, Tx, RR_Rolling_Mean_14d, RH_avg, Tavg, RH_Rolling_Mean_3d, RR_Rolling_Std_14d, Tavg_Rolling_Mean_3d, Tavg_Lag_1, RH_Rolling_Mean_7d, Heat_Index, DayOfYear_cos
2025-05-20 11:15:51,462 - INFO - Training and evaluating model...
2025-05-20 11:15:51,463 - INFO - 
Feature matrix shape: (3604, 55)
2025-05-20 11:15:51,469 - INFO - 
Training Gradient Boosting model...
2025-05-20 11:15:56,627 - INFO - Making predictions...
2025-05-20 11:15:56,632 - INFO - 
Model evaluation metrics:
2025-05-20 11:15:56,632 - INFO - Mean Squared Error (MSE): 5.6175
2025-05-20 11:15:56,632 - INFO - Root Mean Squared Error (RMSE): 2.3701
2025-05-20 11:15:56,633 - INFO - Mean Absolute Error (MAE): 1.0219
2025-05-20 11:15:56,633 - INFO - R-squared (R²): 0.9726
2025-05-20 11:15:56,784 - INFO - Computing permutation importance (this may take a while)...
2025-05-20 11:15:59,986 - INFO - 
Feature Importance (top 10):
2025-05-20 11:15:59,987 - INFO - RR_Rolling_Mean_3d: 3.1787
2025-05-20 11:15:59,987 - INFO - RR_Lag_2: 0.6252
2025-05-20 11:15:59,987 - INFO - RR_Lag_1: 0.5478
2025-05-20 11:15:59,987 - INFO - RR_Rolling_Std_3d: 0.0833
2025-05-20 11:15:59,988 - INFO - Tx: 0.0134
2025-05-20 11:15:59,988 - INFO - Rain_Streak: 0.0037
2025-05-20 11:15:59,988 - INFO - Dry_Streak: 0.0034
2025-05-20 11:15:59,988 - INFO - Tn: 0.0022
2025-05-20 11:15:59,988 - INFO - RR_Rolling_Std_7d: 0.0021
2025-05-20 11:15:59,989 - INFO - Tavg_Lag_2: 0.0020
2025-05-20 11:16:00,174 - INFO - 
Preparing multi-day forecasting dataset...
2025-05-20 11:16:00,178 - INFO - 
Initial data shape: (3604, 61)
2025-05-20 11:16:00,183 - INFO - 
Preparing dataset for 1-day ahead prediction
2025-05-20 11:16:00,185 - INFO - NaN counts before dropping:
Tanggal                  0
Tn                       0
Tx                       0
Tavg                     0
RH_avg                   0
ss                       0
ff_x                     0
ff_avg                   0
ddd_x                    0
Month                    0
Day                      0
DayOfWeek                0
Season                   0
Temp_Range               0
Month_sin                0
Month_cos                0
Day_sin                  0
Day_cos                  0
DayOfYear_sin            0
DayOfYear_cos            0
Temp_Humidity            0
Temp_Range_RH            0
Dew_Point                0
Heat_Index               0
Rain_Streak              0
Dry_Streak               0
RR_Rolling_Mean_3d       0
RR_Rolling_Std_3d        0
Tavg_Rolling_Mean_3d     0
RH_Rolling_Mean_3d       0
RR_Rolling_Mean_7d       0
RR_Rolling_Std_7d        0
Tavg_Rolling_Mean_7d     0
RH_Rolling_Mean_7d       0
RR_Rolling_Mean_14d      0
RR_Rolling_Std_14d       0
Tavg_Rolling_Mean_14d    0
RH_Rolling_Mean_14d      0
RR_Lag_1                 0
Tavg_Lag_1               0
Rain_Binary_Lag_1        0
RR_Lag_2                 0
Tavg_Lag_2               0
Rain_Binary_Lag_2        0
RR_Lag_3                 0
Tavg_Lag_3               0
Rain_Binary_Lag_3        0
RR_Lag_5                 0
Tavg_Lag_5               0
Rain_Binary_Lag_5        0
RR_Lag_7                 0
Tavg_Lag_7               0
Rain_Binary_Lag_7        0
RR_Lag_14                0
Tavg_Lag_14              0
Rain_Binary_Lag_14       0
Future_RR_1d             1
dtype: int64
2025-05-20 11:16:00,188 - INFO - Day 1 dataset shape after processing: (3603, 58)
2025-05-20 11:16:00,188 - INFO - Date range: 2010-01-19 00:00:00 to 2024-06-29 00:00:00
2025-05-20 11:16:00,189 - INFO - 
Preparing dataset for 2-day ahead prediction
2025-05-20 11:16:00,191 - INFO - NaN counts before dropping:
Tanggal                  0
Tn                       0
Tx                       0
Tavg                     0
RH_avg                   0
ss                       0
ff_x                     0
ff_avg                   0
ddd_x                    0
Month                    0
Day                      0
DayOfWeek                0
Season                   0
Temp_Range               0
Month_sin                0
Month_cos                0
Day_sin                  0
Day_cos                  0
DayOfYear_sin            0
DayOfYear_cos            0
Temp_Humidity            0
Temp_Range_RH            0
Dew_Point                0
Heat_Index               0
Rain_Streak              0
Dry_Streak               0
RR_Rolling_Mean_3d       0
RR_Rolling_Std_3d        0
Tavg_Rolling_Mean_3d     0
RH_Rolling_Mean_3d       0
RR_Rolling_Mean_7d       0
RR_Rolling_Std_7d        0
Tavg_Rolling_Mean_7d     0
RH_Rolling_Mean_7d       0
RR_Rolling_Mean_14d      0
RR_Rolling_Std_14d       0
Tavg_Rolling_Mean_14d    0
RH_Rolling_Mean_14d      0
RR_Lag_1                 0
Tavg_Lag_1               0
Rain_Binary_Lag_1        0
RR_Lag_2                 0
Tavg_Lag_2               0
Rain_Binary_Lag_2        0
RR_Lag_3                 0
Tavg_Lag_3               0
Rain_Binary_Lag_3        0
RR_Lag_5                 0
Tavg_Lag_5               0
Rain_Binary_Lag_5        0
RR_Lag_7                 0
Tavg_Lag_7               0
Rain_Binary_Lag_7        0
RR_Lag_14                0
Tavg_Lag_14              0
Rain_Binary_Lag_14       0
Future_RR_2d             2
dtype: int64
2025-05-20 11:16:00,194 - INFO - Day 2 dataset shape after processing: (3602, 58)
2025-05-20 11:16:00,194 - INFO - Date range: 2010-01-19 00:00:00 to 2024-06-28 00:00:00
2025-05-20 11:16:00,194 - INFO - 
Preparing dataset for 3-day ahead prediction
2025-05-20 11:16:00,197 - INFO - NaN counts before dropping:
Tanggal                  0
Tn                       0
Tx                       0
Tavg                     0
RH_avg                   0
ss                       0
ff_x                     0
ff_avg                   0
ddd_x                    0
Month                    0
Day                      0
DayOfWeek                0
Season                   0
Temp_Range               0
Month_sin                0
Month_cos                0
Day_sin                  0
Day_cos                  0
DayOfYear_sin            0
DayOfYear_cos            0
Temp_Humidity            0
Temp_Range_RH            0
Dew_Point                0
Heat_Index               0
Rain_Streak              0
Dry_Streak               0
RR_Rolling_Mean_3d       0
RR_Rolling_Std_3d        0
Tavg_Rolling_Mean_3d     0
RH_Rolling_Mean_3d       0
RR_Rolling_Mean_7d       0
RR_Rolling_Std_7d        0
Tavg_Rolling_Mean_7d     0
RH_Rolling_Mean_7d       0
RR_Rolling_Mean_14d      0
RR_Rolling_Std_14d       0
Tavg_Rolling_Mean_14d    0
RH_Rolling_Mean_14d      0
RR_Lag_1                 0
Tavg_Lag_1               0
Rain_Binary_Lag_1        0
RR_Lag_2                 0
Tavg_Lag_2               0
Rain_Binary_Lag_2        0
RR_Lag_3                 0
Tavg_Lag_3               0
Rain_Binary_Lag_3        0
RR_Lag_5                 0
Tavg_Lag_5               0
Rain_Binary_Lag_5        0
RR_Lag_7                 0
Tavg_Lag_7               0
Rain_Binary_Lag_7        0
RR_Lag_14                0
Tavg_Lag_14              0
Rain_Binary_Lag_14       0
Future_RR_3d             3
dtype: int64
2025-05-20 11:16:00,201 - INFO - Day 3 dataset shape after processing: (3601, 58)
2025-05-20 11:16:00,201 - INFO - Date range: 2010-01-19 00:00:00 to 2024-06-27 00:00:00
2025-05-20 11:16:00,202 - INFO - 
Preparing dataset for 4-day ahead prediction
2025-05-20 11:16:00,204 - INFO - NaN counts before dropping:
Tanggal                  0
Tn                       0
Tx                       0
Tavg                     0
RH_avg                   0
ss                       0
ff_x                     0
ff_avg                   0
ddd_x                    0
Month                    0
Day                      0
DayOfWeek                0
Season                   0
Temp_Range               0
Month_sin                0
Month_cos                0
Day_sin                  0
Day_cos                  0
DayOfYear_sin            0
DayOfYear_cos            0
Temp_Humidity            0
Temp_Range_RH            0
Dew_Point                0
Heat_Index               0
Rain_Streak              0
Dry_Streak               0
RR_Rolling_Mean_3d       0
RR_Rolling_Std_3d        0
Tavg_Rolling_Mean_3d     0
RH_Rolling_Mean_3d       0
RR_Rolling_Mean_7d       0
RR_Rolling_Std_7d        0
Tavg_Rolling_Mean_7d     0
RH_Rolling_Mean_7d       0
RR_Rolling_Mean_14d      0
RR_Rolling_Std_14d       0
Tavg_Rolling_Mean_14d    0
RH_Rolling_Mean_14d      0
RR_Lag_1                 0
Tavg_Lag_1               0
Rain_Binary_Lag_1        0
RR_Lag_2                 0
Tavg_Lag_2               0
Rain_Binary_Lag_2        0
RR_Lag_3                 0
Tavg_Lag_3               0
Rain_Binary_Lag_3        0
RR_Lag_5                 0
Tavg_Lag_5               0
Rain_Binary_Lag_5        0
RR_Lag_7                 0
Tavg_Lag_7               0
Rain_Binary_Lag_7        0
RR_Lag_14                0
Tavg_Lag_14              0
Rain_Binary_Lag_14       0
Future_RR_4d             4
dtype: int64
2025-05-20 11:16:00,206 - INFO - Day 4 dataset shape after processing: (3600, 58)
2025-05-20 11:16:00,206 - INFO - Date range: 2010-01-19 00:00:00 to 2024-06-26 00:00:00
2025-05-20 11:16:00,207 - INFO - 
Preparing dataset for 5-day ahead prediction
2025-05-20 11:16:00,209 - INFO - NaN counts before dropping:
Tanggal                  0
Tn                       0
Tx                       0
Tavg                     0
RH_avg                   0
ss                       0
ff_x                     0
ff_avg                   0
ddd_x                    0
Month                    0
Day                      0
DayOfWeek                0
Season                   0
Temp_Range               0
Month_sin                0
Month_cos                0
Day_sin                  0
Day_cos                  0
DayOfYear_sin            0
DayOfYear_cos            0
Temp_Humidity            0
Temp_Range_RH            0
Dew_Point                0
Heat_Index               0
Rain_Streak              0
Dry_Streak               0
RR_Rolling_Mean_3d       0
RR_Rolling_Std_3d        0
Tavg_Rolling_Mean_3d     0
RH_Rolling_Mean_3d       0
RR_Rolling_Mean_7d       0
RR_Rolling_Std_7d        0
Tavg_Rolling_Mean_7d     0
RH_Rolling_Mean_7d       0
RR_Rolling_Mean_14d      0
RR_Rolling_Std_14d       0
Tavg_Rolling_Mean_14d    0
RH_Rolling_Mean_14d      0
RR_Lag_1                 0
Tavg_Lag_1               0
Rain_Binary_Lag_1        0
RR_Lag_2                 0
Tavg_Lag_2               0
Rain_Binary_Lag_2        0
RR_Lag_3                 0
Tavg_Lag_3               0
Rain_Binary_Lag_3        0
RR_Lag_5                 0
Tavg_Lag_5               0
Rain_Binary_Lag_5        0
RR_Lag_7                 0
Tavg_Lag_7               0
Rain_Binary_Lag_7        0
RR_Lag_14                0
Tavg_Lag_14              0
Rain_Binary_Lag_14       0
Future_RR_5d             5
dtype: int64
2025-05-20 11:16:00,211 - INFO - Day 5 dataset shape after processing: (3599, 58)
2025-05-20 11:16:00,212 - INFO - Date range: 2010-01-19 00:00:00 to 2024-06-24 00:00:00
2025-05-20 11:16:00,213 - INFO - 
Training multi-day forecasting models...
2025-05-20 11:16:00,213 - INFO - 
--- Training models for 0-day ahead prediction ---
2025-05-20 11:16:00,213 - INFO - Using 55 features for day 0 prediction
2025-05-20 11:16:00,216 - INFO - 
Training data: 2883 samples from 2010-01-19 00:00:00 to 2022-03-09 00:00:00
2025-05-20 11:16:00,216 - INFO - Testing data: 721 samples from 2022-03-10 00:00:00 to 2024-06-30 00:00:00
2025-05-20 11:16:00,221 - INFO - Training models with 3-fold CV...
2025-05-20 11:16:00,221 - INFO - Training gbm model...
2025-05-20 11:16:00,221 - INFO -   Processing fold 1/3...
2025-05-20 11:16:00,760 - INFO -     Fold R²: 0.7516 (took 0.5s)
2025-05-20 11:16:00,761 - INFO -   Processing fold 2/3...
2025-05-20 11:16:01,310 - INFO -     Fold R²: 0.8629 (took 0.5s)
2025-05-20 11:16:01,311 - INFO -   Processing fold 3/3...
2025-05-20 11:16:01,861 - INFO -     Fold R²: 0.8041 (took 0.5s)
2025-05-20 11:16:01,861 - INFO - gbm CV R² scores: 0.8062 ± 0.0455
2025-05-20 11:16:01,861 - INFO - Training rf model...
2025-05-20 11:16:01,862 - INFO -   Processing fold 1/3...
2025-05-20 11:16:02,238 - INFO -     Fold R²: 0.6004 (took 0.4s)
2025-05-20 11:16:02,239 - INFO -   Processing fold 2/3...
2025-05-20 11:16:02,647 - INFO -     Fold R²: 0.7327 (took 0.4s)
2025-05-20 11:16:02,647 - INFO -   Processing fold 3/3...
2025-05-20 11:16:03,042 - INFO -     Fold R²: 0.6731 (took 0.4s)
2025-05-20 11:16:03,043 - INFO - rf CV R² scores: 0.6687 ± 0.0541
2025-05-20 11:16:03,043 - INFO - Training ridge model...
2025-05-20 11:16:03,043 - INFO -   Processing fold 1/3...
2025-05-20 11:16:03,046 - INFO -     Fold R²: 0.9999 (took 0.0s)
2025-05-20 11:16:03,046 - INFO -   Processing fold 2/3...
2025-05-20 11:16:03,049 - INFO -     Fold R²: 1.0000 (took 0.0s)
2025-05-20 11:16:03,049 - INFO -   Processing fold 3/3...
2025-05-20 11:16:03,052 - INFO -     Fold R²: 1.0000 (took 0.0s)
2025-05-20 11:16:03,053 - INFO - ridge CV R² scores: 0.9999 ± 0.0000
2025-05-20 11:16:03,054 - INFO - Ensemble metrics - R²: 0.9767, RMSE: 2.1828
2025-05-20 11:16:03,900 - INFO - 
--- Training models for 1-day ahead prediction ---
2025-05-20 11:16:03,901 - INFO - Using 55 features for day 1 prediction
2025-05-20 11:16:03,905 - INFO - 
Training data: 2882 samples from 2010-01-19 00:00:00 to 2022-03-08 00:00:00
2025-05-20 11:16:03,905 - INFO - Testing data: 721 samples from 2022-03-09 00:00:00 to 2024-06-29 00:00:00
2025-05-20 11:16:03,911 - INFO - Training models with 2-fold CV...
2025-05-20 11:16:03,911 - INFO - Training gbm model...
2025-05-20 11:16:03,912 - INFO -   Processing fold 1/2...
2025-05-20 11:16:04,342 - INFO -     Fold R²: 0.1436 (took 0.4s)
2025-05-20 11:16:04,342 - INFO -   Processing fold 2/2...
2025-05-20 11:16:04,785 - INFO -     Fold R²: 0.2885 (took 0.4s)
2025-05-20 11:16:04,785 - INFO - gbm CV R² scores: 0.2160 ± 0.0725
2025-05-20 11:16:04,786 - INFO - Training rf model...
2025-05-20 11:16:04,786 - INFO -   Processing fold 1/2...
2025-05-20 11:16:05,193 - INFO -     Fold R²: 0.2877 (took 0.4s)
2025-05-20 11:16:05,194 - INFO -   Processing fold 2/2...
2025-05-20 11:16:05,582 - INFO -     Fold R²: 0.3264 (took 0.4s)
2025-05-20 11:16:05,584 - INFO - rf CV R² scores: 0.3071 ± 0.0194
2025-05-20 11:16:05,584 - INFO - Training ridge model...
2025-05-20 11:16:05,584 - INFO -   Processing fold 1/2...
2025-05-20 11:16:05,586 - WARNING - Found 1 predictions > 100mm in ridge, fold 1
2025-05-20 11:16:05,586 - INFO -     Fold R²: 0.1699 (took 0.0s)
2025-05-20 11:16:05,587 - INFO -   Processing fold 2/2...
2025-05-20 11:16:05,589 - INFO -     Fold R²: 0.2944 (took 0.0s)
2025-05-20 11:16:05,589 - INFO - ridge CV R² scores: 0.2322 ± 0.0623
2025-05-20 11:16:05,590 - INFO - Ensemble metrics - R²: 0.4087, RMSE: 11.0002
2025-05-20 11:16:06,473 - INFO - 
--- Training models for 2-day ahead prediction ---
2025-05-20 11:16:06,473 - INFO - Using 55 features for day 2 prediction
2025-05-20 11:16:06,475 - INFO - 
Training data: 2881 samples from 2010-01-19 00:00:00 to 2022-03-07 00:00:00
2025-05-20 11:16:06,476 - INFO - Testing data: 721 samples from 2022-03-08 00:00:00 to 2024-06-28 00:00:00
2025-05-20 11:16:06,480 - INFO - Training models with 2-fold CV...
2025-05-20 11:16:06,480 - INFO - Training gbm model...
2025-05-20 11:16:06,481 - INFO -   Processing fold 1/2...
2025-05-20 11:16:06,900 - INFO -     Fold R²: 0.0480 (took 0.4s)
2025-05-20 11:16:06,900 - INFO -   Processing fold 2/2...
2025-05-20 11:16:07,343 - INFO -     Fold R²: 0.1557 (took 0.4s)
2025-05-20 11:16:07,344 - INFO - gbm CV R² scores: 0.1018 ± 0.0539
2025-05-20 11:16:07,345 - INFO - Training rf model...
2025-05-20 11:16:07,345 - INFO -   Processing fold 1/2...
2025-05-20 11:16:07,729 - INFO -     Fold R²: 0.1715 (took 0.4s)
2025-05-20 11:16:07,729 - INFO -   Processing fold 2/2...
2025-05-20 11:16:08,126 - INFO -     Fold R²: 0.1943 (took 0.4s)
2025-05-20 11:16:08,126 - INFO - rf CV R² scores: 0.1829 ± 0.0114
2025-05-20 11:16:08,127 - INFO - Training ridge model...
2025-05-20 11:16:08,127 - INFO -   Processing fold 1/2...
2025-05-20 11:16:08,130 - INFO -     Fold R²: -0.8985 (took 0.0s)
2025-05-20 11:16:08,130 - INFO -   Processing fold 2/2...
2025-05-20 11:16:08,133 - WARNING - Found 1 predictions > 100mm in ridge, fold 2
2025-05-20 11:16:08,133 - INFO -     Fold R²: 0.1583 (took 0.0s)
2025-05-20 11:16:08,134 - INFO - ridge CV R² scores: -0.3701 ± 0.5284
2025-05-20 11:16:08,135 - INFO - Ensemble metrics - R²: 0.2043, RMSE: 12.7605
2025-05-20 11:16:08,975 - INFO - 
--- Training models for 3-day ahead prediction ---
2025-05-20 11:16:08,976 - INFO - Using 55 features for day 3 prediction
2025-05-20 11:16:08,979 - INFO - 
Training data: 2880 samples from 2010-01-19 00:00:00 to 2022-03-06 00:00:00
2025-05-20 11:16:08,979 - INFO - Testing data: 721 samples from 2022-03-07 00:00:00 to 2024-06-27 00:00:00
2025-05-20 11:16:08,983 - INFO - Training models with 2-fold CV...
2025-05-20 11:16:08,983 - INFO - Training gbm model...
2025-05-20 11:16:08,984 - INFO -   Processing fold 1/2...
2025-05-20 11:16:09,410 - INFO -     Fold R²: 0.0538 (took 0.4s)
2025-05-20 11:16:09,410 - INFO -   Processing fold 2/2...
2025-05-20 11:16:09,844 - INFO -     Fold R²: 0.1627 (took 0.4s)
2025-05-20 11:16:09,845 - INFO - gbm CV R² scores: 0.1082 ± 0.0545
2025-05-20 11:16:09,845 - INFO - Training rf model...
2025-05-20 11:16:09,846 - INFO -   Processing fold 1/2...
2025-05-20 11:16:10,275 - INFO -     Fold R²: 0.1638 (took 0.4s)
2025-05-20 11:16:10,275 - INFO -   Processing fold 2/2...
2025-05-20 11:16:10,666 - INFO -     Fold R²: 0.1864 (took 0.4s)
2025-05-20 11:16:10,666 - INFO - rf CV R² scores: 0.1751 ± 0.0113
2025-05-20 11:16:10,666 - INFO - Training ridge model...
2025-05-20 11:16:10,667 - INFO -   Processing fold 1/2...
2025-05-20 11:16:10,670 - INFO -     Fold R²: -0.4935 (took 0.0s)
2025-05-20 11:16:10,670 - INFO -   Processing fold 2/2...
2025-05-20 11:16:10,673 - INFO -     Fold R²: 0.1485 (took 0.0s)
2025-05-20 11:16:10,673 - INFO - ridge CV R² scores: -0.1725 ± 0.3210
2025-05-20 11:16:10,674 - INFO - Ensemble metrics - R²: 0.1797, RMSE: 12.9569
2025-05-20 11:16:11,583 - INFO - 
--- Training models for 4-day ahead prediction ---
2025-05-20 11:16:11,584 - INFO - Using 55 features for day 4 prediction
2025-05-20 11:16:11,587 - INFO - 
Training data: 2880 samples from 2010-01-19 00:00:00 to 2022-03-06 00:00:00
2025-05-20 11:16:11,588 - INFO - Testing data: 720 samples from 2022-03-07 00:00:00 to 2024-06-26 00:00:00
2025-05-20 11:16:11,593 - INFO - Training models with 2-fold CV...
2025-05-20 11:16:11,593 - INFO - Training gbm model...
2025-05-20 11:16:11,593 - INFO -   Processing fold 1/2...
2025-05-20 11:16:12,035 - INFO -     Fold R²: 0.1059 (took 0.4s)
2025-05-20 11:16:12,035 - INFO -   Processing fold 2/2...
2025-05-20 11:16:12,481 - INFO -     Fold R²: 0.1575 (took 0.4s)
2025-05-20 11:16:12,482 - INFO - gbm CV R² scores: 0.1317 ± 0.0258
2025-05-20 11:16:12,482 - INFO - Training rf model...
2025-05-20 11:16:12,483 - INFO -   Processing fold 1/2...
2025-05-20 11:16:12,867 - INFO -     Fold R²: 0.1636 (took 0.4s)
2025-05-20 11:16:12,868 - INFO -   Processing fold 2/2...
2025-05-20 11:16:13,277 - INFO -     Fold R²: 0.1925 (took 0.4s)
2025-05-20 11:16:13,278 - INFO - rf CV R² scores: 0.1781 ± 0.0145
2025-05-20 11:16:13,278 - INFO - Training ridge model...
2025-05-20 11:16:13,278 - INFO -   Processing fold 1/2...
2025-05-20 11:16:13,281 - INFO -     Fold R²: 0.0826 (took 0.0s)
2025-05-20 11:16:13,282 - INFO -   Processing fold 2/2...
2025-05-20 11:16:13,283 - INFO -     Fold R²: 0.1636 (took 0.0s)
2025-05-20 11:16:13,284 - INFO - ridge CV R² scores: 0.1231 ± 0.0405
2025-05-20 11:16:13,285 - INFO - Ensemble metrics - R²: 0.1973, RMSE: 12.8237
2025-05-20 11:16:14,106 - INFO - 
--- Training models for 5-day ahead prediction ---
2025-05-20 11:16:14,107 - INFO - Using 55 features for day 5 prediction
2025-05-20 11:16:14,110 - INFO - 
Training data: 2879 samples from 2010-01-19 00:00:00 to 2022-03-05 00:00:00
2025-05-20 11:16:14,111 - INFO - Testing data: 720 samples from 2022-03-06 00:00:00 to 2024-06-24 00:00:00
2025-05-20 11:16:14,116 - INFO - Training models with 2-fold CV...
2025-05-20 11:16:14,116 - INFO - Training gbm model...
2025-05-20 11:16:14,117 - INFO -   Processing fold 1/2...
2025-05-20 11:16:14,539 - INFO -     Fold R²: 0.0470 (took 0.4s)
2025-05-20 11:16:14,539 - INFO -   Processing fold 2/2...
2025-05-20 11:16:14,975 - INFO -     Fold R²: 0.1738 (took 0.4s)
2025-05-20 11:16:14,975 - INFO - gbm CV R² scores: 0.1104 ± 0.0634
2025-05-20 11:16:14,976 - INFO - Training rf model...
2025-05-20 11:16:14,976 - INFO -   Processing fold 1/2...
2025-05-20 11:16:15,387 - INFO -     Fold R²: 0.1428 (took 0.4s)
2025-05-20 11:16:15,388 - INFO -   Processing fold 2/2...
2025-05-20 11:16:15,790 - INFO -     Fold R²: 0.2005 (took 0.4s)
2025-05-20 11:16:15,791 - INFO - rf CV R² scores: 0.1716 ± 0.0288
2025-05-20 11:16:15,791 - INFO - Training ridge model...
2025-05-20 11:16:15,791 - INFO -   Processing fold 1/2...
2025-05-20 11:16:15,794 - WARNING - Found 1 predictions > 100mm in ridge, fold 1
2025-05-20 11:16:15,794 - INFO -     Fold R²: 0.1046 (took 0.0s)
2025-05-20 11:16:15,794 - INFO -   Processing fold 2/2...
2025-05-20 11:16:15,797 - WARNING - Found 1 predictions > 100mm in ridge, fold 2
2025-05-20 11:16:15,797 - INFO -     Fold R²: 0.1523 (took 0.0s)
2025-05-20 11:16:15,797 - INFO - ridge CV R² scores: 0.1284 ± 0.0238
2025-05-20 11:16:15,798 - INFO - Ensemble metrics - R²: 0.1853, RMSE: 12.9188
2025-05-20 11:16:18,029 - INFO - Saved ensemble model for 0-day ahead prediction in gbm\models\day_0
2025-05-20 11:16:18,032 - INFO - Saved ensemble model for 1-day ahead prediction in gbm\models\day_1
2025-05-20 11:16:18,035 - INFO - Saved ensemble model for 2-day ahead prediction in gbm\models\day_2
2025-05-20 11:16:18,039 - INFO - Saved ensemble model for 3-day ahead prediction in gbm\models\day_3
2025-05-20 11:16:18,041 - INFO - Saved ensemble model for 4-day ahead prediction in gbm\models\day_4
2025-05-20 11:16:18,045 - INFO - Saved ensemble model for 5-day ahead prediction in gbm\models\day_5
2025-05-20 11:16:18,050 - INFO - 
Model saved to gbm\models\gbm_model.pkl
2025-05-20 11:16:18,050 - INFO - Scaler saved to gbm\models\scaler.pkl
2025-05-20 11:16:18,051 - INFO - Feature list saved to gbm\models\feature_columns.pkl
2025-05-20 11:16:18,051 - INFO - Process completed successfully.
